dataset,endpoint,experiment,method,risk_target,test_units,early_stops,early_stop_errors,eesr,eesr_ci_low,eesr_ci_high,coverage,abstention_rate,observation_savings,mean_decision_time,median_decision_time,false_positive_early_stops,false_negative_early_stops,ood_enabled,experiment_gate_enabled,seed,protocol_hash,commit_hash
OrganoID_gemcitabine_feasibility_v0,RPE_Final,2,gates_full,0.2,7,6,0,0.0,0.0,0.4592581264399005,0.8571428571428571,0.0,0.4603174603174603,38.857142857142854,,0,0,True,False,20260929,2264d2f6ac2fde621c6218352e3ffe14e765700f89b99c6cc03a12c9f1bc3b31,2036b8aeff8e86fb8438bd3358c65329f6ac27de
OrganoID_gemcitabine_feasibility_v0,RPE_Final,0,gates_full,0.2,7,7,1,0.1428571428571428,0.0036102968619005867,0.5787231970431952,1.0,0.0,0.5555555555555555,32.0,,0,0,True,False,20260929,2264d2f6ac2fde621c6218352e3ffe14e765700f89b99c6cc03a12c9f1bc3b31,2036b8aeff8e86fb8438bd3358c65329f6ac27de
OrganoID_gemcitabine_feasibility_v0,RPE_Final,1,gates_full,0.2,7,7,1,0.1428571428571428,0.0036102968619005867,0.5787231970431952,1.0,0.0,0.5158730158730159,34.857142857142854,,0,0,True,False,20260929,2264d2f6ac2fde621c6218352e3ffe14e765700f89b99c6cc03a12c9f1bc3b31,2036b8aeff8e86fb8438bd3358c65329f6ac27de
orgAInoid_RPE_Final,RPE_Final,E001,full_protocol@none,,80,0,0,0.0,,,0.0,0.0,0.0,72.0,72.0,0,0,False,False,20260929,2264d2f6ac2fde621c6218352e3ffe14e765700f89b99c6cc03a12c9f1bc3b31,69b1b200c29ca42626fc4cdc7d32551c9524e8f9
orgAInoid_RPE_Final,RPE_Final,E001,fixed_time@12.0,,80,80,12,0.15,0.07998156130971386,0.2473641115928975,1.0,0.0,0.8333333333333333,12.0,12.0,4,8,False,False,20260929,2264d2f6ac2fde621c6218352e3ffe14e765700f89b99c6cc03a12c9f1bc3b31,69b1b200c29ca42626fc4cdc7d32551c9524e8f9
orgAInoid_RPE_Final,RPE_Final,E001,fixed_time@24.0,,80,80,12,0.15,0.07998156130971386,0.2473641115928975,1.0,0.0,0.6666666666666667,24.0,24.0,8,4,False,False,20260929,2264d2f6ac2fde621c6218352e3ffe14e765700f89b99c6cc03a12c9f1bc3b31,69b1b200c29ca42626fc4cdc7d32551c9524e8f9
orgAInoid_RPE_Final,RPE_Final,E001,fixed_time@36.0,,80,80,6,0.075,0.02802054617684124,0.15612793173607215,1.0,0.0,0.5,36.0,36.0,4,2,False,False,20260929,2264d2f6ac2fde621c6218352e3ffe14e765700f89b99c6cc03a12c9f1bc3b31,69b1b200c29ca42626fc4cdc7d32551c9524e8f9
orgAInoid_RPE_Final,RPE_Final,E001,fixed_time@48.0,,80,80,4,0.05,0.01378939397646181,0.12309873644315295,1.0,0.0,0.3333333333333333,48.0,48.0,2,2,False,False,20260929,2264d2f6ac2fde621c6218352e3ffe14e765700f89b99c6cc03a12c9f1bc3b31,69b1b200c29ca42626fc4cdc7d32551c9524e8f9
orgAInoid_RPE_Final,RPE_Final,E001,fixed_time@60.0,,80,80,3,0.0375,0.007801187265716697,0.10570198501650858,1.0,0.0,0.1666666666666666,60.0,60.0,2,1,False,False,20260929,2264d2f6ac2fde621c6218352e3ffe14e765700f89b99c6cc03a12c9f1bc3b31,69b1b200c29ca42626fc4cdc7d32551c9524e8f9
orgAInoid_RPE_Final,RPE_Final,E001,naive_confidence@0.5,,80,80,12,0.15,0.07998156130971386,0.2473641115928975,1.0,0.0,0.8333333333333333,12.0,12.0,4,8,False,False,20260929,2264d2f6ac2fde621c6218352e3ffe14e765700f89b99c6cc03a12c9f1bc3b31,69b1b200c29ca42626fc4cdc7d32551c9524e8f9
orgAInoid_RPE_Final,RPE_Final,E001,naive_confidence@0.6,,80,80,7,0.0875,0.03590635898955875,0.17200833841988486,1.0,0.0,0.8,14.4,12.0,3,4,False,False,20260929,2264d2f6ac2fde621c6218352e3ffe14e765700f89b99c6cc03a12c9f1bc3b31,69b1b200c29ca42626fc4cdc7d32551c9524e8f9
orgAInoid_RPE_Final,RPE_Final,E001,naive_confidence@0.7,,80,80,4,0.05,0.01378939397646181,0.12309873644315295,1.0,0.0,0.7291666666666666,19.5,12.0,3,1,False,False,20260929,2264d2f6ac2fde621c6218352e3ffe14e765700f89b99c6cc03a12c9f1bc3b31,69b1b200c29ca42626fc4cdc7d32551c9524e8f9
orgAInoid_RPE_Final,RPE_Final,E001,naive_confidence@0.8,,80,77,2,0.0259740259740259,0.0031612003000158224,0.09069715510534074,0.9625,0.0,0.6125,27.9,24.0,2,0,False,False,20260929,2264d2f6ac2fde621c6218352e3ffe14e765700f89b99c6cc03a12c9f1bc3b31,69b1b200c29ca42626fc4cdc7d32551c9524e8f9
orgAInoid_RPE_Final,RPE_Final,E001,naive_confidence@0.9,,80,66,2,0.0303030303030303,0.0036911389614298676,0.10521664857965135,0.825,0.0,0.3854166666666666,44.25,48.0,2,0,False,False,20260929,2264d2f6ac2fde621c6218352e3ffe14e765700f89b99c6cc03a12c9f1bc3b31,69b1b200c29ca42626fc4cdc7d32551c9524e8f9
orgAInoid_RPE_Final,RPE_Final,E001,naive_confidence@0.95,,80,49,1,0.0204081632653061,0.0005165564975932865,0.10854176396840695,0.6125,0.0,0.2416666666666667,54.6,60.0,1,0,False,False,20260929,2264d2f6ac2fde621c6218352e3ffe14e765700f89b99c6cc03a12c9f1bc3b31,69b1b200c29ca42626fc4cdc7d32551c9524e8f9
orgAInoid_RPE_Final,RPE_Final,E001,naive_confidence@0.975,,80,26,1,0.0384615384615384,0.0009732878933350311,0.19636964676253899,0.325,0.0,0.11875,63.45,72.0,1,0,False,False,20260929,2264d2f6ac2fde621c6218352e3ffe14e765700f89b99c6cc03a12c9f1bc3b31,69b1b200c29ca42626fc4cdc7d32551c9524e8f9
orgAInoid_RPE_Final,RPE_Final,E001,naive_confidence@0.99,,80,9,1,0.1111111111111111,0.0028091367465992167,0.482496514917337,0.1125,0.0,0.0458333333333333,68.7,72.0,1,0,False,False,20260929,2264d2f6ac2fde621c6218352e3ffe14e765700f89b99c6cc03a12c9f1bc3b31,69b1b200c29ca42626fc4cdc7d32551c9524e8f9
orgAInoid_RPE_Final,RPE_Final,E001,calibrated_non_group,0.02,80,55,0,0.0,0.0,0.06487076082542459,0.6875,0.0,0.1979166666666666,57.75,54.0,0,0,False,False,20260929,2264d2f6ac2fde621c6218352e3ffe14e765700f89b99c6cc03a12c9f1bc3b31,69b1b200c29ca42626fc4cdc7d32551c9524e8f9
orgAInoid_RPE_Final,RPE_Final,E001,cbes_style,0.02,80,0,0,0.0,,,0.0,0.0,0.0,72.0,72.0,0,0,False,False,20260929,2264d2f6ac2fde621c6218352e3ffe14e765700f89b99c6cc03a12c9f1bc3b31,69b1b200c29ca42626fc4cdc7d32551c9524e8f9
orgAInoid_RPE_Final,RPE_Final,E001,gates_without_ood,0.02,80,0,0,0.0,,,0.0,0.0,0.0,72.0,72.0,0,0,False,False,20260929,2264d2f6ac2fde621c6218352e3ffe14e765700f89b99c6cc03a12c9f1bc3b31,69b1b200c29ca42626fc4cdc7d32551c9524e8f9
orgAInoid_RPE_Final,RPE_Final,E001,gates_full,0.02,80,0,0,0.0,,,0.0,0.0,0.0,72.0,72.0,0,0,True,False,20260929,2264d2f6ac2fde621c6218352e3ffe14e765700f89b99c6cc03a12c9f1bc3b31,69b1b200c29ca42626fc4cdc7d32551c9524e8f9
orgAInoid_RPE_Final,RPE_Final,E001,calibrated_non_group,0.05,80,72,2,0.0277777777777777,0.0033819003261732388,0.0967672891134152,0.9,0.0,0.29375,50.85,48.0,2,0,False,False,20260929,2264d2f6ac2fde621c6218352e3ffe14e765700f89b99c6cc03a12c9f1bc3b31,69b1b200c29ca42626fc4cdc7d32551c9524e8f9
orgAInoid_RPE_Final,RPE_Final,E001,cbes_style,0.05,80,0,0,0.0,,,0.0,0.0,0.0,72.0,72.0,0,0,False,False,20260929,2264d2f6ac2fde621c6218352e3ffe14e765700f89b99c6cc03a12c9f1bc3b31,69b1b200c29ca42626fc4cdc7d32551c9524e8f9
orgAInoid_RPE_Final,RPE_Final,E001,gates_without_ood,0.05,80,49,0,0.0,0.0,0.07251926366427738,0.6125,0.0,0.1666666666666666,60.0,60.0,0,0,False,False,20260929,2264d2f6ac2fde621c6218352e3ffe14e765700f89b99c6cc03a12c9f1bc3b31,69b1b200c29ca42626fc4cdc7d32551c9524e8f9
orgAInoid_RPE_Final,RPE_Final,E001,gates_full,0.05,80,49,0,0.0,0.0,0.07251926366427738,0.6125,0.0,0.1666666666666666,60.0,60.0,0,0,True,False,20260929,2264d2f6ac2fde621c6218352e3ffe14e765700f89b99c6cc03a12c9f1bc3b31,69b1b200c29ca42626fc4cdc7d32551c9524e8f9
orgAInoid_RPE_Final,RPE_Final,E001,calibrated_non_group,0.1,80,80,6,0.075,0.02802054617684124,0.15612793173607215,1.0,0.0,0.63125,26.55,24.0,6,0,False,False,20260929,2264d2f6ac2fde621c6218352e3ffe14e765700f89b99c6cc03a12c9f1bc3b31,69b1b200c29ca42626fc4cdc7d32551c9524e8f9
orgAInoid_RPE_Final,RPE_Final,E001,cbes_style,0.1,80,0,0,0.0,,,0.0,0.0,0.0,72.0,72.0,0,0,False,False,20260929,2264d2f6ac2fde621c6218352e3ffe14e765700f89b99c6cc03a12c9f1bc3b31,69b1b200c29ca42626fc4cdc7d32551c9524e8f9
orgAInoid_RPE_Final,RPE_Final,E001,gates_without_ood,0.1,80,80,6,0.075,0.02802054617684124,0.15612793173607215,1.0,0.0,0.6229166666666667,27.15,24.0,6,0,False,False,20260929,2264d2f6ac2fde621c6218352e3ffe14e765700f89b99c6cc03a12c9f1bc3b31,69b1b200c29ca42626fc4cdc7d32551c9524e8f9
orgAInoid_RPE_Final,RPE_Final,E001,gates_full,0.1,80,69,5,0.072463768115942,0.023946620968704542,0.16106174027361292,0.8625,0.1375,0.53125,33.75,24.0,5,0,True,False,20260929,2264d2f6ac2fde621c6218352e3ffe14e765700f89b99c6cc03a12c9f1bc3b31,69b1b200c29ca42626fc4cdc7d32551c9524e8f9
orgAInoid_RPE_Final,RPE_Final,E001,calibrated_non_group,0.15,80,80,6,0.075,0.02802054617684124,0.15612793173607215,1.0,0.0,0.7208333333333333,20.1,24.0,5,1,False,False,20260929,2264d2f6ac2fde621c6218352e3ffe14e765700f89b99c6cc03a12c9f1bc3b31,69b1b200c29ca42626fc4cdc7d32551c9524e8f9
orgAInoid_RPE_Final,RPE_Final,E001,cbes_style,0.15,80,80,4,0.05,0.01378939397646181,0.12309873644315295,1.0,0.0,0.58125,30.15,24.0,4,0,False,False,20260929,2264d2f6ac2fde621c6218352e3ffe14e765700f89b99c6cc03a12c9f1bc3b31,69b1b200c29ca42626fc4cdc7d32551c9524e8f9
orgAInoid_RPE_Final,RPE_Final,E001,gates_without_ood,0.15,80,80,8,0.1,0.04417094015362904,0.1875651074634316,1.0,0.0,0.65,25.2,24.0,6,2,False,False,20260929,2264d2f6ac2fde621c6218352e3ffe14e765700f89b99c6cc03a12c9f1bc3b31,69b1b200c29ca42626fc4cdc7d32551c9524e8f9
orgAInoid_RPE_Final,RPE_Final,E001,gates_full,0.15,80,69,7,0.1014492753623188,0.04177087817693837,0.19791848235141232,0.8625,0.1375,0.5583333333333333,31.8,24.0,5,2,True,False,20260929,2264d2f6ac2fde621c6218352e3ffe14e765700f89b99c6cc03a12c9f1bc3b31,69b1b200c29ca42626fc4cdc7d32551c9524e8f9
orgAInoid_RPE_Final,RPE_Final,E001,calibrated_non_group,0.2,80,80,7,0.0875,0.03590635898955875,0.17200833841988486,1.0,0.0,0.8041666666666666,14.1,12.0,3,4,False,False,20260929,2264d2f6ac2fde621c6218352e3ffe14e765700f89b99c6cc03a12c9f1bc3b31,69b1b200c29ca42626fc4cdc7d32551c9524e8f9
orgAInoid_RPE_Final,RPE_Final,E001,cbes_style,0.2,80,80,4,0.05,0.01378939397646181,0.12309873644315295,1.0,0.0,0.7354166666666666,19.05,12.0,3,1,False,False,20260929,2264d2f6ac2fde621c6218352e3ffe14e765700f89b99c6cc03a12c9f1bc3b31,69b1b200c29ca42626fc4cdc7d32551c9524e8f9
orgAInoid_RPE_Final,RPE_Final,E001,gates_without_ood,0.2,80,80,9,0.1125,0.05275151314568752,0.20284659191699003,1.0,0.0,0.80625,13.95,12.0,4,5,False,False,20260929,2264d2f6ac2fde621c6218352e3ffe14e765700f89b99c6cc03a12c9f1bc3b31,69b1b200c29ca42626fc4cdc7d32551c9524e8f9
orgAInoid_RPE_Final,RPE_Final,E001,gates_full,0.2,80,75,8,0.1066666666666666,0.04718995174005832,0.19940174420267148,0.9375,0.0625,0.75625,17.55,12.0,4,4,True,False,20260929,2264d2f6ac2fde621c6218352e3ffe14e765700f89b99c6cc03a12c9f1bc3b31,69b1b200c29ca42626fc4cdc7d32551c9524e8f9
orgAInoid_RPE_Final,RPE_Final,E001,calibrated_non_group,0.3,80,80,12,0.15,0.07998156130971386,0.2473641115928975,1.0,0.0,0.8333333333333333,12.0,12.0,4,8,False,False,20260929,2264d2f6ac2fde621c6218352e3ffe14e765700f89b99c6cc03a12c9f1bc3b31,69b1b200c29ca42626fc4cdc7d32551c9524e8f9
orgAInoid_RPE_Final,RPE_Final,E001,cbes_style,0.3,80,80,4,0.05,0.01378939397646181,0.12309873644315295,1.0,0.0,0.7520833333333332,17.85,12.0,3,1,False,False,20260929,2264d2f6ac2fde621c6218352e3ffe14e765700f89b99c6cc03a12c9f1bc3b31,69b1b200c29ca42626fc4cdc7d32551c9524e8f9
orgAInoid_RPE_Final,RPE_Final,E001,gates_without_ood,0.3,80,80,12,0.15,0.07998156130971386,0.2473641115928975,1.0,0.0,0.8333333333333333,12.0,12.0,4,8,False,False,20260929,2264d2f6ac2fde621c6218352e3ffe14e765700f89b99c6cc03a12c9f1bc3b31,69b1b200c29ca42626fc4cdc7d32551c9524e8f9
orgAInoid_RPE_Final,RPE_Final,E001,gates_full,0.3,80,76,11,0.1447368421052631,0.07452893843891269,0.24423396390789123,0.95,0.05,0.7916666666666666,15.0,12.0,4,7,True,False,20260929,2264d2f6ac2fde621c6218352e3ffe14e765700f89b99c6cc03a12c9f1bc3b31,69b1b200c29ca42626fc4cdc7d32551c9524e8f9
orgAInoid_RPE_Final,RPE_Final,E002,full_protocol@none,,92,0,0,0.0,,,0.0,0.0,0.0,72.0,72.0,0,0,False,False,20260929,2264d2f6ac2fde621c6218352e3ffe14e765700f89b99c6cc03a12c9f1bc3b31,69b1b200c29ca42626fc4cdc7d32551c9524e8f9
orgAInoid_RPE_Final,RPE_Final,E002,fixed_time@12.0,,92,88,19,0.2159090909090909,0.13528177249754175,0.3164534692990488,0.9565217391304348,0.0,0.7971014492753621,14.608695652173912,12.0,9,10,False,False,20260929,2264d2f6ac2fde621c6218352e3ffe14e765700f89b99c6cc03a12c9f1bc3b31,69b1b200c29ca42626fc4cdc7d32551c9524e8f9
orgAInoid_RPE_Final,RPE_Final,E002,fixed_time@24.0,,92,88,12,0.1363636363636363,0.07249389962717559,0.22608755366085748,0.9565217391304348,0.0,0.6376811594202898,26.08695652173913,24.0,7,5,False,False,20260929,2264d2f6ac2fde621c6218352e3ffe14e765700f89b99c6cc03a12c9f1bc3b31,69b1b200c29ca42626fc4cdc7d32551c9524e8f9
orgAInoid_RPE_Final,RPE_Final,E002,fixed_time@36.0,,92,88,31,0.3522727272727273,0.25338985021806454,0.4614078055759917,0.9565217391304348,0.0,0.4782608695652174,37.56521739130435,36.0,25,6,False,False,20260929,2264d2f6ac2fde621c6218352e3ffe14e765700f89b99c6cc03a12c9f1bc3b31,69b1b200c29ca42626fc4cdc7d32551c9524e8f9
orgAInoid_RPE_Final,RPE_Final,E002,fixed_time@48.0,,92,88,11,0.125,0.0640831975470452,0.21266158728956466,0.9565217391304348,0.0,0.3188405797101449,49.04347826086956,48.0,5,6,False,False,20260929,2264d2f6ac2fde621c6218352e3ffe14e765700f89b99c6cc03a12c9f1bc3b31,69b1b200c29ca42626fc4cdc7d32551c9524e8f9
orgAInoid_RPE_Final,RPE_Final,E002,fixed_time@60.0,,92,88,13,0.1477272727272727,0.08107041302048262,0.23936215888574822,0.9565217391304348,0.0,0.1594202898550724,60.52173913043478,60.0,6,7,False,False,20260929,2264d2f6ac2fde621c6218352e3ffe14e765700f89b99c6cc03a12c9f1bc3b31,69b1b200c29ca42626fc4cdc7d32551c9524e8f9
orgAInoid_RPE_Final,RPE_Final,E002,naive_confidence@0.5,,92,88,19,0.2159090909090909,0.13528177249754175,0.3164534692990488,0.9565217391304348,0.0,0.7971014492753621,14.608695652173912,12.0,9,10,False,False,20260929,2264d2f6ac2fde621c6218352e3ffe14e765700f89b99c6cc03a12c9f1bc3b31,69b1b200c29ca42626fc4cdc7d32551c9524e8f9
orgAInoid_RPE_Final,RPE_Final,E002,naive_confidence@0.6,,92,88,17,0.1931818181818181,0.11675344809330784,0.2911858897938069,0.9565217391304348,0.0,0.7844202898550722,15.521739130434783,12.0,7,10,False,False,20260929,2264d2f6ac2fde621c6218352e3ffe14e765700f89b99c6cc03a12c9f1bc3b31,69b1b200c29ca42626fc4cdc7d32551c9524e8f9
orgAInoid_RPE_Final,RPE_Final,E002,naive_confidence@0.7,,92,84,17,0.2023809523809523,0.12254232232087917,0.3041371016636341,0.9130434782608696,0.0,0.7336956521739127,19.17391304347826,12.0,7,10,False,False,20260929,2264d2f6ac2fde621c6218352e3ffe14e765700f89b99c6cc03a12c9f1bc3b31,69b1b200c29ca42626fc4cdc7d32551c9524e8f9
orgAInoid_RPE_Final,RPE_Final,E002,naive_confidence@0.8,,92,82,15,0.1829268292682926,0.10615514345744638,0.2837003780170701,0.8913043478260869,0.0,0.6757246376811594,23.347826086956523,12.0,6,9,False,False,20260929,2264d2f6ac2fde621c6218352e3ffe14e765700f89b99c6cc03a12c9f1bc3b31,69b1b200c29ca42626fc4cdc7d32551c9524e8f9
orgAInoid_RPE_Final,RPE_Final,E002,naive_confidence@0.9,,92,67,9,0.1343283582089552,0.06330822616769408,0.2397417520625535,0.7282608695652174,0.0,0.532608695652174,33.65217391304348,12.0,1,8,False,False,20260929,2264d2f6ac2fde621c6218352e3ffe14e765700f89b99c6cc03a12c9f1bc3b31,69b1b200c29ca42626fc4cdc7d32551c9524e8f9
orgAInoid_RPE_Final,RPE_Final,E002,naive_confidence@0.95,,92,49,6,0.1224489795918367,0.04628903108189576,0.24769296835968285,0.532608695652174,0.0,0.391304347826087,43.82608695652174,60.0,1,5,False,False,20260929,2264d2f6ac2fde621c6218352e3ffe14e765700f89b99c6cc03a12c9f1bc3b31,69b1b200c29ca42626fc4cdc7d32551c9524e8f9
orgAInoid_RPE_Final,RPE_Final,E002,naive_confidence@0.975,,92,38,6,0.1578947368421052,0.060229727917384644,0.3125336082919051,0.4130434782608695,0.0,0.2989130434782608,50.47826086956522,72.0,1,5,False,False,20260929,2264d2f6ac2fde621c6218352e3ffe14e765700f89b99c6cc03a12c9f1bc3b31,69b1b200c29ca42626fc4cdc7d32551c9524e8f9
orgAInoid_RPE_Final,RPE_Final,E002,naive_confidence@0.99,,92,25,6,0.24,0.09356443933174285,0.4512880178166864,0.2717391304347826,0.0,0.1992753623188405,57.65217391304348,72.0,1,5,False,False,20260929,2264d2f6ac2fde621c6218352e3ffe14e765700f89b99c6cc03a12c9f1bc3b31,69b1b200c29ca42626fc4cdc7d32551c9524e8f9
orgAInoid_RPE_Final,RPE_Final,E002,calibrated_non_group,0.02,92,28,1,0.0357142857142857,0.0009037987556580585,0.18347759754462356,0.3043478260869565,0.0,0.0615942028985507,67.56521739130434,72.0,0,1,False,False,20260929,2264d2f6ac2fde621c6218352e3ffe14e765700f89b99c6cc03a12c9f1bc3b31,69b1b200c29ca42626fc4cdc7d32551c9524e8f9
orgAInoid_RPE_Final,RPE_Final,E002,cbes_style,0.02,92,67,14,0.208955223880597,0.11921183140462321,0.3256633487914797,0.7282608695652174,0.0,0.3007246376811593,50.34782608695652,48.0,9,5,False,False,20260929,2264d2f6ac2fde621c6218352e3ffe14e765700f89b99c6cc03a12c9f1bc3b31,69b1b200c29ca42626fc4cdc7d32551c9524e8f9
orgAInoid_RPE_Final,RPE_Final,E002,gates_without_ood,0.02,92,14,1,0.0714285714285714,0.0018067806591253882,0.33868448993182126,0.1521739130434782,0.0,0.0253623188405797,70.17391304347827,72.0,0,1,False,False,20260929,2264d2f6ac2fde621c6218352e3ffe14e765700f89b99c6cc03a12c9f1bc3b31,69b1b200c29ca42626fc4cdc7d32551c9524e8f9
orgAInoid_RPE_Final,RPE_Final,E002,gates_full,0.02,92,11,0,0.0,0.0,0.2849141529181544,0.1195652173913043,0.0326086956521739,0.019927536231884,70.56521739130434,72.0,0,0,True,False,20260929,2264d2f6ac2fde621c6218352e3ffe14e765700f89b99c6cc03a12c9f1bc3b31,69b1b200c29ca42626fc4cdc7d32551c9524e8f9
orgAInoid_RPE_Final,RPE_Final,E002,calibrated_non_group,0.05,92,67,6,0.0895522388059701,0.03357698855963687,0.18479616676228414,0.7282608695652174,0.0,0.1847826086956521,58.69565217391305,60.0,2,4,False,False,20260929,2264d2f6ac2fde621c6218352e3ffe14e765700f89b99c6cc03a12c9f1bc3b31,69b1b200c29ca42626fc4cdc7d32551c9524e8f9
orgAInoid_RPE_Final,RPE_Final,E002,cbes_style,0.05,92,67,14,0.208955223880597,0.11921183140462321,0.3256633487914797,0.7282608695652174,0.0,0.3007246376811593,50.34782608695652,48.0,9,5,False,False,20260929,2264d2f6ac2fde621c6218352e3ffe14e765700f89b99c6cc03a12c9f1bc3b31,69b1b200c29ca42626fc4cdc7d32551c9524e8f9
orgAInoid_RPE_Final,RPE_Final,E002,gates_without_ood,0.05,92,28,1,0.0357142857142857,0.0009037987556580585,0.18347759754462356,0.3043478260869565,0.0,0.0507246376811594,68.34782608695652,72.0,0,1,False,False,20260929,2264d2f6ac2fde621c6218352e3ffe14e765700f89b99c6cc03a12c9f1bc3b31,69b1b200c29ca42626fc4cdc7d32551c9524e8f9
orgAInoid_RPE_Final,RPE_Final,E002,gates_full,0.05,92,25,0,0.0,0.0,0.13718517153071252,0.2717391304347826,0.0326086956521739,0.0452898550724637,68.73913043478261,72.0,0,0,True,False,20260929,2264d2f6ac2fde621c6218352e3ffe14e765700f89b99c6cc03a12c9f1bc3b31,69b1b200c29ca42626fc4cdc7d32551c9524e8f9
orgAInoid_RPE_Final,RPE_Final,E002,calibrated_non_group,0.1,92,70,6,0.0857142857142857,0.032107636155695396,0.17728591909719169,0.7608695652173914,0.0,0.3369565217391305,47.73913043478261,48.0,2,4,False,False,20260929,2264d2f6ac2fde621c6218352e3ffe14e765700f89b99c6cc03a12c9f1bc3b31,69b1b200c29ca42626fc4cdc7d32551c9524e8f9
orgAInoid_RPE_Final,RPE_Final,E002,cbes_style,0.1,92,79,12,0.1518987341772152,0.08102781664379993,0.2503074314858813,0.8586956521739131,0.0,0.5416666666666666,33.0,24.0,7,5,False,False,20260929,2264d2f6ac2fde621c6218352e3ffe14e765700f89b99c6cc03a12c9f1bc3b31,69b1b200c29ca42626fc4cdc7d32551c9524e8f9
orgAInoid_RPE_Final,RPE_Final,E002,gates_without_ood,0.1,92,41,3,0.073170731707317,0.015351471533416648,0.19924597837666294,0.4456521739130434,0.0,0.0742753623188405,66.65217391304348,72.0,0,3,False,False,20260929,2264d2f6ac2fde621c6218352e3ffe14e765700f89b99c6cc03a12c9f1bc3b31,69b1b200c29ca42626fc4cdc7d32551c9524e8f9
orgAInoid_RPE_Final,RPE_Final,E002,gates_full,0.1,92,38,2,0.0526315789473684,0.0064387167150919125,0.1774905903476408,0.4130434782608695,0.0326086956521739,0.0688405797101449,67.04347826086956,72.0,0,2,True,False,20260929,2264d2f6ac2fde621c6218352e3ffe14e765700f89b99c6cc03a12c9f1bc3b31,69b1b200c29ca42626fc4cdc7d32551c9524e8f9
orgAInoid_RPE_Final,RPE_Final,E002,calibrated_non_group,0.15,92,88,14,0.1590909090909091,0.08979676504269019,0.25249889159927186,0.9565217391304348,0.0,0.4166666666666666,42.0,48.0,7,7,False,False,20260929,2264d2f6ac2fde621c6218352e3ffe14e765700f89b99c6cc03a12c9f1bc3b31,69b1b200c29ca42626fc4cdc7d32551c9524e8f9
orgAInoid_RPE_Final,RPE_Final,E002,cbes_style,0.15,92,79,12,0.1518987341772152,0.08102781664379993,0.2503074314858813,0.8586956521739131,0.0,0.5416666666666666,33.0,24.0,7,5,False,False,20260929,2264d2f6ac2fde621c6218352e3ffe14e765700f89b99c6cc03a12c9f1bc3b31,69b1b200c29ca42626fc4cdc7d32551c9524e8f9
orgAInoid_RPE_Final,RPE_Final,E002,gates_without_ood,0.15,92,72,8,0.1111111111111111,0.049208039270641005,0.20724687066674885,0.782608695652174,0.0,0.2119565217391304,56.73913043478261,60.0,2,6,False,False,20260929,2264d2f6ac2fde621c6218352e3ffe14e765700f89b99c6cc03a12c9f1bc3b31,69b1b200c29ca42626fc4cdc7d32551c9524e8f9
orgAInoid_RPE_Final,RPE_Final,E002,gates_full,0.15,92,68,7,0.1029411764705882,0.04240048807461239,0.20066529806477584,0.7391304347826086,0.0434782608695652,0.197463768115942,57.78260869565217,60.0,2,5,True,False,20260929,2264d2f6ac2fde621c6218352e3ffe14e765700f89b99c6cc03a12c9f1bc3b31,69b1b200c29ca42626fc4cdc7d32551c9524e8f9
orgAInoid_RPE_Final,RPE_Final,E002,calibrated_non_group,0.2,92,88,27,0.3068181818181818,0.21287654803953576,0.41419721083189665,0.9565217391304348,0.0,0.572463768115942,30.782608695652176,24.0,21,6,False,False,20260929,2264d2f6ac2fde621c6218352e3ffe14e765700f89b99c6cc03a12c9f1bc3b31,69b1b200c29ca42626fc4cdc7d32551c9524e8f9
orgAInoid_RPE_Final,RPE_Final,E002,cbes_style,0.2,92,79,12,0.1518987341772152,0.08102781664379993,0.2503074314858813,0.8586956521739131,0.0,0.5416666666666666,33.0,24.0,7,5,False,False,20260929,2264d2f6ac2fde621c6218352e3ffe14e765700f89b99c6cc03a12c9f1bc3b31,69b1b200c29ca42626fc4cdc7d32551c9524e8f9
orgAInoid_RPE_Final,RPE_Final,E002,gates_without_ood,0.2,92,85,12,0.1411764705882353,0.07513134654649184,0.23362461885502014,0.9239130434782608,0.0,0.2481884057971013,54.130434782608695,48.0,6,6,False,False,20260929,2264d2f6ac2fde621c6218352e3ffe14e765700f89b99c6cc03a12c9f1bc3b31,69b1b200c29ca42626fc4cdc7d32551c9524e8f9
orgAInoid_RPE_Final,RPE_Final,E002,gates_full,0.2,92,81,11,0.1358024691358024,0.06978868598718269,0.2300096315620658,0.8804347826086957,0.0434782608695652,0.2336956521739129,55.17391304347826,48.0,6,5,True,False,20260929,2264d2f6ac2fde621c6218352e3ffe14e765700f89b99c6cc03a12c9f1bc3b31,69b1b200c29ca42626fc4cdc7d32551c9524e8f9
orgAInoid_RPE_Final,RPE_Final,E002,calibrated_non_group,0.3,92,88,22,0.25,0.1637800938823697,0.3536837117756233,0.9565217391304348,0.0,0.7590579710144926,17.347826086956523,12.0,12,10,False,False,20260929,2264d2f6ac2fde621c6218352e3ffe14e765700f89b99c6cc03a12c9f1bc3b31,69b1b200c29ca42626fc4cdc7d32551c9524e8f9
orgAInoid_RPE_Final,RPE_Final,E002,cbes_style,0.3,92,84,18,0.2142857142857142,0.13222415372129995,0.31735524004209986,0.9130434782608696,0.0,0.7228260869565216,19.956521739130434,12.0,8,10,False,False,20260929,2264d2f6ac2fde621c6218352e3ffe14e765700f89b99c6cc03a12c9f1bc3b31,69b1b200c29ca42626fc4cdc7d32551c9524e8f9
orgAInoid_RPE_Final,RPE_Final,E002,gates_without_ood,0.3,92,88,17,0.1931818181818181,0.11675344809330784,0.2911858897938069,0.9565217391304348,0.0,0.7536231884057969,17.73913043478261,12.0,7,10,False,False,20260929,2264d2f6ac2fde621c6218352e3ffe14e765700f89b99c6cc03a12c9f1bc3b31,69b1b200c29ca42626fc4cdc7d32551c9524e8f9
orgAInoid_RPE_Final,RPE_Final,E002,gates_full,0.3,92,86,15,0.1744186046511628,0.1010376217134008,0.27130919384326213,0.9347826086956522,0.0217391304347826,0.7355072463768113,19.043478260869566,12.0,7,8,True,False,20260929,2264d2f6ac2fde621c6218352e3ffe14e765700f89b99c6cc03a12c9f1bc3b31,69b1b200c29ca42626fc4cdc7d32551c9524e8f9
orgAInoid_RPE_Final,RPE_Final,E004,full_protocol@none,,96,0,0,0.0,,,0.0,0.0,0.0,72.0,72.0,0,0,False,False,20260929,2264d2f6ac2fde621c6218352e3ffe14e765700f89b99c6cc03a12c9f1bc3b31,69b1b200c29ca42626fc4cdc7d32551c9524e8f9
orgAInoid_RPE_Final,RPE_Final,E004,fixed_time@12.0,,96,96,50,0.5208333333333334,0.4164359166984239,0.6239108148690788,1.0,0.0,0.8333333333333334,12.0,12.0,50,0,False,False,20260929,2264d2f6ac2fde621c6218352e3ffe14e765700f89b99c6cc03a12c9f1bc3b31,69b1b200c29ca42626fc4cdc7d32551c9524e8f9
orgAInoid_RPE_Final,RPE_Final,E004,fixed_time@24.0,,96,96,34,0.3541666666666667,0.25921237350212545,0.45838497127505945,1.0,0.0,0.6666666666666666,24.0,24.0,34,0,False,False,20260929,2264d2f6ac2fde621c6218352e3ffe14e765700f89b99c6cc03a12c9f1bc3b31,69b1b200c29ca42626fc4cdc7d32551c9524e8f9
orgAInoid_RPE_Final,RPE_Final,E004,fixed_time@36.0,,96,96,5,0.0520833333333333,0.017125282440164678,0.11737120004656001,1.0,0.0,0.5,36.0,36.0,5,0,False,False,20260929,2264d2f6ac2fde621c6218352e3ffe14e765700f89b99c6cc03a12c9f1bc3b31,69b1b200c29ca42626fc4cdc7d32551c9524e8f9
orgAInoid_RPE_Final,RPE_Final,E004,fixed_time@48.0,,96,96,0,0.0,0.0,0.03769692162358756,1.0,0.0,0.3333333333333333,48.0,48.0,0,0,False,False,20260929,2264d2f6ac2fde621c6218352e3ffe14e765700f89b99c6cc03a12c9f1bc3b31,69b1b200c29ca42626fc4cdc7d32551c9524e8f9
orgAInoid_RPE_Final,RPE_Final,E004,fixed_time@60.0,,96,96,1,0.0104166666666666,0.0002636923935507685,0.056674706988314734,1.0,0.0,0.1666666666666666,60.0,60.0,1,0,False,False,20260929,2264d2f6ac2fde621c6218352e3ffe14e765700f89b99c6cc03a12c9f1bc3b31,69b1b200c29ca42626fc4cdc7d32551c9524e8f9
orgAInoid_RPE_Final,RPE_Final,E004,naive_confidence@0.5,,96,96,50,0.5208333333333334,0.4164359166984239,0.6239108148690788,1.0,0.0,0.8333333333333334,12.0,12.0,50,0,False,False,20260929,2264d2f6ac2fde621c6218352e3ffe14e765700f89b99c6cc03a12c9f1bc3b31,69b1b200c29ca42626fc4cdc7d32551c9524e8f9
orgAInoid_RPE_Final,RPE_Final,E004,naive_confidence@0.6,,96,96,33,0.34375,0.24977164477912298,0.4476583419582628,1.0,0.0,0.7118055555555557,20.75,12.0,33,0,False,False,20260929,2264d2f6ac2fde621c6218352e3ffe14e765700f89b99c6cc03a12c9f1bc3b31,69b1b200c29ca42626fc4cdc7d32551c9524e8f9
orgAInoid_RPE_Final,RPE_Final,E004,naive_confidence@0.7,,96,96,12,0.125,0.06628909574332477,0.20817188843746195,1.0,0.0,0.5381944444444444,33.25,36.0,12,0,False,False,20260929,2264d2f6ac2fde621c6218352e3ffe14e765700f89b99c6cc03a12c9f1bc3b31,69b1b200c29ca42626fc4cdc7d32551c9524e8f9
orgAInoid_RPE_Final,RPE_Final,E004,naive_confidence@0.8,,96,96,1,0.0104166666666666,0.0002636923935507685,0.056674706988314734,1.0,0.0,0.3715277777777778,45.25,48.0,1,0,False,False,20260929,2264d2f6ac2fde621c6218352e3ffe14e765700f89b99c6cc03a12c9f1bc3b31,69b1b200c29ca42626fc4cdc7d32551c9524e8f9
orgAInoid_RPE_Final,RPE_Final,E004,naive_confidence@0.9,,96,90,0,0.0,0.0,0.04015891961577464,0.9375,0.0,0.2829861111111111,51.625,48.0,0,0,False,False,20260929,2264d2f6ac2fde621c6218352e3ffe14e765700f89b99c6cc03a12c9f1bc3b31,69b1b200c29ca42626fc4cdc7d32551c9524e8f9
orgAInoid_RPE_Final,RPE_Final,E004,naive_confidence@0.95,,96,65,0,0.0,0.0,0.05517163431881337,0.6770833333333334,0.0,0.1736111111111111,59.5,60.0,0,0,False,False,20260929,2264d2f6ac2fde621c6218352e3ffe14e765700f89b99c6cc03a12c9f1bc3b31,69b1b200c29ca42626fc4cdc7d32551c9524e8f9
orgAInoid_RPE_Final,RPE_Final,E004,naive_confidence@0.975,,96,25,0,0.0,0.0,0.13718517153071252,0.2604166666666667,0.0,0.0520833333333333,68.25,72.0,0,0,False,False,20260929,2264d2f6ac2fde621c6218352e3ffe14e765700f89b99c6cc03a12c9f1bc3b31,69b1b200c29ca42626fc4cdc7d32551c9524e8f9
orgAInoid_RPE_Final,RPE_Final,E004,naive_confidence@0.99,,96,2,0,0.0,0.0,0.841886116991581,0.0208333333333333,0.0,0.0034722222222222,71.75,72.0,0,0,False,False,20260929,2264d2f6ac2fde621c6218352e3ffe14e765700f89b99c6cc03a12c9f1bc3b31,69b1b200c29ca42626fc4cdc7d32551c9524e8f9
orgAInoid_RPE_Final,RPE_Final,E004,calibrated_non_group,0.02,96,0,0,0.0,,,0.0,0.0,0.0,72.0,72.0,0,0,False,False,20260929,2264d2f6ac2fde621c6218352e3ffe14e765700f89b99c6cc03a12c9f1bc3b31,69b1b200c29ca42626fc4cdc7d32551c9524e8f9
orgAInoid_RPE_Final,RPE_Final,E004,cbes_style,0.02,96,0,0,0.0,,,0.0,0.0,0.0,72.0,72.0,0,0,False,False,20260929,2264d2f6ac2fde621c6218352e3ffe14e765700f89b99c6cc03a12c9f1bc3b31,69b1b200c29ca42626fc4cdc7d32551c9524e8f9
orgAInoid_RPE_Final,RPE_Final,E004,gates_without_ood,0.02,96,0,0,0.0,,,0.0,0.0,0.0,72.0,72.0,0,0,False,False,20260929,2264d2f6ac2fde621c6218352e3ffe14e765700f89b99c6cc03a12c9f1bc3b31,69b1b200c29ca42626fc4cdc7d32551c9524e8f9
orgAInoid_RPE_Final,RPE_Final,E004,gates_full,0.02,96,0,0,0.0,,,0.0,0.0,0.0,72.0,72.0,0,0,True,False,20260929,2264d2f6ac2fde621c6218352e3ffe14e765700f89b99c6cc03a12c9f1bc3b31,69b1b200c29ca42626fc4cdc7d32551c9524e8f9
orgAInoid_RPE_Final,RPE_Final,E004,calibrated_non_group,0.05,96,63,0,0.0,0.0,0.05687235233201625,0.65625,0.0,0.109375,64.125,60.0,0,0,False,False,20260929,2264d2f6ac2fde621c6218352e3ffe14e765700f89b99c6cc03a12c9f1bc3b31,69b1b200c29ca42626fc4cdc7d32551c9524e8f9
orgAInoid_RPE_Final,RPE_Final,E004,cbes_style,0.05,96,0,0,0.0,,,0.0,0.0,0.0,72.0,72.0,0,0,False,False,20260929,2264d2f6ac2fde621c6218352e3ffe14e765700f89b99c6cc03a12c9f1bc3b31,69b1b200c29ca42626fc4cdc7d32551c9524e8f9
orgAInoid_RPE_Final,RPE_Final,E004,gates_without_ood,0.05,96,52,0,0.0,0.0,0.06848220870331956,0.5416666666666666,0.0,0.0902777777777777,65.5,60.0,0,0,False,False,20260929,2264d2f6ac2fde621c6218352e3ffe14e765700f89b99c6cc03a12c9f1bc3b31,69b1b200c29ca42626fc4cdc7d32551c9524e8f9
orgAInoid_RPE_Final,RPE_Final,E004,gates_full,0.05,96,52,0,0.0,0.0,0.06848220870331956,0.5416666666666666,0.0,0.0902777777777777,65.5,60.0,0,0,True,False,20260929,2264d2f6ac2fde621c6218352e3ffe14e765700f89b99c6cc03a12c9f1bc3b31,69b1b200c29ca42626fc4cdc7d32551c9524e8f9
orgAInoid_RPE_Final,RPE_Final,E004,calibrated_non_group,0.1,96,59,0,0.0,0.0,0.06060890095033983,0.6145833333333334,0.0,0.1979166666666666,57.75,48.0,0,0,False,False,20260929,2264d2f6ac2fde621c6218352e3ffe14e765700f89b99c6cc03a12c9f1bc3b31,69b1b200c29ca42626fc4cdc7d32551c9524e8f9
orgAInoid_RPE_Final,RPE_Final,E004,cbes_style,0.1,96,0,0,0.0,,,0.0,0.0,0.0,72.0,72.0,0,0,False,False,20260929,2264d2f6ac2fde621c6218352e3ffe14e765700f89b99c6cc03a12c9f1bc3b31,69b1b200c29ca42626fc4cdc7d32551c9524e8f9
orgAInoid_RPE_Final,RPE_Final,E004,gates_without_ood,0.1,96,72,0,0.0,0.0,0.04994408370585467,0.75,0.0,0.125,63.0,60.0,0,0,False,False,20260929,2264d2f6ac2fde621c6218352e3ffe14e765700f89b99c6cc03a12c9f1bc3b31,69b1b200c29ca42626fc4cdc7d32551c9524e8f9
orgAInoid_RPE_Final,RPE_Final,E004,gates_full,0.1,96,72,0,0.0,0.0,0.04994408370585467,0.75,0.0,0.125,63.0,60.0,0,0,True,False,20260929,2264d2f6ac2fde621c6218352e3ffe14e765700f89b99c6cc03a12c9f1bc3b31,69b1b200c29ca42626fc4cdc7d32551c9524e8f9
orgAInoid_RPE_Final,RPE_Final,E004,calibrated_non_group,0.15,96,92,0,0.0,0.0,0.03930328773951802,0.9583333333333334,0.0,0.3003472222222222,50.375,48.0,0,0,False,False,20260929,2264d2f6ac2fde621c6218352e3ffe14e765700f89b99c6cc03a12c9f1bc3b31,69b1b200c29ca42626fc4cdc7d32551c9524e8f9
orgAInoid_RPE_Final,RPE_Final,E004,cbes_style,0.15,96,0,0,0.0,,,0.0,0.0,0.0,72.0,72.0,0,0,False,False,20260929,2264d2f6ac2fde621c6218352e3ffe14e765700f89b99c6cc03a12c9f1bc3b31,69b1b200c29ca42626fc4cdc7d32551c9524e8f9
orgAInoid_RPE_Final,RPE_Final,E004,gates_without_ood,0.15,96,94,0,0.0,0.0,0.03848335099752879,0.9791666666666666,0.0,0.1649305555555555,60.125,60.0,0,0,False,False,20260929,2264d2f6ac2fde621c6218352e3ffe14e765700f89b99c6cc03a12c9f1bc3b31,69b1b200c29ca42626fc4cdc7d32551c9524e8f9
orgAInoid_RPE_Final,RPE_Final,E004,gates_full,0.15,96,94,0,0.0,0.0,0.03848335099752879,0.9791666666666666,0.0,0.1649305555555555,60.125,60.0,0,0,True,False,20260929,2264d2f6ac2fde621c6218352e3ffe14e765700f89b99c6cc03a12c9f1bc3b31,69b1b200c29ca42626fc4cdc7d32551c9524e8f9
orgAInoid_RPE_Final,RPE_Final,E004,calibrated_non_group,0.2,96,96,12,0.125,0.06628909574332477,0.20817188843746195,1.0,0.0,0.4131944444444444,42.25,48.0,12,0,False,False,20260929,2264d2f6ac2fde621c6218352e3ffe14e765700f89b99c6cc03a12c9f1bc3b31,69b1b200c29ca42626fc4cdc7d32551c9524e8f9
orgAInoid_RPE_Final,RPE_Final,E004,cbes_style,0.2,96,0,0,0.0,,,0.0,0.0,0.0,72.0,72.0,0,0,False,False,20260929,2264d2f6ac2fde621c6218352e3ffe14e765700f89b99c6cc03a12c9f1bc3b31,69b1b200c29ca42626fc4cdc7d32551c9524e8f9
orgAInoid_RPE_Final,RPE_Final,E004,gates_without_ood,0.2,96,96,0,0.0,0.0,0.03769692162358756,1.0,0.0,0.3142361111111111,49.375,48.0,0,0,False,False,20260929,2264d2f6ac2fde621c6218352e3ffe14e765700f89b99c6cc03a12c9f1bc3b31,69b1b200c29ca42626fc4cdc7d32551c9524e8f9
orgAInoid_RPE_Final,RPE_Final,E004,gates_full,0.2,96,96,0,0.0,0.0,0.03769692162358756,1.0,0.0,0.3142361111111111,49.375,48.0,0,0,True,False,20260929,2264d2f6ac2fde621c6218352e3ffe14e765700f89b99c6cc03a12c9f1bc3b31,69b1b200c29ca42626fc4cdc7d32551c9524e8f9
orgAInoid_RPE_Final,RPE_Final,E004,calibrated_non_group,0.3,96,96,34,0.3541666666666667,0.25921237350212545,0.45838497127505945,1.0,0.0,0.7309027777777778,19.375,12.0,34,0,False,False,20260929,2264d2f6ac2fde621c6218352e3ffe14e765700f89b99c6cc03a12c9f1bc3b31,69b1b200c29ca42626fc4cdc7d32551c9524e8f9
orgAInoid_RPE_Final,RPE_Final,E004,cbes_style,0.3,96,96,12,0.125,0.06628909574332477,0.20817188843746195,1.0,0.0,0.4149305555555555,42.125,48.0,12,0,False,False,20260929,2264d2f6ac2fde621c6218352e3ffe14e765700f89b99c6cc03a12c9f1bc3b31,69b1b200c29ca42626fc4cdc7d32551c9524e8f9
orgAInoid_RPE_Final,RPE_Final,E004,gates_without_ood,0.3,96,96,21,0.21875,0.14080175686133908,0.31473617689582767,1.0,0.0,0.5538194444444443,32.125,48.0,21,0,False,False,20260929,2264d2f6ac2fde621c6218352e3ffe14e765700f89b99c6cc03a12c9f1bc3b31,69b1b200c29ca42626fc4cdc7d32551c9524e8f9
orgAInoid_RPE_Final,RPE_Final,E004,gates_full,0.3,96,96,21,0.21875,0.14080175686133908,0.31473617689582767,1.0,0.0,0.5538194444444443,32.125,48.0,21,0,True,False,20260929,2264d2f6ac2fde621c6218352e3ffe14e765700f89b99c6cc03a12c9f1bc3b31,69b1b200c29ca42626fc4cdc7d32551c9524e8f9
orgAInoid_RPE_Final,RPE_Final,E005,full_protocol@none,,92,0,0,0.0,,,0.0,0.0,0.0,72.0,72.0,0,0,False,False,20260929,2264d2f6ac2fde621c6218352e3ffe14e765700f89b99c6cc03a12c9f1bc3b31,69b1b200c29ca42626fc4cdc7d32551c9524e8f9
orgAInoid_RPE_Final,RPE_Final,E005,fixed_time@12.0,,92,92,36,0.391304347826087,0.2911781708711969,0.49863131974838587,1.0,0.0,0.833333333333333,12.0,12.0,29,7,False,False,20260929,2264d2f6ac2fde621c6218352e3ffe14e765700f89b99c6cc03a12c9f1bc3b31,69b1b200c29ca42626fc4cdc7d32551c9524e8f9
orgAInoid_RPE_Final,RPE_Final,E005,fixed_time@24.0,,92,92,32,0.3478260869565217,0.2514855261352635,0.45426312871755087,1.0,0.0,0.6666666666666666,24.0,24.0,31,1,False,False,20260929,2264d2f6ac2fde621c6218352e3ffe14e765700f89b99c6cc03a12c9f1bc3b31,69b1b200c29ca42626fc4cdc7d32551c9524e8f9
orgAInoid_RPE_Final,RPE_Final,E005,fixed_time@36.0,,92,92,40,0.4347826086956521,0.331686047535818,0.5421955023192542,1.0,0.0,0.5,36.0,36.0,37,3,False,False,20260929,2264d2f6ac2fde621c6218352e3ffe14e765700f89b99c6cc03a12c9f1bc3b31,69b1b200c29ca42626fc4cdc7d32551c9524e8f9
orgAInoid_RPE_Final,RPE_Final,E005,fixed_time@48.0,,92,92,28,0.3043478260869565,0.21267244627550644,0.40903307297735503,1.0,0.0,0.3333333333333333,48.0,48.0,26,2,False,False,20260929,2264d2f6ac2fde621c6218352e3ffe14e765700f89b99c6cc03a12c9f1bc3b31,69b1b200c29ca42626fc4cdc7d32551c9524e8f9
orgAInoid_RPE_Final,RPE_Final,E005,fixed_time@60.0,,92,92,24,0.2608695652173913,0.17483794698973712,0.36285137048147614,1.0,0.0,0.1666666666666666,60.0,60.0,22,2,False,False,20260929,2264d2f6ac2fde621c6218352e3ffe14e765700f89b99c6cc03a12c9f1bc3b31,69b1b200c29ca42626fc4cdc7d32551c9524e8f9
orgAInoid_RPE_Final,RPE_Final,E005,naive_confidence@0.5,,92,92,36,0.391304347826087,0.2911781708711969,0.49863131974838587,1.0,0.0,0.833333333333333,12.0,12.0,29,7,False,False,20260929,2264d2f6ac2fde621c6218352e3ffe14e765700f89b99c6cc03a12c9f1bc3b31,69b1b200c29ca42626fc4cdc7d32551c9524e8f9
orgAInoid_RPE_Final,RPE_Final,E005,naive_confidence@0.6,,92,92,33,0.358695652173913,0.2613292382939753,0.46543325385150847,1.0,0.0,0.7971014492753621,14.608695652173912,12.0,29,4,False,False,20260929,2264d2f6ac2fde621c6218352e3ffe14e765700f89b99c6cc03a12c9f1bc3b31,69b1b200c29ca42626fc4cdc7d32551c9524e8f9
orgAInoid_RPE_Final,RPE_Final,E005,naive_confidence@0.7,,92,92,29,0.3152173913043478,0.22228856438233982,0.42042563839523367,1.0,0.0,0.7735507246376809,16.304347826086957,12.0,27,2,False,False,20260929,2264d2f6ac2fde621c6218352e3ffe14e765700f89b99c6cc03a12c9f1bc3b31,69b1b200c29ca42626fc4cdc7d32551c9524e8f9
orgAInoid_RPE_Final,RPE_Final,E005,naive_confidence@0.8,,92,89,26,0.2921348314606741,0.20050757253435128,0.3980689630674446,0.967391304347826,0.0,0.6920289855072465,22.17391304347826,12.0,24,2,False,False,20260929,2264d2f6ac2fde621c6218352e3ffe14e765700f89b99c6cc03a12c9f1bc3b31,69b1b200c29ca42626fc4cdc7d32551c9524e8f9
orgAInoid_RPE_Final,RPE_Final,E005,naive_confidence@0.9,,92,81,21,0.2592592592592592,0.16819753663753442,0.3686029741483375,0.8804347826086957,0.0,0.548913043478261,32.47826086956522,24.0,21,0,False,False,20260929,2264d2f6ac2fde621c6218352e3ffe14e765700f89b99c6cc03a12c9f1bc3b31,69b1b200c29ca42626fc4cdc7d32551c9524e8f9
orgAInoid_RPE_Final,RPE_Final,E005,naive_confidence@0.95,,92,64,15,0.234375,0.1375154784405961,0.35693411039626605,0.6956521739130435,0.0,0.3586956521739131,46.17391304347826,48.0,15,0,False,False,20260929,2264d2f6ac2fde621c6218352e3ffe14e765700f89b99c6cc03a12c9f1bc3b31,69b1b200c29ca42626fc4cdc7d32551c9524e8f9
orgAInoid_RPE_Final,RPE_Final,E005,naive_confidence@0.975,,92,45,7,0.1555555555555555,0.06490921200837761,0.2945516010980533,0.4891304347826087,0.0,0.2047101449275362,57.26086956521739,72.0,7,0,False,False,20260929,2264d2f6ac2fde621c6218352e3ffe14e765700f89b99c6cc03a12c9f1bc3b31,69b1b200c29ca42626fc4cdc7d32551c9524e8f9
orgAInoid_RPE_Final,RPE_Final,E005,naive_confidence@0.99,,92,20,4,0.2,0.05733399705003276,0.43661400299666825,0.217391304347826,0.0,0.0742753623188405,66.65217391304348,72.0,4,0,False,False,20260929,2264d2f6ac2fde621c6218352e3ffe14e765700f89b99c6cc03a12c9f1bc3b31,69b1b200c29ca42626fc4cdc7d32551c9524e8f9
orgAInoid_RPE_Final,RPE_Final,E005,calibrated_non_group,0.02,92,0,0,0.0,,,0.0,0.0,0.0,72.0,72.0,0,0,False,False,20260929,2264d2f6ac2fde621c6218352e3ffe14e765700f89b99c6cc03a12c9f1bc3b31,69b1b200c29ca42626fc4cdc7d32551c9524e8f9
orgAInoid_RPE_Final,RPE_Final,E005,cbes_style,0.02,92,0,0,0.0,,,0.0,0.0,0.0,72.0,72.0,0,0,False,False,20260929,2264d2f6ac2fde621c6218352e3ffe14e765700f89b99c6cc03a12c9f1bc3b31,69b1b200c29ca42626fc4cdc7d32551c9524e8f9
orgAInoid_RPE_Final,RPE_Final,E005,gates_without_ood,0.02,92,0,0,0.0,,,0.0,0.0,0.0,72.0,72.0,0,0,False,False,20260929,2264d2f6ac2fde621c6218352e3ffe14e765700f89b99c6cc03a12c9f1bc3b31,69b1b200c29ca42626fc4cdc7d32551c9524e8f9
orgAInoid_RPE_Final,RPE_Final,E005,gates_full,0.02,92,0,0,0.0,,,0.0,0.0,0.0,72.0,72.0,0,0,True,False,20260929,2264d2f6ac2fde621c6218352e3ffe14e765700f89b99c6cc03a12c9f1bc3b31,69b1b200c29ca42626fc4cdc7d32551c9524e8f9
orgAInoid_RPE_Final,RPE_Final,E005,calibrated_non_group,0.05,92,0,0,0.0,,,0.0,0.0,0.0,72.0,72.0,0,0,False,False,20260929,2264d2f6ac2fde621c6218352e3ffe14e765700f89b99c6cc03a12c9f1bc3b31,69b1b200c29ca42626fc4cdc7d32551c9524e8f9
orgAInoid_RPE_Final,RPE_Final,E005,cbes_style,0.05,92,0,0,0.0,,,0.0,0.0,0.0,72.0,72.0,0,0,False,False,20260929,2264d2f6ac2fde621c6218352e3ffe14e765700f89b99c6cc03a12c9f1bc3b31,69b1b200c29ca42626fc4cdc7d32551c9524e8f9
orgAInoid_RPE_Final,RPE_Final,E005,gates_without_ood,0.05,92,0,0,0.0,,,0.0,0.0,0.0,72.0,72.0,0,0,False,False,20260929,2264d2f6ac2fde621c6218352e3ffe14e765700f89b99c6cc03a12c9f1bc3b31,69b1b200c29ca42626fc4cdc7d32551c9524e8f9
orgAInoid_RPE_Final,RPE_Final,E005,gates_full,0.05,92,0,0,0.0,,,0.0,0.0,0.0,72.0,72.0,0,0,True,False,20260929,2264d2f6ac2fde621c6218352e3ffe14e765700f89b99c6cc03a12c9f1bc3b31,69b1b200c29ca42626fc4cdc7d32551c9524e8f9
orgAInoid_RPE_Final,RPE_Final,E005,calibrated_non_group,0.1,92,56,15,0.2678571428571428,0.15832524844203694,0.40302028410058144,0.6086956521739131,0.0,0.2989130434782608,50.47826086956522,48.0,15,0,False,False,20260929,2264d2f6ac2fde621c6218352e3ffe14e765700f89b99c6cc03a12c9f1bc3b31,69b1b200c29ca42626fc4cdc7d32551c9524e8f9
orgAInoid_RPE_Final,RPE_Final,E005,cbes_style,0.1,92,76,17,0.2236842105263158,0.13603639987892518,0.3338045090938853,0.8260869565217391,0.0,0.1376811594202898,62.08695652173913,60.0,16,1,False,False,20260929,2264d2f6ac2fde621c6218352e3ffe14e765700f89b99c6cc03a12c9f1bc3b31,69b1b200c29ca42626fc4cdc7d32551c9524e8f9
orgAInoid_RPE_Final,RPE_Final,E005,gates_without_ood,0.1,92,0,0,0.0,,,0.0,0.0,0.0,72.0,72.0,0,0,False,False,20260929,2264d2f6ac2fde621c6218352e3ffe14e765700f89b99c6cc03a12c9f1bc3b31,69b1b200c29ca42626fc4cdc7d32551c9524e8f9
orgAInoid_RPE_Final,RPE_Final,E005,gates_full,0.1,92,0,0,0.0,,,0.0,0.0,0.0,72.0,72.0,0,0,True,False,20260929,2264d2f6ac2fde621c6218352e3ffe14e765700f89b99c6cc03a12c9f1bc3b31,69b1b200c29ca42626fc4cdc7d32551c9524e8f9
orgAInoid_RPE_Final,RPE_Final,E005,calibrated_non_group,0.15,92,83,24,0.2891566265060241,0.19484306814106253,0.3990525073962761,0.9021739130434784,0.0,0.6195652173913044,27.39130434782609,24.0,23,1,False,False,20260929,2264d2f6ac2fde621c6218352e3ffe14e765700f89b99c6cc03a12c9f1bc3b31,69b1b200c29ca42626fc4cdc7d32551c9524e8f9
orgAInoid_RPE_Final,RPE_Final,E005,cbes_style,0.15,92,85,24,0.2823529411764706,0.1900101339739765,0.39040378254509495,0.9239130434782608,0.0,0.5507246376811594,32.34782608695652,24.0,23,1,False,False,20260929,2264d2f6ac2fde621c6218352e3ffe14e765700f89b99c6cc03a12c9f1bc3b31,69b1b200c29ca42626fc4cdc7d32551c9524e8f9
orgAInoid_RPE_Final,RPE_Final,E005,gates_without_ood,0.15,92,46,11,0.2391304347826087,0.1258613948225691,0.3876689101140716,0.5,0.0,0.3894927536231884,43.95652173913044,48.0,10,1,False,False,20260929,2264d2f6ac2fde621c6218352e3ffe14e765700f89b99c6cc03a12c9f1bc3b31,69b1b200c29ca42626fc4cdc7d32551c9524e8f9
orgAInoid_RPE_Final,RPE_Final,E005,gates_full,0.15,92,20,5,0.25,0.08657146910143458,0.49104587170795744,0.217391304347826,0.2826086956521739,0.1757246376811594,59.34782608695652,72.0,4,1,True,False,20260929,2264d2f6ac2fde621c6218352e3ffe14e765700f89b99c6cc03a12c9f1bc3b31,69b1b200c29ca42626fc4cdc7d32551c9524e8f9
orgAInoid_RPE_Final,RPE_Final,E005,calibrated_non_group,0.2,92,91,27,0.2967032967032967,0.20547183123639864,0.40161047144302475,0.9891304347826086,0.0,0.7518115942028983,17.869565217391305,12.0,25,2,False,False,20260929,2264d2f6ac2fde621c6218352e3ffe14e765700f89b99c6cc03a12c9f1bc3b31,69b1b200c29ca42626fc4cdc7d32551c9524e8f9
orgAInoid_RPE_Final,RPE_Final,E005,cbes_style,0.2,92,89,25,0.2808988764044944,0.1907342631101937,0.38615551297429446,0.967391304347826,0.0,0.7083333333333333,21.0,12.0,22,3,False,False,20260929,2264d2f6ac2fde621c6218352e3ffe14e765700f89b99c6cc03a12c9f1bc3b31,69b1b200c29ca42626fc4cdc7d32551c9524e8f9
orgAInoid_RPE_Final,RPE_Final,E005,gates_without_ood,0.2,92,50,11,0.22,0.1152658260378486,0.3596118885657894,0.5434782608695652,0.0,0.427536231884058,41.21739130434783,24.0,10,1,False,False,20260929,2264d2f6ac2fde621c6218352e3ffe14e765700f89b99c6cc03a12c9f1bc3b31,69b1b200c29ca42626fc4cdc7d32551c9524e8f9
orgAInoid_RPE_Final,RPE_Final,E005,gates_full,0.2,92,21,5,0.238095238095238,0.08217587559302254,0.47165982765462133,0.2282608695652173,0.3152173913043478,0.1865942028985507,58.56521739130435,72.0,4,1,True,False,20260929,2264d2f6ac2fde621c6218352e3ffe14e765700f89b99c6cc03a12c9f1bc3b31,69b1b200c29ca42626fc4cdc7d32551c9524e8f9
orgAInoid_RPE_Final,RPE_Final,E005,calibrated_non_group,0.3,92,92,29,0.3152173913043478,0.22228856438233982,0.42042563839523367,1.0,0.0,0.7771739130434779,16.043478260869566,12.0,27,2,False,False,20260929,2264d2f6ac2fde621c6218352e3ffe14e765700f89b99c6cc03a12c9f1bc3b31,69b1b200c29ca42626fc4cdc7d32551c9524e8f9
orgAInoid_RPE_Final,RPE_Final,E005,cbes_style,0.3,92,89,25,0.2808988764044944,0.1907342631101937,0.38615551297429446,0.967391304347826,0.0,0.7083333333333333,21.0,12.0,22,3,False,False,20260929,2264d2f6ac2fde621c6218352e3ffe14e765700f89b99c6cc03a12c9f1bc3b31,69b1b200c29ca42626fc4cdc7d32551c9524e8f9
orgAInoid_RPE_Final,RPE_Final,E005,gates_without_ood,0.3,92,90,29,0.3222222222222222,0.22752030628856335,0.4290003674303968,0.9782608695652174,0.0,0.7663043478260867,16.82608695652174,12.0,27,2,False,False,20260929,2264d2f6ac2fde621c6218352e3ffe14e765700f89b99c6cc03a12c9f1bc3b31,69b1b200c29ca42626fc4cdc7d32551c9524e8f9
orgAInoid_RPE_Final,RPE_Final,E005,gates_full,0.3,92,45,12,0.2666666666666666,0.1460407158381299,0.4194467047420178,0.4891304347826087,0.4891304347826087,0.3786231884057971,44.73913043478261,72.0,10,2,True,False,20260929,2264d2f6ac2fde621c6218352e3ffe14e765700f89b99c6cc03a12c9f1bc3b31,69b1b200c29ca42626fc4cdc7d32551c9524e8f9
orgAInoid_RPE_Final,RPE_Final,E006,full_protocol@none,,95,0,0,0.0,,,0.0,0.0,0.0,72.0,72.0,0,0,False,False,20260929,2264d2f6ac2fde621c6218352e3ffe14e765700f89b99c6cc03a12c9f1bc3b31,69b1b200c29ca42626fc4cdc7d32551c9524e8f9
orgAInoid_RPE_Final,RPE_Final,E006,fixed_time@12.0,,95,95,33,0.3473684210526316,0.25256352026192314,0.4519755836714712,1.0,0.0,0.8333333333333329,12.0,12.0,4,29,False,False,20260929,2264d2f6ac2fde621c6218352e3ffe14e765700f89b99c6cc03a12c9f1bc3b31,69b1b200c29ca42626fc4cdc7d32551c9524e8f9
orgAInoid_RPE_Final,RPE_Final,E006,fixed_time@24.0,,95,95,24,0.2526315789473684,0.16905498263517862,0.3521888162279095,1.0,0.0,0.6666666666666665,24.0,24.0,3,21,False,False,20260929,2264d2f6ac2fde621c6218352e3ffe14e765700f89b99c6cc03a12c9f1bc3b31,69b1b200c29ca42626fc4cdc7d32551c9524e8f9
orgAInoid_RPE_Final,RPE_Final,E006,fixed_time@36.0,,95,95,24,0.2526315789473684,0.16905498263517862,0.3521888162279095,1.0,0.0,0.5,36.0,36.0,9,15,False,False,20260929,2264d2f6ac2fde621c6218352e3ffe14e765700f89b99c6cc03a12c9f1bc3b31,69b1b200c29ca42626fc4cdc7d32551c9524e8f9
orgAInoid_RPE_Final,RPE_Final,E006,fixed_time@48.0,,95,95,24,0.2526315789473684,0.16905498263517862,0.3521888162279095,1.0,0.0,0.3333333333333332,48.0,48.0,3,21,False,False,20260929,2264d2f6ac2fde621c6218352e3ffe14e765700f89b99c6cc03a12c9f1bc3b31,69b1b200c29ca42626fc4cdc7d32551c9524e8f9
orgAInoid_RPE_Final,RPE_Final,E006,fixed_time@60.0,,95,95,14,0.1473684210526315,0.08297541325063439,0.23488221103981047,1.0,0.0,0.1666666666666666,60.0,60.0,5,9,False,False,20260929,2264d2f6ac2fde621c6218352e3ffe14e765700f89b99c6cc03a12c9f1bc3b31,69b1b200c29ca42626fc4cdc7d32551c9524e8f9
orgAInoid_RPE_Final,RPE_Final,E006,naive_confidence@0.5,,95,95,33,0.3473684210526316,0.25256352026192314,0.4519755836714712,1.0,0.0,0.8333333333333329,12.0,12.0,4,29,False,False,20260929,2264d2f6ac2fde621c6218352e3ffe14e765700f89b99c6cc03a12c9f1bc3b31,69b1b200c29ca42626fc4cdc7d32551c9524e8f9
orgAInoid_RPE_Final,RPE_Final,E006,naive_confidence@0.6,,95,95,27,0.2842105263157894,0.1963677448290455,0.3859595420724781,1.0,0.0,0.7736842105263155,16.294736842105262,12.0,2,25,False,False,20260929,2264d2f6ac2fde621c6218352e3ffe14e765700f89b99c6cc03a12c9f1bc3b31,69b1b200c29ca42626fc4cdc7d32551c9524e8f9
orgAInoid_RPE_Final,RPE_Final,E006,naive_confidence@0.7,,95,92,23,0.25,0.16554846205777782,0.351142534479362,0.968421052631579,0.0,0.6771929824561405,23.242105263157896,12.0,2,21,False,False,20260929,2264d2f6ac2fde621c6218352e3ffe14e765700f89b99c6cc03a12c9f1bc3b31,69b1b200c29ca42626fc4cdc7d32551c9524e8f9
orgAInoid_RPE_Final,RPE_Final,E006,naive_confidence@0.8,,95,86,19,0.2209302325581395,0.13856607044475502,0.3233113782501869,0.9052631578947368,0.0,0.5333333333333335,33.6,24.0,2,17,False,False,20260929,2264d2f6ac2fde621c6218352e3ffe14e765700f89b99c6cc03a12c9f1bc3b31,69b1b200c29ca42626fc4cdc7d32551c9524e8f9
orgAInoid_RPE_Final,RPE_Final,E006,naive_confidence@0.9,,95,69,8,0.1159420289855072,0.0514065597775747,0.21573252254819283,0.7263157894736842,0.0,0.2894736842105262,51.1578947368421,48.0,2,6,False,False,20260929,2264d2f6ac2fde621c6218352e3ffe14e765700f89b99c6cc03a12c9f1bc3b31,69b1b200c29ca42626fc4cdc7d32551c9524e8f9
orgAInoid_RPE_Final,RPE_Final,E006,naive_confidence@0.95,,95,42,4,0.0952380952380952,0.02656356964076036,0.22622487155277954,0.4421052631578947,0.0,0.1456140350877193,61.51578947368421,72.0,1,3,False,False,20260929,2264d2f6ac2fde621c6218352e3ffe14e765700f89b99c6cc03a12c9f1bc3b31,69b1b200c29ca42626fc4cdc7d32551c9524e8f9
orgAInoid_RPE_Final,RPE_Final,E006,naive_confidence@0.975,,95,28,2,0.0714285714285714,0.008770496703527132,0.2350347731745908,0.2947368421052631,0.0,0.087719298245614,65.6842105263158,72.0,1,1,False,False,20260929,2264d2f6ac2fde621c6218352e3ffe14e765700f89b99c6cc03a12c9f1bc3b31,69b1b200c29ca42626fc4cdc7d32551c9524e8f9
orgAInoid_RPE_Final,RPE_Final,E006,naive_confidence@0.99,,95,14,1,0.0714285714285714,0.0018067806591253882,0.33868448993182126,0.1473684210526315,0.0,0.0368421052631578,69.34736842105264,72.0,1,0,False,False,20260929,2264d2f6ac2fde621c6218352e3ffe14e765700f89b99c6cc03a12c9f1bc3b31,69b1b200c29ca42626fc4cdc7d32551c9524e8f9
orgAInoid_RPE_Final,RPE_Final,E006,calibrated_non_group,0.02,95,0,0,0.0,,,0.0,0.0,0.0,72.0,72.0,0,0,False,False,20260929,2264d2f6ac2fde621c6218352e3ffe14e765700f89b99c6cc03a12c9f1bc3b31,69b1b200c29ca42626fc4cdc7d32551c9524e8f9
orgAInoid_RPE_Final,RPE_Final,E006,cbes_style,0.02,95,0,0,0.0,,,0.0,0.0,0.0,72.0,72.0,0,0,False,False,20260929,2264d2f6ac2fde621c6218352e3ffe14e765700f89b99c6cc03a12c9f1bc3b31,69b1b200c29ca42626fc4cdc7d32551c9524e8f9
orgAInoid_RPE_Final,RPE_Final,E006,gates_without_ood,0.02,95,0,0,0.0,,,0.0,0.0,0.0,72.0,72.0,0,0,False,False,20260929,2264d2f6ac2fde621c6218352e3ffe14e765700f89b99c6cc03a12c9f1bc3b31,69b1b200c29ca42626fc4cdc7d32551c9524e8f9
orgAInoid_RPE_Final,RPE_Final,E006,gates_full,0.02,95,0,0,0.0,,,0.0,0.0,0.0,72.0,72.0,0,0,True,False,20260929,2264d2f6ac2fde621c6218352e3ffe14e765700f89b99c6cc03a12c9f1bc3b31,69b1b200c29ca42626fc4cdc7d32551c9524e8f9
orgAInoid_RPE_Final,RPE_Final,E006,calibrated_non_group,0.05,95,25,2,0.08,0.009839590018797513,0.26030584210521424,0.2631578947368421,0.0,0.0701754385964912,66.94736842105263,72.0,1,1,False,False,20260929,2264d2f6ac2fde621c6218352e3ffe14e765700f89b99c6cc03a12c9f1bc3b31,69b1b200c29ca42626fc4cdc7d32551c9524e8f9
orgAInoid_RPE_Final,RPE_Final,E006,cbes_style,0.05,95,0,0,0.0,,,0.0,0.0,0.0,72.0,72.0,0,0,False,False,20260929,2264d2f6ac2fde621c6218352e3ffe14e765700f89b99c6cc03a12c9f1bc3b31,69b1b200c29ca42626fc4cdc7d32551c9524e8f9
orgAInoid_RPE_Final,RPE_Final,E006,gates_without_ood,0.05,95,0,0,0.0,,,0.0,0.0,0.0,72.0,72.0,0,0,False,False,20260929,2264d2f6ac2fde621c6218352e3ffe14e765700f89b99c6cc03a12c9f1bc3b31,69b1b200c29ca42626fc4cdc7d32551c9524e8f9
orgAInoid_RPE_Final,RPE_Final,E006,gates_full,0.05,95,0,0,0.0,,,0.0,0.0,0.0,72.0,72.0,0,0,True,False,20260929,2264d2f6ac2fde621c6218352e3ffe14e765700f89b99c6cc03a12c9f1bc3b31,69b1b200c29ca42626fc4cdc7d32551c9524e8f9
orgAInoid_RPE_Final,RPE_Final,E006,calibrated_non_group,0.1,95,73,13,0.1780821917808219,0.09837317773300859,0.28525379364170256,0.7684210526315789,0.0,0.4298245614035089,41.05263157894737,48.0,2,11,False,False,20260929,2264d2f6ac2fde621c6218352e3ffe14e765700f89b99c6cc03a12c9f1bc3b31,69b1b200c29ca42626fc4cdc7d32551c9524e8f9
orgAInoid_RPE_Final,RPE_Final,E006,cbes_style,0.1,95,0,0,0.0,,,0.0,0.0,0.0,72.0,72.0,0,0,False,False,20260929,2264d2f6ac2fde621c6218352e3ffe14e765700f89b99c6cc03a12c9f1bc3b31,69b1b200c29ca42626fc4cdc7d32551c9524e8f9
orgAInoid_RPE_Final,RPE_Final,E006,gates_without_ood,0.1,95,0,0,0.0,,,0.0,0.0,0.0,72.0,72.0,0,0,False,False,20260929,2264d2f6ac2fde621c6218352e3ffe14e765700f89b99c6cc03a12c9f1bc3b31,69b1b200c29ca42626fc4cdc7d32551c9524e8f9
orgAInoid_RPE_Final,RPE_Final,E006,gates_full,0.1,95,0,0,0.0,,,0.0,0.0,0.0,72.0,72.0,0,0,True,False,20260929,2264d2f6ac2fde621c6218352e3ffe14e765700f89b99c6cc03a12c9f1bc3b31,69b1b200c29ca42626fc4cdc7d32551c9524e8f9
orgAInoid_RPE_Final,RPE_Final,E006,calibrated_non_group,0.15,95,72,15,0.2083333333333333,0.12155120290780824,0.32022951112937165,0.7578947368421053,0.0,0.4912280701754387,36.63157894736842,24.0,1,14,False,False,20260929,2264d2f6ac2fde621c6218352e3ffe14e765700f89b99c6cc03a12c9f1bc3b31,69b1b200c29ca42626fc4cdc7d32551c9524e8f9
orgAInoid_RPE_Final,RPE_Final,E006,cbes_style,0.15,95,0,0,0.0,,,0.0,0.0,0.0,72.0,72.0,0,0,False,False,20260929,2264d2f6ac2fde621c6218352e3ffe14e765700f89b99c6cc03a12c9f1bc3b31,69b1b200c29ca42626fc4cdc7d32551c9524e8f9
orgAInoid_RPE_Final,RPE_Final,E006,gates_without_ood,0.15,95,43,11,0.2558139534883721,0.1351859502885309,0.4117157210848596,0.4526315789473684,0.0,0.3736842105263159,45.09473684210526,72.0,1,10,False,False,20260929,2264d2f6ac2fde621c6218352e3ffe14e765700f89b99c6cc03a12c9f1bc3b31,69b1b200c29ca42626fc4cdc7d32551c9524e8f9
orgAInoid_RPE_Final,RPE_Final,E006,gates_full,0.15,95,32,8,0.25,0.11461600510258818,0.43404937492224277,0.3368421052631579,0.1157894736842105,0.2771929824561403,52.04210526315789,72.0,0,8,True,False,20260929,2264d2f6ac2fde621c6218352e3ffe14e765700f89b99c6cc03a12c9f1bc3b31,69b1b200c29ca42626fc4cdc7d32551c9524e8f9
orgAInoid_RPE_Final,RPE_Final,E006,calibrated_non_group,0.2,95,82,16,0.1951219512195122,0.1158426907950504,0.2974359988081411,0.8631578947368421,0.0,0.4824561403508773,37.26315789473684,36.0,2,14,False,False,20260929,2264d2f6ac2fde621c6218352e3ffe14e765700f89b99c6cc03a12c9f1bc3b31,69b1b200c29ca42626fc4cdc7d32551c9524e8f9
orgAInoid_RPE_Final,RPE_Final,E006,cbes_style,0.2,95,0,0,0.0,,,0.0,0.0,0.0,72.0,72.0,0,0,False,False,20260929,2264d2f6ac2fde621c6218352e3ffe14e765700f89b99c6cc03a12c9f1bc3b31,69b1b200c29ca42626fc4cdc7d32551c9524e8f9
orgAInoid_RPE_Final,RPE_Final,E006,gates_without_ood,0.2,95,49,12,0.2448979591836734,0.13342871084229377,0.38869591468843384,0.5157894736842106,0.0,0.4157894736842106,42.06315789473684,24.0,1,11,False,False,20260929,2264d2f6ac2fde621c6218352e3ffe14e765700f89b99c6cc03a12c9f1bc3b31,69b1b200c29ca42626fc4cdc7d32551c9524e8f9
orgAInoid_RPE_Final,RPE_Final,E006,gates_full,0.2,95,38,9,0.2368421052631578,0.11444170482253074,0.40241236057149077,0.4,0.1157894736842105,0.3192982456140351,49.01052631578948,72.0,0,9,True,False,20260929,2264d2f6ac2fde621c6218352e3ffe14e765700f89b99c6cc03a12c9f1bc3b31,69b1b200c29ca42626fc4cdc7d32551c9524e8f9
orgAInoid_RPE_Final,RPE_Final,E006,calibrated_non_group,0.3,95,95,24,0.2526315789473684,0.16905498263517862,0.3521888162279095,1.0,0.0,0.6070175438596492,28.294736842105262,24.0,2,22,False,False,20260929,2264d2f6ac2fde621c6218352e3ffe14e765700f89b99c6cc03a12c9f1bc3b31,69b1b200c29ca42626fc4cdc7d32551c9524e8f9
orgAInoid_RPE_Final,RPE_Final,E006,cbes_style,0.3,95,0,0,0.0,,,0.0,0.0,0.0,72.0,72.0,0,0,False,False,20260929,2264d2f6ac2fde621c6218352e3ffe14e765700f89b99c6cc03a12c9f1bc3b31,69b1b200c29ca42626fc4cdc7d32551c9524e8f9
orgAInoid_RPE_Final,RPE_Final,E006,gates_without_ood,0.3,95,90,24,0.2666666666666666,0.1789189611357617,0.3703223871117669,0.9473684210526316,0.0,0.6947368421052632,21.978947368421053,12.0,2,22,False,False,20260929,2264d2f6ac2fde621c6218352e3ffe14e765700f89b99c6cc03a12c9f1bc3b31,69b1b200c29ca42626fc4cdc7d32551c9524e8f9
orgAInoid_RPE_Final,RPE_Final,E006,gates_full,0.3,95,73,20,0.273972602739726,0.17605920216255502,0.39094136043787736,0.7684210526315789,0.1789473684210526,0.5456140350877193,32.71578947368421,12.0,1,19,True,False,20260929,2264d2f6ac2fde621c6218352e3ffe14e765700f89b99c6cc03a12c9f1bc3b31,69b1b200c29ca42626fc4cdc7d32551c9524e8f9
orgAInoid_RPE_Final,RPE_Final,E007,full_protocol@none,,93,0,0,0.0,,,0.0,0.0,0.0,72.0,72.0,0,0,False,False,20260929,2264d2f6ac2fde621c6218352e3ffe14e765700f89b99c6cc03a12c9f1bc3b31,69b1b200c29ca42626fc4cdc7d32551c9524e8f9
orgAInoid_RPE_Final,RPE_Final,E007,fixed_time@12.0,,93,93,36,0.3870967741935484,0.28783092587661363,0.4937614130531293,1.0,0.0,0.833333333333333,12.0,12.0,26,10,False,False,20260929,2264d2f6ac2fde621c6218352e3ffe14e765700f89b99c6cc03a12c9f1bc3b31,69b1b200c29ca42626fc4cdc7d32551c9524e8f9
orgAInoid_RPE_Final,RPE_Final,E007,fixed_time@24.0,,93,93,37,0.3978494623655914,0.29776194850892695,0.5046291231169472,1.0,0.0,0.6666666666666666,24.0,24.0,15,22,False,False,20260929,2264d2f6ac2fde621c6218352e3ffe14e765700f89b99c6cc03a12c9f1bc3b31,69b1b200c29ca42626fc4cdc7d32551c9524e8f9
orgAInoid_RPE_Final,RPE_Final,E007,fixed_time@36.0,,93,93,46,0.4946236559139785,0.3892854630773505,0.6003136115914717,1.0,0.0,0.5,36.0,36.0,17,29,False,False,20260929,2264d2f6ac2fde621c6218352e3ffe14e765700f89b99c6cc03a12c9f1bc3b31,69b1b200c29ca42626fc4cdc7d32551c9524e8f9
orgAInoid_RPE_Final,RPE_Final,E007,fixed_time@48.0,,93,93,38,0.4086021505376344,0.3077420169416027,0.5154484076326891,1.0,0.0,0.3333333333333333,48.0,48.0,10,28,False,False,20260929,2264d2f6ac2fde621c6218352e3ffe14e765700f89b99c6cc03a12c9f1bc3b31,69b1b200c29ca42626fc4cdc7d32551c9524e8f9
orgAInoid_RPE_Final,RPE_Final,E007,fixed_time@60.0,,93,93,34,0.3655913978494624,0.2681190910201346,0.47187797484176175,1.0,0.0,0.1666666666666666,60.0,60.0,11,23,False,False,20260929,2264d2f6ac2fde621c6218352e3ffe14e765700f89b99c6cc03a12c9f1bc3b31,69b1b200c29ca42626fc4cdc7d32551c9524e8f9
orgAInoid_RPE_Final,RPE_Final,E007,naive_confidence@0.5,,93,93,36,0.3870967741935484,0.28783092587661363,0.4937614130531293,1.0,0.0,0.833333333333333,12.0,12.0,26,10,False,False,20260929,2264d2f6ac2fde621c6218352e3ffe14e765700f89b99c6cc03a12c9f1bc3b31,69b1b200c29ca42626fc4cdc7d32551c9524e8f9
orgAInoid_RPE_Final,RPE_Final,E007,naive_confidence@0.6,,93,93,31,0.3333333333333333,0.2389409853455497,0.4386700607385688,1.0,0.0,0.7795698924731179,15.870967741935484,12.0,19,12,False,False,20260929,2264d2f6ac2fde621c6218352e3ffe14e765700f89b99c6cc03a12c9f1bc3b31,69b1b200c29ca42626fc4cdc7d32551c9524e8f9
orgAInoid_RPE_Final,RPE_Final,E007,naive_confidence@0.7,,93,84,28,0.3333333333333333,0.23418531010269114,0.4446179732873046,0.9032258064516128,0.0,0.6344086021505377,26.322580645161292,24.0,11,17,False,False,20260929,2264d2f6ac2fde621c6218352e3ffe14e765700f89b99c6cc03a12c9f1bc3b31,69b1b200c29ca42626fc4cdc7d32551c9524e8f9
orgAInoid_RPE_Final,RPE_Final,E007,naive_confidence@0.8,,93,66,22,0.3333333333333333,0.2220307627219944,0.46013865685025024,0.7096774193548387,0.0,0.4336917562724015,40.774193548387096,36.0,9,13,False,False,20260929,2264d2f6ac2fde621c6218352e3ffe14e765700f89b99c6cc03a12c9f1bc3b31,69b1b200c29ca42626fc4cdc7d32551c9524e8f9
orgAInoid_RPE_Final,RPE_Final,E007,naive_confidence@0.9,,93,36,10,0.2777777777777778,0.1420024472634021,0.45186114506783887,0.3870967741935484,0.0,0.1917562724014337,58.193548387096776,72.0,2,8,False,False,20260929,2264d2f6ac2fde621c6218352e3ffe14e765700f89b99c6cc03a12c9f1bc3b31,69b1b200c29ca42626fc4cdc7d32551c9524e8f9
orgAInoid_RPE_Final,RPE_Final,E007,naive_confidence@0.95,,93,18,5,0.2777777777777778,0.0969492125255593,0.5348019655830561,0.1935483870967742,0.0,0.0949820788530465,65.16129032258064,72.0,0,5,False,False,20260929,2264d2f6ac2fde621c6218352e3ffe14e765700f89b99c6cc03a12c9f1bc3b31,69b1b200c29ca42626fc4cdc7d32551c9524e8f9
orgAInoid_RPE_Final,RPE_Final,E007,naive_confidence@0.975,,93,7,3,0.4285714285714285,0.09898827844250789,0.815948432359917,0.075268817204301,0.0,0.0340501792114695,69.54838709677419,72.0,0,3,False,False,20260929,2264d2f6ac2fde621c6218352e3ffe14e765700f89b99c6cc03a12c9f1bc3b31,69b1b200c29ca42626fc4cdc7d32551c9524e8f9
orgAInoid_RPE_Final,RPE_Final,E007,naive_confidence@0.99,,93,2,1,0.5,0.01257911709342506,0.9874208829065749,0.021505376344086,0.0,0.0053763440860215,71.61290322580645,72.0,0,1,False,False,20260929,2264d2f6ac2fde621c6218352e3ffe14e765700f89b99c6cc03a12c9f1bc3b31,69b1b200c29ca42626fc4cdc7d32551c9524e8f9
orgAInoid_RPE_Final,RPE_Final,E007,calibrated_non_group,0.02,93,72,27,0.375,0.2636109476016485,0.4970140706287164,0.7741935483870968,0.0,0.4050179211469532,42.83870967741935,48.0,8,19,False,False,20260929,2264d2f6ac2fde621c6218352e3ffe14e765700f89b99c6cc03a12c9f1bc3b31,69b1b200c29ca42626fc4cdc7d32551c9524e8f9
orgAInoid_RPE_Final,RPE_Final,E007,cbes_style,0.02,93,0,0,0.0,,,0.0,0.0,0.0,72.0,72.0,0,0,False,False,20260929,2264d2f6ac2fde621c6218352e3ffe14e765700f89b99c6cc03a12c9f1bc3b31,69b1b200c29ca42626fc4cdc7d32551c9524e8f9
orgAInoid_RPE_Final,RPE_Final,E007,gates_without_ood,0.02,93,36,7,0.1944444444444444,0.08194363976520888,0.3602480161750253,0.3870967741935484,0.0,0.2419354838709677,54.58064516129032,72.0,4,3,False,False,20260929,2264d2f6ac2fde621c6218352e3ffe14e765700f89b99c6cc03a12c9f1bc3b31,69b1b200c29ca42626fc4cdc7d32551c9524e8f9
orgAInoid_RPE_Final,RPE_Final,E007,gates_full,0.02,93,26,3,0.1153846153846153,0.024458075317962222,0.30154040010756766,0.2795698924731182,0.1075268817204301,0.1863799283154121,58.58064516129032,72.0,3,0,True,False,20260929,2264d2f6ac2fde621c6218352e3ffe14e765700f89b99c6cc03a12c9f1bc3b31,69b1b200c29ca42626fc4cdc7d32551c9524e8f9
orgAInoid_RPE_Final,RPE_Final,E007,calibrated_non_group,0.05,93,74,28,0.3783783783783784,0.26813719362207505,0.49867288154245054,0.7956989247311828,0.0,0.4068100358422938,42.70967741935484,36.0,7,21,False,False,20260929,2264d2f6ac2fde621c6218352e3ffe14e765700f89b99c6cc03a12c9f1bc3b31,69b1b200c29ca42626fc4cdc7d32551c9524e8f9
orgAInoid_RPE_Final,RPE_Final,E007,cbes_style,0.05,93,45,15,0.3333333333333333,0.2000056880106949,0.4895036378583612,0.4838709677419355,0.0,0.1612903225806451,60.38709677419355,72.0,3,12,False,False,20260929,2264d2f6ac2fde621c6218352e3ffe14e765700f89b99c6cc03a12c9f1bc3b31,69b1b200c29ca42626fc4cdc7d32551c9524e8f9
orgAInoid_RPE_Final,RPE_Final,E007,gates_without_ood,0.05,93,80,30,0.375,0.269193169946805,0.49035476440711234,0.8602150537634409,0.0,0.4318996415770607,40.903225806451616,48.0,9,21,False,False,20260929,2264d2f6ac2fde621c6218352e3ffe14e765700f89b99c6cc03a12c9f1bc3b31,69b1b200c29ca42626fc4cdc7d32551c9524e8f9
orgAInoid_RPE_Final,RPE_Final,E007,gates_full,0.05,93,49,15,0.3061224489795918,0.18251944764587358,0.4541524365052459,0.5268817204301075,0.3333333333333333,0.3028673835125448,50.193548387096776,60.0,5,10,True,False,20260929,2264d2f6ac2fde621c6218352e3ffe14e765700f89b99c6cc03a12c9f1bc3b31,69b1b200c29ca42626fc4cdc7d32551c9524e8f9
orgAInoid_RPE_Final,RPE_Final,E007,calibrated_non_group,0.1,93,93,34,0.3655913978494624,0.2681190910201346,0.47187797484176175,1.0,0.0,0.5788530465949819,30.322580645161292,24.0,11,23,False,False,20260929,2264d2f6ac2fde621c6218352e3ffe14e765700f89b99c6cc03a12c9f1bc3b31,69b1b200c29ca42626fc4cdc7d32551c9524e8f9
orgAInoid_RPE_Final,RPE_Final,E007,cbes_style,0.1,93,74,26,0.3513513513513513,0.24390463973760998,0.4710986814934364,0.7956989247311828,0.0,0.4820788530465948,37.29032258064516,24.0,6,20,False,False,20260929,2264d2f6ac2fde621c6218352e3ffe14e765700f89b99c6cc03a12c9f1bc3b31,69b1b200c29ca42626fc4cdc7d32551c9524e8f9
orgAInoid_RPE_Final,RPE_Final,E007,gates_without_ood,0.1,93,93,36,0.3870967741935484,0.28783092587661363,0.4937614130531293,1.0,0.0,0.5573476702508959,31.870967741935484,24.0,11,25,False,False,20260929,2264d2f6ac2fde621c6218352e3ffe14e765700f89b99c6cc03a12c9f1bc3b31,69b1b200c29ca42626fc4cdc7d32551c9524e8f9
orgAInoid_RPE_Final,RPE_Final,E007,gates_full,0.1,93,67,26,0.3880597014925373,0.2713680542404899,0.5149818674332615,0.7204301075268817,0.2795698924731182,0.4301075268817204,41.03225806451613,24.0,8,18,True,False,20260929,2264d2f6ac2fde621c6218352e3ffe14e765700f89b99c6cc03a12c9f1bc3b31,69b1b200c29ca42626fc4cdc7d32551c9524e8f9
orgAInoid_RPE_Final,RPE_Final,E007,calibrated_non_group,0.15,93,93,40,0.4301075268817204,0.3278467409840664,0.5369439473404437,1.0,0.0,0.6236559139784945,27.096774193548388,24.0,15,25,False,False,20260929,2264d2f6ac2fde621c6218352e3ffe14e765700f89b99c6cc03a12c9f1bc3b31,69b1b200c29ca42626fc4cdc7d32551c9524e8f9
orgAInoid_RPE_Final,RPE_Final,E007,cbes_style,0.15,93,77,27,0.3506493506493506,0.2453224965061806,0.4678467758113495,0.8279569892473119,0.0,0.5071684587813619,35.483870967741936,24.0,6,21,False,False,20260929,2264d2f6ac2fde621c6218352e3ffe14e765700f89b99c6cc03a12c9f1bc3b31,69b1b200c29ca42626fc4cdc7d32551c9524e8f9
orgAInoid_RPE_Final,RPE_Final,E007,gates_without_ood,0.15,93,93,37,0.3978494623655914,0.29776194850892695,0.5046291231169472,1.0,0.0,0.603942652329749,28.516129032258064,24.0,14,23,False,False,20260929,2264d2f6ac2fde621c6218352e3ffe14e765700f89b99c6cc03a12c9f1bc3b31,69b1b200c29ca42626fc4cdc7d32551c9524e8f9
orgAInoid_RPE_Final,RPE_Final,E007,gates_full,0.15,93,72,28,0.3888888888888889,0.27615468584745545,0.5110630637723107,0.7741935483870968,0.2258064516129032,0.4856630824372759,37.03225806451613,24.0,10,18,True,False,20260929,2264d2f6ac2fde621c6218352e3ffe14e765700f89b99c6cc03a12c9f1bc3b31,69b1b200c29ca42626fc4cdc7d32551c9524e8f9
orgAInoid_RPE_Final,RPE_Final,E007,calibrated_non_group,0.2,93,93,38,0.4086021505376344,0.3077420169416027,0.5154484076326891,1.0,0.0,0.6720430107526882,23.612903225806452,24.0,14,24,False,False,20260929,2264d2f6ac2fde621c6218352e3ffe14e765700f89b99c6cc03a12c9f1bc3b31,69b1b200c29ca42626fc4cdc7d32551c9524e8f9
orgAInoid_RPE_Final,RPE_Final,E007,cbes_style,0.2,93,86,27,0.313953488372093,0.21811834720997617,0.4230301057145234,0.9247311827956988,0.0,0.7043010752688172,21.29032258064516,12.0,14,13,False,False,20260929,2264d2f6ac2fde621c6218352e3ffe14e765700f89b99c6cc03a12c9f1bc3b31,69b1b200c29ca42626fc4cdc7d32551c9524e8f9
orgAInoid_RPE_Final,RPE_Final,E007,gates_without_ood,0.2,93,93,40,0.4301075268817204,0.3278467409840664,0.5369439473404437,1.0,0.0,0.632616487455197,26.451612903225808,24.0,15,25,False,False,20260929,2264d2f6ac2fde621c6218352e3ffe14e765700f89b99c6cc03a12c9f1bc3b31,69b1b200c29ca42626fc4cdc7d32551c9524e8f9
orgAInoid_RPE_Final,RPE_Final,E007,gates_full,0.2,93,77,31,0.4025974025974026,0.292336098440311,0.5205862189829489,0.8279569892473119,0.1720430107526881,0.528673835125448,33.935483870967744,24.0,11,20,True,False,20260929,2264d2f6ac2fde621c6218352e3ffe14e765700f89b99c6cc03a12c9f1bc3b31,69b1b200c29ca42626fc4cdc7d32551c9524e8f9
orgAInoid_RPE_Final,RPE_Final,E007,calibrated_non_group,0.3,93,93,31,0.3333333333333333,0.2389409853455497,0.4386700607385688,1.0,0.0,0.7634408602150536,17.032258064516128,12.0,17,14,False,False,20260929,2264d2f6ac2fde621c6218352e3ffe14e765700f89b99c6cc03a12c9f1bc3b31,69b1b200c29ca42626fc4cdc7d32551c9524e8f9
orgAInoid_RPE_Final,RPE_Final,E007,cbes_style,0.3,93,86,27,0.313953488372093,0.21811834720997617,0.4230301057145234,0.9247311827956988,0.0,0.7043010752688172,21.29032258064516,12.0,14,13,False,False,20260929,2264d2f6ac2fde621c6218352e3ffe14e765700f89b99c6cc03a12c9f1bc3b31,69b1b200c29ca42626fc4cdc7d32551c9524e8f9
orgAInoid_RPE_Final,RPE_Final,E007,gates_without_ood,0.3,93,93,37,0.3978494623655914,0.29776194850892695,0.5046291231169472,1.0,0.0,0.6666666666666666,24.0,24.0,15,22,False,False,20260929,2264d2f6ac2fde621c6218352e3ffe14e765700f89b99c6cc03a12c9f1bc3b31,69b1b200c29ca42626fc4cdc7d32551c9524e8f9
orgAInoid_RPE_Final,RPE_Final,E007,gates_full,0.3,93,82,31,0.3780487804878049,0.273234877457461,0.4919462653606615,0.8817204301075269,0.1182795698924731,0.5878136200716846,29.677419354838708,24.0,12,19,True,False,20260929,2264d2f6ac2fde621c6218352e3ffe14e765700f89b99c6cc03a12c9f1bc3b31,69b1b200c29ca42626fc4cdc7d32551c9524e8f9
orgAInoid_RPE_Final,RPE_Final,E008,full_protocol@none,,91,0,0,0.0,,,0.0,0.0,0.0,72.0,72.0,0,0,False,False,20260929,2264d2f6ac2fde621c6218352e3ffe14e765700f89b99c6cc03a12c9f1bc3b31,69b1b200c29ca42626fc4cdc7d32551c9524e8f9
orgAInoid_RPE_Final,RPE_Final,E008,fixed_time@12.0,,91,91,24,0.2637362637362637,0.17685483487497045,0.36654916642263813,1.0,0.0,0.8333333333333331,12.0,12.0,5,19,False,False,20260929,2264d2f6ac2fde621c6218352e3ffe14e765700f89b99c6cc03a12c9f1bc3b31,69b1b200c29ca42626fc4cdc7d32551c9524e8f9
orgAInoid_RPE_Final,RPE_Final,E008,fixed_time@24.0,,91,91,20,0.2197802197802197,0.13971701462672528,0.3188203152576323,1.0,0.0,0.6666666666666666,24.0,24.0,3,17,False,False,20260929,2264d2f6ac2fde621c6218352e3ffe14e765700f89b99c6cc03a12c9f1bc3b31,69b1b200c29ca42626fc4cdc7d32551c9524e8f9
orgAInoid_RPE_Final,RPE_Final,E008,fixed_time@36.0,,91,91,16,0.1758241758241758,0.10397179906177083,0.2697659617707111,1.0,0.0,0.5,36.0,36.0,6,10,False,False,20260929,2264d2f6ac2fde621c6218352e3ffe14e765700f89b99c6cc03a12c9f1bc3b31,69b1b200c29ca42626fc4cdc7d32551c9524e8f9
orgAInoid_RPE_Final,RPE_Final,E008,fixed_time@48.0,,91,91,6,0.0659340659340659,0.024579143852809935,0.13800354017007566,1.0,0.0,0.3333333333333333,48.0,48.0,5,1,False,False,20260929,2264d2f6ac2fde621c6218352e3ffe14e765700f89b99c6cc03a12c9f1bc3b31,69b1b200c29ca42626fc4cdc7d32551c9524e8f9
orgAInoid_RPE_Final,RPE_Final,E008,fixed_time@60.0,,91,91,9,0.0989010989010989,0.046229859893912956,0.1794585301958546,1.0,0.0,0.1666666666666666,60.0,60.0,5,4,False,False,20260929,2264d2f6ac2fde621c6218352e3ffe14e765700f89b99c6cc03a12c9f1bc3b31,69b1b200c29ca42626fc4cdc7d32551c9524e8f9
orgAInoid_RPE_Final,RPE_Final,E008,naive_confidence@0.5,,91,91,24,0.2637362637362637,0.17685483487497045,0.36654916642263813,1.0,0.0,0.8333333333333331,12.0,12.0,5,19,False,False,20260929,2264d2f6ac2fde621c6218352e3ffe14e765700f89b99c6cc03a12c9f1bc3b31,69b1b200c29ca42626fc4cdc7d32551c9524e8f9
orgAInoid_RPE_Final,RPE_Final,E008,naive_confidence@0.6,,91,91,17,0.1868131868131868,0.11275900038616296,0.282170270399428,1.0,0.0,0.7619047619047619,17.142857142857142,12.0,5,12,False,False,20260929,2264d2f6ac2fde621c6218352e3ffe14e765700f89b99c6cc03a12c9f1bc3b31,69b1b200c29ca42626fc4cdc7d32551c9524e8f9
orgAInoid_RPE_Final,RPE_Final,E008,naive_confidence@0.7,,91,88,11,0.125,0.0640831975470452,0.21266158728956466,0.967032967032967,0.0,0.6245421245421245,27.032967032967033,24.0,4,7,False,False,20260929,2264d2f6ac2fde621c6218352e3ffe14e765700f89b99c6cc03a12c9f1bc3b31,69b1b200c29ca42626fc4cdc7d32551c9524e8f9
orgAInoid_RPE_Final,RPE_Final,E008,naive_confidence@0.8,,91,83,6,0.072289156626506,0.02698990347590293,0.1507298013767363,0.912087912087912,0.0,0.5073260073260074,35.472527472527474,36.0,4,2,False,False,20260929,2264d2f6ac2fde621c6218352e3ffe14e765700f89b99c6cc03a12c9f1bc3b31,69b1b200c29ca42626fc4cdc7d32551c9524e8f9
orgAInoid_RPE_Final,RPE_Final,E008,naive_confidence@0.9,,91,72,4,0.0555555555555555,0.015342537111130596,0.13617864931292395,0.7912087912087912,0.0,0.3260073260073259,48.527472527472526,48.0,3,1,False,False,20260929,2264d2f6ac2fde621c6218352e3ffe14e765700f89b99c6cc03a12c9f1bc3b31,69b1b200c29ca42626fc4cdc7d32551c9524e8f9
orgAInoid_RPE_Final,RPE_Final,E008,naive_confidence@0.95,,91,51,2,0.0392156862745098,0.004784992694707293,0.1345864911296642,0.5604395604395604,0.0,0.1758241758241758,59.34065934065934,60.0,2,0,False,False,20260929,2264d2f6ac2fde621c6218352e3ffe14e765700f89b99c6cc03a12c9f1bc3b31,69b1b200c29ca42626fc4cdc7d32551c9524e8f9
orgAInoid_RPE_Final,RPE_Final,E008,naive_confidence@0.975,,91,23,2,0.0869565217391304,0.010709966037875893,0.2803793359094109,0.2527472527472527,0.0,0.0695970695970695,66.98901098901099,72.0,2,0,False,False,20260929,2264d2f6ac2fde621c6218352e3ffe14e765700f89b99c6cc03a12c9f1bc3b31,69b1b200c29ca42626fc4cdc7d32551c9524e8f9
orgAInoid_RPE_Final,RPE_Final,E008,naive_confidence@0.99,,91,6,1,0.1666666666666666,0.004210744514489473,0.6412345789976748,0.0659340659340659,0.0,0.0201465201465201,70.54945054945055,72.0,1,0,False,False,20260929,2264d2f6ac2fde621c6218352e3ffe14e765700f89b99c6cc03a12c9f1bc3b31,69b1b200c29ca42626fc4cdc7d32551c9524e8f9
orgAInoid_RPE_Final,RPE_Final,E008,calibrated_non_group,0.02,91,77,2,0.0259740259740259,0.0031612003000158224,0.09069715510534074,0.8461538461538461,0.0,0.1721611721611721,59.604395604395606,60.0,2,0,False,False,20260929,2264d2f6ac2fde621c6218352e3ffe14e765700f89b99c6cc03a12c9f1bc3b31,69b1b200c29ca42626fc4cdc7d32551c9524e8f9
orgAInoid_RPE_Final,RPE_Final,E008,cbes_style,0.02,91,89,9,0.1011235955056179,0.04729285843790007,0.18330205316141265,0.978021978021978,0.0,0.445054945054945,39.95604395604395,36.0,5,4,False,False,20260929,2264d2f6ac2fde621c6218352e3ffe14e765700f89b99c6cc03a12c9f1bc3b31,69b1b200c29ca42626fc4cdc7d32551c9524e8f9
orgAInoid_RPE_Final,RPE_Final,E008,gates_without_ood,0.02,91,74,2,0.027027027027027,0.0032900227181066207,0.0942443394845193,0.8131868131868132,0.0,0.1575091575091575,60.65934065934066,60.0,2,0,False,False,20260929,2264d2f6ac2fde621c6218352e3ffe14e765700f89b99c6cc03a12c9f1bc3b31,69b1b200c29ca42626fc4cdc7d32551c9524e8f9
orgAInoid_RPE_Final,RPE_Final,E008,gates_full,0.02,91,73,2,0.0273972602739726,0.0033353288931166655,0.09548916383778921,0.8021978021978022,0.0109890109890109,0.1556776556776556,60.79120879120879,60.0,2,0,True,False,20260929,2264d2f6ac2fde621c6218352e3ffe14e765700f89b99c6cc03a12c9f1bc3b31,69b1b200c29ca42626fc4cdc7d32551c9524e8f9
orgAInoid_RPE_Final,RPE_Final,E008,calibrated_non_group,0.05,91,77,2,0.0259740259740259,0.0031612003000158224,0.09069715510534074,0.8461538461538461,0.0,0.227106227106227,55.64835164835165,48.0,2,0,False,False,20260929,2264d2f6ac2fde621c6218352e3ffe14e765700f89b99c6cc03a12c9f1bc3b31,69b1b200c29ca42626fc4cdc7d32551c9524e8f9
orgAInoid_RPE_Final,RPE_Final,E008,cbes_style,0.05,91,90,14,0.1555555555555555,0.08773586461618245,0.24720258014551574,0.989010989010989,0.0,0.5476190476190476,32.57142857142857,36.0,6,8,False,False,20260929,2264d2f6ac2fde621c6218352e3ffe14e765700f89b99c6cc03a12c9f1bc3b31,69b1b200c29ca42626fc4cdc7d32551c9524e8f9
orgAInoid_RPE_Final,RPE_Final,E008,gates_without_ood,0.05,91,77,2,0.0259740259740259,0.0031612003000158224,0.09069715510534074,0.8461538461538461,0.0,0.1721611721611721,59.604395604395606,60.0,2,0,False,False,20260929,2264d2f6ac2fde621c6218352e3ffe14e765700f89b99c6cc03a12c9f1bc3b31,69b1b200c29ca42626fc4cdc7d32551c9524e8f9
orgAInoid_RPE_Final,RPE_Final,E008,gates_full,0.05,91,75,2,0.0266666666666666,0.003245930928966027,0.09303153222072548,0.8241758241758241,0.0219780219780219,0.1666666666666666,60.0,60.0,2,0,True,False,20260929,2264d2f6ac2fde621c6218352e3ffe14e765700f89b99c6cc03a12c9f1bc3b31,69b1b200c29ca42626fc4cdc7d32551c9524e8f9
orgAInoid_RPE_Final,RPE_Final,E008,calibrated_non_group,0.1,91,84,6,0.0714285714285714,0.026663004031836832,0.14901230864040402,0.9230769230769232,0.0,0.456043956043956,39.16483516483517,24.0,3,3,False,False,20260929,2264d2f6ac2fde621c6218352e3ffe14e765700f89b99c6cc03a12c9f1bc3b31,69b1b200c29ca42626fc4cdc7d32551c9524e8f9
orgAInoid_RPE_Final,RPE_Final,E008,cbes_style,0.1,91,90,14,0.1555555555555555,0.08773586461618245,0.24720258014551574,0.989010989010989,0.0,0.5476190476190476,32.57142857142857,36.0,6,8,False,False,20260929,2264d2f6ac2fde621c6218352e3ffe14e765700f89b99c6cc03a12c9f1bc3b31,69b1b200c29ca42626fc4cdc7d32551c9524e8f9
orgAInoid_RPE_Final,RPE_Final,E008,gates_without_ood,0.1,91,83,4,0.0481927710843373,0.01328507807838476,0.11881841722691922,0.912087912087912,0.0,0.3369963369963369,47.73626373626374,48.0,3,1,False,False,20260929,2264d2f6ac2fde621c6218352e3ffe14e765700f89b99c6cc03a12c9f1bc3b31,69b1b200c29ca42626fc4cdc7d32551c9524e8f9
orgAInoid_RPE_Final,RPE_Final,E008,gates_full,0.1,91,80,3,0.0375,0.007801187265716697,0.10570198501650858,0.8791208791208791,0.0329670329670329,0.3278388278388278,48.395604395604394,48.0,3,0,True,False,20260929,2264d2f6ac2fde621c6218352e3ffe14e765700f89b99c6cc03a12c9f1bc3b31,69b1b200c29ca42626fc4cdc7d32551c9524e8f9
orgAInoid_RPE_Final,RPE_Final,E008,calibrated_non_group,0.15,91,91,13,0.1428571428571428,0.07831611642302427,0.23189446660499644,1.0,0.0,0.554945054945055,32.043956043956044,24.0,6,7,False,False,20260929,2264d2f6ac2fde621c6218352e3ffe14e765700f89b99c6cc03a12c9f1bc3b31,69b1b200c29ca42626fc4cdc7d32551c9524e8f9
orgAInoid_RPE_Final,RPE_Final,E008,cbes_style,0.15,91,90,14,0.1555555555555555,0.08773586461618245,0.24720258014551574,0.989010989010989,0.0,0.5476190476190476,32.57142857142857,36.0,6,8,False,False,20260929,2264d2f6ac2fde621c6218352e3ffe14e765700f89b99c6cc03a12c9f1bc3b31,69b1b200c29ca42626fc4cdc7d32551c9524e8f9
orgAInoid_RPE_Final,RPE_Final,E008,gates_without_ood,0.15,91,90,11,0.1222222222222222,0.06262060940084173,0.2081742046346001,0.989010989010989,0.0,0.4505494505494504,39.56043956043956,48.0,5,6,False,False,20260929,2264d2f6ac2fde621c6218352e3ffe14e765700f89b99c6cc03a12c9f1bc3b31,69b1b200c29ca42626fc4cdc7d32551c9524e8f9
orgAInoid_RPE_Final,RPE_Final,E008,gates_full,0.15,91,87,9,0.1034482758620689,0.048405916691360656,0.18731343801911274,0.956043956043956,0.0329670329670329,0.4377289377289377,40.48351648351648,48.0,5,4,True,False,20260929,2264d2f6ac2fde621c6218352e3ffe14e765700f89b99c6cc03a12c9f1bc3b31,69b1b200c29ca42626fc4cdc7d32551c9524e8f9
orgAInoid_RPE_Final,RPE_Final,E008,calibrated_non_group,0.2,91,91,17,0.1868131868131868,0.11275900038616296,0.282170270399428,1.0,0.0,0.6135531135531136,27.824175824175825,24.0,5,12,False,False,20260929,2264d2f6ac2fde621c6218352e3ffe14e765700f89b99c6cc03a12c9f1bc3b31,69b1b200c29ca42626fc4cdc7d32551c9524e8f9
orgAInoid_RPE_Final,RPE_Final,E008,cbes_style,0.2,91,90,14,0.1555555555555555,0.08773586461618245,0.24720258014551574,0.989010989010989,0.0,0.5476190476190476,32.57142857142857,36.0,6,8,False,False,20260929,2264d2f6ac2fde621c6218352e3ffe14e765700f89b99c6cc03a12c9f1bc3b31,69b1b200c29ca42626fc4cdc7d32551c9524e8f9
orgAInoid_RPE_Final,RPE_Final,E008,gates_without_ood,0.2,91,90,13,0.1444444444444444,0.07921316249743611,0.23433156234070557,0.989010989010989,0.0,0.4999999999999999,36.0,24.0,5,8,False,False,20260929,2264d2f6ac2fde621c6218352e3ffe14e765700f89b99c6cc03a12c9f1bc3b31,69b1b200c29ca42626fc4cdc7d32551c9524e8f9
orgAInoid_RPE_Final,RPE_Final,E008,gates_full,0.2,91,85,11,0.1294117647058823,0.06640993591050572,0.21976636082979975,0.934065934065934,0.0549450549450549,0.4725274725274724,37.97802197802198,24.0,5,6,True,False,20260929,2264d2f6ac2fde621c6218352e3ffe14e765700f89b99c6cc03a12c9f1bc3b31,69b1b200c29ca42626fc4cdc7d32551c9524e8f9
orgAInoid_RPE_Final,RPE_Final,E008,calibrated_non_group,0.3,91,91,18,0.1978021978021978,0.12164987777798851,0.2944769972917493,1.0,0.0,0.7399267399267401,18.725274725274726,24.0,4,14,False,False,20260929,2264d2f6ac2fde621c6218352e3ffe14e765700f89b99c6cc03a12c9f1bc3b31,69b1b200c29ca42626fc4cdc7d32551c9524e8f9
orgAInoid_RPE_Final,RPE_Final,E008,cbes_style,0.3,91,90,14,0.1555555555555555,0.08773586461618245,0.24720258014551574,0.989010989010989,0.0,0.5476190476190476,32.57142857142857,36.0,6,8,False,False,20260929,2264d2f6ac2fde621c6218352e3ffe14e765700f89b99c6cc03a12c9f1bc3b31,69b1b200c29ca42626fc4cdc7d32551c9524e8f9
orgAInoid_RPE_Final,RPE_Final,E008,gates_without_ood,0.3,91,91,19,0.2087912087912088,0.13063780082683785,0.3066919806073527,1.0,0.0,0.6410256410256411,25.846153846153847,24.0,4,15,False,False,20260929,2264d2f6ac2fde621c6218352e3ffe14e765700f89b99c6cc03a12c9f1bc3b31,69b1b200c29ca42626fc4cdc7d32551c9524e8f9
orgAInoid_RPE_Final,RPE_Final,E008,gates_full,0.3,91,87,18,0.2068965517241379,0.12747486687013446,0.3071316475235606,0.956043956043956,0.0439560439560439,0.6117216117216119,27.956043956043956,24.0,4,14,True,False,20260929,2264d2f6ac2fde621c6218352e3ffe14e765700f89b99c6cc03a12c9f1bc3b31,69b1b200c29ca42626fc4cdc7d32551c9524e8f9
orgAInoid_RPE_Final,RPE_Final,E009,full_protocol@none,,90,0,0,0.0,,,0.0,0.0,0.0,72.0,72.0,0,0,False,False,20260929,2264d2f6ac2fde621c6218352e3ffe14e765700f89b99c6cc03a12c9f1bc3b31,69b1b200c29ca42626fc4cdc7d32551c9524e8f9
orgAInoid_RPE_Final,RPE_Final,E009,fixed_time@12.0,,90,90,44,0.4888888888888889,0.3819874862525865,0.5965418672844589,1.0,0.0,0.8333333333333331,12.0,12.0,44,0,False,False,20260929,2264d2f6ac2fde621c6218352e3ffe14e765700f89b99c6cc03a12c9f1bc3b31,69b1b200c29ca42626fc4cdc7d32551c9524e8f9
orgAInoid_RPE_Final,RPE_Final,E009,fixed_time@24.0,,90,90,10,0.1111111111111111,0.05458560495012992,0.1948586367885947,1.0,0.0,0.6666666666666666,24.0,24.0,10,0,False,False,20260929,2264d2f6ac2fde621c6218352e3ffe14e765700f89b99c6cc03a12c9f1bc3b31,69b1b200c29ca42626fc4cdc7d32551c9524e8f9
orgAInoid_RPE_Final,RPE_Final,E009,fixed_time@36.0,,90,90,2,0.0222222222222222,0.0027026358501477583,0.07797768547766382,1.0,0.0,0.5,36.0,36.0,2,0,False,False,20260929,2264d2f6ac2fde621c6218352e3ffe14e765700f89b99c6cc03a12c9f1bc3b31,69b1b200c29ca42626fc4cdc7d32551c9524e8f9
orgAInoid_RPE_Final,RPE_Final,E009,fixed_time@48.0,,90,90,1,0.0111111111111111,0.0002812694139427389,0.06035748057473194,1.0,0.0,0.3333333333333333,48.0,48.0,1,0,False,False,20260929,2264d2f6ac2fde621c6218352e3ffe14e765700f89b99c6cc03a12c9f1bc3b31,69b1b200c29ca42626fc4cdc7d32551c9524e8f9
orgAInoid_RPE_Final,RPE_Final,E009,fixed_time@60.0,,90,90,1,0.0111111111111111,0.0002812694139427389,0.06035748057473194,1.0,0.0,0.1666666666666666,60.0,60.0,1,0,False,False,20260929,2264d2f6ac2fde621c6218352e3ffe14e765700f89b99c6cc03a12c9f1bc3b31,69b1b200c29ca42626fc4cdc7d32551c9524e8f9
orgAInoid_RPE_Final,RPE_Final,E009,naive_confidence@0.5,,90,90,44,0.4888888888888889,0.3819874862525865,0.5965418672844589,1.0,0.0,0.8333333333333331,12.0,12.0,44,0,False,False,20260929,2264d2f6ac2fde621c6218352e3ffe14e765700f89b99c6cc03a12c9f1bc3b31,69b1b200c29ca42626fc4cdc7d32551c9524e8f9
orgAInoid_RPE_Final,RPE_Final,E009,naive_confidence@0.6,,90,90,29,0.3222222222222222,0.22752030628856335,0.4290003674303968,1.0,0.0,0.7685185185185186,16.666666666666668,12.0,29,0,False,False,20260929,2264d2f6ac2fde621c6218352e3ffe14e765700f89b99c6cc03a12c9f1bc3b31,69b1b200c29ca42626fc4cdc7d32551c9524e8f9
orgAInoid_RPE_Final,RPE_Final,E009,naive_confidence@0.7,,90,90,16,0.1777777777777777,0.10516907987263673,0.2725847652031052,1.0,0.0,0.6685185185185186,23.866666666666667,24.0,16,0,False,False,20260929,2264d2f6ac2fde621c6218352e3ffe14e765700f89b99c6cc03a12c9f1bc3b31,69b1b200c29ca42626fc4cdc7d32551c9524e8f9
orgAInoid_RPE_Final,RPE_Final,E009,naive_confidence@0.8,,90,89,7,0.0786516853932584,0.03220706330435117,0.15535945912333887,0.9888888888888888,0.0,0.5462962962962963,32.666666666666664,36.0,7,0,False,False,20260929,2264d2f6ac2fde621c6218352e3ffe14e765700f89b99c6cc03a12c9f1bc3b31,69b1b200c29ca42626fc4cdc7d32551c9524e8f9
orgAInoid_RPE_Final,RPE_Final,E009,naive_confidence@0.9,,90,85,2,0.0235294117647058,0.0028623319216486464,0.08242374444957583,0.9444444444444444,0.0,0.3648148148148148,45.733333333333334,48.0,2,0,False,False,20260929,2264d2f6ac2fde621c6218352e3ffe14e765700f89b99c6cc03a12c9f1bc3b31,69b1b200c29ca42626fc4cdc7d32551c9524e8f9
orgAInoid_RPE_Final,RPE_Final,E009,naive_confidence@0.95,,90,78,0,0.0,0.0,0.04619242032804872,0.8666666666666667,0.0,0.2574074074074073,53.46666666666667,48.0,0,0,False,False,20260929,2264d2f6ac2fde621c6218352e3ffe14e765700f89b99c6cc03a12c9f1bc3b31,69b1b200c29ca42626fc4cdc7d32551c9524e8f9
orgAInoid_RPE_Final,RPE_Final,E009,naive_confidence@0.975,,90,41,0,0.0,0.0,0.08604383629402843,0.4555555555555555,0.0,0.1333333333333333,62.4,72.0,0,0,False,False,20260929,2264d2f6ac2fde621c6218352e3ffe14e765700f89b99c6cc03a12c9f1bc3b31,69b1b200c29ca42626fc4cdc7d32551c9524e8f9
orgAInoid_RPE_Final,RPE_Final,E009,naive_confidence@0.99,,90,6,0,0.0,0.0,0.4592581264399005,0.0666666666666666,0.0,0.0148148148148148,70.93333333333334,72.0,0,0,False,False,20260929,2264d2f6ac2fde621c6218352e3ffe14e765700f89b99c6cc03a12c9f1bc3b31,69b1b200c29ca42626fc4cdc7d32551c9524e8f9
orgAInoid_RPE_Final,RPE_Final,E009,calibrated_non_group,0.02,90,89,2,0.0224719101123595,0.0027331333840906096,0.07882812431832606,0.9888888888888888,0.0,0.2574074074074073,53.46666666666667,60.0,2,0,False,False,20260929,2264d2f6ac2fde621c6218352e3ffe14e765700f89b99c6cc03a12c9f1bc3b31,69b1b200c29ca42626fc4cdc7d32551c9524e8f9
orgAInoid_RPE_Final,RPE_Final,E009,cbes_style,0.02,90,0,0,0.0,,,0.0,0.0,0.0,72.0,72.0,0,0,False,False,20260929,2264d2f6ac2fde621c6218352e3ffe14e765700f89b99c6cc03a12c9f1bc3b31,69b1b200c29ca42626fc4cdc7d32551c9524e8f9
orgAInoid_RPE_Final,RPE_Final,E009,gates_without_ood,0.02,90,89,2,0.0224719101123595,0.0027331333840906096,0.07882812431832606,0.9888888888888888,0.0,0.25,54.0,60.0,2,0,False,False,20260929,2264d2f6ac2fde621c6218352e3ffe14e765700f89b99c6cc03a12c9f1bc3b31,69b1b200c29ca42626fc4cdc7d32551c9524e8f9
orgAInoid_RPE_Final,RPE_Final,E009,gates_full,0.02,90,88,2,0.0227272727272727,0.002764327076169788,0.07969730897132152,0.9777777777777776,0.0111111111111111,0.2462962962962962,54.266666666666666,60.0,2,0,True,False,20260929,2264d2f6ac2fde621c6218352e3ffe14e765700f89b99c6cc03a12c9f1bc3b31,69b1b200c29ca42626fc4cdc7d32551c9524e8f9
orgAInoid_RPE_Final,RPE_Final,E009,calibrated_non_group,0.05,90,89,5,0.0561797752808988,0.018490804666485526,0.1262527960497284,0.9888888888888888,0.0,0.3314814814814815,48.13333333333333,48.0,5,0,False,False,20260929,2264d2f6ac2fde621c6218352e3ffe14e765700f89b99c6cc03a12c9f1bc3b31,69b1b200c29ca42626fc4cdc7d32551c9524e8f9
orgAInoid_RPE_Final,RPE_Final,E009,cbes_style,0.05,90,89,0,0.0,0.0,0.04060085754963183,0.9888888888888888,0.0,0.1648148148148148,60.13333333333333,60.0,0,0,False,False,20260929,2264d2f6ac2fde621c6218352e3ffe14e765700f89b99c6cc03a12c9f1bc3b31,69b1b200c29ca42626fc4cdc7d32551c9524e8f9
orgAInoid_RPE_Final,RPE_Final,E009,gates_without_ood,0.05,90,89,2,0.0224719101123595,0.0027331333840906096,0.07882812431832606,0.9888888888888888,0.0,0.2759259259259259,52.13333333333333,48.0,2,0,False,False,20260929,2264d2f6ac2fde621c6218352e3ffe14e765700f89b99c6cc03a12c9f1bc3b31,69b1b200c29ca42626fc4cdc7d32551c9524e8f9
orgAInoid_RPE_Final,RPE_Final,E009,gates_full,0.05,90,88,2,0.0227272727272727,0.002764327076169788,0.07969730897132152,0.9777777777777776,0.0111111111111111,0.2722222222222222,52.4,48.0,2,0,True,False,20260929,2264d2f6ac2fde621c6218352e3ffe14e765700f89b99c6cc03a12c9f1bc3b31,69b1b200c29ca42626fc4cdc7d32551c9524e8f9
orgAInoid_RPE_Final,RPE_Final,E009,calibrated_non_group,0.1,90,90,11,0.1222222222222222,0.06262060940084173,0.2081742046346001,1.0,0.0,0.5870370370370371,29.733333333333334,24.0,11,0,False,False,20260929,2264d2f6ac2fde621c6218352e3ffe14e765700f89b99c6cc03a12c9f1bc3b31,69b1b200c29ca42626fc4cdc7d32551c9524e8f9
orgAInoid_RPE_Final,RPE_Final,E009,cbes_style,0.1,90,89,0,0.0,0.0,0.04060085754963183,0.9888888888888888,0.0,0.1648148148148148,60.13333333333333,60.0,0,0,False,False,20260929,2264d2f6ac2fde621c6218352e3ffe14e765700f89b99c6cc03a12c9f1bc3b31,69b1b200c29ca42626fc4cdc7d32551c9524e8f9
orgAInoid_RPE_Final,RPE_Final,E009,gates_without_ood,0.1,90,90,11,0.1222222222222222,0.06262060940084173,0.2081742046346001,1.0,0.0,0.4518518518518519,39.46666666666667,48.0,11,0,False,False,20260929,2264d2f6ac2fde621c6218352e3ffe14e765700f89b99c6cc03a12c9f1bc3b31,69b1b200c29ca42626fc4cdc7d32551c9524e8f9
orgAInoid_RPE_Final,RPE_Final,E009,gates_full,0.1,90,88,11,0.125,0.0640831975470452,0.21266158728956466,0.9777777777777776,0.0222222222222222,0.4388888888888889,40.4,48.0,11,0,True,False,20260929,2264d2f6ac2fde621c6218352e3ffe14e765700f89b99c6cc03a12c9f1bc3b31,69b1b200c29ca42626fc4cdc7d32551c9524e8f9
orgAInoid_RPE_Final,RPE_Final,E009,calibrated_non_group,0.15,90,90,9,0.1,0.04675531527416432,0.1813599728839319,1.0,0.0,0.588888888888889,29.6,24.0,9,0,False,False,20260929,2264d2f6ac2fde621c6218352e3ffe14e765700f89b99c6cc03a12c9f1bc3b31,69b1b200c29ca42626fc4cdc7d32551c9524e8f9
orgAInoid_RPE_Final,RPE_Final,E009,cbes_style,0.15,90,90,17,0.1888888888888888,0.11405971246589036,0.28511312856762905,1.0,0.0,0.4185185185185185,41.86666666666667,60.0,17,0,False,False,20260929,2264d2f6ac2fde621c6218352e3ffe14e765700f89b99c6cc03a12c9f1bc3b31,69b1b200c29ca42626fc4cdc7d32551c9524e8f9
orgAInoid_RPE_Final,RPE_Final,E009,gates_without_ood,0.15,90,90,17,0.1888888888888888,0.11405971246589036,0.28511312856762905,1.0,0.0,0.6462962962962964,25.466666666666665,24.0,17,0,False,False,20260929,2264d2f6ac2fde621c6218352e3ffe14e765700f89b99c6cc03a12c9f1bc3b31,69b1b200c29ca42626fc4cdc7d32551c9524e8f9
orgAInoid_RPE_Final,RPE_Final,E009,gates_full,0.15,90,88,16,0.1818181818181818,0.10764844507810561,0.27840196882427864,0.9777777777777776,0.0222222222222222,0.6277777777777778,26.8,24.0,16,0,True,False,20260929,2264d2f6ac2fde621c6218352e3ffe14e765700f89b99c6cc03a12c9f1bc3b31,69b1b200c29ca42626fc4cdc7d32551c9524e8f9
orgAInoid_RPE_Final,RPE_Final,E009,calibrated_non_group,0.2,90,90,17,0.1888888888888888,0.11405971246589036,0.28511312856762905,1.0,0.0,0.6796296296296297,23.066666666666663,24.0,17,0,False,False,20260929,2264d2f6ac2fde621c6218352e3ffe14e765700f89b99c6cc03a12c9f1bc3b31,69b1b200c29ca42626fc4cdc7d32551c9524e8f9
orgAInoid_RPE_Final,RPE_Final,E009,cbes_style,0.2,90,90,17,0.1888888888888888,0.11405971246589036,0.28511312856762905,1.0,0.0,0.6518518518518519,25.066666666666663,24.0,17,0,False,False,20260929,2264d2f6ac2fde621c6218352e3ffe14e765700f89b99c6cc03a12c9f1bc3b31,69b1b200c29ca42626fc4cdc7d32551c9524e8f9
orgAInoid_RPE_Final,RPE_Final,E009,gates_without_ood,0.2,90,90,26,0.2888888888888888,0.19815940203097376,0.3939876365323283,1.0,0.0,0.7425925925925927,18.533333333333335,12.0,26,0,False,False,20260929,2264d2f6ac2fde621c6218352e3ffe14e765700f89b99c6cc03a12c9f1bc3b31,69b1b200c29ca42626fc4cdc7d32551c9524e8f9
orgAInoid_RPE_Final,RPE_Final,E009,gates_full,0.2,90,88,25,0.2840909090909091,0.19301787046091967,0.39020455497440276,0.9777777777777776,0.0222222222222222,0.7240740740740741,19.866666666666667,12.0,25,0,True,False,20260929,2264d2f6ac2fde621c6218352e3ffe14e765700f89b99c6cc03a12c9f1bc3b31,69b1b200c29ca42626fc4cdc7d32551c9524e8f9
orgAInoid_RPE_Final,RPE_Final,E009,calibrated_non_group,0.3,90,90,43,0.4777777777777778,0.37132666499780553,0.5857321102683417,1.0,0.0,0.8296296296296295,12.266666666666667,12.0,43,0,False,False,20260929,2264d2f6ac2fde621c6218352e3ffe14e765700f89b99c6cc03a12c9f1bc3b31,69b1b200c29ca42626fc4cdc7d32551c9524e8f9
orgAInoid_RPE_Final,RPE_Final,E009,cbes_style,0.3,90,90,17,0.1888888888888888,0.11405971246589036,0.28511312856762905,1.0,0.0,0.6944444444444444,22.0,24.0,17,0,False,False,20260929,2264d2f6ac2fde621c6218352e3ffe14e765700f89b99c6cc03a12c9f1bc3b31,69b1b200c29ca42626fc4cdc7d32551c9524e8f9
orgAInoid_RPE_Final,RPE_Final,E009,gates_without_ood,0.3,90,90,43,0.4777777777777778,0.37132666499780553,0.5857321102683417,1.0,0.0,0.8296296296296295,12.266666666666667,12.0,43,0,False,False,20260929,2264d2f6ac2fde621c6218352e3ffe14e765700f89b99c6cc03a12c9f1bc3b31,69b1b200c29ca42626fc4cdc7d32551c9524e8f9
orgAInoid_RPE_Final,RPE_Final,E009,gates_full,0.3,90,88,42,0.4772727272727273,0.36962350460145543,0.5864947894767304,0.9777777777777776,0.0222222222222222,0.811111111111111,13.6,12.0,42,0,True,False,20260929,2264d2f6ac2fde621c6218352e3ffe14e765700f89b99c6cc03a12c9f1bc3b31,69b1b200c29ca42626fc4cdc7d32551c9524e8f9
orgAInoid_RPE_Final,RPE_Final,E010,full_protocol@none,,92,0,0,0.0,,,0.0,0.0,0.0,72.0,72.0,0,0,False,False,20260929,2264d2f6ac2fde621c6218352e3ffe14e765700f89b99c6cc03a12c9f1bc3b31,69b1b200c29ca42626fc4cdc7d32551c9524e8f9
orgAInoid_RPE_Final,RPE_Final,E010,fixed_time@12.0,,92,92,17,0.1847826086956521,0.11148766636751344,0.279287241439325,1.0,0.0,0.833333333333333,12.0,12.0,12,5,False,False,20260929,2264d2f6ac2fde621c6218352e3ffe14e765700f89b99c6cc03a12c9f1bc3b31,69b1b200c29ca42626fc4cdc7d32551c9524e8f9
orgAInoid_RPE_Final,RPE_Final,E010,fixed_time@24.0,,92,92,23,0.25,0.16554846205777782,0.351142534479362,1.0,0.0,0.6666666666666666,24.0,24.0,20,3,False,False,20260929,2264d2f6ac2fde621c6218352e3ffe14e765700f89b99c6cc03a12c9f1bc3b31,69b1b200c29ca42626fc4cdc7d32551c9524e8f9
orgAInoid_RPE_Final,RPE_Final,E010,fixed_time@36.0,,92,92,29,0.3152173913043478,0.22228856438233982,0.42042563839523367,1.0,0.0,0.5,36.0,36.0,12,17,False,False,20260929,2264d2f6ac2fde621c6218352e3ffe14e765700f89b99c6cc03a12c9f1bc3b31,69b1b200c29ca42626fc4cdc7d32551c9524e8f9
orgAInoid_RPE_Final,RPE_Final,E010,fixed_time@48.0,,92,92,25,0.2717391304347826,0.18419767521935476,0.37449250168640374,1.0,0.0,0.3333333333333333,48.0,48.0,24,1,False,False,20260929,2264d2f6ac2fde621c6218352e3ffe14e765700f89b99c6cc03a12c9f1bc3b31,69b1b200c29ca42626fc4cdc7d32551c9524e8f9
orgAInoid_RPE_Final,RPE_Final,E010,fixed_time@60.0,,92,92,14,0.1521739130434782,0.08576753870138791,0.2421230800538612,1.0,0.0,0.1666666666666666,60.0,60.0,13,1,False,False,20260929,2264d2f6ac2fde621c6218352e3ffe14e765700f89b99c6cc03a12c9f1bc3b31,69b1b200c29ca42626fc4cdc7d32551c9524e8f9
orgAInoid_RPE_Final,RPE_Final,E010,naive_confidence@0.5,,92,92,17,0.1847826086956521,0.11148766636751344,0.279287241439325,1.0,0.0,0.833333333333333,12.0,12.0,12,5,False,False,20260929,2264d2f6ac2fde621c6218352e3ffe14e765700f89b99c6cc03a12c9f1bc3b31,69b1b200c29ca42626fc4cdc7d32551c9524e8f9
orgAInoid_RPE_Final,RPE_Final,E010,naive_confidence@0.6,,92,92,16,0.1739130434782608,0.1028015096015617,0.2670045979860312,1.0,0.0,0.8025362318840578,14.217391304347826,12.0,14,2,False,False,20260929,2264d2f6ac2fde621c6218352e3ffe14e765700f89b99c6cc03a12c9f1bc3b31,69b1b200c29ca42626fc4cdc7d32551c9524e8f9
orgAInoid_RPE_Final,RPE_Final,E010,naive_confidence@0.7,,92,92,16,0.1739130434782608,0.1028015096015617,0.2670045979860312,1.0,0.0,0.7554347826086957,17.608695652173914,12.0,15,1,False,False,20260929,2264d2f6ac2fde621c6218352e3ffe14e765700f89b99c6cc03a12c9f1bc3b31,69b1b200c29ca42626fc4cdc7d32551c9524e8f9
orgAInoid_RPE_Final,RPE_Final,E010,naive_confidence@0.8,,92,92,15,0.1630434782608695,0.0942251622411572,0.25461912631658956,1.0,0.0,0.6503623188405798,25.17391304347826,24.0,15,0,False,False,20260929,2264d2f6ac2fde621c6218352e3ffe14e765700f89b99c6cc03a12c9f1bc3b31,69b1b200c29ca42626fc4cdc7d32551c9524e8f9
orgAInoid_RPE_Final,RPE_Final,E010,naive_confidence@0.9,,92,79,14,0.1772151898734177,0.1004125636230154,0.2794246329640862,0.8586956521739131,0.0,0.5090579710144928,35.34782608695652,24.0,13,1,False,False,20260929,2264d2f6ac2fde621c6218352e3ffe14e765700f89b99c6cc03a12c9f1bc3b31,69b1b200c29ca42626fc4cdc7d32551c9524e8f9
orgAInoid_RPE_Final,RPE_Final,E010,naive_confidence@0.95,,92,67,9,0.1343283582089552,0.06330822616769408,0.2397417520625535,0.7282608695652174,0.0,0.3532608695652174,46.56521739130435,48.0,8,1,False,False,20260929,2264d2f6ac2fde621c6218352e3ffe14e765700f89b99c6cc03a12c9f1bc3b31,69b1b200c29ca42626fc4cdc7d32551c9524e8f9
orgAInoid_RPE_Final,RPE_Final,E010,naive_confidence@0.975,,92,52,5,0.0961538461538461,0.03196423637692167,0.21029747193932538,0.5652173913043478,0.0,0.2228260869565217,55.95652173913044,48.0,4,1,False,False,20260929,2264d2f6ac2fde621c6218352e3ffe14e765700f89b99c6cc03a12c9f1bc3b31,69b1b200c29ca42626fc4cdc7d32551c9524e8f9
orgAInoid_RPE_Final,RPE_Final,E010,naive_confidence@0.99,,92,31,1,0.032258064516129,0.0008163700718466137,0.16702111623022772,0.3369565217391304,0.0,0.1032608695652173,64.56521739130434,72.0,0,1,False,False,20260929,2264d2f6ac2fde621c6218352e3ffe14e765700f89b99c6cc03a12c9f1bc3b31,69b1b200c29ca42626fc4cdc7d32551c9524e8f9
orgAInoid_RPE_Final,RPE_Final,E010,calibrated_non_group,0.02,92,37,0,0.0,0.0,0.09489058741498986,0.4021739130434782,0.0,0.1014492753623188,64.69565217391305,72.0,0,0,False,False,20260929,2264d2f6ac2fde621c6218352e3ffe14e765700f89b99c6cc03a12c9f1bc3b31,69b1b200c29ca42626fc4cdc7d32551c9524e8f9
orgAInoid_RPE_Final,RPE_Final,E010,cbes_style,0.02,92,0,0,0.0,,,0.0,0.0,0.0,72.0,72.0,0,0,False,False,20260929,2264d2f6ac2fde621c6218352e3ffe14e765700f89b99c6cc03a12c9f1bc3b31,69b1b200c29ca42626fc4cdc7d32551c9524e8f9
orgAInoid_RPE_Final,RPE_Final,E010,gates_without_ood,0.02,92,34,0,0.0,0.0,0.10281792425901262,0.3695652173913043,0.0,0.0615942028985507,67.56521739130434,72.0,0,0,False,False,20260929,2264d2f6ac2fde621c6218352e3ffe14e765700f89b99c6cc03a12c9f1bc3b31,69b1b200c29ca42626fc4cdc7d32551c9524e8f9
orgAInoid_RPE_Final,RPE_Final,E010,gates_full,0.02,92,34,0,0.0,0.0,0.10281792425901262,0.3695652173913043,0.0,0.0615942028985507,67.56521739130434,72.0,0,0,True,False,20260929,2264d2f6ac2fde621c6218352e3ffe14e765700f89b99c6cc03a12c9f1bc3b31,69b1b200c29ca42626fc4cdc7d32551c9524e8f9
orgAInoid_RPE_Final,RPE_Final,E010,calibrated_non_group,0.05,92,59,2,0.0338983050847457,0.0041319329723652175,0.11714846388839315,0.6413043478260869,0.0,0.1666666666666666,60.0,60.0,2,0,False,False,20260929,2264d2f6ac2fde621c6218352e3ffe14e765700f89b99c6cc03a12c9f1bc3b31,69b1b200c29ca42626fc4cdc7d32551c9524e8f9
orgAInoid_RPE_Final,RPE_Final,E010,cbes_style,0.05,92,80,9,0.1125,0.05275151314568752,0.20284659191699003,0.8695652173913043,0.0,0.144927536231884,61.56521739130435,60.0,9,0,False,False,20260929,2264d2f6ac2fde621c6218352e3ffe14e765700f89b99c6cc03a12c9f1bc3b31,69b1b200c29ca42626fc4cdc7d32551c9524e8f9
orgAInoid_RPE_Final,RPE_Final,E010,gates_without_ood,0.05,92,34,0,0.0,0.0,0.10281792425901262,0.3695652173913043,0.0,0.0615942028985507,67.56521739130434,72.0,0,0,False,False,20260929,2264d2f6ac2fde621c6218352e3ffe14e765700f89b99c6cc03a12c9f1bc3b31,69b1b200c29ca42626fc4cdc7d32551c9524e8f9
orgAInoid_RPE_Final,RPE_Final,E010,gates_full,0.05,92,34,0,0.0,0.0,0.10281792425901262,0.3695652173913043,0.0,0.0615942028985507,67.56521739130434,72.0,0,0,True,False,20260929,2264d2f6ac2fde621c6218352e3ffe14e765700f89b99c6cc03a12c9f1bc3b31,69b1b200c29ca42626fc4cdc7d32551c9524e8f9
orgAInoid_RPE_Final,RPE_Final,E010,calibrated_non_group,0.1,92,53,5,0.0943396226415094,0.031346805728653095,0.2065853250050106,0.5760869565217391,0.0,0.2409420289855071,54.65217391304348,48.0,5,0,False,False,20260929,2264d2f6ac2fde621c6218352e3ffe14e765700f89b99c6cc03a12c9f1bc3b31,69b1b200c29ca42626fc4cdc7d32551c9524e8f9
orgAInoid_RPE_Final,RPE_Final,E010,cbes_style,0.1,92,91,21,0.2307692307692307,0.14888249148243812,0.3308664735853891,0.9891304347826086,0.0,0.3152173913043478,49.30434782608695,48.0,20,1,False,False,20260929,2264d2f6ac2fde621c6218352e3ffe14e765700f89b99c6cc03a12c9f1bc3b31,69b1b200c29ca42626fc4cdc7d32551c9524e8f9
orgAInoid_RPE_Final,RPE_Final,E010,gates_without_ood,0.1,92,43,0,0.0,0.0,0.08221112115413848,0.4673913043478261,0.0,0.0778985507246377,66.3913043478261,72.0,0,0,False,False,20260929,2264d2f6ac2fde621c6218352e3ffe14e765700f89b99c6cc03a12c9f1bc3b31,69b1b200c29ca42626fc4cdc7d32551c9524e8f9
orgAInoid_RPE_Final,RPE_Final,E010,gates_full,0.1,92,43,0,0.0,0.0,0.08221112115413848,0.4673913043478261,0.0,0.0778985507246377,66.3913043478261,72.0,0,0,True,False,20260929,2264d2f6ac2fde621c6218352e3ffe14e765700f89b99c6cc03a12c9f1bc3b31,69b1b200c29ca42626fc4cdc7d32551c9524e8f9
orgAInoid_RPE_Final,RPE_Final,E010,calibrated_non_group,0.15,92,82,9,0.1097560975609756,0.05143224530325542,0.1981524140254733,0.8913043478260869,0.0,0.3623188405797102,45.91304347826087,54.0,9,0,False,False,20260929,2264d2f6ac2fde621c6218352e3ffe14e765700f89b99c6cc03a12c9f1bc3b31,69b1b200c29ca42626fc4cdc7d32551c9524e8f9
orgAInoid_RPE_Final,RPE_Final,E010,cbes_style,0.15,92,91,20,0.2197802197802197,0.13971701462672528,0.3188203152576323,0.9891304347826086,0.0,0.576086956521739,30.52173913043478,24.0,18,2,False,False,20260929,2264d2f6ac2fde621c6218352e3ffe14e765700f89b99c6cc03a12c9f1bc3b31,69b1b200c29ca42626fc4cdc7d32551c9524e8f9
orgAInoid_RPE_Final,RPE_Final,E010,gates_without_ood,0.15,92,70,3,0.0428571428571428,0.008926904077658894,0.12017860532658642,0.7608695652173914,0.0,0.1847826086956521,58.69565217391305,60.0,3,0,False,False,20260929,2264d2f6ac2fde621c6218352e3ffe14e765700f89b99c6cc03a12c9f1bc3b31,69b1b200c29ca42626fc4cdc7d32551c9524e8f9
orgAInoid_RPE_Final,RPE_Final,E010,gates_full,0.15,92,69,3,0.0434782608695652,0.009057607358815035,0.12184714936562364,0.75,0.0108695652173913,0.181159420289855,58.95652173913044,60.0,3,0,True,False,20260929,2264d2f6ac2fde621c6218352e3ffe14e765700f89b99c6cc03a12c9f1bc3b31,69b1b200c29ca42626fc4cdc7d32551c9524e8f9
orgAInoid_RPE_Final,RPE_Final,E010,calibrated_non_group,0.2,92,92,20,0.217391304347826,0.138133923245599,0.31558056798644296,1.0,0.0,0.5108695652173914,35.21739130434783,48.0,20,0,False,False,20260929,2264d2f6ac2fde621c6218352e3ffe14e765700f89b99c6cc03a12c9f1bc3b31,69b1b200c29ca42626fc4cdc7d32551c9524e8f9
orgAInoid_RPE_Final,RPE_Final,E010,cbes_style,0.2,92,91,20,0.2197802197802197,0.13971701462672528,0.3188203152576323,0.9891304347826086,0.0,0.576086956521739,30.52173913043478,24.0,18,2,False,False,20260929,2264d2f6ac2fde621c6218352e3ffe14e765700f89b99c6cc03a12c9f1bc3b31,69b1b200c29ca42626fc4cdc7d32551c9524e8f9
orgAInoid_RPE_Final,RPE_Final,E010,gates_without_ood,0.2,92,92,25,0.2717391304347826,0.18419767521935476,0.37449250168640374,1.0,0.0,0.3333333333333333,48.0,48.0,24,1,False,False,20260929,2264d2f6ac2fde621c6218352e3ffe14e765700f89b99c6cc03a12c9f1bc3b31,69b1b200c29ca42626fc4cdc7d32551c9524e8f9
orgAInoid_RPE_Final,RPE_Final,E010,gates_full,0.2,92,90,24,0.2666666666666666,0.1789189611357617,0.3703223871117669,0.9782608695652174,0.0217391304347826,0.3260869565217391,48.52173913043478,48.0,23,1,True,False,20260929,2264d2f6ac2fde621c6218352e3ffe14e765700f89b99c6cc03a12c9f1bc3b31,69b1b200c29ca42626fc4cdc7d32551c9524e8f9
orgAInoid_RPE_Final,RPE_Final,E010,calibrated_non_group,0.3,92,92,20,0.217391304347826,0.138133923245599,0.31558056798644296,1.0,0.0,0.7518115942028986,17.869565217391305,12.0,18,2,False,False,20260929,2264d2f6ac2fde621c6218352e3ffe14e765700f89b99c6cc03a12c9f1bc3b31,69b1b200c29ca42626fc4cdc7d32551c9524e8f9
orgAInoid_RPE_Final,RPE_Final,E010,cbes_style,0.3,92,92,16,0.1739130434782608,0.1028015096015617,0.2670045979860312,1.0,0.0,0.7554347826086957,17.608695652173914,12.0,14,2,False,False,20260929,2264d2f6ac2fde621c6218352e3ffe14e765700f89b99c6cc03a12c9f1bc3b31,69b1b200c29ca42626fc4cdc7d32551c9524e8f9
orgAInoid_RPE_Final,RPE_Final,E010,gates_without_ood,0.3,92,92,25,0.2717391304347826,0.18419767521935476,0.37449250168640374,1.0,0.0,0.3333333333333333,48.0,48.0,24,1,False,False,20260929,2264d2f6ac2fde621c6218352e3ffe14e765700f89b99c6cc03a12c9f1bc3b31,69b1b200c29ca42626fc4cdc7d32551c9524e8f9
orgAInoid_RPE_Final,RPE_Final,E010,gates_full,0.3,92,90,24,0.2666666666666666,0.1789189611357617,0.3703223871117669,0.9782608695652174,0.0217391304347826,0.3260869565217391,48.52173913043478,48.0,23,1,True,False,20260929,2264d2f6ac2fde621c6218352e3ffe14e765700f89b99c6cc03a12c9f1bc3b31,69b1b200c29ca42626fc4cdc7d32551c9524e8f9
orgAInoid_RPE_Final,RPE_Final,E011,full_protocol@none,,90,0,0,0.0,,,0.0,0.0,0.0,72.0,72.0,0,0,False,False,20260929,2264d2f6ac2fde621c6218352e3ffe14e765700f89b99c6cc03a12c9f1bc3b31,69b1b200c29ca42626fc4cdc7d32551c9524e8f9
orgAInoid_RPE_Final,RPE_Final,E011,fixed_time@12.0,,90,90,31,0.3444444444444444,0.2474042854081215,0.452039998334117,1.0,0.0,0.8333333333333331,12.0,12.0,8,23,False,False,20260929,2264d2f6ac2fde621c6218352e3ffe14e765700f89b99c6cc03a12c9f1bc3b31,69b1b200c29ca42626fc4cdc7d32551c9524e8f9
orgAInoid_RPE_Final,RPE_Final,E011,fixed_time@24.0,,90,90,20,0.2222222222222222,0.1413368984653704,0.32212681232709833,1.0,0.0,0.6666666666666666,24.0,24.0,5,15,False,False,20260929,2264d2f6ac2fde621c6218352e3ffe14e765700f89b99c6cc03a12c9f1bc3b31,69b1b200c29ca42626fc4cdc7d32551c9524e8f9
orgAInoid_RPE_Final,RPE_Final,E011,fixed_time@36.0,,90,90,36,0.4,0.29811391557031763,0.5086586816965603,1.0,0.0,0.5,36.0,36.0,8,28,False,False,20260929,2264d2f6ac2fde621c6218352e3ffe14e765700f89b99c6cc03a12c9f1bc3b31,69b1b200c29ca42626fc4cdc7d32551c9524e8f9
orgAInoid_RPE_Final,RPE_Final,E011,fixed_time@48.0,,90,90,18,0.2,0.12305554601091441,0.297542450132727,1.0,0.0,0.3333333333333333,48.0,48.0,7,11,False,False,20260929,2264d2f6ac2fde621c6218352e3ffe14e765700f89b99c6cc03a12c9f1bc3b31,69b1b200c29ca42626fc4cdc7d32551c9524e8f9
orgAInoid_RPE_Final,RPE_Final,E011,fixed_time@60.0,,90,90,10,0.1111111111111111,0.05458560495012992,0.1948586367885947,1.0,0.0,0.1666666666666666,60.0,60.0,4,6,False,False,20260929,2264d2f6ac2fde621c6218352e3ffe14e765700f89b99c6cc03a12c9f1bc3b31,69b1b200c29ca42626fc4cdc7d32551c9524e8f9
orgAInoid_RPE_Final,RPE_Final,E011,naive_confidence@0.5,,90,90,31,0.3444444444444444,0.2474042854081215,0.452039998334117,1.0,0.0,0.8333333333333331,12.0,12.0,8,23,False,False,20260929,2264d2f6ac2fde621c6218352e3ffe14e765700f89b99c6cc03a12c9f1bc3b31,69b1b200c29ca42626fc4cdc7d32551c9524e8f9
orgAInoid_RPE_Final,RPE_Final,E011,naive_confidence@0.6,,90,90,27,0.3,0.20788189968635656,0.4057212150429162,1.0,0.0,0.809259259259259,13.733333333333333,12.0,5,22,False,False,20260929,2264d2f6ac2fde621c6218352e3ffe14e765700f89b99c6cc03a12c9f1bc3b31,69b1b200c29ca42626fc4cdc7d32551c9524e8f9
orgAInoid_RPE_Final,RPE_Final,E011,naive_confidence@0.7,,90,87,21,0.2413793103448276,0.15604897339719517,0.3450022280341708,0.9666666666666668,0.0,0.7166666666666666,20.4,12.0,5,16,False,False,20260929,2264d2f6ac2fde621c6218352e3ffe14e765700f89b99c6cc03a12c9f1bc3b31,69b1b200c29ca42626fc4cdc7d32551c9524e8f9
orgAInoid_RPE_Final,RPE_Final,E011,naive_confidence@0.8,,90,81,17,0.2098765432098765,0.12727606873512956,0.31462746165634464,0.9,0.0,0.5944444444444444,29.2,24.0,5,12,False,False,20260929,2264d2f6ac2fde621c6218352e3ffe14e765700f89b99c6cc03a12c9f1bc3b31,69b1b200c29ca42626fc4cdc7d32551c9524e8f9
orgAInoid_RPE_Final,RPE_Final,E011,naive_confidence@0.9,,90,63,9,0.1428571428571428,0.06746315557148058,0.25394145064348816,0.7,0.0,0.3907407407407407,43.86666666666667,48.0,2,7,False,False,20260929,2264d2f6ac2fde621c6218352e3ffe14e765700f89b99c6cc03a12c9f1bc3b31,69b1b200c29ca42626fc4cdc7d32551c9524e8f9
orgAInoid_RPE_Final,RPE_Final,E011,naive_confidence@0.95,,90,48,3,0.0625,0.013079244409552647,0.1719599307905705,0.5333333333333333,0.0,0.2481481481481481,54.13333333333333,60.0,1,2,False,False,20260929,2264d2f6ac2fde621c6218352e3ffe14e765700f89b99c6cc03a12c9f1bc3b31,69b1b200c29ca42626fc4cdc7d32551c9524e8f9
orgAInoid_RPE_Final,RPE_Final,E011,naive_confidence@0.975,,90,36,1,0.0277777777777777,0.0007030252059047804,0.1452892647468533,0.4,0.0,0.1425925925925925,61.733333333333334,72.0,0,1,False,False,20260929,2264d2f6ac2fde621c6218352e3ffe14e765700f89b99c6cc03a12c9f1bc3b31,69b1b200c29ca42626fc4cdc7d32551c9524e8f9
orgAInoid_RPE_Final,RPE_Final,E011,naive_confidence@0.99,,90,19,1,0.0526315789473684,0.001331628804179424,0.2602806541952142,0.2111111111111111,0.0,0.0611111111111111,67.6,72.0,0,1,False,False,20260929,2264d2f6ac2fde621c6218352e3ffe14e765700f89b99c6cc03a12c9f1bc3b31,69b1b200c29ca42626fc4cdc7d32551c9524e8f9
orgAInoid_RPE_Final,RPE_Final,E011,calibrated_non_group,0.02,90,28,0,0.0,0.0,0.12343611850026384,0.3111111111111111,0.0,0.0981481481481481,64.93333333333334,72.0,0,0,False,False,20260929,2264d2f6ac2fde621c6218352e3ffe14e765700f89b99c6cc03a12c9f1bc3b31,69b1b200c29ca42626fc4cdc7d32551c9524e8f9
orgAInoid_RPE_Final,RPE_Final,E011,cbes_style,0.02,90,0,0,0.0,,,0.0,0.0,0.0,72.0,72.0,0,0,False,False,20260929,2264d2f6ac2fde621c6218352e3ffe14e765700f89b99c6cc03a12c9f1bc3b31,69b1b200c29ca42626fc4cdc7d32551c9524e8f9
orgAInoid_RPE_Final,RPE_Final,E011,gates_without_ood,0.02,90,25,0,0.0,0.0,0.13718517153071252,0.2777777777777778,0.0,0.0925925925925925,65.33333333333333,72.0,0,0,False,False,20260929,2264d2f6ac2fde621c6218352e3ffe14e765700f89b99c6cc03a12c9f1bc3b31,69b1b200c29ca42626fc4cdc7d32551c9524e8f9
orgAInoid_RPE_Final,RPE_Final,E011,gates_full,0.02,90,24,0,0.0,0.0,0.14247359772252563,0.2666666666666666,0.0111111111111111,0.0888888888888888,65.6,72.0,0,0,True,False,20260929,2264d2f6ac2fde621c6218352e3ffe14e765700f89b99c6cc03a12c9f1bc3b31,69b1b200c29ca42626fc4cdc7d32551c9524e8f9
orgAInoid_RPE_Final,RPE_Final,E011,calibrated_non_group,0.05,90,55,1,0.0181818181818181,0.00046021784879569753,0.0971910157492534,0.6111111111111112,0.0,0.1537037037037037,60.93333333333333,60.0,1,0,False,False,20260929,2264d2f6ac2fde621c6218352e3ffe14e765700f89b99c6cc03a12c9f1bc3b31,69b1b200c29ca42626fc4cdc7d32551c9524e8f9
orgAInoid_RPE_Final,RPE_Final,E011,cbes_style,0.05,90,0,0,0.0,,,0.0,0.0,0.0,72.0,72.0,0,0,False,False,20260929,2264d2f6ac2fde621c6218352e3ffe14e765700f89b99c6cc03a12c9f1bc3b31,69b1b200c29ca42626fc4cdc7d32551c9524e8f9
orgAInoid_RPE_Final,RPE_Final,E011,gates_without_ood,0.05,90,25,0,0.0,0.0,0.13718517153071252,0.2777777777777778,0.0,0.0925925925925925,65.33333333333333,72.0,0,0,False,False,20260929,2264d2f6ac2fde621c6218352e3ffe14e765700f89b99c6cc03a12c9f1bc3b31,69b1b200c29ca42626fc4cdc7d32551c9524e8f9
orgAInoid_RPE_Final,RPE_Final,E011,gates_full,0.05,90,24,0,0.0,0.0,0.14247359772252563,0.2666666666666666,0.0111111111111111,0.0888888888888888,65.6,72.0,0,0,True,False,20260929,2264d2f6ac2fde621c6218352e3ffe14e765700f89b99c6cc03a12c9f1bc3b31,69b1b200c29ca42626fc4cdc7d32551c9524e8f9
orgAInoid_RPE_Final,RPE_Final,E011,calibrated_non_group,0.1,90,84,15,0.1785714285714285,0.10353308810747713,0.27736716567807496,0.9333333333333332,0.0,0.3907407407407407,43.86666666666667,48.0,6,9,False,False,20260929,2264d2f6ac2fde621c6218352e3ffe14e765700f89b99c6cc03a12c9f1bc3b31,69b1b200c29ca42626fc4cdc7d32551c9524e8f9
orgAInoid_RPE_Final,RPE_Final,E011,cbes_style,0.1,90,0,0,0.0,,,0.0,0.0,0.0,72.0,72.0,0,0,False,False,20260929,2264d2f6ac2fde621c6218352e3ffe14e765700f89b99c6cc03a12c9f1bc3b31,69b1b200c29ca42626fc4cdc7d32551c9524e8f9
orgAInoid_RPE_Final,RPE_Final,E011,gates_without_ood,0.1,90,54,1,0.0185185185185185,0.00046873840381796085,0.09891515950785128,0.6,0.0,0.1518518518518518,61.06666666666667,60.0,1,0,False,False,20260929,2264d2f6ac2fde621c6218352e3ffe14e765700f89b99c6cc03a12c9f1bc3b31,69b1b200c29ca42626fc4cdc7d32551c9524e8f9
orgAInoid_RPE_Final,RPE_Final,E011,gates_full,0.1,90,52,1,0.0192307692307692,0.00048676241549208335,0.10255354465211769,0.5777777777777777,0.0222222222222222,0.1462962962962963,61.46666666666667,60.0,1,0,True,False,20260929,2264d2f6ac2fde621c6218352e3ffe14e765700f89b99c6cc03a12c9f1bc3b31,69b1b200c29ca42626fc4cdc7d32551c9524e8f9
orgAInoid_RPE_Final,RPE_Final,E011,calibrated_non_group,0.15,90,85,14,0.1647058823529411,0.09307652127195808,0.26088108992065623,0.9444444444444444,0.0,0.424074074074074,41.46666666666667,48.0,6,8,False,False,20260929,2264d2f6ac2fde621c6218352e3ffe14e765700f89b99c6cc03a12c9f1bc3b31,69b1b200c29ca42626fc4cdc7d32551c9524e8f9
orgAInoid_RPE_Final,RPE_Final,E011,cbes_style,0.15,90,0,0,0.0,,,0.0,0.0,0.0,72.0,72.0,0,0,False,False,20260929,2264d2f6ac2fde621c6218352e3ffe14e765700f89b99c6cc03a12c9f1bc3b31,69b1b200c29ca42626fc4cdc7d32551c9524e8f9
orgAInoid_RPE_Final,RPE_Final,E011,gates_without_ood,0.15,90,71,5,0.0704225352112676,0.023260280930717386,0.15674171725669586,0.7888888888888889,0.0,0.2333333333333333,55.2,48.0,2,3,False,False,20260929,2264d2f6ac2fde621c6218352e3ffe14e765700f89b99c6cc03a12c9f1bc3b31,69b1b200c29ca42626fc4cdc7d32551c9524e8f9
orgAInoid_RPE_Final,RPE_Final,E011,gates_full,0.15,90,67,4,0.0597014925373134,0.016504404320304724,0.14586323187313974,0.7444444444444445,0.0444444444444444,0.2203703703703703,56.13333333333333,48.0,2,2,True,False,20260929,2264d2f6ac2fde621c6218352e3ffe14e765700f89b99c6cc03a12c9f1bc3b31,69b1b200c29ca42626fc4cdc7d32551c9524e8f9
orgAInoid_RPE_Final,RPE_Final,E011,calibrated_non_group,0.2,90,90,34,0.3777777777777777,0.277664538602261,0.48617401079223455,1.0,0.0,0.6092592592592593,28.133333333333333,36.0,7,27,False,False,20260929,2264d2f6ac2fde621c6218352e3ffe14e765700f89b99c6cc03a12c9f1bc3b31,69b1b200c29ca42626fc4cdc7d32551c9524e8f9
orgAInoid_RPE_Final,RPE_Final,E011,cbes_style,0.2,90,80,9,0.1125,0.05275151314568752,0.20284659191699003,0.8888888888888888,0.0,0.2777777777777778,52.0,48.0,4,5,False,False,20260929,2264d2f6ac2fde621c6218352e3ffe14e765700f89b99c6cc03a12c9f1bc3b31,69b1b200c29ca42626fc4cdc7d32551c9524e8f9
orgAInoid_RPE_Final,RPE_Final,E011,gates_without_ood,0.2,90,90,18,0.2,0.12305554601091441,0.297542450132727,1.0,0.0,0.3333333333333333,48.0,48.0,7,11,False,False,20260929,2264d2f6ac2fde621c6218352e3ffe14e765700f89b99c6cc03a12c9f1bc3b31,69b1b200c29ca42626fc4cdc7d32551c9524e8f9
orgAInoid_RPE_Final,RPE_Final,E011,gates_full,0.2,90,83,16,0.1927710843373494,0.11439128625891702,0.29408598255302065,0.9222222222222224,0.0777777777777777,0.3074074074074074,49.86666666666667,48.0,7,9,True,False,20260929,2264d2f6ac2fde621c6218352e3ffe14e765700f89b99c6cc03a12c9f1bc3b31,69b1b200c29ca42626fc4cdc7d32551c9524e8f9
orgAInoid_RPE_Final,RPE_Final,E011,calibrated_non_group,0.3,90,90,19,0.2111111111111111,0.132149879663768,0.309878629049686,1.0,0.0,0.7,21.6,24.0,5,14,False,False,20260929,2264d2f6ac2fde621c6218352e3ffe14e765700f89b99c6cc03a12c9f1bc3b31,69b1b200c29ca42626fc4cdc7d32551c9524e8f9
orgAInoid_RPE_Final,RPE_Final,E011,cbes_style,0.3,90,80,9,0.1125,0.05275151314568752,0.20284659191699003,0.8888888888888888,0.0,0.2777777777777778,52.0,48.0,4,5,False,False,20260929,2264d2f6ac2fde621c6218352e3ffe14e765700f89b99c6cc03a12c9f1bc3b31,69b1b200c29ca42626fc4cdc7d32551c9524e8f9
orgAInoid_RPE_Final,RPE_Final,E011,gates_without_ood,0.3,90,90,36,0.4,0.29811391557031763,0.5086586816965603,1.0,0.0,0.5,36.0,36.0,8,28,False,False,20260929,2264d2f6ac2fde621c6218352e3ffe14e765700f89b99c6cc03a12c9f1bc3b31,69b1b200c29ca42626fc4cdc7d32551c9524e8f9
orgAInoid_RPE_Final,RPE_Final,E011,gates_full,0.3,90,86,36,0.4186046511627907,0.31303668861676587,0.5299429560562571,0.9555555555555556,0.0444444444444444,0.4777777777777778,37.6,36.0,8,28,True,False,20260929,2264d2f6ac2fde621c6218352e3ffe14e765700f89b99c6cc03a12c9f1bc3b31,69b1b200c29ca42626fc4cdc7d32551c9524e8f9
orgAInoid_RPE_Final,RPE_Final,E012,full_protocol@none,,77,0,0,0.0,,,0.0,0.0,0.0,72.0,72.0,0,0,False,False,20260929,2264d2f6ac2fde621c6218352e3ffe14e765700f89b99c6cc03a12c9f1bc3b31,69b1b200c29ca42626fc4cdc7d32551c9524e8f9
orgAInoid_RPE_Final,RPE_Final,E012,fixed_time@12.0,,77,77,42,0.5454545454545454,0.4279049290065848,0.6594015897233974,1.0,0.0,0.8333333333333334,12.0,12.0,2,40,False,False,20260929,2264d2f6ac2fde621c6218352e3ffe14e765700f89b99c6cc03a12c9f1bc3b31,69b1b200c29ca42626fc4cdc7d32551c9524e8f9
orgAInoid_RPE_Final,RPE_Final,E012,fixed_time@24.0,,77,77,33,0.4285714285714285,0.31631597142073425,0.5464903551909155,1.0,0.0,0.6666666666666665,24.0,24.0,25,8,False,False,20260929,2264d2f6ac2fde621c6218352e3ffe14e765700f89b99c6cc03a12c9f1bc3b31,69b1b200c29ca42626fc4cdc7d32551c9524e8f9
orgAInoid_RPE_Final,RPE_Final,E012,fixed_time@36.0,,77,77,21,0.2727272727272727,0.17740908309742476,0.3861961945207976,1.0,0.0,0.5,36.0,36.0,12,9,False,False,20260929,2264d2f6ac2fde621c6218352e3ffe14e765700f89b99c6cc03a12c9f1bc3b31,69b1b200c29ca42626fc4cdc7d32551c9524e8f9
orgAInoid_RPE_Final,RPE_Final,E012,fixed_time@48.0,,77,77,14,0.1818181818181818,0.10312224032196105,0.2862025436023483,1.0,0.0,0.3333333333333332,48.0,48.0,12,2,False,False,20260929,2264d2f6ac2fde621c6218352e3ffe14e765700f89b99c6cc03a12c9f1bc3b31,69b1b200c29ca42626fc4cdc7d32551c9524e8f9
orgAInoid_RPE_Final,RPE_Final,E012,fixed_time@60.0,,77,77,13,0.1688311688311688,0.09307490342120993,0.2713872237091725,1.0,0.0,0.1666666666666666,60.0,60.0,12,1,False,False,20260929,2264d2f6ac2fde621c6218352e3ffe14e765700f89b99c6cc03a12c9f1bc3b31,69b1b200c29ca42626fc4cdc7d32551c9524e8f9
orgAInoid_RPE_Final,RPE_Final,E012,naive_confidence@0.5,,77,77,42,0.5454545454545454,0.4279049290065848,0.6594015897233974,1.0,0.0,0.8333333333333334,12.0,12.0,2,40,False,False,20260929,2264d2f6ac2fde621c6218352e3ffe14e765700f89b99c6cc03a12c9f1bc3b31,69b1b200c29ca42626fc4cdc7d32551c9524e8f9
orgAInoid_RPE_Final,RPE_Final,E012,naive_confidence@0.6,,77,77,40,0.5194805194805194,0.4025948002145209,0.6348226206760976,1.0,0.0,0.8073593073593073,13.87012987012987,12.0,6,34,False,False,20260929,2264d2f6ac2fde621c6218352e3ffe14e765700f89b99c6cc03a12c9f1bc3b31,69b1b200c29ca42626fc4cdc7d32551c9524e8f9
orgAInoid_RPE_Final,RPE_Final,E012,naive_confidence@0.7,,77,77,37,0.4805194805194805,0.3651773793239023,0.5974051997854791,1.0,0.0,0.7792207792207793,15.896103896103895,12.0,11,26,False,False,20260929,2264d2f6ac2fde621c6218352e3ffe14e765700f89b99c6cc03a12c9f1bc3b31,69b1b200c29ca42626fc4cdc7d32551c9524e8f9
orgAInoid_RPE_Final,RPE_Final,E012,naive_confidence@0.8,,77,77,39,0.5064935064935064,0.39004936781928323,0.6224231284406125,1.0,0.0,0.7186147186147186,20.25974025974026,24.0,18,21,False,False,20260929,2264d2f6ac2fde621c6218352e3ffe14e765700f89b99c6cc03a12c9f1bc3b31,69b1b200c29ca42626fc4cdc7d32551c9524e8f9
orgAInoid_RPE_Final,RPE_Final,E012,naive_confidence@0.9,,77,64,30,0.46875,0.34279652893962054,0.5976901554016488,0.8311688311688312,0.0,0.5,36.0,24.0,21,9,False,False,20260929,2264d2f6ac2fde621c6218352e3ffe14e765700f89b99c6cc03a12c9f1bc3b31,69b1b200c29ca42626fc4cdc7d32551c9524e8f9
orgAInoid_RPE_Final,RPE_Final,E012,naive_confidence@0.95,,77,49,18,0.3673469387755102,0.23422415553661113,0.5171223088306072,0.6363636363636364,0.0,0.3311688311688311,48.15584415584416,48.0,16,2,False,False,20260929,2264d2f6ac2fde621c6218352e3ffe14e765700f89b99c6cc03a12c9f1bc3b31,69b1b200c29ca42626fc4cdc7d32551c9524e8f9
orgAInoid_RPE_Final,RPE_Final,E012,naive_confidence@0.975,,77,32,10,0.3125,0.16118472408820056,0.5000775816321696,0.4155844155844156,0.0,0.2077922077922077,57.03896103896104,72.0,10,0,False,False,20260929,2264d2f6ac2fde621c6218352e3ffe14e765700f89b99c6cc03a12c9f1bc3b31,69b1b200c29ca42626fc4cdc7d32551c9524e8f9
orgAInoid_RPE_Final,RPE_Final,E012,naive_confidence@0.99,,77,12,4,0.3333333333333333,0.0992460911495833,0.651124493581186,0.1558441558441558,0.0,0.0865800865800865,65.76623376623377,72.0,4,0,False,False,20260929,2264d2f6ac2fde621c6218352e3ffe14e765700f89b99c6cc03a12c9f1bc3b31,69b1b200c29ca42626fc4cdc7d32551c9524e8f9
orgAInoid_RPE_Final,RPE_Final,E012,calibrated_non_group,0.02,77,43,6,0.1395348837209302,0.05297657386681719,0.27932480031414914,0.5584415584415584,0.0,0.1753246753246753,59.37662337662338,60.0,6,0,False,False,20260929,2264d2f6ac2fde621c6218352e3ffe14e765700f89b99c6cc03a12c9f1bc3b31,69b1b200c29ca42626fc4cdc7d32551c9524e8f9
orgAInoid_RPE_Final,RPE_Final,E012,cbes_style,0.02,77,71,12,0.1690140845070422,0.09049994647567085,0.2766263566166831,0.922077922077922,0.0,0.3073593073593073,49.87012987012987,48.0,11,1,False,False,20260929,2264d2f6ac2fde621c6218352e3ffe14e765700f89b99c6cc03a12c9f1bc3b31,69b1b200c29ca42626fc4cdc7d32551c9524e8f9
orgAInoid_RPE_Final,RPE_Final,E012,gates_without_ood,0.02,77,0,0,0.0,,,0.0,0.0,0.0,72.0,72.0,0,0,False,False,20260929,2264d2f6ac2fde621c6218352e3ffe14e765700f89b99c6cc03a12c9f1bc3b31,69b1b200c29ca42626fc4cdc7d32551c9524e8f9
orgAInoid_RPE_Final,RPE_Final,E012,gates_full,0.02,77,0,0,0.0,,,0.0,0.0,0.0,72.0,72.0,0,0,True,False,20260929,2264d2f6ac2fde621c6218352e3ffe14e765700f89b99c6cc03a12c9f1bc3b31,69b1b200c29ca42626fc4cdc7d32551c9524e8f9
orgAInoid_RPE_Final,RPE_Final,E012,calibrated_non_group,0.05,77,63,10,0.1587301587301587,0.0788338107522415,0.2725980174928435,0.8181818181818182,0.0,0.264069264069264,52.98701298701299,48.0,10,0,False,False,20260929,2264d2f6ac2fde621c6218352e3ffe14e765700f89b99c6cc03a12c9f1bc3b31,69b1b200c29ca42626fc4cdc7d32551c9524e8f9
orgAInoid_RPE_Final,RPE_Final,E012,cbes_style,0.05,77,74,17,0.2297297297297297,0.1398886539586487,0.3421406765105264,0.961038961038961,0.0,0.3982683982683982,43.324675324675326,48.0,11,6,False,False,20260929,2264d2f6ac2fde621c6218352e3ffe14e765700f89b99c6cc03a12c9f1bc3b31,69b1b200c29ca42626fc4cdc7d32551c9524e8f9
orgAInoid_RPE_Final,RPE_Final,E012,gates_without_ood,0.05,77,43,6,0.1395348837209302,0.05297657386681719,0.27932480031414914,0.5584415584415584,0.0,0.1753246753246753,59.37662337662338,60.0,6,0,False,False,20260929,2264d2f6ac2fde621c6218352e3ffe14e765700f89b99c6cc03a12c9f1bc3b31,69b1b200c29ca42626fc4cdc7d32551c9524e8f9
orgAInoid_RPE_Final,RPE_Final,E012,gates_full,0.05,77,43,6,0.1395348837209302,0.05297657386681719,0.27932480031414914,0.5584415584415584,0.0,0.1753246753246753,59.37662337662338,60.0,6,0,True,False,20260929,2264d2f6ac2fde621c6218352e3ffe14e765700f89b99c6cc03a12c9f1bc3b31,69b1b200c29ca42626fc4cdc7d32551c9524e8f9
orgAInoid_RPE_Final,RPE_Final,E012,calibrated_non_group,0.1,77,76,30,0.3947368421052631,0.2844331779982397,0.5135049683161296,0.987012987012987,0.0,0.6233766233766231,27.116883116883116,24.0,26,4,False,False,20260929,2264d2f6ac2fde621c6218352e3ffe14e765700f89b99c6cc03a12c9f1bc3b31,69b1b200c29ca42626fc4cdc7d32551c9524e8f9
orgAInoid_RPE_Final,RPE_Final,E012,cbes_style,0.1,77,77,38,0.4935064935064935,0.37757687155938746,0.6099506321807169,1.0,0.0,0.7857142857142858,15.428571428571429,12.0,9,29,False,False,20260929,2264d2f6ac2fde621c6218352e3ffe14e765700f89b99c6cc03a12c9f1bc3b31,69b1b200c29ca42626fc4cdc7d32551c9524e8f9
orgAInoid_RPE_Final,RPE_Final,E012,gates_without_ood,0.1,77,74,28,0.3783783783783784,0.26813719362207505,0.49867288154245054,0.961038961038961,0.0,0.5844155844155844,29.92207792207792,24.0,26,2,False,False,20260929,2264d2f6ac2fde621c6218352e3ffe14e765700f89b99c6cc03a12c9f1bc3b31,69b1b200c29ca42626fc4cdc7d32551c9524e8f9
orgAInoid_RPE_Final,RPE_Final,E012,gates_full,0.1,77,71,28,0.3943661971830985,0.28034763094420284,0.5174860053624962,0.922077922077922,0.0389610389610389,0.5584415584415583,31.79220779220779,24.0,26,2,True,False,20260929,2264d2f6ac2fde621c6218352e3ffe14e765700f89b99c6cc03a12c9f1bc3b31,69b1b200c29ca42626fc4cdc7d32551c9524e8f9
orgAInoid_RPE_Final,RPE_Final,E012,calibrated_non_group,0.15,77,77,38,0.4935064935064935,0.37757687155938746,0.6099506321807169,1.0,0.0,0.7987012987012987,14.493506493506494,12.0,7,31,False,False,20260929,2264d2f6ac2fde621c6218352e3ffe14e765700f89b99c6cc03a12c9f1bc3b31,69b1b200c29ca42626fc4cdc7d32551c9524e8f9
orgAInoid_RPE_Final,RPE_Final,E012,cbes_style,0.15,77,77,38,0.4935064935064935,0.37757687155938746,0.6099506321807169,1.0,0.0,0.7857142857142858,15.428571428571429,12.0,9,29,False,False,20260929,2264d2f6ac2fde621c6218352e3ffe14e765700f89b99c6cc03a12c9f1bc3b31,69b1b200c29ca42626fc4cdc7d32551c9524e8f9
orgAInoid_RPE_Final,RPE_Final,E012,gates_without_ood,0.15,77,77,33,0.4285714285714285,0.31631597142073425,0.5464903551909155,1.0,0.0,0.6666666666666665,24.0,24.0,25,8,False,False,20260929,2264d2f6ac2fde621c6218352e3ffe14e765700f89b99c6cc03a12c9f1bc3b31,69b1b200c29ca42626fc4cdc7d32551c9524e8f9
orgAInoid_RPE_Final,RPE_Final,E012,gates_full,0.15,77,74,33,0.4459459459459459,0.3302468186312487,0.5661058375371629,0.961038961038961,0.0389610389610389,0.6406926406926405,25.87012987012987,24.0,25,8,True,False,20260929,2264d2f6ac2fde621c6218352e3ffe14e765700f89b99c6cc03a12c9f1bc3b31,69b1b200c29ca42626fc4cdc7d32551c9524e8f9
orgAInoid_RPE_Final,RPE_Final,E012,calibrated_non_group,0.2,77,77,38,0.4935064935064935,0.37757687155938746,0.6099506321807169,1.0,0.0,0.7987012987012987,14.493506493506494,12.0,7,31,False,False,20260929,2264d2f6ac2fde621c6218352e3ffe14e765700f89b99c6cc03a12c9f1bc3b31,69b1b200c29ca42626fc4cdc7d32551c9524e8f9
orgAInoid_RPE_Final,RPE_Final,E012,cbes_style,0.2,77,77,38,0.4935064935064935,0.37757687155938746,0.6099506321807169,1.0,0.0,0.7857142857142858,15.428571428571429,12.0,9,29,False,False,20260929,2264d2f6ac2fde621c6218352e3ffe14e765700f89b99c6cc03a12c9f1bc3b31,69b1b200c29ca42626fc4cdc7d32551c9524e8f9
orgAInoid_RPE_Final,RPE_Final,E012,gates_without_ood,0.2,77,77,38,0.4935064935064935,0.37757687155938746,0.6099506321807169,1.0,0.0,0.7987012987012987,14.493506493506494,12.0,7,31,False,False,20260929,2264d2f6ac2fde621c6218352e3ffe14e765700f89b99c6cc03a12c9f1bc3b31,69b1b200c29ca42626fc4cdc7d32551c9524e8f9
orgAInoid_RPE_Final,RPE_Final,E012,gates_full,0.2,77,75,37,0.4933333333333333,0.37584816382870095,0.6113610214084807,0.974025974025974,0.0259740259740259,0.7770562770562771,16.051948051948052,12.0,7,30,True,False,20260929,2264d2f6ac2fde621c6218352e3ffe14e765700f89b99c6cc03a12c9f1bc3b31,69b1b200c29ca42626fc4cdc7d32551c9524e8f9
orgAInoid_RPE_Final,RPE_Final,E012,calibrated_non_group,0.3,77,77,42,0.5454545454545454,0.4279049290065848,0.6594015897233974,1.0,0.0,0.8333333333333334,12.0,12.0,2,40,False,False,20260929,2264d2f6ac2fde621c6218352e3ffe14e765700f89b99c6cc03a12c9f1bc3b31,69b1b200c29ca42626fc4cdc7d32551c9524e8f9
orgAInoid_RPE_Final,RPE_Final,E012,cbes_style,0.3,77,77,38,0.4935064935064935,0.37757687155938746,0.6099506321807169,1.0,0.0,0.7857142857142858,15.428571428571429,12.0,9,29,False,False,20260929,2264d2f6ac2fde621c6218352e3ffe14e765700f89b99c6cc03a12c9f1bc3b31,69b1b200c29ca42626fc4cdc7d32551c9524e8f9
orgAInoid_RPE_Final,RPE_Final,E012,gates_without_ood,0.3,77,77,42,0.5454545454545454,0.4279049290065848,0.6594015897233974,1.0,0.0,0.8333333333333334,12.0,12.0,2,40,False,False,20260929,2264d2f6ac2fde621c6218352e3ffe14e765700f89b99c6cc03a12c9f1bc3b31,69b1b200c29ca42626fc4cdc7d32551c9524e8f9
orgAInoid_RPE_Final,RPE_Final,E012,gates_full,0.3,77,75,41,0.5466666666666666,0.42747890922208487,0.6620557210953415,0.974025974025974,0.0259740259740259,0.8116883116883118,13.558441558441558,12.0,2,39,True,False,20260929,2264d2f6ac2fde621c6218352e3ffe14e765700f89b99c6cc03a12c9f1bc3b31,69b1b200c29ca42626fc4cdc7d32551c9524e8f9
orgAInoid_Lens_Final,Lens_Final,E001,full_protocol@none,,80,0,0,0.0,,,0.0,0.0,0.0,72.0,72.0,0,0,False,False,20260929,2264d2f6ac2fde621c6218352e3ffe14e765700f89b99c6cc03a12c9f1bc3b31,69b1b200c29ca42626fc4cdc7d32551c9524e8f9
orgAInoid_Lens_Final,Lens_Final,E001,fixed_time@12.0,,80,80,12,0.15,0.07998156130971386,0.2473641115928975,1.0,0.0,0.8333333333333333,12.0,12.0,1,11,False,False,20260929,2264d2f6ac2fde621c6218352e3ffe14e765700f89b99c6cc03a12c9f1bc3b31,69b1b200c29ca42626fc4cdc7d32551c9524e8f9
orgAInoid_Lens_Final,Lens_Final,E001,fixed_time@24.0,,80,80,18,0.225,0.13913721049893166,0.33208632006125105,1.0,0.0,0.6666666666666667,24.0,24.0,1,17,False,False,20260929,2264d2f6ac2fde621c6218352e3ffe14e765700f89b99c6cc03a12c9f1bc3b31,69b1b200c29ca42626fc4cdc7d32551c9524e8f9
orgAInoid_Lens_Final,Lens_Final,E001,fixed_time@36.0,,80,80,14,0.175,0.09911050983942865,0.27615403952101353,1.0,0.0,0.5,36.0,36.0,1,13,False,False,20260929,2264d2f6ac2fde621c6218352e3ffe14e765700f89b99c6cc03a12c9f1bc3b31,69b1b200c29ca42626fc4cdc7d32551c9524e8f9
orgAInoid_Lens_Final,Lens_Final,E001,fixed_time@48.0,,80,80,10,0.125,0.06160209655843426,0.21788913406943633,1.0,0.0,0.3333333333333333,48.0,48.0,2,8,False,False,20260929,2264d2f6ac2fde621c6218352e3ffe14e765700f89b99c6cc03a12c9f1bc3b31,69b1b200c29ca42626fc4cdc7d32551c9524e8f9
orgAInoid_Lens_Final,Lens_Final,E001,fixed_time@60.0,,80,80,15,0.1875,0.10891368814752937,0.2903278956476913,1.0,0.0,0.1666666666666666,60.0,60.0,2,13,False,False,20260929,2264d2f6ac2fde621c6218352e3ffe14e765700f89b99c6cc03a12c9f1bc3b31,69b1b200c29ca42626fc4cdc7d32551c9524e8f9
orgAInoid_Lens_Final,Lens_Final,E001,naive_confidence@0.5,,80,80,12,0.15,0.07998156130971386,0.2473641115928975,1.0,0.0,0.8333333333333333,12.0,12.0,1,11,False,False,20260929,2264d2f6ac2fde621c6218352e3ffe14e765700f89b99c6cc03a12c9f1bc3b31,69b1b200c29ca42626fc4cdc7d32551c9524e8f9
orgAInoid_Lens_Final,Lens_Final,E001,naive_confidence@0.6,,80,80,16,0.2,0.11885908640498535,0.3043688670054642,1.0,0.0,0.8083333333333332,13.8,12.0,1,15,False,False,20260929,2264d2f6ac2fde621c6218352e3ffe14e765700f89b99c6cc03a12c9f1bc3b31,69b1b200c29ca42626fc4cdc7d32551c9524e8f9
orgAInoid_Lens_Final,Lens_Final,E001,naive_confidence@0.7,,80,76,13,0.1710526315789473,0.09434516099442766,0.27472658858330284,0.95,0.0,0.73125,19.35,12.0,1,12,False,False,20260929,2264d2f6ac2fde621c6218352e3ffe14e765700f89b99c6cc03a12c9f1bc3b31,69b1b200c29ca42626fc4cdc7d32551c9524e8f9
orgAInoid_Lens_Final,Lens_Final,E001,naive_confidence@0.8,,80,66,8,0.1212121212121212,0.05381086184186577,0.22494015572315773,0.825,0.0,0.58125,30.15,12.0,1,7,False,False,20260929,2264d2f6ac2fde621c6218352e3ffe14e765700f89b99c6cc03a12c9f1bc3b31,69b1b200c29ca42626fc4cdc7d32551c9524e8f9
orgAInoid_Lens_Final,Lens_Final,E001,naive_confidence@0.9,,80,38,3,0.0789473684210526,0.016586475864529535,0.2137732911806182,0.475,0.0,0.3125,49.5,72.0,1,2,False,False,20260929,2264d2f6ac2fde621c6218352e3ffe14e765700f89b99c6cc03a12c9f1bc3b31,69b1b200c29ca42626fc4cdc7d32551c9524e8f9
orgAInoid_Lens_Final,Lens_Final,E001,naive_confidence@0.95,,80,18,2,0.1111111111111111,0.013751215664364496,0.3471204386086719,0.225,0.0,0.15,61.2,72.0,1,1,False,False,20260929,2264d2f6ac2fde621c6218352e3ffe14e765700f89b99c6cc03a12c9f1bc3b31,69b1b200c29ca42626fc4cdc7d32551c9524e8f9
orgAInoid_Lens_Final,Lens_Final,E001,naive_confidence@0.975,,80,9,0,0.0,0.0,0.3362671168799428,0.1125,0.0,0.0833333333333333,66.0,72.0,0,0,False,False,20260929,2264d2f6ac2fde621c6218352e3ffe14e765700f89b99c6cc03a12c9f1bc3b31,69b1b200c29ca42626fc4cdc7d32551c9524e8f9
orgAInoid_Lens_Final,Lens_Final,E001,naive_confidence@0.99,,80,3,0,0.0,0.0,0.7075982261787133,0.0375,0.0,0.0270833333333333,70.05,72.0,0,0,False,False,20260929,2264d2f6ac2fde621c6218352e3ffe14e765700f89b99c6cc03a12c9f1bc3b31,69b1b200c29ca42626fc4cdc7d32551c9524e8f9
orgAInoid_Lens_Final,Lens_Final,E001,calibrated_non_group,0.02,80,0,0,0.0,,,0.0,0.0,0.0,72.0,72.0,0,0,False,False,20260929,2264d2f6ac2fde621c6218352e3ffe14e765700f89b99c6cc03a12c9f1bc3b31,69b1b200c29ca42626fc4cdc7d32551c9524e8f9
orgAInoid_Lens_Final,Lens_Final,E001,cbes_style,0.02,80,0,0,0.0,,,0.0,0.0,0.0,72.0,72.0,0,0,False,False,20260929,2264d2f6ac2fde621c6218352e3ffe14e765700f89b99c6cc03a12c9f1bc3b31,69b1b200c29ca42626fc4cdc7d32551c9524e8f9
orgAInoid_Lens_Final,Lens_Final,E001,gates_without_ood,0.02,80,0,0,0.0,,,0.0,0.0,0.0,72.0,72.0,0,0,False,False,20260929,2264d2f6ac2fde621c6218352e3ffe14e765700f89b99c6cc03a12c9f1bc3b31,69b1b200c29ca42626fc4cdc7d32551c9524e8f9
orgAInoid_Lens_Final,Lens_Final,E001,gates_full,0.02,80,0,0,0.0,,,0.0,0.0,0.0,72.0,72.0,0,0,True,False,20260929,2264d2f6ac2fde621c6218352e3ffe14e765700f89b99c6cc03a12c9f1bc3b31,69b1b200c29ca42626fc4cdc7d32551c9524e8f9
orgAInoid_Lens_Final,Lens_Final,E001,calibrated_non_group,0.05,80,0,0,0.0,,,0.0,0.0,0.0,72.0,72.0,0,0,False,False,20260929,2264d2f6ac2fde621c6218352e3ffe14e765700f89b99c6cc03a12c9f1bc3b31,69b1b200c29ca42626fc4cdc7d32551c9524e8f9
orgAInoid_Lens_Final,Lens_Final,E001,cbes_style,0.05,80,0,0,0.0,,,0.0,0.0,0.0,72.0,72.0,0,0,False,False,20260929,2264d2f6ac2fde621c6218352e3ffe14e765700f89b99c6cc03a12c9f1bc3b31,69b1b200c29ca42626fc4cdc7d32551c9524e8f9
orgAInoid_Lens_Final,Lens_Final,E001,gates_without_ood,0.05,80,0,0,0.0,,,0.0,0.0,0.0,72.0,72.0,0,0,False,False,20260929,2264d2f6ac2fde621c6218352e3ffe14e765700f89b99c6cc03a12c9f1bc3b31,69b1b200c29ca42626fc4cdc7d32551c9524e8f9
orgAInoid_Lens_Final,Lens_Final,E001,gates_full,0.05,80,0,0,0.0,,,0.0,0.0,0.0,72.0,72.0,0,0,True,False,20260929,2264d2f6ac2fde621c6218352e3ffe14e765700f89b99c6cc03a12c9f1bc3b31,69b1b200c29ca42626fc4cdc7d32551c9524e8f9
orgAInoid_Lens_Final,Lens_Final,E001,calibrated_non_group,0.1,80,0,0,0.0,,,0.0,0.0,0.0,72.0,72.0,0,0,False,False,20260929,2264d2f6ac2fde621c6218352e3ffe14e765700f89b99c6cc03a12c9f1bc3b31,69b1b200c29ca42626fc4cdc7d32551c9524e8f9
orgAInoid_Lens_Final,Lens_Final,E001,cbes_style,0.1,80,0,0,0.0,,,0.0,0.0,0.0,72.0,72.0,0,0,False,False,20260929,2264d2f6ac2fde621c6218352e3ffe14e765700f89b99c6cc03a12c9f1bc3b31,69b1b200c29ca42626fc4cdc7d32551c9524e8f9
orgAInoid_Lens_Final,Lens_Final,E001,gates_without_ood,0.1,80,0,0,0.0,,,0.0,0.0,0.0,72.0,72.0,0,0,False,False,20260929,2264d2f6ac2fde621c6218352e3ffe14e765700f89b99c6cc03a12c9f1bc3b31,69b1b200c29ca42626fc4cdc7d32551c9524e8f9
orgAInoid_Lens_Final,Lens_Final,E001,gates_full,0.1,80,0,0,0.0,,,0.0,0.0,0.0,72.0,72.0,0,0,True,False,20260929,2264d2f6ac2fde621c6218352e3ffe14e765700f89b99c6cc03a12c9f1bc3b31,69b1b200c29ca42626fc4cdc7d32551c9524e8f9
orgAInoid_Lens_Final,Lens_Final,E001,calibrated_non_group,0.15,80,53,5,0.0943396226415094,0.031346805728653095,0.2065853250050106,0.6625,0.0,0.5520833333333333,32.25,12.0,1,4,False,False,20260929,2264d2f6ac2fde621c6218352e3ffe14e765700f89b99c6cc03a12c9f1bc3b31,69b1b200c29ca42626fc4cdc7d32551c9524e8f9
orgAInoid_Lens_Final,Lens_Final,E001,cbes_style,0.15,80,0,0,0.0,,,0.0,0.0,0.0,72.0,72.0,0,0,False,False,20260929,2264d2f6ac2fde621c6218352e3ffe14e765700f89b99c6cc03a12c9f1bc3b31,69b1b200c29ca42626fc4cdc7d32551c9524e8f9
orgAInoid_Lens_Final,Lens_Final,E001,gates_without_ood,0.15,80,0,0,0.0,,,0.0,0.0,0.0,72.0,72.0,0,0,False,False,20260929,2264d2f6ac2fde621c6218352e3ffe14e765700f89b99c6cc03a12c9f1bc3b31,69b1b200c29ca42626fc4cdc7d32551c9524e8f9
orgAInoid_Lens_Final,Lens_Final,E001,gates_full,0.15,80,0,0,0.0,,,0.0,0.0,0.0,72.0,72.0,0,0,True,False,20260929,2264d2f6ac2fde621c6218352e3ffe14e765700f89b99c6cc03a12c9f1bc3b31,69b1b200c29ca42626fc4cdc7d32551c9524e8f9
orgAInoid_Lens_Final,Lens_Final,E001,calibrated_non_group,0.2,80,80,12,0.15,0.07998156130971386,0.2473641115928975,1.0,0.0,0.8333333333333333,12.0,12.0,1,11,False,False,20260929,2264d2f6ac2fde621c6218352e3ffe14e765700f89b99c6cc03a12c9f1bc3b31,69b1b200c29ca42626fc4cdc7d32551c9524e8f9
orgAInoid_Lens_Final,Lens_Final,E001,cbes_style,0.2,80,0,0,0.0,,,0.0,0.0,0.0,72.0,72.0,0,0,False,False,20260929,2264d2f6ac2fde621c6218352e3ffe14e765700f89b99c6cc03a12c9f1bc3b31,69b1b200c29ca42626fc4cdc7d32551c9524e8f9
orgAInoid_Lens_Final,Lens_Final,E001,gates_without_ood,0.2,80,6,0,0.0,0.0,0.4592581264399005,0.075,0.0,0.0625,67.5,72.0,0,0,False,False,20260929,2264d2f6ac2fde621c6218352e3ffe14e765700f89b99c6cc03a12c9f1bc3b31,69b1b200c29ca42626fc4cdc7d32551c9524e8f9
orgAInoid_Lens_Final,Lens_Final,E001,gates_full,0.2,80,3,0,0.0,0.0,0.7075982261787133,0.0375,0.0375,0.03125,69.75,72.0,0,0,True,False,20260929,2264d2f6ac2fde621c6218352e3ffe14e765700f89b99c6cc03a12c9f1bc3b31,69b1b200c29ca42626fc4cdc7d32551c9524e8f9
orgAInoid_Lens_Final,Lens_Final,E001,calibrated_non_group,0.3,80,80,12,0.15,0.07998156130971386,0.2473641115928975,1.0,0.0,0.8333333333333333,12.0,12.0,1,11,False,False,20260929,2264d2f6ac2fde621c6218352e3ffe14e765700f89b99c6cc03a12c9f1bc3b31,69b1b200c29ca42626fc4cdc7d32551c9524e8f9
orgAInoid_Lens_Final,Lens_Final,E001,cbes_style,0.3,80,0,0,0.0,,,0.0,0.0,0.0,72.0,72.0,0,0,False,False,20260929,2264d2f6ac2fde621c6218352e3ffe14e765700f89b99c6cc03a12c9f1bc3b31,69b1b200c29ca42626fc4cdc7d32551c9524e8f9
orgAInoid_Lens_Final,Lens_Final,E001,gates_without_ood,0.3,80,18,1,0.0555555555555555,0.0014055561673694235,0.27294359967336845,0.225,0.0,0.1875,58.5,72.0,1,0,False,False,20260929,2264d2f6ac2fde621c6218352e3ffe14e765700f89b99c6cc03a12c9f1bc3b31,69b1b200c29ca42626fc4cdc7d32551c9524e8f9
orgAInoid_Lens_Final,Lens_Final,E001,gates_full,0.3,80,14,1,0.0714285714285714,0.0018067806591253882,0.33868448993182126,0.175,0.05,0.1458333333333333,61.5,72.0,1,0,True,False,20260929,2264d2f6ac2fde621c6218352e3ffe14e765700f89b99c6cc03a12c9f1bc3b31,69b1b200c29ca42626fc4cdc7d32551c9524e8f9
orgAInoid_Lens_Final,Lens_Final,E002,full_protocol@none,,92,0,0,0.0,,,0.0,0.0,0.0,72.0,72.0,0,0,False,False,20260929,2264d2f6ac2fde621c6218352e3ffe14e765700f89b99c6cc03a12c9f1bc3b31,69b1b200c29ca42626fc4cdc7d32551c9524e8f9
orgAInoid_Lens_Final,Lens_Final,E002,fixed_time@12.0,,92,88,32,0.3636363636363636,0.26367364225890894,0.47305841008817096,0.9565217391304348,0.0,0.7971014492753621,14.608695652173912,12.0,29,3,False,False,20260929,2264d2f6ac2fde621c6218352e3ffe14e765700f89b99c6cc03a12c9f1bc3b31,69b1b200c29ca42626fc4cdc7d32551c9524e8f9
orgAInoid_Lens_Final,Lens_Final,E002,fixed_time@24.0,,92,88,52,0.5909090909090909,0.480912006182556,0.6946086460592565,0.9565217391304348,0.0,0.6376811594202898,26.08695652173913,24.0,51,1,False,False,20260929,2264d2f6ac2fde621c6218352e3ffe14e765700f89b99c6cc03a12c9f1bc3b31,69b1b200c29ca42626fc4cdc7d32551c9524e8f9
orgAInoid_Lens_Final,Lens_Final,E002,fixed_time@36.0,,92,88,61,0.6931818181818182,0.5858027891681035,0.7871234519604642,0.9565217391304348,0.0,0.4782608695652174,37.56521739130435,36.0,60,1,False,False,20260929,2264d2f6ac2fde621c6218352e3ffe14e765700f89b99c6cc03a12c9f1bc3b31,69b1b200c29ca42626fc4cdc7d32551c9524e8f9
orgAInoid_Lens_Final,Lens_Final,E002,fixed_time@48.0,,92,88,67,0.7613636363636364,0.6586428670838946,0.8458067324895087,0.9565217391304348,0.0,0.3188405797101449,49.04347826086956,48.0,66,1,False,False,20260929,2264d2f6ac2fde621c6218352e3ffe14e765700f89b99c6cc03a12c9f1bc3b31,69b1b200c29ca42626fc4cdc7d32551c9524e8f9
orgAInoid_Lens_Final,Lens_Final,E002,fixed_time@60.0,,92,88,70,0.7954545454545454,0.696132284831882,0.8740331608818669,0.9565217391304348,0.0,0.1594202898550724,60.52173913043478,60.0,69,1,False,False,20260929,2264d2f6ac2fde621c6218352e3ffe14e765700f89b99c6cc03a12c9f1bc3b31,69b1b200c29ca42626fc4cdc7d32551c9524e8f9
orgAInoid_Lens_Final,Lens_Final,E002,naive_confidence@0.5,,92,88,32,0.3636363636363636,0.26367364225890894,0.47305841008817096,0.9565217391304348,0.0,0.7971014492753621,14.608695652173912,12.0,29,3,False,False,20260929,2264d2f6ac2fde621c6218352e3ffe14e765700f89b99c6cc03a12c9f1bc3b31,69b1b200c29ca42626fc4cdc7d32551c9524e8f9
orgAInoid_Lens_Final,Lens_Final,E002,naive_confidence@0.6,,92,88,36,0.4090909090909091,0.3053913539407435,0.5190879938174442,0.9565217391304348,0.0,0.7735507246376809,16.304347826086957,12.0,34,2,False,False,20260929,2264d2f6ac2fde621c6218352e3ffe14e765700f89b99c6cc03a12c9f1bc3b31,69b1b200c29ca42626fc4cdc7d32551c9524e8f9
orgAInoid_Lens_Final,Lens_Final,E002,naive_confidence@0.7,,92,88,38,0.4318181818181818,0.3265865204730481,0.5417708040882575,0.9565217391304348,0.0,0.7463768115942027,18.26086956521739,12.0,36,2,False,False,20260929,2264d2f6ac2fde621c6218352e3ffe14e765700f89b99c6cc03a12c9f1bc3b31,69b1b200c29ca42626fc4cdc7d32551c9524e8f9
orgAInoid_Lens_Final,Lens_Final,E002,naive_confidence@0.8,,92,82,41,0.5,0.38747484521457554,0.6125251547854245,0.8913043478260869,0.0,0.6666666666666667,24.0,12.0,39,2,False,False,20260929,2264d2f6ac2fde621c6218352e3ffe14e765700f89b99c6cc03a12c9f1bc3b31,69b1b200c29ca42626fc4cdc7d32551c9524e8f9
orgAInoid_Lens_Final,Lens_Final,E002,naive_confidence@0.9,,92,64,33,0.515625,0.3872588082204236,0.6424980032802374,0.6956521739130435,0.0,0.5000000000000001,36.0,24.0,33,0,False,False,20260929,2264d2f6ac2fde621c6218352e3ffe14e765700f89b99c6cc03a12c9f1bc3b31,69b1b200c29ca42626fc4cdc7d32551c9524e8f9
orgAInoid_Lens_Final,Lens_Final,E002,naive_confidence@0.95,,92,43,22,0.5116279069767442,0.3546467730510137,0.6669486461351063,0.4673913043478261,0.0,0.3460144927536232,47.08695652173913,72.0,22,0,False,False,20260929,2264d2f6ac2fde621c6218352e3ffe14e765700f89b99c6cc03a12c9f1bc3b31,69b1b200c29ca42626fc4cdc7d32551c9524e8f9
orgAInoid_Lens_Final,Lens_Final,E002,naive_confidence@0.975,,92,36,17,0.4722222222222222,0.3040505887162649,0.64513620146269,0.391304347826087,0.0,0.2844202898550724,51.52173913043478,72.0,17,0,False,False,20260929,2264d2f6ac2fde621c6218352e3ffe14e765700f89b99c6cc03a12c9f1bc3b31,69b1b200c29ca42626fc4cdc7d32551c9524e8f9
orgAInoid_Lens_Final,Lens_Final,E002,naive_confidence@0.99,,92,15,8,0.5333333333333333,0.2658613472773966,0.7873332704806921,0.1630434782608695,0.0,0.1050724637681159,64.43478260869566,72.0,8,0,False,False,20260929,2264d2f6ac2fde621c6218352e3ffe14e765700f89b99c6cc03a12c9f1bc3b31,69b1b200c29ca42626fc4cdc7d32551c9524e8f9
orgAInoid_Lens_Final,Lens_Final,E002,calibrated_non_group,0.02,92,4,2,0.5,0.06758598648854298,0.932414013511457,0.0434782608695652,0.0,0.0344202898550724,69.52173913043478,72.0,2,0,False,False,20260929,2264d2f6ac2fde621c6218352e3ffe14e765700f89b99c6cc03a12c9f1bc3b31,69b1b200c29ca42626fc4cdc7d32551c9524e8f9
orgAInoid_Lens_Final,Lens_Final,E002,cbes_style,0.02,92,0,0,0.0,,,0.0,0.0,0.0,72.0,72.0,0,0,False,False,20260929,2264d2f6ac2fde621c6218352e3ffe14e765700f89b99c6cc03a12c9f1bc3b31,69b1b200c29ca42626fc4cdc7d32551c9524e8f9
orgAInoid_Lens_Final,Lens_Final,E002,gates_without_ood,0.02,92,0,0,0.0,,,0.0,0.0,0.0,72.0,72.0,0,0,False,False,20260929,2264d2f6ac2fde621c6218352e3ffe14e765700f89b99c6cc03a12c9f1bc3b31,69b1b200c29ca42626fc4cdc7d32551c9524e8f9
orgAInoid_Lens_Final,Lens_Final,E002,gates_full,0.02,92,0,0,0.0,,,0.0,0.0,0.0,72.0,72.0,0,0,True,False,20260929,2264d2f6ac2fde621c6218352e3ffe14e765700f89b99c6cc03a12c9f1bc3b31,69b1b200c29ca42626fc4cdc7d32551c9524e8f9
orgAInoid_Lens_Final,Lens_Final,E002,calibrated_non_group,0.05,92,35,13,0.3714285714285714,0.21473211811438897,0.5507688358126773,0.3804347826086957,0.0,0.3115942028985507,49.56521739130435,72.0,13,0,False,False,20260929,2264d2f6ac2fde621c6218352e3ffe14e765700f89b99c6cc03a12c9f1bc3b31,69b1b200c29ca42626fc4cdc7d32551c9524e8f9
orgAInoid_Lens_Final,Lens_Final,E002,cbes_style,0.05,92,86,38,0.4418604651162791,0.3347944558989062,0.5530464335840019,0.9347826086956522,0.0,0.7300724637681156,19.434782608695652,12.0,36,2,False,False,20260929,2264d2f6ac2fde621c6218352e3ffe14e765700f89b99c6cc03a12c9f1bc3b31,69b1b200c29ca42626fc4cdc7d32551c9524e8f9
orgAInoid_Lens_Final,Lens_Final,E002,gates_without_ood,0.05,92,23,5,0.217391304347826,0.07460340764880369,0.4370307262368147,0.25,0.0,0.2083333333333333,57.0,72.0,5,0,False,False,20260929,2264d2f6ac2fde621c6218352e3ffe14e765700f89b99c6cc03a12c9f1bc3b31,69b1b200c29ca42626fc4cdc7d32551c9524e8f9
orgAInoid_Lens_Final,Lens_Final,E002,gates_full,0.05,92,21,4,0.1904761904761904,0.054463568178406814,0.41906604118352786,0.2282608695652173,0.0217391304347826,0.1902173913043478,58.30434782608695,72.0,4,0,True,False,20260929,2264d2f6ac2fde621c6218352e3ffe14e765700f89b99c6cc03a12c9f1bc3b31,69b1b200c29ca42626fc4cdc7d32551c9524e8f9
orgAInoid_Lens_Final,Lens_Final,E002,calibrated_non_group,0.1,92,88,38,0.4318181818181818,0.3265865204730481,0.5417708040882575,0.9565217391304348,0.0,0.7518115942028983,17.869565217391305,12.0,36,2,False,False,20260929,2264d2f6ac2fde621c6218352e3ffe14e765700f89b99c6cc03a12c9f1bc3b31,69b1b200c29ca42626fc4cdc7d32551c9524e8f9
orgAInoid_Lens_Final,Lens_Final,E002,cbes_style,0.1,92,86,38,0.4418604651162791,0.3347944558989062,0.5530464335840019,0.9347826086956522,0.0,0.7300724637681156,19.434782608695652,12.0,36,2,False,False,20260929,2264d2f6ac2fde621c6218352e3ffe14e765700f89b99c6cc03a12c9f1bc3b31,69b1b200c29ca42626fc4cdc7d32551c9524e8f9
orgAInoid_Lens_Final,Lens_Final,E002,gates_without_ood,0.1,92,57,27,0.4736842105263157,0.3398483226315304,0.610347822372684,0.6195652173913043,0.0,0.4728260869565218,37.95652173913044,24.0,27,0,False,False,20260929,2264d2f6ac2fde621c6218352e3ffe14e765700f89b99c6cc03a12c9f1bc3b31,69b1b200c29ca42626fc4cdc7d32551c9524e8f9
orgAInoid_Lens_Final,Lens_Final,E002,gates_full,0.1,92,55,26,0.4727272727272727,0.33653433072502825,0.6119585420195124,0.5978260869565217,0.0217391304347826,0.4547101449275362,39.26086956521739,24.0,26,0,True,False,20260929,2264d2f6ac2fde621c6218352e3ffe14e765700f89b99c6cc03a12c9f1bc3b31,69b1b200c29ca42626fc4cdc7d32551c9524e8f9
orgAInoid_Lens_Final,Lens_Final,E002,calibrated_non_group,0.15,92,88,38,0.4318181818181818,0.3265865204730481,0.5417708040882575,0.9565217391304348,0.0,0.7536231884057969,17.73913043478261,12.0,36,2,False,False,20260929,2264d2f6ac2fde621c6218352e3ffe14e765700f89b99c6cc03a12c9f1bc3b31,69b1b200c29ca42626fc4cdc7d32551c9524e8f9
orgAInoid_Lens_Final,Lens_Final,E002,cbes_style,0.15,92,86,38,0.4418604651162791,0.3347944558989062,0.5530464335840019,0.9347826086956522,0.0,0.7300724637681156,19.434782608695652,12.0,36,2,False,False,20260929,2264d2f6ac2fde621c6218352e3ffe14e765700f89b99c6cc03a12c9f1bc3b31,69b1b200c29ca42626fc4cdc7d32551c9524e8f9
orgAInoid_Lens_Final,Lens_Final,E002,gates_without_ood,0.15,92,83,46,0.5542168674698795,0.44100983476945826,0.6634412390850981,0.9021739130434784,0.0,0.6250000000000001,27.0,12.0,46,0,False,False,20260929,2264d2f6ac2fde621c6218352e3ffe14e765700f89b99c6cc03a12c9f1bc3b31,69b1b200c29ca42626fc4cdc7d32551c9524e8f9
orgAInoid_Lens_Final,Lens_Final,E002,gates_full,0.15,92,81,45,0.5555555555555556,0.4408856071347597,0.6660422094368795,0.8804347826086957,0.0217391304347826,0.6068840579710146,28.304347826086957,18.0,45,0,True,False,20260929,2264d2f6ac2fde621c6218352e3ffe14e765700f89b99c6cc03a12c9f1bc3b31,69b1b200c29ca42626fc4cdc7d32551c9524e8f9
orgAInoid_Lens_Final,Lens_Final,E002,calibrated_non_group,0.2,92,88,32,0.3636363636363636,0.26367364225890894,0.47305841008817096,0.9565217391304348,0.0,0.7952898550724635,14.73913043478261,12.0,29,3,False,False,20260929,2264d2f6ac2fde621c6218352e3ffe14e765700f89b99c6cc03a12c9f1bc3b31,69b1b200c29ca42626fc4cdc7d32551c9524e8f9
orgAInoid_Lens_Final,Lens_Final,E002,cbes_style,0.2,92,86,38,0.4418604651162791,0.3347944558989062,0.5530464335840019,0.9347826086956522,0.0,0.7300724637681156,19.434782608695652,12.0,36,2,False,False,20260929,2264d2f6ac2fde621c6218352e3ffe14e765700f89b99c6cc03a12c9f1bc3b31,69b1b200c29ca42626fc4cdc7d32551c9524e8f9
orgAInoid_Lens_Final,Lens_Final,E002,gates_without_ood,0.2,92,88,38,0.4318181818181818,0.3265865204730481,0.5417708040882575,0.9565217391304348,0.0,0.7536231884057969,17.73913043478261,12.0,36,2,False,False,20260929,2264d2f6ac2fde621c6218352e3ffe14e765700f89b99c6cc03a12c9f1bc3b31,69b1b200c29ca42626fc4cdc7d32551c9524e8f9
orgAInoid_Lens_Final,Lens_Final,E002,gates_full,0.2,92,86,37,0.4302325581395348,0.32388686104402276,0.5415231440806865,0.9347826086956522,0.0217391304347826,0.7355072463768113,19.043478260869566,12.0,35,2,True,False,20260929,2264d2f6ac2fde621c6218352e3ffe14e765700f89b99c6cc03a12c9f1bc3b31,69b1b200c29ca42626fc4cdc7d32551c9524e8f9
orgAInoid_Lens_Final,Lens_Final,E002,calibrated_non_group,0.3,92,88,32,0.3636363636363636,0.26367364225890894,0.47305841008817096,0.9565217391304348,0.0,0.7952898550724635,14.73913043478261,12.0,29,3,False,False,20260929,2264d2f6ac2fde621c6218352e3ffe14e765700f89b99c6cc03a12c9f1bc3b31,69b1b200c29ca42626fc4cdc7d32551c9524e8f9
orgAInoid_Lens_Final,Lens_Final,E002,cbes_style,0.3,92,86,38,0.4418604651162791,0.3347944558989062,0.5530464335840019,0.9347826086956522,0.0,0.7300724637681156,19.434782608695652,12.0,36,2,False,False,20260929,2264d2f6ac2fde621c6218352e3ffe14e765700f89b99c6cc03a12c9f1bc3b31,69b1b200c29ca42626fc4cdc7d32551c9524e8f9
orgAInoid_Lens_Final,Lens_Final,E002,gates_without_ood,0.3,92,88,32,0.3636363636363636,0.26367364225890894,0.47305841008817096,0.9565217391304348,0.0,0.7952898550724635,14.73913043478261,12.0,29,3,False,False,20260929,2264d2f6ac2fde621c6218352e3ffe14e765700f89b99c6cc03a12c9f1bc3b31,69b1b200c29ca42626fc4cdc7d32551c9524e8f9
orgAInoid_Lens_Final,Lens_Final,E002,gates_full,0.3,92,86,31,0.3604651162790697,0.2596742866504477,0.47116505266286157,0.9347826086956522,0.0217391304347826,0.7771739130434779,16.043478260869566,12.0,28,3,True,False,20260929,2264d2f6ac2fde621c6218352e3ffe14e765700f89b99c6cc03a12c9f1bc3b31,69b1b200c29ca42626fc4cdc7d32551c9524e8f9
orgAInoid_Lens_Final,Lens_Final,E004,full_protocol@none,,96,0,0,0.0,,,0.0,0.0,0.0,72.0,72.0,0,0,False,False,20260929,2264d2f6ac2fde621c6218352e3ffe14e765700f89b99c6cc03a12c9f1bc3b31,69b1b200c29ca42626fc4cdc7d32551c9524e8f9
orgAInoid_Lens_Final,Lens_Final,E004,fixed_time@12.0,,96,96,2,0.0208333333333333,0.002533046789184732,0.07323683079498762,1.0,0.0,0.8333333333333334,12.0,12.0,2,0,False,False,20260929,2264d2f6ac2fde621c6218352e3ffe14e765700f89b99c6cc03a12c9f1bc3b31,69b1b200c29ca42626fc4cdc7d32551c9524e8f9
orgAInoid_Lens_Final,Lens_Final,E004,fixed_time@24.0,,96,96,1,0.0104166666666666,0.0002636923935507685,0.056674706988314734,1.0,0.0,0.6666666666666666,24.0,24.0,1,0,False,False,20260929,2264d2f6ac2fde621c6218352e3ffe14e765700f89b99c6cc03a12c9f1bc3b31,69b1b200c29ca42626fc4cdc7d32551c9524e8f9
orgAInoid_Lens_Final,Lens_Final,E004,fixed_time@36.0,,96,96,1,0.0104166666666666,0.0002636923935507685,0.056674706988314734,1.0,0.0,0.5,36.0,36.0,1,0,False,False,20260929,2264d2f6ac2fde621c6218352e3ffe14e765700f89b99c6cc03a12c9f1bc3b31,69b1b200c29ca42626fc4cdc7d32551c9524e8f9
orgAInoid_Lens_Final,Lens_Final,E004,fixed_time@48.0,,96,96,1,0.0104166666666666,0.0002636923935507685,0.056674706988314734,1.0,0.0,0.3333333333333333,48.0,48.0,1,0,False,False,20260929,2264d2f6ac2fde621c6218352e3ffe14e765700f89b99c6cc03a12c9f1bc3b31,69b1b200c29ca42626fc4cdc7d32551c9524e8f9
orgAInoid_Lens_Final,Lens_Final,E004,fixed_time@60.0,,96,96,3,0.03125,0.006491454769864332,0.08861809966156102,1.0,0.0,0.1666666666666666,60.0,60.0,3,0,False,False,20260929,2264d2f6ac2fde621c6218352e3ffe14e765700f89b99c6cc03a12c9f1bc3b31,69b1b200c29ca42626fc4cdc7d32551c9524e8f9
orgAInoid_Lens_Final,Lens_Final,E004,naive_confidence@0.5,,96,96,2,0.0208333333333333,0.002533046789184732,0.07323683079498762,1.0,0.0,0.8333333333333334,12.0,12.0,2,0,False,False,20260929,2264d2f6ac2fde621c6218352e3ffe14e765700f89b99c6cc03a12c9f1bc3b31,69b1b200c29ca42626fc4cdc7d32551c9524e8f9
orgAInoid_Lens_Final,Lens_Final,E004,naive_confidence@0.6,,96,95,1,0.0105263157894736,0.00026646773310538797,0.05725698059313569,0.9895833333333334,0.0,0.8211805555555557,12.875,12.0,1,0,False,False,20260929,2264d2f6ac2fde621c6218352e3ffe14e765700f89b99c6cc03a12c9f1bc3b31,69b1b200c29ca42626fc4cdc7d32551c9524e8f9
orgAInoid_Lens_Final,Lens_Final,E004,naive_confidence@0.7,,96,92,1,0.0108695652173913,0.000275155702770739,0.05907785114981475,0.9583333333333334,0.0,0.7777777777777777,16.0,12.0,1,0,False,False,20260929,2264d2f6ac2fde621c6218352e3ffe14e765700f89b99c6cc03a12c9f1bc3b31,69b1b200c29ca42626fc4cdc7d32551c9524e8f9
orgAInoid_Lens_Final,Lens_Final,E004,naive_confidence@0.8,,96,79,1,0.0126582278481012,0.00032042723430426693,0.06851990948677215,0.8229166666666666,0.0,0.6649305555555555,24.125,12.0,1,0,False,False,20260929,2264d2f6ac2fde621c6218352e3ffe14e765700f89b99c6cc03a12c9f1bc3b31,69b1b200c29ca42626fc4cdc7d32551c9524e8f9
orgAInoid_Lens_Final,Lens_Final,E004,naive_confidence@0.9,,96,39,0,0.0,0.0,0.0902511009603343,0.40625,0.0,0.3194444444444445,49.0,72.0,0,0,False,False,20260929,2264d2f6ac2fde621c6218352e3ffe14e765700f89b99c6cc03a12c9f1bc3b31,69b1b200c29ca42626fc4cdc7d32551c9524e8f9
orgAInoid_Lens_Final,Lens_Final,E004,naive_confidence@0.95,,96,15,0,0.0,0.0,0.218019360910534,0.15625,0.0,0.1232638888888889,63.125,72.0,0,0,False,False,20260929,2264d2f6ac2fde621c6218352e3ffe14e765700f89b99c6cc03a12c9f1bc3b31,69b1b200c29ca42626fc4cdc7d32551c9524e8f9
orgAInoid_Lens_Final,Lens_Final,E004,naive_confidence@0.975,,96,4,0,0.0,0.0,0.6023646356164746,0.0416666666666666,0.0,0.03125,69.75,72.0,0,0,False,False,20260929,2264d2f6ac2fde621c6218352e3ffe14e765700f89b99c6cc03a12c9f1bc3b31,69b1b200c29ca42626fc4cdc7d32551c9524e8f9
orgAInoid_Lens_Final,Lens_Final,E004,naive_confidence@0.99,,96,0,0,0.0,,,0.0,0.0,0.0,72.0,72.0,0,0,False,False,20260929,2264d2f6ac2fde621c6218352e3ffe14e765700f89b99c6cc03a12c9f1bc3b31,69b1b200c29ca42626fc4cdc7d32551c9524e8f9
orgAInoid_Lens_Final,Lens_Final,E004,calibrated_non_group,0.02,96,0,0,0.0,,,0.0,0.0,0.0,72.0,72.0,0,0,False,False,20260929,2264d2f6ac2fde621c6218352e3ffe14e765700f89b99c6cc03a12c9f1bc3b31,69b1b200c29ca42626fc4cdc7d32551c9524e8f9
orgAInoid_Lens_Final,Lens_Final,E004,cbes_style,0.02,96,0,0,0.0,,,0.0,0.0,0.0,72.0,72.0,0,0,False,False,20260929,2264d2f6ac2fde621c6218352e3ffe14e765700f89b99c6cc03a12c9f1bc3b31,69b1b200c29ca42626fc4cdc7d32551c9524e8f9
orgAInoid_Lens_Final,Lens_Final,E004,gates_without_ood,0.02,96,0,0,0.0,,,0.0,0.0,0.0,72.0,72.0,0,0,False,False,20260929,2264d2f6ac2fde621c6218352e3ffe14e765700f89b99c6cc03a12c9f1bc3b31,69b1b200c29ca42626fc4cdc7d32551c9524e8f9
orgAInoid_Lens_Final,Lens_Final,E004,gates_full,0.02,96,0,0,0.0,,,0.0,0.0,0.0,72.0,72.0,0,0,True,False,20260929,2264d2f6ac2fde621c6218352e3ffe14e765700f89b99c6cc03a12c9f1bc3b31,69b1b200c29ca42626fc4cdc7d32551c9524e8f9
orgAInoid_Lens_Final,Lens_Final,E004,calibrated_non_group,0.05,96,3,0,0.0,0.0,0.7075982261787133,0.03125,0.0,0.0260416666666666,70.125,72.0,0,0,False,False,20260929,2264d2f6ac2fde621c6218352e3ffe14e765700f89b99c6cc03a12c9f1bc3b31,69b1b200c29ca42626fc4cdc7d32551c9524e8f9
orgAInoid_Lens_Final,Lens_Final,E004,cbes_style,0.05,96,0,0,0.0,,,0.0,0.0,0.0,72.0,72.0,0,0,False,False,20260929,2264d2f6ac2fde621c6218352e3ffe14e765700f89b99c6cc03a12c9f1bc3b31,69b1b200c29ca42626fc4cdc7d32551c9524e8f9
orgAInoid_Lens_Final,Lens_Final,E004,gates_without_ood,0.05,96,0,0,0.0,,,0.0,0.0,0.0,72.0,72.0,0,0,False,False,20260929,2264d2f6ac2fde621c6218352e3ffe14e765700f89b99c6cc03a12c9f1bc3b31,69b1b200c29ca42626fc4cdc7d32551c9524e8f9
orgAInoid_Lens_Final,Lens_Final,E004,gates_full,0.05,96,0,0,0.0,,,0.0,0.0,0.0,72.0,72.0,0,0,True,False,20260929,2264d2f6ac2fde621c6218352e3ffe14e765700f89b99c6cc03a12c9f1bc3b31,69b1b200c29ca42626fc4cdc7d32551c9524e8f9
orgAInoid_Lens_Final,Lens_Final,E004,calibrated_non_group,0.1,96,14,0,0.0,0.0,0.23163576165011646,0.1458333333333333,0.0,0.1145833333333333,63.75,72.0,0,0,False,False,20260929,2264d2f6ac2fde621c6218352e3ffe14e765700f89b99c6cc03a12c9f1bc3b31,69b1b200c29ca42626fc4cdc7d32551c9524e8f9
orgAInoid_Lens_Final,Lens_Final,E004,cbes_style,0.1,96,0,0,0.0,,,0.0,0.0,0.0,72.0,72.0,0,0,False,False,20260929,2264d2f6ac2fde621c6218352e3ffe14e765700f89b99c6cc03a12c9f1bc3b31,69b1b200c29ca42626fc4cdc7d32551c9524e8f9
orgAInoid_Lens_Final,Lens_Final,E004,gates_without_ood,0.1,96,11,0,0.0,0.0,0.2849141529181544,0.1145833333333333,0.0,0.0815972222222222,66.125,72.0,0,0,False,False,20260929,2264d2f6ac2fde621c6218352e3ffe14e765700f89b99c6cc03a12c9f1bc3b31,69b1b200c29ca42626fc4cdc7d32551c9524e8f9
orgAInoid_Lens_Final,Lens_Final,E004,gates_full,0.1,96,11,0,0.0,0.0,0.2849141529181544,0.1145833333333333,0.0,0.0815972222222222,66.125,72.0,0,0,True,False,20260929,2264d2f6ac2fde621c6218352e3ffe14e765700f89b99c6cc03a12c9f1bc3b31,69b1b200c29ca42626fc4cdc7d32551c9524e8f9
orgAInoid_Lens_Final,Lens_Final,E004,calibrated_non_group,0.15,96,88,1,0.0113636363636363,0.00028766098110156584,0.06169375395938655,0.9166666666666666,0.0,0.6319444444444445,26.5,24.0,1,0,False,False,20260929,2264d2f6ac2fde621c6218352e3ffe14e765700f89b99c6cc03a12c9f1bc3b31,69b1b200c29ca42626fc4cdc7d32551c9524e8f9
orgAInoid_Lens_Final,Lens_Final,E004,cbes_style,0.15,96,0,0,0.0,,,0.0,0.0,0.0,72.0,72.0,0,0,False,False,20260929,2264d2f6ac2fde621c6218352e3ffe14e765700f89b99c6cc03a12c9f1bc3b31,69b1b200c29ca42626fc4cdc7d32551c9524e8f9
orgAInoid_Lens_Final,Lens_Final,E004,gates_without_ood,0.15,96,48,1,0.0208333333333333,0.0005273152534231204,0.11069616059315227,0.5,0.0,0.2413194444444444,54.625,66.0,1,0,False,False,20260929,2264d2f6ac2fde621c6218352e3ffe14e765700f89b99c6cc03a12c9f1bc3b31,69b1b200c29ca42626fc4cdc7d32551c9524e8f9
orgAInoid_Lens_Final,Lens_Final,E004,gates_full,0.15,96,48,1,0.0208333333333333,0.0005273152534231204,0.11069616059315227,0.5,0.0,0.2413194444444444,54.625,66.0,1,0,True,False,20260929,2264d2f6ac2fde621c6218352e3ffe14e765700f89b99c6cc03a12c9f1bc3b31,69b1b200c29ca42626fc4cdc7d32551c9524e8f9
orgAInoid_Lens_Final,Lens_Final,E004,calibrated_non_group,0.2,96,95,1,0.0105263157894736,0.00026646773310538797,0.05725698059313569,0.9895833333333334,0.0,0.6805555555555557,23.0,24.0,1,0,False,False,20260929,2264d2f6ac2fde621c6218352e3ffe14e765700f89b99c6cc03a12c9f1bc3b31,69b1b200c29ca42626fc4cdc7d32551c9524e8f9
orgAInoid_Lens_Final,Lens_Final,E004,cbes_style,0.2,96,85,1,0.0117647058823529,0.0002978122096584485,0.06381287855352841,0.8854166666666666,0.0,0.1475694444444444,61.375,60.0,1,0,False,False,20260929,2264d2f6ac2fde621c6218352e3ffe14e765700f89b99c6cc03a12c9f1bc3b31,69b1b200c29ca42626fc4cdc7d32551c9524e8f9
orgAInoid_Lens_Final,Lens_Final,E004,gates_without_ood,0.2,96,89,1,0.0112359550561797,0.00028442929494880946,0.06101830434708262,0.9270833333333334,0.0,0.5798611111111112,30.25,24.0,1,0,False,False,20260929,2264d2f6ac2fde621c6218352e3ffe14e765700f89b99c6cc03a12c9f1bc3b31,69b1b200c29ca42626fc4cdc7d32551c9524e8f9
orgAInoid_Lens_Final,Lens_Final,E004,gates_full,0.2,96,89,1,0.0112359550561797,0.00028442929494880946,0.06101830434708262,0.9270833333333334,0.0,0.5798611111111112,30.25,24.0,1,0,True,False,20260929,2264d2f6ac2fde621c6218352e3ffe14e765700f89b99c6cc03a12c9f1bc3b31,69b1b200c29ca42626fc4cdc7d32551c9524e8f9
orgAInoid_Lens_Final,Lens_Final,E004,calibrated_non_group,0.3,96,96,2,0.0208333333333333,0.002533046789184732,0.07323683079498762,1.0,0.0,0.8333333333333334,12.0,12.0,2,0,False,False,20260929,2264d2f6ac2fde621c6218352e3ffe14e765700f89b99c6cc03a12c9f1bc3b31,69b1b200c29ca42626fc4cdc7d32551c9524e8f9
orgAInoid_Lens_Final,Lens_Final,E004,cbes_style,0.3,96,95,1,0.0105263157894736,0.00026646773310538797,0.05725698059313569,0.9895833333333334,0.0,0.6527777777777778,25.0,24.0,1,0,False,False,20260929,2264d2f6ac2fde621c6218352e3ffe14e765700f89b99c6cc03a12c9f1bc3b31,69b1b200c29ca42626fc4cdc7d32551c9524e8f9
orgAInoid_Lens_Final,Lens_Final,E004,gates_without_ood,0.3,96,96,1,0.0104166666666666,0.0002636923935507685,0.056674706988314734,1.0,0.0,0.8142361111111112,13.375,12.0,1,0,False,False,20260929,2264d2f6ac2fde621c6218352e3ffe14e765700f89b99c6cc03a12c9f1bc3b31,69b1b200c29ca42626fc4cdc7d32551c9524e8f9
orgAInoid_Lens_Final,Lens_Final,E004,gates_full,0.3,96,96,1,0.0104166666666666,0.0002636923935507685,0.056674706988314734,1.0,0.0,0.8142361111111112,13.375,12.0,1,0,True,False,20260929,2264d2f6ac2fde621c6218352e3ffe14e765700f89b99c6cc03a12c9f1bc3b31,69b1b200c29ca42626fc4cdc7d32551c9524e8f9
orgAInoid_Lens_Final,Lens_Final,E005,full_protocol@none,,92,0,0,0.0,,,0.0,0.0,0.0,72.0,72.0,0,0,False,False,20260929,2264d2f6ac2fde621c6218352e3ffe14e765700f89b99c6cc03a12c9f1bc3b31,69b1b200c29ca42626fc4cdc7d32551c9524e8f9
orgAInoid_Lens_Final,Lens_Final,E005,fixed_time@12.0,,92,92,29,0.3152173913043478,0.22228856438233982,0.42042563839523367,1.0,0.0,0.833333333333333,12.0,12.0,5,24,False,False,20260929,2264d2f6ac2fde621c6218352e3ffe14e765700f89b99c6cc03a12c9f1bc3b31,69b1b200c29ca42626fc4cdc7d32551c9524e8f9
orgAInoid_Lens_Final,Lens_Final,E005,fixed_time@24.0,,92,92,28,0.3043478260869565,0.21267244627550644,0.40903307297735503,1.0,0.0,0.6666666666666666,24.0,24.0,12,16,False,False,20260929,2264d2f6ac2fde621c6218352e3ffe14e765700f89b99c6cc03a12c9f1bc3b31,69b1b200c29ca42626fc4cdc7d32551c9524e8f9
orgAInoid_Lens_Final,Lens_Final,E005,fixed_time@36.0,,92,92,22,0.2391304347826087,0.156332272219672,0.3393632410490132,1.0,0.0,0.5,36.0,36.0,16,6,False,False,20260929,2264d2f6ac2fde621c6218352e3ffe14e765700f89b99c6cc03a12c9f1bc3b31,69b1b200c29ca42626fc4cdc7d32551c9524e8f9
orgAInoid_Lens_Final,Lens_Final,E005,fixed_time@48.0,,92,92,19,0.2065217391304347,0.12916000176079398,0.30356981550575485,1.0,0.0,0.3333333333333333,48.0,48.0,17,2,False,False,20260929,2264d2f6ac2fde621c6218352e3ffe14e765700f89b99c6cc03a12c9f1bc3b31,69b1b200c29ca42626fc4cdc7d32551c9524e8f9
orgAInoid_Lens_Final,Lens_Final,E005,fixed_time@60.0,,92,92,20,0.217391304347826,0.138133923245599,0.31558056798644296,1.0,0.0,0.1666666666666666,60.0,60.0,18,2,False,False,20260929,2264d2f6ac2fde621c6218352e3ffe14e765700f89b99c6cc03a12c9f1bc3b31,69b1b200c29ca42626fc4cdc7d32551c9524e8f9
orgAInoid_Lens_Final,Lens_Final,E005,naive_confidence@0.5,,92,92,29,0.3152173913043478,0.22228856438233982,0.42042563839523367,1.0,0.0,0.833333333333333,12.0,12.0,5,24,False,False,20260929,2264d2f6ac2fde621c6218352e3ffe14e765700f89b99c6cc03a12c9f1bc3b31,69b1b200c29ca42626fc4cdc7d32551c9524e8f9
orgAInoid_Lens_Final,Lens_Final,E005,naive_confidence@0.6,,92,92,26,0.2826086956521739,0.1936249206308548,0.38606839240710084,1.0,0.0,0.8134057971014491,13.434782608695652,12.0,4,22,False,False,20260929,2264d2f6ac2fde621c6218352e3ffe14e765700f89b99c6cc03a12c9f1bc3b31,69b1b200c29ca42626fc4cdc7d32551c9524e8f9
orgAInoid_Lens_Final,Lens_Final,E005,naive_confidence@0.7,,92,91,26,0.2857142857142857,0.19586581460112515,0.38998824905766255,0.9891304347826086,0.0,0.7717391304347823,16.434782608695652,12.0,7,19,False,False,20260929,2264d2f6ac2fde621c6218352e3ffe14e765700f89b99c6cc03a12c9f1bc3b31,69b1b200c29ca42626fc4cdc7d32551c9524e8f9
orgAInoid_Lens_Final,Lens_Final,E005,naive_confidence@0.8,,92,87,22,0.2528735632183908,0.1657546143626401,0.3574530200422824,0.9456521739130436,0.0,0.6992753623188404,21.652173913043477,12.0,7,15,False,False,20260929,2264d2f6ac2fde621c6218352e3ffe14e765700f89b99c6cc03a12c9f1bc3b31,69b1b200c29ca42626fc4cdc7d32551c9524e8f9
orgAInoid_Lens_Final,Lens_Final,E005,naive_confidence@0.9,,92,76,19,0.25,0.15771837956503856,0.3625558905495088,0.8260869565217391,0.0,0.5778985507246377,30.39130434782609,24.0,8,11,False,False,20260929,2264d2f6ac2fde621c6218352e3ffe14e765700f89b99c6cc03a12c9f1bc3b31,69b1b200c29ca42626fc4cdc7d32551c9524e8f9
orgAInoid_Lens_Final,Lens_Final,E005,naive_confidence@0.95,,92,61,12,0.1967213114754098,0.10599421987043237,0.3184211954292699,0.6630434782608695,0.0,0.4365942028985507,40.56521739130435,36.0,5,7,False,False,20260929,2264d2f6ac2fde621c6218352e3ffe14e765700f89b99c6cc03a12c9f1bc3b31,69b1b200c29ca42626fc4cdc7d32551c9524e8f9
orgAInoid_Lens_Final,Lens_Final,E005,naive_confidence@0.975,,92,45,7,0.1555555555555555,0.06490921200837761,0.2945516010980533,0.4891304347826087,0.0,0.3242753623188406,48.65217391304348,72.0,4,3,False,False,20260929,2264d2f6ac2fde621c6218352e3ffe14e765700f89b99c6cc03a12c9f1bc3b31,69b1b200c29ca42626fc4cdc7d32551c9524e8f9
orgAInoid_Lens_Final,Lens_Final,E005,naive_confidence@0.99,,92,34,5,0.1470588235294117,0.04952845525617741,0.31056573039512536,0.3695652173913043,0.0,0.2318840579710144,55.30434782608695,72.0,3,2,False,False,20260929,2264d2f6ac2fde621c6218352e3ffe14e765700f89b99c6cc03a12c9f1bc3b31,69b1b200c29ca42626fc4cdc7d32551c9524e8f9
orgAInoid_Lens_Final,Lens_Final,E005,calibrated_non_group,0.02,92,37,7,0.1891891891891892,0.07962112085287686,0.3515523783692543,0.4021739130434782,0.0,0.2681159420289855,52.69565217391305,72.0,3,4,False,False,20260929,2264d2f6ac2fde621c6218352e3ffe14e765700f89b99c6cc03a12c9f1bc3b31,69b1b200c29ca42626fc4cdc7d32551c9524e8f9
orgAInoid_Lens_Final,Lens_Final,E005,cbes_style,0.02,92,0,0,0.0,,,0.0,0.0,0.0,72.0,72.0,0,0,False,False,20260929,2264d2f6ac2fde621c6218352e3ffe14e765700f89b99c6cc03a12c9f1bc3b31,69b1b200c29ca42626fc4cdc7d32551c9524e8f9
orgAInoid_Lens_Final,Lens_Final,E005,gates_without_ood,0.02,92,0,0,0.0,,,0.0,0.0,0.0,72.0,72.0,0,0,False,False,20260929,2264d2f6ac2fde621c6218352e3ffe14e765700f89b99c6cc03a12c9f1bc3b31,69b1b200c29ca42626fc4cdc7d32551c9524e8f9
orgAInoid_Lens_Final,Lens_Final,E005,gates_full,0.02,92,0,0,0.0,,,0.0,0.0,0.0,72.0,72.0,0,0,True,False,20260929,2264d2f6ac2fde621c6218352e3ffe14e765700f89b99c6cc03a12c9f1bc3b31,69b1b200c29ca42626fc4cdc7d32551c9524e8f9
orgAInoid_Lens_Final,Lens_Final,E005,calibrated_non_group,0.05,92,76,21,0.2763157894736842,0.1798724275571514,0.3908570507833989,0.8260869565217391,0.0,0.6521739130434783,25.043478260869566,12.0,6,15,False,False,20260929,2264d2f6ac2fde621c6218352e3ffe14e765700f89b99c6cc03a12c9f1bc3b31,69b1b200c29ca42626fc4cdc7d32551c9524e8f9
orgAInoid_Lens_Final,Lens_Final,E005,cbes_style,0.05,92,0,0,0.0,,,0.0,0.0,0.0,72.0,72.0,0,0,False,False,20260929,2264d2f6ac2fde621c6218352e3ffe14e765700f89b99c6cc03a12c9f1bc3b31,69b1b200c29ca42626fc4cdc7d32551c9524e8f9
orgAInoid_Lens_Final,Lens_Final,E005,gates_without_ood,0.05,92,58,14,0.2413793103448276,0.13870119999212294,0.37168971619155805,0.6304347826086957,0.0,0.5253623188405797,34.17391304347826,12.0,0,14,False,False,20260929,2264d2f6ac2fde621c6218352e3ffe14e765700f89b99c6cc03a12c9f1bc3b31,69b1b200c29ca42626fc4cdc7d32551c9524e8f9
orgAInoid_Lens_Final,Lens_Final,E005,gates_full,0.05,92,31,4,0.1290322580645161,0.036301661979209046,0.29833582900779726,0.3369565217391304,0.2934782608695652,0.2807971014492754,51.78260869565217,72.0,0,4,True,False,20260929,2264d2f6ac2fde621c6218352e3ffe14e765700f89b99c6cc03a12c9f1bc3b31,69b1b200c29ca42626fc4cdc7d32551c9524e8f9
orgAInoid_Lens_Final,Lens_Final,E005,calibrated_non_group,0.1,92,81,23,0.2839506172839506,0.189261968577621,0.3950133847424343,0.8804347826086957,0.0,0.6920289855072463,22.17391304347826,12.0,7,16,False,False,20260929,2264d2f6ac2fde621c6218352e3ffe14e765700f89b99c6cc03a12c9f1bc3b31,69b1b200c29ca42626fc4cdc7d32551c9524e8f9
orgAInoid_Lens_Final,Lens_Final,E005,cbes_style,0.1,92,86,22,0.2558139534883721,0.16777747881313082,0.36130279874114213,0.9347826086956522,0.0,0.7300724637681159,19.434782608695652,12.0,5,17,False,False,20260929,2264d2f6ac2fde621c6218352e3ffe14e765700f89b99c6cc03a12c9f1bc3b31,69b1b200c29ca42626fc4cdc7d32551c9524e8f9
orgAInoid_Lens_Final,Lens_Final,E005,gates_without_ood,0.1,92,79,21,0.2658227848101265,0.17268011495801264,0.37719670402164035,0.8586956521739131,0.0,0.7028985507246377,21.39130434782609,12.0,4,17,False,False,20260929,2264d2f6ac2fde621c6218352e3ffe14e765700f89b99c6cc03a12c9f1bc3b31,69b1b200c29ca42626fc4cdc7d32551c9524e8f9
orgAInoid_Lens_Final,Lens_Final,E005,gates_full,0.1,92,41,9,0.2195121951219512,0.10560803322606103,0.3761374654340026,0.4456521739130434,0.4130434782608695,0.3695652173913043,45.391304347826086,72.0,3,6,True,False,20260929,2264d2f6ac2fde621c6218352e3ffe14e765700f89b99c6cc03a12c9f1bc3b31,69b1b200c29ca42626fc4cdc7d32551c9524e8f9
orgAInoid_Lens_Final,Lens_Final,E005,calibrated_non_group,0.15,92,87,24,0.2758620689655172,0.18541204115593127,0.38211808652824936,0.9456521739130436,0.0,0.7536231884057969,17.73913043478261,12.0,5,19,False,False,20260929,2264d2f6ac2fde621c6218352e3ffe14e765700f89b99c6cc03a12c9f1bc3b31,69b1b200c29ca42626fc4cdc7d32551c9524e8f9
orgAInoid_Lens_Final,Lens_Final,E005,cbes_style,0.15,92,89,23,0.2584269662921348,0.17140361256823744,0.36211990561470697,0.967391304347826,0.0,0.7409420289855071,18.652173913043477,12.0,6,17,False,False,20260929,2264d2f6ac2fde621c6218352e3ffe14e765700f89b99c6cc03a12c9f1bc3b31,69b1b200c29ca42626fc4cdc7d32551c9524e8f9
orgAInoid_Lens_Final,Lens_Final,E005,gates_without_ood,0.15,92,88,24,0.2727272727272727,0.1831957536281964,0.37810440345847424,0.9565217391304348,0.0,0.7916666666666664,15.0,12.0,4,20,False,False,20260929,2264d2f6ac2fde621c6218352e3ffe14e765700f89b99c6cc03a12c9f1bc3b31,69b1b200c29ca42626fc4cdc7d32551c9524e8f9
orgAInoid_Lens_Final,Lens_Final,E005,gates_full,0.15,92,47,10,0.2127659574468085,0.10703247715478562,0.3566369877629926,0.5108695652173914,0.4456521739130434,0.4221014492753623,41.608695652173914,24.0,4,6,True,False,20260929,2264d2f6ac2fde621c6218352e3ffe14e765700f89b99c6cc03a12c9f1bc3b31,69b1b200c29ca42626fc4cdc7d32551c9524e8f9
orgAInoid_Lens_Final,Lens_Final,E005,calibrated_non_group,0.2,92,92,26,0.2826086956521739,0.1936249206308548,0.38606839240710084,1.0,0.0,0.8206521739130431,12.91304347826087,12.0,4,22,False,False,20260929,2264d2f6ac2fde621c6218352e3ffe14e765700f89b99c6cc03a12c9f1bc3b31,69b1b200c29ca42626fc4cdc7d32551c9524e8f9
orgAInoid_Lens_Final,Lens_Final,E005,cbes_style,0.2,92,89,23,0.2584269662921348,0.17140361256823744,0.36211990561470697,0.967391304347826,0.0,0.7409420289855071,18.652173913043477,12.0,6,17,False,False,20260929,2264d2f6ac2fde621c6218352e3ffe14e765700f89b99c6cc03a12c9f1bc3b31,69b1b200c29ca42626fc4cdc7d32551c9524e8f9
orgAInoid_Lens_Final,Lens_Final,E005,gates_without_ood,0.2,92,92,28,0.3043478260869565,0.21267244627550644,0.40903307297735503,1.0,0.0,0.8315217391304345,12.130434782608695,12.0,5,23,False,False,20260929,2264d2f6ac2fde621c6218352e3ffe14e765700f89b99c6cc03a12c9f1bc3b31,69b1b200c29ca42626fc4cdc7d32551c9524e8f9
orgAInoid_Lens_Final,Lens_Final,E005,gates_full,0.2,92,49,11,0.2244897959183673,0.11774342055419097,0.3662430188592762,0.532608695652174,0.4673913043478261,0.4420289855072464,40.17391304347826,12.0,5,6,True,False,20260929,2264d2f6ac2fde621c6218352e3ffe14e765700f89b99c6cc03a12c9f1bc3b31,69b1b200c29ca42626fc4cdc7d32551c9524e8f9
orgAInoid_Lens_Final,Lens_Final,E005,calibrated_non_group,0.3,92,92,28,0.3043478260869565,0.21267244627550644,0.40903307297735503,1.0,0.0,0.8315217391304345,12.130434782608695,12.0,5,23,False,False,20260929,2264d2f6ac2fde621c6218352e3ffe14e765700f89b99c6cc03a12c9f1bc3b31,69b1b200c29ca42626fc4cdc7d32551c9524e8f9
orgAInoid_Lens_Final,Lens_Final,E005,cbes_style,0.3,92,91,24,0.2637362637362637,0.17685483487497045,0.36654916642263813,0.9891304347826086,0.0,0.744565217391304,18.39130434782609,12.0,6,18,False,False,20260929,2264d2f6ac2fde621c6218352e3ffe14e765700f89b99c6cc03a12c9f1bc3b31,69b1b200c29ca42626fc4cdc7d32551c9524e8f9
orgAInoid_Lens_Final,Lens_Final,E005,gates_without_ood,0.3,92,92,28,0.3043478260869565,0.21267244627550644,0.40903307297735503,1.0,0.0,0.8315217391304345,12.130434782608695,12.0,5,23,False,False,20260929,2264d2f6ac2fde621c6218352e3ffe14e765700f89b99c6cc03a12c9f1bc3b31,69b1b200c29ca42626fc4cdc7d32551c9524e8f9
orgAInoid_Lens_Final,Lens_Final,E005,gates_full,0.3,92,49,11,0.2244897959183673,0.11774342055419097,0.3662430188592762,0.532608695652174,0.4673913043478261,0.4420289855072464,40.17391304347826,12.0,5,6,True,False,20260929,2264d2f6ac2fde621c6218352e3ffe14e765700f89b99c6cc03a12c9f1bc3b31,69b1b200c29ca42626fc4cdc7d32551c9524e8f9
orgAInoid_Lens_Final,Lens_Final,E006,full_protocol@none,,95,0,0,0.0,,,0.0,0.0,0.0,72.0,72.0,0,0,False,False,20260929,2264d2f6ac2fde621c6218352e3ffe14e765700f89b99c6cc03a12c9f1bc3b31,69b1b200c29ca42626fc4cdc7d32551c9524e8f9
orgAInoid_Lens_Final,Lens_Final,E006,fixed_time@12.0,,95,95,14,0.1473684210526315,0.08297541325063439,0.23488221103981047,1.0,0.0,0.8333333333333329,12.0,12.0,12,2,False,False,20260929,2264d2f6ac2fde621c6218352e3ffe14e765700f89b99c6cc03a12c9f1bc3b31,69b1b200c29ca42626fc4cdc7d32551c9524e8f9
orgAInoid_Lens_Final,Lens_Final,E006,fixed_time@24.0,,95,95,18,0.1894736842105263,0.11633482391822816,0.28281870959966465,1.0,0.0,0.6666666666666665,24.0,24.0,9,9,False,False,20260929,2264d2f6ac2fde621c6218352e3ffe14e765700f89b99c6cc03a12c9f1bc3b31,69b1b200c29ca42626fc4cdc7d32551c9524e8f9
orgAInoid_Lens_Final,Lens_Final,E006,fixed_time@36.0,,95,95,16,0.1684210526315789,0.09944374835874291,0.2590481944922759,1.0,0.0,0.5,36.0,36.0,6,10,False,False,20260929,2264d2f6ac2fde621c6218352e3ffe14e765700f89b99c6cc03a12c9f1bc3b31,69b1b200c29ca42626fc4cdc7d32551c9524e8f9
orgAInoid_Lens_Final,Lens_Final,E006,fixed_time@48.0,,95,95,29,0.3052631578947368,0.21487909038501732,0.40817991496795614,1.0,0.0,0.3333333333333332,48.0,48.0,2,27,False,False,20260929,2264d2f6ac2fde621c6218352e3ffe14e765700f89b99c6cc03a12c9f1bc3b31,69b1b200c29ca42626fc4cdc7d32551c9524e8f9
orgAInoid_Lens_Final,Lens_Final,E006,fixed_time@60.0,,95,95,31,0.3263157894736842,0.23361502092382586,0.4301816157903862,1.0,0.0,0.1666666666666666,60.0,60.0,3,28,False,False,20260929,2264d2f6ac2fde621c6218352e3ffe14e765700f89b99c6cc03a12c9f1bc3b31,69b1b200c29ca42626fc4cdc7d32551c9524e8f9
orgAInoid_Lens_Final,Lens_Final,E006,naive_confidence@0.5,,95,95,14,0.1473684210526315,0.08297541325063439,0.23488221103981047,1.0,0.0,0.8333333333333329,12.0,12.0,12,2,False,False,20260929,2264d2f6ac2fde621c6218352e3ffe14e765700f89b99c6cc03a12c9f1bc3b31,69b1b200c29ca42626fc4cdc7d32551c9524e8f9
orgAInoid_Lens_Final,Lens_Final,E006,naive_confidence@0.6,,95,95,13,0.1368421052631579,0.07492246533367615,0.2226312492173608,1.0,0.0,0.801754385964912,14.273684210526316,12.0,10,3,False,False,20260929,2264d2f6ac2fde621c6218352e3ffe14e765700f89b99c6cc03a12c9f1bc3b31,69b1b200c29ca42626fc4cdc7d32551c9524e8f9
orgAInoid_Lens_Final,Lens_Final,E006,naive_confidence@0.7,,95,90,13,0.1444444444444444,0.07921316249743611,0.23433156234070557,0.9473684210526316,0.0,0.7070175438596489,21.094736842105263,12.0,7,6,False,False,20260929,2264d2f6ac2fde621c6218352e3ffe14e765700f89b99c6cc03a12c9f1bc3b31,69b1b200c29ca42626fc4cdc7d32551c9524e8f9
orgAInoid_Lens_Final,Lens_Final,E006,naive_confidence@0.8,,95,79,10,0.1265822784810126,0.062404322220757674,0.22049422148124748,0.8315789473684211,0.0,0.5789473684210527,30.31578947368421,12.0,4,6,False,False,20260929,2264d2f6ac2fde621c6218352e3ffe14e765700f89b99c6cc03a12c9f1bc3b31,69b1b200c29ca42626fc4cdc7d32551c9524e8f9
orgAInoid_Lens_Final,Lens_Final,E006,naive_confidence@0.9,,95,52,5,0.0961538461538461,0.03196423637692167,0.21029747193932538,0.5473684210526316,0.0,0.3754385964912281,44.96842105263158,48.0,2,3,False,False,20260929,2264d2f6ac2fde621c6218352e3ffe14e765700f89b99c6cc03a12c9f1bc3b31,69b1b200c29ca42626fc4cdc7d32551c9524e8f9
orgAInoid_Lens_Final,Lens_Final,E006,naive_confidence@0.95,,95,24,2,0.0833333333333333,0.010256341281250157,0.26997280155760356,0.2526315789473684,0.0,0.1456140350877193,61.51578947368421,72.0,0,2,False,False,20260929,2264d2f6ac2fde621c6218352e3ffe14e765700f89b99c6cc03a12c9f1bc3b31,69b1b200c29ca42626fc4cdc7d32551c9524e8f9
orgAInoid_Lens_Final,Lens_Final,E006,naive_confidence@0.975,,95,14,1,0.0714285714285714,0.0018067806591253882,0.33868448993182126,0.1473684210526315,0.0,0.0807017543859649,66.18947368421053,72.0,0,1,False,False,20260929,2264d2f6ac2fde621c6218352e3ffe14e765700f89b99c6cc03a12c9f1bc3b31,69b1b200c29ca42626fc4cdc7d32551c9524e8f9
orgAInoid_Lens_Final,Lens_Final,E006,naive_confidence@0.99,,95,5,0,0.0,0.0,0.5218237501049814,0.0526315789473684,0.0,0.0333333333333333,69.6,72.0,0,0,False,False,20260929,2264d2f6ac2fde621c6218352e3ffe14e765700f89b99c6cc03a12c9f1bc3b31,69b1b200c29ca42626fc4cdc7d32551c9524e8f9
orgAInoid_Lens_Final,Lens_Final,E006,calibrated_non_group,0.02,95,0,0,0.0,,,0.0,0.0,0.0,72.0,72.0,0,0,False,False,20260929,2264d2f6ac2fde621c6218352e3ffe14e765700f89b99c6cc03a12c9f1bc3b31,69b1b200c29ca42626fc4cdc7d32551c9524e8f9
orgAInoid_Lens_Final,Lens_Final,E006,cbes_style,0.02,95,0,0,0.0,,,0.0,0.0,0.0,72.0,72.0,0,0,False,False,20260929,2264d2f6ac2fde621c6218352e3ffe14e765700f89b99c6cc03a12c9f1bc3b31,69b1b200c29ca42626fc4cdc7d32551c9524e8f9
orgAInoid_Lens_Final,Lens_Final,E006,gates_without_ood,0.02,95,0,0,0.0,,,0.0,0.0,0.0,72.0,72.0,0,0,False,False,20260929,2264d2f6ac2fde621c6218352e3ffe14e765700f89b99c6cc03a12c9f1bc3b31,69b1b200c29ca42626fc4cdc7d32551c9524e8f9
orgAInoid_Lens_Final,Lens_Final,E006,gates_full,0.02,95,0,0,0.0,,,0.0,0.0,0.0,72.0,72.0,0,0,True,False,20260929,2264d2f6ac2fde621c6218352e3ffe14e765700f89b99c6cc03a12c9f1bc3b31,69b1b200c29ca42626fc4cdc7d32551c9524e8f9
orgAInoid_Lens_Final,Lens_Final,E006,calibrated_non_group,0.05,95,0,0,0.0,,,0.0,0.0,0.0,72.0,72.0,0,0,False,False,20260929,2264d2f6ac2fde621c6218352e3ffe14e765700f89b99c6cc03a12c9f1bc3b31,69b1b200c29ca42626fc4cdc7d32551c9524e8f9
orgAInoid_Lens_Final,Lens_Final,E006,cbes_style,0.05,95,0,0,0.0,,,0.0,0.0,0.0,72.0,72.0,0,0,False,False,20260929,2264d2f6ac2fde621c6218352e3ffe14e765700f89b99c6cc03a12c9f1bc3b31,69b1b200c29ca42626fc4cdc7d32551c9524e8f9
orgAInoid_Lens_Final,Lens_Final,E006,gates_without_ood,0.05,95,0,0,0.0,,,0.0,0.0,0.0,72.0,72.0,0,0,False,False,20260929,2264d2f6ac2fde621c6218352e3ffe14e765700f89b99c6cc03a12c9f1bc3b31,69b1b200c29ca42626fc4cdc7d32551c9524e8f9
orgAInoid_Lens_Final,Lens_Final,E006,gates_full,0.05,95,0,0,0.0,,,0.0,0.0,0.0,72.0,72.0,0,0,True,False,20260929,2264d2f6ac2fde621c6218352e3ffe14e765700f89b99c6cc03a12c9f1bc3b31,69b1b200c29ca42626fc4cdc7d32551c9524e8f9
orgAInoid_Lens_Final,Lens_Final,E006,calibrated_non_group,0.1,95,45,4,0.0888888888888888,0.024752957783469056,0.21221173695433962,0.4736842105263157,0.0,0.3526315789473684,46.61052631578947,72.0,3,1,False,False,20260929,2264d2f6ac2fde621c6218352e3ffe14e765700f89b99c6cc03a12c9f1bc3b31,69b1b200c29ca42626fc4cdc7d32551c9524e8f9
orgAInoid_Lens_Final,Lens_Final,E006,cbes_style,0.1,95,0,0,0.0,,,0.0,0.0,0.0,72.0,72.0,0,0,False,False,20260929,2264d2f6ac2fde621c6218352e3ffe14e765700f89b99c6cc03a12c9f1bc3b31,69b1b200c29ca42626fc4cdc7d32551c9524e8f9
orgAInoid_Lens_Final,Lens_Final,E006,gates_without_ood,0.1,95,0,0,0.0,,,0.0,0.0,0.0,72.0,72.0,0,0,False,False,20260929,2264d2f6ac2fde621c6218352e3ffe14e765700f89b99c6cc03a12c9f1bc3b31,69b1b200c29ca42626fc4cdc7d32551c9524e8f9
orgAInoid_Lens_Final,Lens_Final,E006,gates_full,0.1,95,0,0,0.0,,,0.0,0.0,0.0,72.0,72.0,0,0,True,False,20260929,2264d2f6ac2fde621c6218352e3ffe14e765700f89b99c6cc03a12c9f1bc3b31,69b1b200c29ca42626fc4cdc7d32551c9524e8f9
orgAInoid_Lens_Final,Lens_Final,E006,calibrated_non_group,0.15,95,50,5,0.1,0.03327509358902249,0.21813536643420228,0.5263157894736842,0.0,0.3754385964912282,44.96842105263158,60.0,3,2,False,False,20260929,2264d2f6ac2fde621c6218352e3ffe14e765700f89b99c6cc03a12c9f1bc3b31,69b1b200c29ca42626fc4cdc7d32551c9524e8f9
orgAInoid_Lens_Final,Lens_Final,E006,cbes_style,0.15,95,0,0,0.0,,,0.0,0.0,0.0,72.0,72.0,0,0,False,False,20260929,2264d2f6ac2fde621c6218352e3ffe14e765700f89b99c6cc03a12c9f1bc3b31,69b1b200c29ca42626fc4cdc7d32551c9524e8f9
orgAInoid_Lens_Final,Lens_Final,E006,gates_without_ood,0.15,95,0,0,0.0,,,0.0,0.0,0.0,72.0,72.0,0,0,False,False,20260929,2264d2f6ac2fde621c6218352e3ffe14e765700f89b99c6cc03a12c9f1bc3b31,69b1b200c29ca42626fc4cdc7d32551c9524e8f9
orgAInoid_Lens_Final,Lens_Final,E006,gates_full,0.15,95,0,0,0.0,,,0.0,0.0,0.0,72.0,72.0,0,0,True,False,20260929,2264d2f6ac2fde621c6218352e3ffe14e765700f89b99c6cc03a12c9f1bc3b31,69b1b200c29ca42626fc4cdc7d32551c9524e8f9
orgAInoid_Lens_Final,Lens_Final,E006,calibrated_non_group,0.2,95,57,5,0.087719298245614,0.029098582817102384,0.19295733056970332,0.6,0.0,0.4508771929824563,39.536842105263155,24.0,3,2,False,False,20260929,2264d2f6ac2fde621c6218352e3ffe14e765700f89b99c6cc03a12c9f1bc3b31,69b1b200c29ca42626fc4cdc7d32551c9524e8f9
orgAInoid_Lens_Final,Lens_Final,E006,cbes_style,0.2,95,71,7,0.0985915492957746,0.04056616008779512,0.1926438677560831,0.7473684210526316,0.0,0.6228070175438597,27.157894736842103,12.0,7,0,False,False,20260929,2264d2f6ac2fde621c6218352e3ffe14e765700f89b99c6cc03a12c9f1bc3b31,69b1b200c29ca42626fc4cdc7d32551c9524e8f9
orgAInoid_Lens_Final,Lens_Final,E006,gates_without_ood,0.2,95,46,3,0.0652173913043478,0.013656771913445595,0.17896438887275118,0.4842105263157895,0.0,0.3912280701754387,43.83157894736842,72.0,3,0,False,False,20260929,2264d2f6ac2fde621c6218352e3ffe14e765700f89b99c6cc03a12c9f1bc3b31,69b1b200c29ca42626fc4cdc7d32551c9524e8f9
orgAInoid_Lens_Final,Lens_Final,E006,gates_full,0.2,95,32,2,0.0625,0.007660736346456388,0.20806942989500746,0.3368421052631579,0.1473684210526315,0.2684210526315789,52.67368421052632,72.0,2,0,True,False,20260929,2264d2f6ac2fde621c6218352e3ffe14e765700f89b99c6cc03a12c9f1bc3b31,69b1b200c29ca42626fc4cdc7d32551c9524e8f9
orgAInoid_Lens_Final,Lens_Final,E006,calibrated_non_group,0.3,95,64,7,0.109375,0.04512102018711486,0.2124572259554024,0.6736842105263158,0.0,0.4947368421052632,36.37894736842105,24.0,3,4,False,False,20260929,2264d2f6ac2fde621c6218352e3ffe14e765700f89b99c6cc03a12c9f1bc3b31,69b1b200c29ca42626fc4cdc7d32551c9524e8f9
orgAInoid_Lens_Final,Lens_Final,E006,cbes_style,0.3,95,71,7,0.0985915492957746,0.04056616008779512,0.1926438677560831,0.7473684210526316,0.0,0.6228070175438597,27.157894736842103,12.0,7,0,False,False,20260929,2264d2f6ac2fde621c6218352e3ffe14e765700f89b99c6cc03a12c9f1bc3b31,69b1b200c29ca42626fc4cdc7d32551c9524e8f9
orgAInoid_Lens_Final,Lens_Final,E006,gates_without_ood,0.3,95,52,3,0.0576923076923076,0.012059318026738427,0.15947335863859088,0.5473684210526316,0.0,0.4438596491228071,40.04210526315789,24.0,3,0,False,False,20260929,2264d2f6ac2fde621c6218352e3ffe14e765700f89b99c6cc03a12c9f1bc3b31,69b1b200c29ca42626fc4cdc7d32551c9524e8f9
orgAInoid_Lens_Final,Lens_Final,E006,gates_full,0.3,95,38,2,0.0526315789473684,0.0064387167150919125,0.1774905903476408,0.4,0.1473684210526315,0.3210526315789473,48.88421052631579,72.0,2,0,True,False,20260929,2264d2f6ac2fde621c6218352e3ffe14e765700f89b99c6cc03a12c9f1bc3b31,69b1b200c29ca42626fc4cdc7d32551c9524e8f9
orgAInoid_Lens_Final,Lens_Final,E007,full_protocol@none,,93,0,0,0.0,,,0.0,0.0,0.0,72.0,72.0,0,0,False,False,20260929,2264d2f6ac2fde621c6218352e3ffe14e765700f89b99c6cc03a12c9f1bc3b31,69b1b200c29ca42626fc4cdc7d32551c9524e8f9
orgAInoid_Lens_Final,Lens_Final,E007,fixed_time@12.0,,93,93,23,0.2473118279569892,0.16368489661265712,0.3476286284088927,1.0,0.0,0.833333333333333,12.0,12.0,2,21,False,False,20260929,2264d2f6ac2fde621c6218352e3ffe14e765700f89b99c6cc03a12c9f1bc3b31,69b1b200c29ca42626fc4cdc7d32551c9524e8f9
orgAInoid_Lens_Final,Lens_Final,E007,fixed_time@24.0,,93,93,39,0.4193548387096774,0.3177704731622234,0.5262198478715526,1.0,0.0,0.6666666666666666,24.0,24.0,1,38,False,False,20260929,2264d2f6ac2fde621c6218352e3ffe14e765700f89b99c6cc03a12c9f1bc3b31,69b1b200c29ca42626fc4cdc7d32551c9524e8f9
orgAInoid_Lens_Final,Lens_Final,E007,fixed_time@36.0,,93,93,57,0.6129032258064516,0.5062385869468705,0.7121690741233864,1.0,0.0,0.5,36.0,36.0,4,53,False,False,20260929,2264d2f6ac2fde621c6218352e3ffe14e765700f89b99c6cc03a12c9f1bc3b31,69b1b200c29ca42626fc4cdc7d32551c9524e8f9
orgAInoid_Lens_Final,Lens_Final,E007,fixed_time@48.0,,93,93,64,0.6881720430107527,0.5837360852258512,0.7802376659983818,1.0,0.0,0.3333333333333333,48.0,48.0,1,63,False,False,20260929,2264d2f6ac2fde621c6218352e3ffe14e765700f89b99c6cc03a12c9f1bc3b31,69b1b200c29ca42626fc4cdc7d32551c9524e8f9
orgAInoid_Lens_Final,Lens_Final,E007,fixed_time@60.0,,93,93,64,0.6881720430107527,0.5837360852258512,0.7802376659983818,1.0,0.0,0.1666666666666666,60.0,60.0,0,64,False,False,20260929,2264d2f6ac2fde621c6218352e3ffe14e765700f89b99c6cc03a12c9f1bc3b31,69b1b200c29ca42626fc4cdc7d32551c9524e8f9
orgAInoid_Lens_Final,Lens_Final,E007,naive_confidence@0.5,,93,93,23,0.2473118279569892,0.16368489661265712,0.3476286284088927,1.0,0.0,0.833333333333333,12.0,12.0,2,21,False,False,20260929,2264d2f6ac2fde621c6218352e3ffe14e765700f89b99c6cc03a12c9f1bc3b31,69b1b200c29ca42626fc4cdc7d32551c9524e8f9
orgAInoid_Lens_Final,Lens_Final,E007,naive_confidence@0.6,,93,93,30,0.3225806451612903,0.22932340821178923,0.4274945671253294,1.0,0.0,0.7670250896057346,16.774193548387096,12.0,1,29,False,False,20260929,2264d2f6ac2fde621c6218352e3ffe14e765700f89b99c6cc03a12c9f1bc3b31,69b1b200c29ca42626fc4cdc7d32551c9524e8f9
orgAInoid_Lens_Final,Lens_Final,E007,naive_confidence@0.7,,93,90,35,0.3888888888888889,0.2878622945428303,0.49744289404273456,0.967741935483871,0.0,0.6756272401433692,23.35483870967742,12.0,1,34,False,False,20260929,2264d2f6ac2fde621c6218352e3ffe14e765700f89b99c6cc03a12c9f1bc3b31,69b1b200c29ca42626fc4cdc7d32551c9524e8f9
orgAInoid_Lens_Final,Lens_Final,E007,naive_confidence@0.8,,93,78,42,0.5384615384615384,0.4218420419702264,0.6520725556184493,0.8387096774193549,0.0,0.485663082437276,37.03225806451613,36.0,0,42,False,False,20260929,2264d2f6ac2fde621c6218352e3ffe14e765700f89b99c6cc03a12c9f1bc3b31,69b1b200c29ca42626fc4cdc7d32551c9524e8f9
orgAInoid_Lens_Final,Lens_Final,E007,naive_confidence@0.9,,93,52,35,0.6730769230769231,0.528946760547548,0.7967022121808968,0.5591397849462365,0.0,0.2473118279569891,54.193548387096776,48.0,0,35,False,False,20260929,2264d2f6ac2fde621c6218352e3ffe14e765700f89b99c6cc03a12c9f1bc3b31,69b1b200c29ca42626fc4cdc7d32551c9524e8f9
orgAInoid_Lens_Final,Lens_Final,E007,naive_confidence@0.95,,93,31,18,0.5806451612903226,0.39075922249209244,0.7545240492613484,0.3333333333333333,0.0,0.1505376344086021,61.16129032258065,72.0,0,18,False,False,20260929,2264d2f6ac2fde621c6218352e3ffe14e765700f89b99c6cc03a12c9f1bc3b31,69b1b200c29ca42626fc4cdc7d32551c9524e8f9
orgAInoid_Lens_Final,Lens_Final,E007,naive_confidence@0.975,,93,11,6,0.5454545454545454,0.23379359765934518,0.8325119059362929,0.1182795698924731,0.0,0.0519713261648745,68.25806451612904,72.0,0,6,False,False,20260929,2264d2f6ac2fde621c6218352e3ffe14e765700f89b99c6cc03a12c9f1bc3b31,69b1b200c29ca42626fc4cdc7d32551c9524e8f9
orgAInoid_Lens_Final,Lens_Final,E007,naive_confidence@0.99,,93,5,2,0.4,0.052744950526316926,0.853367200365327,0.053763440860215,0.0,0.028673835125448,69.93548387096774,72.0,0,2,False,False,20260929,2264d2f6ac2fde621c6218352e3ffe14e765700f89b99c6cc03a12c9f1bc3b31,69b1b200c29ca42626fc4cdc7d32551c9524e8f9
orgAInoid_Lens_Final,Lens_Final,E007,calibrated_non_group,0.02,93,32,19,0.59375,0.40644924657647635,0.7630158994482569,0.3440860215053763,0.0,0.1254480286738351,62.96774193548387,72.0,0,19,False,False,20260929,2264d2f6ac2fde621c6218352e3ffe14e765700f89b99c6cc03a12c9f1bc3b31,69b1b200c29ca42626fc4cdc7d32551c9524e8f9
orgAInoid_Lens_Final,Lens_Final,E007,cbes_style,0.02,93,0,0,0.0,,,0.0,0.0,0.0,72.0,72.0,0,0,False,False,20260929,2264d2f6ac2fde621c6218352e3ffe14e765700f89b99c6cc03a12c9f1bc3b31,69b1b200c29ca42626fc4cdc7d32551c9524e8f9
orgAInoid_Lens_Final,Lens_Final,E007,gates_without_ood,0.02,93,0,0,0.0,,,0.0,0.0,0.0,72.0,72.0,0,0,False,False,20260929,2264d2f6ac2fde621c6218352e3ffe14e765700f89b99c6cc03a12c9f1bc3b31,69b1b200c29ca42626fc4cdc7d32551c9524e8f9
orgAInoid_Lens_Final,Lens_Final,E007,gates_full,0.02,93,0,0,0.0,,,0.0,0.0,0.0,72.0,72.0,0,0,True,False,20260929,2264d2f6ac2fde621c6218352e3ffe14e765700f89b99c6cc03a12c9f1bc3b31,69b1b200c29ca42626fc4cdc7d32551c9524e8f9
orgAInoid_Lens_Final,Lens_Final,E007,calibrated_non_group,0.05,93,52,35,0.6730769230769231,0.528946760547548,0.7967022121808968,0.5591397849462365,0.0,0.2526881720430107,53.806451612903224,48.0,0,35,False,False,20260929,2264d2f6ac2fde621c6218352e3ffe14e765700f89b99c6cc03a12c9f1bc3b31,69b1b200c29ca42626fc4cdc7d32551c9524e8f9
orgAInoid_Lens_Final,Lens_Final,E007,cbes_style,0.05,93,0,0,0.0,,,0.0,0.0,0.0,72.0,72.0,0,0,False,False,20260929,2264d2f6ac2fde621c6218352e3ffe14e765700f89b99c6cc03a12c9f1bc3b31,69b1b200c29ca42626fc4cdc7d32551c9524e8f9
orgAInoid_Lens_Final,Lens_Final,E007,gates_without_ood,0.05,93,0,0,0.0,,,0.0,0.0,0.0,72.0,72.0,0,0,False,False,20260929,2264d2f6ac2fde621c6218352e3ffe14e765700f89b99c6cc03a12c9f1bc3b31,69b1b200c29ca42626fc4cdc7d32551c9524e8f9
orgAInoid_Lens_Final,Lens_Final,E007,gates_full,0.05,93,0,0,0.0,,,0.0,0.0,0.0,72.0,72.0,0,0,True,False,20260929,2264d2f6ac2fde621c6218352e3ffe14e765700f89b99c6cc03a12c9f1bc3b31,69b1b200c29ca42626fc4cdc7d32551c9524e8f9
orgAInoid_Lens_Final,Lens_Final,E007,calibrated_non_group,0.1,93,67,42,0.6268656716417911,0.5001047440198191,0.7420258372963094,0.7204301075268817,0.0,0.3548387096774194,46.45161290322581,48.0,0,42,False,False,20260929,2264d2f6ac2fde621c6218352e3ffe14e765700f89b99c6cc03a12c9f1bc3b31,69b1b200c29ca42626fc4cdc7d32551c9524e8f9
orgAInoid_Lens_Final,Lens_Final,E007,cbes_style,0.1,93,0,0,0.0,,,0.0,0.0,0.0,72.0,72.0,0,0,False,False,20260929,2264d2f6ac2fde621c6218352e3ffe14e765700f89b99c6cc03a12c9f1bc3b31,69b1b200c29ca42626fc4cdc7d32551c9524e8f9
orgAInoid_Lens_Final,Lens_Final,E007,gates_without_ood,0.1,93,60,46,0.7666666666666667,0.6396172128942424,0.866162656111152,0.6451612903225806,0.0,0.2473118279569892,54.193548387096776,48.0,0,46,False,False,20260929,2264d2f6ac2fde621c6218352e3ffe14e765700f89b99c6cc03a12c9f1bc3b31,69b1b200c29ca42626fc4cdc7d32551c9524e8f9
orgAInoid_Lens_Final,Lens_Final,E007,gates_full,0.1,93,33,27,0.8181818181818182,0.6453994405497311,0.93021211633369,0.3548387096774194,0.2903225806451613,0.1344086021505376,62.32258064516129,72.0,0,27,True,False,20260929,2264d2f6ac2fde621c6218352e3ffe14e765700f89b99c6cc03a12c9f1bc3b31,69b1b200c29ca42626fc4cdc7d32551c9524e8f9
orgAInoid_Lens_Final,Lens_Final,E007,calibrated_non_group,0.15,93,85,42,0.4941176470588235,0.3838555826036963,0.604801351409194,0.913978494623656,0.0,0.5501792114695341,32.38709677419355,36.0,1,41,False,False,20260929,2264d2f6ac2fde621c6218352e3ffe14e765700f89b99c6cc03a12c9f1bc3b31,69b1b200c29ca42626fc4cdc7d32551c9524e8f9
orgAInoid_Lens_Final,Lens_Final,E007,cbes_style,0.15,93,0,0,0.0,,,0.0,0.0,0.0,72.0,72.0,0,0,False,False,20260929,2264d2f6ac2fde621c6218352e3ffe14e765700f89b99c6cc03a12c9f1bc3b31,69b1b200c29ca42626fc4cdc7d32551c9524e8f9
orgAInoid_Lens_Final,Lens_Final,E007,gates_without_ood,0.15,93,62,47,0.7580645161290323,0.6325502928140554,0.857813964151982,0.6666666666666666,0.0,0.2562724014336918,53.54838709677419,48.0,0,47,False,False,20260929,2264d2f6ac2fde621c6218352e3ffe14e765700f89b99c6cc03a12c9f1bc3b31,69b1b200c29ca42626fc4cdc7d32551c9524e8f9
orgAInoid_Lens_Final,Lens_Final,E007,gates_full,0.15,93,34,28,0.8235294117647058,0.6546848689318661,0.932359347317243,0.3655913978494624,0.3010752688172043,0.1415770609318996,61.806451612903224,72.0,0,28,True,False,20260929,2264d2f6ac2fde621c6218352e3ffe14e765700f89b99c6cc03a12c9f1bc3b31,69b1b200c29ca42626fc4cdc7d32551c9524e8f9
orgAInoid_Lens_Final,Lens_Final,E007,calibrated_non_group,0.2,93,86,52,0.6046511627906976,0.49339046951067567,0.708488637724507,0.9247311827956988,0.0,0.4444444444444445,40.0,36.0,1,51,False,False,20260929,2264d2f6ac2fde621c6218352e3ffe14e765700f89b99c6cc03a12c9f1bc3b31,69b1b200c29ca42626fc4cdc7d32551c9524e8f9
orgAInoid_Lens_Final,Lens_Final,E007,cbes_style,0.2,93,0,0,0.0,,,0.0,0.0,0.0,72.0,72.0,0,0,False,False,20260929,2264d2f6ac2fde621c6218352e3ffe14e765700f89b99c6cc03a12c9f1bc3b31,69b1b200c29ca42626fc4cdc7d32551c9524e8f9
orgAInoid_Lens_Final,Lens_Final,E007,gates_without_ood,0.2,93,84,57,0.6785714285714286,0.5677575201996715,0.7763737796048662,0.9032258064516128,0.0,0.4032258064516128,42.96774193548387,36.0,1,56,False,False,20260929,2264d2f6ac2fde621c6218352e3ffe14e765700f89b99c6cc03a12c9f1bc3b31,69b1b200c29ca42626fc4cdc7d32551c9524e8f9
orgAInoid_Lens_Final,Lens_Final,E007,gates_full,0.2,93,49,40,0.8163265306122449,0.6797787855711315,0.9124096646871527,0.5268817204301075,0.3763440860215054,0.2455197132616487,54.32258064516129,48.0,1,39,True,False,20260929,2264d2f6ac2fde621c6218352e3ffe14e765700f89b99c6cc03a12c9f1bc3b31,69b1b200c29ca42626fc4cdc7d32551c9524e8f9
orgAInoid_Lens_Final,Lens_Final,E007,calibrated_non_group,0.3,93,92,29,0.3152173913043478,0.22228856438233982,0.42042563839523367,0.989247311827957,0.0,0.7580645161290319,17.419354838709676,12.0,1,28,False,False,20260929,2264d2f6ac2fde621c6218352e3ffe14e765700f89b99c6cc03a12c9f1bc3b31,69b1b200c29ca42626fc4cdc7d32551c9524e8f9
orgAInoid_Lens_Final,Lens_Final,E007,cbes_style,0.3,93,67,49,0.7313432835820896,0.6090377783542281,0.8323593055236713,0.7204301075268817,0.0,0.1200716845878136,63.354838709677416,60.0,0,49,False,False,20260929,2264d2f6ac2fde621c6218352e3ffe14e765700f89b99c6cc03a12c9f1bc3b31,69b1b200c29ca42626fc4cdc7d32551c9524e8f9
orgAInoid_Lens_Final,Lens_Final,E007,gates_without_ood,0.3,93,92,48,0.5217391304347826,0.4150099643641134,0.6270301869534478,0.989247311827957,0.0,0.5537634408602151,32.12903225806452,36.0,1,47,False,False,20260929,2264d2f6ac2fde621c6218352e3ffe14e765700f89b99c6cc03a12c9f1bc3b31,69b1b200c29ca42626fc4cdc7d32551c9524e8f9
orgAInoid_Lens_Final,Lens_Final,E007,gates_full,0.3,93,60,35,0.5833333333333334,0.448837797754012,0.7093193335295773,0.6451612903225806,0.3440860215053763,0.39247311827957,43.74193548387097,36.0,1,34,True,False,20260929,2264d2f6ac2fde621c6218352e3ffe14e765700f89b99c6cc03a12c9f1bc3b31,69b1b200c29ca42626fc4cdc7d32551c9524e8f9
orgAInoid_Lens_Final,Lens_Final,E008,full_protocol@none,,91,0,0,0.0,,,0.0,0.0,0.0,72.0,72.0,0,0,False,False,20260929,2264d2f6ac2fde621c6218352e3ffe14e765700f89b99c6cc03a12c9f1bc3b31,69b1b200c29ca42626fc4cdc7d32551c9524e8f9
orgAInoid_Lens_Final,Lens_Final,E008,fixed_time@12.0,,91,91,27,0.2967032967032967,0.20547183123639864,0.40161047144302475,1.0,0.0,0.8333333333333331,12.0,12.0,8,19,False,False,20260929,2264d2f6ac2fde621c6218352e3ffe14e765700f89b99c6cc03a12c9f1bc3b31,69b1b200c29ca42626fc4cdc7d32551c9524e8f9
orgAInoid_Lens_Final,Lens_Final,E008,fixed_time@24.0,,91,91,39,0.4285714285714285,0.3252886835799252,0.5366348122703636,1.0,0.0,0.6666666666666666,24.0,24.0,9,30,False,False,20260929,2264d2f6ac2fde621c6218352e3ffe14e765700f89b99c6cc03a12c9f1bc3b31,69b1b200c29ca42626fc4cdc7d32551c9524e8f9
orgAInoid_Lens_Final,Lens_Final,E008,fixed_time@36.0,,91,91,35,0.3846153846153846,0.28447982554879503,0.49248165901207985,1.0,0.0,0.5,36.0,36.0,6,29,False,False,20260929,2264d2f6ac2fde621c6218352e3ffe14e765700f89b99c6cc03a12c9f1bc3b31,69b1b200c29ca42626fc4cdc7d32551c9524e8f9
orgAInoid_Lens_Final,Lens_Final,E008,fixed_time@48.0,,91,91,33,0.3626373626373626,0.26438889619857775,0.47009590088540537,1.0,0.0,0.3333333333333333,48.0,48.0,4,29,False,False,20260929,2264d2f6ac2fde621c6218352e3ffe14e765700f89b99c6cc03a12c9f1bc3b31,69b1b200c29ca42626fc4cdc7d32551c9524e8f9
orgAInoid_Lens_Final,Lens_Final,E008,fixed_time@60.0,,91,91,23,0.2527472527472527,0.1674550814049085,0.35472759558067185,1.0,0.0,0.1666666666666666,60.0,60.0,4,19,False,False,20260929,2264d2f6ac2fde621c6218352e3ffe14e765700f89b99c6cc03a12c9f1bc3b31,69b1b200c29ca42626fc4cdc7d32551c9524e8f9
orgAInoid_Lens_Final,Lens_Final,E008,naive_confidence@0.5,,91,91,27,0.2967032967032967,0.20547183123639864,0.40161047144302475,1.0,0.0,0.8333333333333331,12.0,12.0,8,19,False,False,20260929,2264d2f6ac2fde621c6218352e3ffe14e765700f89b99c6cc03a12c9f1bc3b31,69b1b200c29ca42626fc4cdc7d32551c9524e8f9
orgAInoid_Lens_Final,Lens_Final,E008,naive_confidence@0.6,,91,91,30,0.3296703296703296,0.23466609073736336,0.4361113289212763,1.0,0.0,0.7783882783882782,15.956043956043956,12.0,8,22,False,False,20260929,2264d2f6ac2fde621c6218352e3ffe14e765700f89b99c6cc03a12c9f1bc3b31,69b1b200c29ca42626fc4cdc7d32551c9524e8f9
orgAInoid_Lens_Final,Lens_Final,E008,naive_confidence@0.7,,91,73,21,0.2876712328767123,0.18769257480984888,0.4055311236232469,0.8021978021978022,0.0,0.6080586080586081,28.21978021978022,12.0,6,15,False,False,20260929,2264d2f6ac2fde621c6218352e3ffe14e765700f89b99c6cc03a12c9f1bc3b31,69b1b200c29ca42626fc4cdc7d32551c9524e8f9
orgAInoid_Lens_Final,Lens_Final,E008,naive_confidence@0.8,,91,55,14,0.2545454545454545,0.146700445502928,0.3900284426569953,0.6043956043956044,0.0,0.3992673992673993,43.252747252747255,36.0,4,10,False,False,20260929,2264d2f6ac2fde621c6218352e3ffe14e765700f89b99c6cc03a12c9f1bc3b31,69b1b200c29ca42626fc4cdc7d32551c9524e8f9
orgAInoid_Lens_Final,Lens_Final,E008,naive_confidence@0.9,,91,16,4,0.25,0.0726620382528822,0.5237708198961276,0.1758241758241758,0.0,0.1098901098901098,64.08791208791209,72.0,1,3,False,False,20260929,2264d2f6ac2fde621c6218352e3ffe14e765700f89b99c6cc03a12c9f1bc3b31,69b1b200c29ca42626fc4cdc7d32551c9524e8f9
orgAInoid_Lens_Final,Lens_Final,E008,naive_confidence@0.95,,91,8,1,0.125,0.0031597235312519093,0.5265096708752065,0.0879120879120879,0.0,0.0549450549450549,68.04395604395604,72.0,1,0,False,False,20260929,2264d2f6ac2fde621c6218352e3ffe14e765700f89b99c6cc03a12c9f1bc3b31,69b1b200c29ca42626fc4cdc7d32551c9524e8f9
orgAInoid_Lens_Final,Lens_Final,E008,naive_confidence@0.975,,91,4,0,0.0,0.0,0.6023646356164746,0.0439560439560439,0.0,0.0347985347985348,69.49450549450549,72.0,0,0,False,False,20260929,2264d2f6ac2fde621c6218352e3ffe14e765700f89b99c6cc03a12c9f1bc3b31,69b1b200c29ca42626fc4cdc7d32551c9524e8f9
orgAInoid_Lens_Final,Lens_Final,E008,naive_confidence@0.99,,91,1,0,0.0,0.0,0.975,0.0109890109890109,0.0,0.0091575091575091,71.34065934065934,72.0,0,0,False,False,20260929,2264d2f6ac2fde621c6218352e3ffe14e765700f89b99c6cc03a12c9f1bc3b31,69b1b200c29ca42626fc4cdc7d32551c9524e8f9
orgAInoid_Lens_Final,Lens_Final,E008,calibrated_non_group,0.02,91,31,6,0.1935483870967742,0.07451989731112883,0.37473216610658416,0.3406593406593406,0.0,0.1538461538461538,60.92307692307692,72.0,1,5,False,False,20260929,2264d2f6ac2fde621c6218352e3ffe14e765700f89b99c6cc03a12c9f1bc3b31,69b1b200c29ca42626fc4cdc7d32551c9524e8f9
orgAInoid_Lens_Final,Lens_Final,E008,cbes_style,0.02,91,0,0,0.0,,,0.0,0.0,0.0,72.0,72.0,0,0,False,False,20260929,2264d2f6ac2fde621c6218352e3ffe14e765700f89b99c6cc03a12c9f1bc3b31,69b1b200c29ca42626fc4cdc7d32551c9524e8f9
orgAInoid_Lens_Final,Lens_Final,E008,gates_without_ood,0.02,91,20,4,0.2,0.05733399705003276,0.43661400299666825,0.2197802197802197,0.0,0.1098901098901098,64.08791208791209,72.0,1,3,False,False,20260929,2264d2f6ac2fde621c6218352e3ffe14e765700f89b99c6cc03a12c9f1bc3b31,69b1b200c29ca42626fc4cdc7d32551c9524e8f9
orgAInoid_Lens_Final,Lens_Final,E008,gates_full,0.02,91,17,4,0.2352941176470588,0.06810774043735668,0.49899327320458003,0.1868131868131868,0.0329670329670329,0.086080586080586,65.8021978021978,72.0,1,3,True,False,20260929,2264d2f6ac2fde621c6218352e3ffe14e765700f89b99c6cc03a12c9f1bc3b31,69b1b200c29ca42626fc4cdc7d32551c9524e8f9
orgAInoid_Lens_Final,Lens_Final,E008,calibrated_non_group,0.05,91,50,12,0.24,0.13060991619745738,0.3816907481040383,0.5494505494505495,0.0,0.3021978021978022,50.24175824175824,48.0,3,9,False,False,20260929,2264d2f6ac2fde621c6218352e3ffe14e765700f89b99c6cc03a12c9f1bc3b31,69b1b200c29ca42626fc4cdc7d32551c9524e8f9
orgAInoid_Lens_Final,Lens_Final,E008,cbes_style,0.05,91,52,8,0.1538461538461538,0.06883923437830913,0.28081108406329136,0.5714285714285714,0.0,0.0952380952380952,65.14285714285714,60.0,3,5,False,False,20260929,2264d2f6ac2fde621c6218352e3ffe14e765700f89b99c6cc03a12c9f1bc3b31,69b1b200c29ca42626fc4cdc7d32551c9524e8f9
orgAInoid_Lens_Final,Lens_Final,E008,gates_without_ood,0.05,91,38,7,0.1842105263157894,0.07742685183884879,0.34326199431092114,0.4175824175824176,0.0,0.1813186813186813,58.94505494505494,72.0,1,6,False,False,20260929,2264d2f6ac2fde621c6218352e3ffe14e765700f89b99c6cc03a12c9f1bc3b31,69b1b200c29ca42626fc4cdc7d32551c9524e8f9
orgAInoid_Lens_Final,Lens_Final,E008,gates_full,0.05,91,32,7,0.21875,0.09277153228471935,0.39972826371210757,0.3516483516483517,0.0659340659340659,0.1465201465201465,61.45054945054945,72.0,1,6,True,False,20260929,2264d2f6ac2fde621c6218352e3ffe14e765700f89b99c6cc03a12c9f1bc3b31,69b1b200c29ca42626fc4cdc7d32551c9524e8f9
orgAInoid_Lens_Final,Lens_Final,E008,calibrated_non_group,0.1,91,55,13,0.2363636363636363,0.1322789949841284,0.37019508262916623,0.6043956043956044,0.0,0.3443223443223443,47.20879120879121,36.0,2,11,False,False,20260929,2264d2f6ac2fde621c6218352e3ffe14e765700f89b99c6cc03a12c9f1bc3b31,69b1b200c29ca42626fc4cdc7d32551c9524e8f9
orgAInoid_Lens_Final,Lens_Final,E008,cbes_style,0.1,91,81,20,0.2469135802469135,0.1578086168276113,0.35526021044181455,0.8901098901098901,0.0,0.63003663003663,26.63736263736264,12.0,6,14,False,False,20260929,2264d2f6ac2fde621c6218352e3ffe14e765700f89b99c6cc03a12c9f1bc3b31,69b1b200c29ca42626fc4cdc7d32551c9524e8f9
orgAInoid_Lens_Final,Lens_Final,E008,gates_without_ood,0.1,91,52,12,0.2307692307692307,0.12531610761523276,0.36840277164213314,0.5714285714285714,0.0,0.2967032967032967,50.637362637362635,48.0,3,9,False,False,20260929,2264d2f6ac2fde621c6218352e3ffe14e765700f89b99c6cc03a12c9f1bc3b31,69b1b200c29ca42626fc4cdc7d32551c9524e8f9
orgAInoid_Lens_Final,Lens_Final,E008,gates_full,0.1,91,47,12,0.2553191489361702,0.13944912001756976,0.403495189971568,0.5164835164835165,0.0549450549450549,0.2637362637362637,53.010989010989015,48.0,3,9,True,False,20260929,2264d2f6ac2fde621c6218352e3ffe14e765700f89b99c6cc03a12c9f1bc3b31,69b1b200c29ca42626fc4cdc7d32551c9524e8f9
orgAInoid_Lens_Final,Lens_Final,E008,calibrated_non_group,0.15,91,63,17,0.2698412698412698,0.16571257843396056,0.3965147192934924,0.6923076923076923,0.0,0.3681318681318681,45.494505494505496,48.0,3,14,False,False,20260929,2264d2f6ac2fde621c6218352e3ffe14e765700f89b99c6cc03a12c9f1bc3b31,69b1b200c29ca42626fc4cdc7d32551c9524e8f9
orgAInoid_Lens_Final,Lens_Final,E008,cbes_style,0.15,91,81,20,0.2469135802469135,0.1578086168276113,0.35526021044181455,0.8901098901098901,0.0,0.63003663003663,26.63736263736264,12.0,6,14,False,False,20260929,2264d2f6ac2fde621c6218352e3ffe14e765700f89b99c6cc03a12c9f1bc3b31,69b1b200c29ca42626fc4cdc7d32551c9524e8f9
orgAInoid_Lens_Final,Lens_Final,E008,gates_without_ood,0.15,91,74,24,0.3243243243243243,0.220045777426374,0.44315970182680253,0.8131868131868132,0.0,0.4523809523809523,39.42857142857143,36.0,5,19,False,False,20260929,2264d2f6ac2fde621c6218352e3ffe14e765700f89b99c6cc03a12c9f1bc3b31,69b1b200c29ca42626fc4cdc7d32551c9524e8f9
orgAInoid_Lens_Final,Lens_Final,E008,gates_full,0.15,91,68,23,0.3382352941176471,0.22789377929624155,0.46317102705458035,0.7472527472527473,0.0659340659340659,0.4139194139194139,42.1978021978022,36.0,5,18,True,False,20260929,2264d2f6ac2fde621c6218352e3ffe14e765700f89b99c6cc03a12c9f1bc3b31,69b1b200c29ca42626fc4cdc7d32551c9524e8f9
orgAInoid_Lens_Final,Lens_Final,E008,calibrated_non_group,0.2,91,87,30,0.3448275862068966,0.2461396404656972,0.45441362531055507,0.956043956043956,0.0,0.6336996336996338,26.373626373626372,24.0,6,24,False,False,20260929,2264d2f6ac2fde621c6218352e3ffe14e765700f89b99c6cc03a12c9f1bc3b31,69b1b200c29ca42626fc4cdc7d32551c9524e8f9
orgAInoid_Lens_Final,Lens_Final,E008,cbes_style,0.2,91,86,26,0.3023255813953488,0.20789989233453587,0.410830129107672,0.945054945054945,0.0,0.6831501831501832,22.813186813186817,12.0,6,20,False,False,20260929,2264d2f6ac2fde621c6218352e3ffe14e765700f89b99c6cc03a12c9f1bc3b31,69b1b200c29ca42626fc4cdc7d32551c9524e8f9
orgAInoid_Lens_Final,Lens_Final,E008,gates_without_ood,0.2,91,90,37,0.4111111111111111,0.30841858410138534,0.5198220982016439,0.989010989010989,0.0,0.5604395604395606,31.64835164835165,36.0,7,30,False,False,20260929,2264d2f6ac2fde621c6218352e3ffe14e765700f89b99c6cc03a12c9f1bc3b31,69b1b200c29ca42626fc4cdc7d32551c9524e8f9
orgAInoid_Lens_Final,Lens_Final,E008,gates_full,0.2,91,84,36,0.4285714285714285,0.3210789143084083,0.5412490305991046,0.9230769230769232,0.0659340659340659,0.5201465201465203,34.54945054945055,36.0,7,29,True,False,20260929,2264d2f6ac2fde621c6218352e3ffe14e765700f89b99c6cc03a12c9f1bc3b31,69b1b200c29ca42626fc4cdc7d32551c9524e8f9
orgAInoid_Lens_Final,Lens_Final,E008,calibrated_non_group,0.3,91,91,31,0.3406593406593406,0.24451694862200693,0.44749508765135965,1.0,0.0,0.7912087912087911,15.032967032967033,12.0,9,22,False,False,20260929,2264d2f6ac2fde621c6218352e3ffe14e765700f89b99c6cc03a12c9f1bc3b31,69b1b200c29ca42626fc4cdc7d32551c9524e8f9
orgAInoid_Lens_Final,Lens_Final,E008,cbes_style,0.3,91,86,26,0.3023255813953488,0.20789989233453587,0.410830129107672,0.945054945054945,0.0,0.6831501831501832,22.813186813186817,12.0,6,20,False,False,20260929,2264d2f6ac2fde621c6218352e3ffe14e765700f89b99c6cc03a12c9f1bc3b31,69b1b200c29ca42626fc4cdc7d32551c9524e8f9
orgAInoid_Lens_Final,Lens_Final,E008,gates_without_ood,0.3,91,91,34,0.3736263736263736,0.2744075244991878,0.481315179078751,1.0,0.0,0.7545787545787545,17.67032967032967,12.0,8,26,False,False,20260929,2264d2f6ac2fde621c6218352e3ffe14e765700f89b99c6cc03a12c9f1bc3b31,69b1b200c29ca42626fc4cdc7d32551c9524e8f9
orgAInoid_Lens_Final,Lens_Final,E008,gates_full,0.3,91,88,33,0.375,0.27401678299170956,0.4846507532457286,0.967032967032967,0.0329670329670329,0.7307692307692307,19.384615384615383,12.0,8,25,True,False,20260929,2264d2f6ac2fde621c6218352e3ffe14e765700f89b99c6cc03a12c9f1bc3b31,69b1b200c29ca42626fc4cdc7d32551c9524e8f9
orgAInoid_Lens_Final,Lens_Final,E009,full_protocol@none,,90,0,0,0.0,,,0.0,0.0,0.0,72.0,72.0,0,0,False,False,20260929,2264d2f6ac2fde621c6218352e3ffe14e765700f89b99c6cc03a12c9f1bc3b31,69b1b200c29ca42626fc4cdc7d32551c9524e8f9
orgAInoid_Lens_Final,Lens_Final,E009,fixed_time@12.0,,90,90,14,0.1555555555555555,0.08773586461618245,0.24720258014551574,1.0,0.0,0.8333333333333331,12.0,12.0,4,10,False,False,20260929,2264d2f6ac2fde621c6218352e3ffe14e765700f89b99c6cc03a12c9f1bc3b31,69b1b200c29ca42626fc4cdc7d32551c9524e8f9
orgAInoid_Lens_Final,Lens_Final,E009,fixed_time@24.0,,90,90,10,0.1111111111111111,0.05458560495012992,0.1948586367885947,1.0,0.0,0.6666666666666666,24.0,24.0,4,6,False,False,20260929,2264d2f6ac2fde621c6218352e3ffe14e765700f89b99c6cc03a12c9f1bc3b31,69b1b200c29ca42626fc4cdc7d32551c9524e8f9
orgAInoid_Lens_Final,Lens_Final,E009,fixed_time@36.0,,90,90,18,0.2,0.12305554601091441,0.297542450132727,1.0,0.0,0.5,36.0,36.0,0,18,False,False,20260929,2264d2f6ac2fde621c6218352e3ffe14e765700f89b99c6cc03a12c9f1bc3b31,69b1b200c29ca42626fc4cdc7d32551c9524e8f9
orgAInoid_Lens_Final,Lens_Final,E009,fixed_time@48.0,,90,90,15,0.1666666666666666,0.09639142758918187,0.2599505536084196,1.0,0.0,0.3333333333333333,48.0,48.0,2,13,False,False,20260929,2264d2f6ac2fde621c6218352e3ffe14e765700f89b99c6cc03a12c9f1bc3b31,69b1b200c29ca42626fc4cdc7d32551c9524e8f9
orgAInoid_Lens_Final,Lens_Final,E009,fixed_time@60.0,,90,90,13,0.1444444444444444,0.07921316249743611,0.23433156234070557,1.0,0.0,0.1666666666666666,60.0,60.0,2,11,False,False,20260929,2264d2f6ac2fde621c6218352e3ffe14e765700f89b99c6cc03a12c9f1bc3b31,69b1b200c29ca42626fc4cdc7d32551c9524e8f9
orgAInoid_Lens_Final,Lens_Final,E009,naive_confidence@0.5,,90,90,14,0.1555555555555555,0.08773586461618245,0.24720258014551574,1.0,0.0,0.8333333333333331,12.0,12.0,4,10,False,False,20260929,2264d2f6ac2fde621c6218352e3ffe14e765700f89b99c6cc03a12c9f1bc3b31,69b1b200c29ca42626fc4cdc7d32551c9524e8f9
orgAInoid_Lens_Final,Lens_Final,E009,naive_confidence@0.6,,90,90,14,0.1555555555555555,0.08773586461618245,0.24720258014551574,1.0,0.0,0.8185185185185182,13.066666666666666,12.0,6,8,False,False,20260929,2264d2f6ac2fde621c6218352e3ffe14e765700f89b99c6cc03a12c9f1bc3b31,69b1b200c29ca42626fc4cdc7d32551c9524e8f9
orgAInoid_Lens_Final,Lens_Final,E009,naive_confidence@0.7,,90,85,12,0.1411764705882353,0.07513134654649184,0.23362461885502014,0.9444444444444444,0.0,0.7425925925925924,18.533333333333335,12.0,4,8,False,False,20260929,2264d2f6ac2fde621c6218352e3ffe14e765700f89b99c6cc03a12c9f1bc3b31,69b1b200c29ca42626fc4cdc7d32551c9524e8f9
orgAInoid_Lens_Final,Lens_Final,E009,naive_confidence@0.8,,90,66,4,0.0606060606060606,0.016758222698167995,0.1479675639458456,0.7333333333333333,0.0,0.5925925925925927,29.333333333333332,12.0,2,2,False,False,20260929,2264d2f6ac2fde621c6218352e3ffe14e765700f89b99c6cc03a12c9f1bc3b31,69b1b200c29ca42626fc4cdc7d32551c9524e8f9
orgAInoid_Lens_Final,Lens_Final,E009,naive_confidence@0.9,,90,45,2,0.0444444444444444,0.005428488700250948,0.1514929002433391,0.5,0.0,0.3999999999999999,43.2,54.0,1,1,False,False,20260929,2264d2f6ac2fde621c6218352e3ffe14e765700f89b99c6cc03a12c9f1bc3b31,69b1b200c29ca42626fc4cdc7d32551c9524e8f9
orgAInoid_Lens_Final,Lens_Final,E009,naive_confidence@0.95,,90,17,0,0.0,0.0,0.1950643229690932,0.1888888888888888,0.0,0.1462962962962963,61.46666666666667,72.0,0,0,False,False,20260929,2264d2f6ac2fde621c6218352e3ffe14e765700f89b99c6cc03a12c9f1bc3b31,69b1b200c29ca42626fc4cdc7d32551c9524e8f9
orgAInoid_Lens_Final,Lens_Final,E009,naive_confidence@0.975,,90,5,0,0.0,0.0,0.5218237501049814,0.0555555555555555,0.0,0.0462962962962963,68.66666666666667,72.0,0,0,False,False,20260929,2264d2f6ac2fde621c6218352e3ffe14e765700f89b99c6cc03a12c9f1bc3b31,69b1b200c29ca42626fc4cdc7d32551c9524e8f9
orgAInoid_Lens_Final,Lens_Final,E009,naive_confidence@0.99,,90,1,0,0.0,0.0,0.975,0.0111111111111111,0.0,0.0074074074074074,71.46666666666667,72.0,0,0,False,False,20260929,2264d2f6ac2fde621c6218352e3ffe14e765700f89b99c6cc03a12c9f1bc3b31,69b1b200c29ca42626fc4cdc7d32551c9524e8f9
orgAInoid_Lens_Final,Lens_Final,E009,calibrated_non_group,0.02,90,0,0,0.0,,,0.0,0.0,0.0,72.0,72.0,0,0,False,False,20260929,2264d2f6ac2fde621c6218352e3ffe14e765700f89b99c6cc03a12c9f1bc3b31,69b1b200c29ca42626fc4cdc7d32551c9524e8f9
orgAInoid_Lens_Final,Lens_Final,E009,cbes_style,0.02,90,0,0,0.0,,,0.0,0.0,0.0,72.0,72.0,0,0,False,False,20260929,2264d2f6ac2fde621c6218352e3ffe14e765700f89b99c6cc03a12c9f1bc3b31,69b1b200c29ca42626fc4cdc7d32551c9524e8f9
orgAInoid_Lens_Final,Lens_Final,E009,gates_without_ood,0.02,90,0,0,0.0,,,0.0,0.0,0.0,72.0,72.0,0,0,False,False,20260929,2264d2f6ac2fde621c6218352e3ffe14e765700f89b99c6cc03a12c9f1bc3b31,69b1b200c29ca42626fc4cdc7d32551c9524e8f9
orgAInoid_Lens_Final,Lens_Final,E009,gates_full,0.02,90,0,0,0.0,,,0.0,0.0,0.0,72.0,72.0,0,0,True,False,20260929,2264d2f6ac2fde621c6218352e3ffe14e765700f89b99c6cc03a12c9f1bc3b31,69b1b200c29ca42626fc4cdc7d32551c9524e8f9
orgAInoid_Lens_Final,Lens_Final,E009,calibrated_non_group,0.05,90,0,0,0.0,,,0.0,0.0,0.0,72.0,72.0,0,0,False,False,20260929,2264d2f6ac2fde621c6218352e3ffe14e765700f89b99c6cc03a12c9f1bc3b31,69b1b200c29ca42626fc4cdc7d32551c9524e8f9
orgAInoid_Lens_Final,Lens_Final,E009,cbes_style,0.05,90,0,0,0.0,,,0.0,0.0,0.0,72.0,72.0,0,0,False,False,20260929,2264d2f6ac2fde621c6218352e3ffe14e765700f89b99c6cc03a12c9f1bc3b31,69b1b200c29ca42626fc4cdc7d32551c9524e8f9
orgAInoid_Lens_Final,Lens_Final,E009,gates_without_ood,0.05,90,0,0,0.0,,,0.0,0.0,0.0,72.0,72.0,0,0,False,False,20260929,2264d2f6ac2fde621c6218352e3ffe14e765700f89b99c6cc03a12c9f1bc3b31,69b1b200c29ca42626fc4cdc7d32551c9524e8f9
orgAInoid_Lens_Final,Lens_Final,E009,gates_full,0.05,90,0,0,0.0,,,0.0,0.0,0.0,72.0,72.0,0,0,True,False,20260929,2264d2f6ac2fde621c6218352e3ffe14e765700f89b99c6cc03a12c9f1bc3b31,69b1b200c29ca42626fc4cdc7d32551c9524e8f9
orgAInoid_Lens_Final,Lens_Final,E009,calibrated_non_group,0.1,90,21,0,0.0,0.0,0.1610976152190796,0.2333333333333333,0.0,0.1388888888888889,62.0,72.0,0,0,False,False,20260929,2264d2f6ac2fde621c6218352e3ffe14e765700f89b99c6cc03a12c9f1bc3b31,69b1b200c29ca42626fc4cdc7d32551c9524e8f9
orgAInoid_Lens_Final,Lens_Final,E009,cbes_style,0.1,90,0,0,0.0,,,0.0,0.0,0.0,72.0,72.0,0,0,False,False,20260929,2264d2f6ac2fde621c6218352e3ffe14e765700f89b99c6cc03a12c9f1bc3b31,69b1b200c29ca42626fc4cdc7d32551c9524e8f9
orgAInoid_Lens_Final,Lens_Final,E009,gates_without_ood,0.1,90,0,0,0.0,,,0.0,0.0,0.0,72.0,72.0,0,0,False,False,20260929,2264d2f6ac2fde621c6218352e3ffe14e765700f89b99c6cc03a12c9f1bc3b31,69b1b200c29ca42626fc4cdc7d32551c9524e8f9
orgAInoid_Lens_Final,Lens_Final,E009,gates_full,0.1,90,0,0,0.0,,,0.0,0.0,0.0,72.0,72.0,0,0,True,False,20260929,2264d2f6ac2fde621c6218352e3ffe14e765700f89b99c6cc03a12c9f1bc3b31,69b1b200c29ca42626fc4cdc7d32551c9524e8f9
orgAInoid_Lens_Final,Lens_Final,E009,calibrated_non_group,0.15,90,24,0,0.0,0.0,0.14247359772252563,0.2666666666666666,0.0,0.1611111111111111,60.4,72.0,0,0,False,False,20260929,2264d2f6ac2fde621c6218352e3ffe14e765700f89b99c6cc03a12c9f1bc3b31,69b1b200c29ca42626fc4cdc7d32551c9524e8f9
orgAInoid_Lens_Final,Lens_Final,E009,cbes_style,0.15,90,0,0,0.0,,,0.0,0.0,0.0,72.0,72.0,0,0,False,False,20260929,2264d2f6ac2fde621c6218352e3ffe14e765700f89b99c6cc03a12c9f1bc3b31,69b1b200c29ca42626fc4cdc7d32551c9524e8f9
orgAInoid_Lens_Final,Lens_Final,E009,gates_without_ood,0.15,90,13,0,0.0,0.0,0.24705263800047098,0.1444444444444444,0.0,0.1203703703703703,63.333333333333336,72.0,0,0,False,False,20260929,2264d2f6ac2fde621c6218352e3ffe14e765700f89b99c6cc03a12c9f1bc3b31,69b1b200c29ca42626fc4cdc7d32551c9524e8f9
orgAInoid_Lens_Final,Lens_Final,E009,gates_full,0.15,90,13,0,0.0,0.0,0.24705263800047098,0.1444444444444444,0.0,0.1203703703703703,63.333333333333336,72.0,0,0,True,False,20260929,2264d2f6ac2fde621c6218352e3ffe14e765700f89b99c6cc03a12c9f1bc3b31,69b1b200c29ca42626fc4cdc7d32551c9524e8f9
orgAInoid_Lens_Final,Lens_Final,E009,calibrated_non_group,0.2,90,64,6,0.09375,0.03518733287081831,0.1929691044483439,0.7111111111111111,0.0,0.5740740740740741,30.666666666666668,12.0,2,4,False,False,20260929,2264d2f6ac2fde621c6218352e3ffe14e765700f89b99c6cc03a12c9f1bc3b31,69b1b200c29ca42626fc4cdc7d32551c9524e8f9
orgAInoid_Lens_Final,Lens_Final,E009,cbes_style,0.2,90,0,0,0.0,,,0.0,0.0,0.0,72.0,72.0,0,0,False,False,20260929,2264d2f6ac2fde621c6218352e3ffe14e765700f89b99c6cc03a12c9f1bc3b31,69b1b200c29ca42626fc4cdc7d32551c9524e8f9
orgAInoid_Lens_Final,Lens_Final,E009,gates_without_ood,0.2,90,46,3,0.0652173913043478,0.013656771913445595,0.17896438887275118,0.5111111111111111,0.0,0.3555555555555555,46.4,36.0,0,3,False,False,20260929,2264d2f6ac2fde621c6218352e3ffe14e765700f89b99c6cc03a12c9f1bc3b31,69b1b200c29ca42626fc4cdc7d32551c9524e8f9
orgAInoid_Lens_Final,Lens_Final,E009,gates_full,0.2,90,46,3,0.0652173913043478,0.013656771913445595,0.17896438887275118,0.5111111111111111,0.0,0.3555555555555555,46.4,36.0,0,3,True,False,20260929,2264d2f6ac2fde621c6218352e3ffe14e765700f89b99c6cc03a12c9f1bc3b31,69b1b200c29ca42626fc4cdc7d32551c9524e8f9
orgAInoid_Lens_Final,Lens_Final,E009,calibrated_non_group,0.3,90,68,9,0.1323529411764706,0.06234831406343805,0.236435554309521,0.7555555555555555,0.0,0.5962962962962963,29.066666666666663,12.0,2,7,False,False,20260929,2264d2f6ac2fde621c6218352e3ffe14e765700f89b99c6cc03a12c9f1bc3b31,69b1b200c29ca42626fc4cdc7d32551c9524e8f9
orgAInoid_Lens_Final,Lens_Final,E009,cbes_style,0.3,90,0,0,0.0,,,0.0,0.0,0.0,72.0,72.0,0,0,False,False,20260929,2264d2f6ac2fde621c6218352e3ffe14e765700f89b99c6cc03a12c9f1bc3b31,69b1b200c29ca42626fc4cdc7d32551c9524e8f9
orgAInoid_Lens_Final,Lens_Final,E009,gates_without_ood,0.3,90,90,16,0.1777777777777777,0.10516907987263673,0.2725847652031052,1.0,0.0,0.7259259259259259,19.733333333333334,12.0,3,13,False,False,20260929,2264d2f6ac2fde621c6218352e3ffe14e765700f89b99c6cc03a12c9f1bc3b31,69b1b200c29ca42626fc4cdc7d32551c9524e8f9
orgAInoid_Lens_Final,Lens_Final,E009,gates_full,0.3,90,89,15,0.1685393258426966,0.09751239660079825,0.26270050685927765,0.9888888888888888,0.0111111111111111,0.7166666666666667,20.4,12.0,2,13,True,False,20260929,2264d2f6ac2fde621c6218352e3ffe14e765700f89b99c6cc03a12c9f1bc3b31,69b1b200c29ca42626fc4cdc7d32551c9524e8f9
orgAInoid_Lens_Final,Lens_Final,E010,full_protocol@none,,92,0,0,0.0,,,0.0,0.0,0.0,72.0,72.0,0,0,False,False,20260929,2264d2f6ac2fde621c6218352e3ffe14e765700f89b99c6cc03a12c9f1bc3b31,69b1b200c29ca42626fc4cdc7d32551c9524e8f9
orgAInoid_Lens_Final,Lens_Final,E010,fixed_time@12.0,,92,92,41,0.4456521739130434,0.34193532404040117,0.5529653893328967,1.0,0.0,0.833333333333333,12.0,12.0,39,2,False,False,20260929,2264d2f6ac2fde621c6218352e3ffe14e765700f89b99c6cc03a12c9f1bc3b31,69b1b200c29ca42626fc4cdc7d32551c9524e8f9
orgAInoid_Lens_Final,Lens_Final,E010,fixed_time@24.0,,92,92,47,0.5108695652173914,0.40442941495765306,0.61659069163544,1.0,0.0,0.6666666666666666,24.0,24.0,46,1,False,False,20260929,2264d2f6ac2fde621c6218352e3ffe14e765700f89b99c6cc03a12c9f1bc3b31,69b1b200c29ca42626fc4cdc7d32551c9524e8f9
orgAInoid_Lens_Final,Lens_Final,E010,fixed_time@36.0,,92,92,42,0.4565217391304347,0.352232589460804,0.5636876054060179,1.0,0.0,0.5,36.0,36.0,42,0,False,False,20260929,2264d2f6ac2fde621c6218352e3ffe14e765700f89b99c6cc03a12c9f1bc3b31,69b1b200c29ca42626fc4cdc7d32551c9524e8f9
orgAInoid_Lens_Final,Lens_Final,E010,fixed_time@48.0,,92,92,35,0.3804347826086957,0.2811765501795014,0.48761645903166406,1.0,0.0,0.3333333333333333,48.0,48.0,35,0,False,False,20260929,2264d2f6ac2fde621c6218352e3ffe14e765700f89b99c6cc03a12c9f1bc3b31,69b1b200c29ca42626fc4cdc7d32551c9524e8f9
orgAInoid_Lens_Final,Lens_Final,E010,fixed_time@60.0,,92,92,42,0.4565217391304347,0.352232589460804,0.5636876054060179,1.0,0.0,0.1666666666666666,60.0,60.0,42,0,False,False,20260929,2264d2f6ac2fde621c6218352e3ffe14e765700f89b99c6cc03a12c9f1bc3b31,69b1b200c29ca42626fc4cdc7d32551c9524e8f9
orgAInoid_Lens_Final,Lens_Final,E010,naive_confidence@0.5,,92,92,41,0.4456521739130434,0.34193532404040117,0.5529653893328967,1.0,0.0,0.833333333333333,12.0,12.0,39,2,False,False,20260929,2264d2f6ac2fde621c6218352e3ffe14e765700f89b99c6cc03a12c9f1bc3b31,69b1b200c29ca42626fc4cdc7d32551c9524e8f9
orgAInoid_Lens_Final,Lens_Final,E010,naive_confidence@0.6,,92,92,40,0.4347826086956521,0.331686047535818,0.5421955023192542,1.0,0.0,0.7844202898550722,15.521739130434783,12.0,39,1,False,False,20260929,2264d2f6ac2fde621c6218352e3ffe14e765700f89b99c6cc03a12c9f1bc3b31,69b1b200c29ca42626fc4cdc7d32551c9524e8f9
orgAInoid_Lens_Final,Lens_Final,E010,naive_confidence@0.7,,92,84,39,0.4642857142857143,0.3546969285068866,0.5764657738968318,0.9130434782608696,0.0,0.6648550724637681,24.130434782608695,12.0,38,1,False,False,20260929,2264d2f6ac2fde621c6218352e3ffe14e765700f89b99c6cc03a12c9f1bc3b31,69b1b200c29ca42626fc4cdc7d32551c9524e8f9
orgAInoid_Lens_Final,Lens_Final,E010,naive_confidence@0.8,,92,71,32,0.4507042253521127,0.3322691823236739,0.5733813353718609,0.7717391304347826,0.0,0.4981884057971015,36.130434782608695,36.0,32,0,False,False,20260929,2264d2f6ac2fde621c6218352e3ffe14e765700f89b99c6cc03a12c9f1bc3b31,69b1b200c29ca42626fc4cdc7d32551c9524e8f9
orgAInoid_Lens_Final,Lens_Final,E010,naive_confidence@0.9,,92,37,15,0.4054054054054054,0.2475423764766738,0.5790027506268803,0.4021739130434782,0.0,0.213768115942029,56.608695652173914,72.0,15,0,False,False,20260929,2264d2f6ac2fde621c6218352e3ffe14e765700f89b99c6cc03a12c9f1bc3b31,69b1b200c29ca42626fc4cdc7d32551c9524e8f9
orgAInoid_Lens_Final,Lens_Final,E010,naive_confidence@0.95,,92,19,6,0.3157894736842105,0.12576063587298333,0.5655015688461509,0.2065217391304347,0.0,0.1068840579710144,64.30434782608695,72.0,6,0,False,False,20260929,2264d2f6ac2fde621c6218352e3ffe14e765700f89b99c6cc03a12c9f1bc3b31,69b1b200c29ca42626fc4cdc7d32551c9524e8f9
orgAInoid_Lens_Final,Lens_Final,E010,naive_confidence@0.975,,92,10,0,0.0,0.0,0.3084971078187608,0.108695652173913,0.0,0.0489130434782608,68.47826086956522,72.0,0,0,False,False,20260929,2264d2f6ac2fde621c6218352e3ffe14e765700f89b99c6cc03a12c9f1bc3b31,69b1b200c29ca42626fc4cdc7d32551c9524e8f9
orgAInoid_Lens_Final,Lens_Final,E010,naive_confidence@0.99,,92,3,0,0.0,0.0,0.7075982261787133,0.0326086956521739,0.0,0.0108695652173913,71.21739130434783,72.0,0,0,False,False,20260929,2264d2f6ac2fde621c6218352e3ffe14e765700f89b99c6cc03a12c9f1bc3b31,69b1b200c29ca42626fc4cdc7d32551c9524e8f9
orgAInoid_Lens_Final,Lens_Final,E010,calibrated_non_group,0.02,92,0,0,0.0,,,0.0,0.0,0.0,72.0,72.0,0,0,False,False,20260929,2264d2f6ac2fde621c6218352e3ffe14e765700f89b99c6cc03a12c9f1bc3b31,69b1b200c29ca42626fc4cdc7d32551c9524e8f9
orgAInoid_Lens_Final,Lens_Final,E010,cbes_style,0.02,92,0,0,0.0,,,0.0,0.0,0.0,72.0,72.0,0,0,False,False,20260929,2264d2f6ac2fde621c6218352e3ffe14e765700f89b99c6cc03a12c9f1bc3b31,69b1b200c29ca42626fc4cdc7d32551c9524e8f9
orgAInoid_Lens_Final,Lens_Final,E010,gates_without_ood,0.02,92,0,0,0.0,,,0.0,0.0,0.0,72.0,72.0,0,0,False,False,20260929,2264d2f6ac2fde621c6218352e3ffe14e765700f89b99c6cc03a12c9f1bc3b31,69b1b200c29ca42626fc4cdc7d32551c9524e8f9
orgAInoid_Lens_Final,Lens_Final,E010,gates_full,0.02,92,0,0,0.0,,,0.0,0.0,0.0,72.0,72.0,0,0,True,False,20260929,2264d2f6ac2fde621c6218352e3ffe14e765700f89b99c6cc03a12c9f1bc3b31,69b1b200c29ca42626fc4cdc7d32551c9524e8f9
orgAInoid_Lens_Final,Lens_Final,E010,calibrated_non_group,0.05,92,0,0,0.0,,,0.0,0.0,0.0,72.0,72.0,0,0,False,False,20260929,2264d2f6ac2fde621c6218352e3ffe14e765700f89b99c6cc03a12c9f1bc3b31,69b1b200c29ca42626fc4cdc7d32551c9524e8f9
orgAInoid_Lens_Final,Lens_Final,E010,cbes_style,0.05,92,0,0,0.0,,,0.0,0.0,0.0,72.0,72.0,0,0,False,False,20260929,2264d2f6ac2fde621c6218352e3ffe14e765700f89b99c6cc03a12c9f1bc3b31,69b1b200c29ca42626fc4cdc7d32551c9524e8f9
orgAInoid_Lens_Final,Lens_Final,E010,gates_without_ood,0.05,92,0,0,0.0,,,0.0,0.0,0.0,72.0,72.0,0,0,False,False,20260929,2264d2f6ac2fde621c6218352e3ffe14e765700f89b99c6cc03a12c9f1bc3b31,69b1b200c29ca42626fc4cdc7d32551c9524e8f9
orgAInoid_Lens_Final,Lens_Final,E010,gates_full,0.05,92,0,0,0.0,,,0.0,0.0,0.0,72.0,72.0,0,0,True,False,20260929,2264d2f6ac2fde621c6218352e3ffe14e765700f89b99c6cc03a12c9f1bc3b31,69b1b200c29ca42626fc4cdc7d32551c9524e8f9
orgAInoid_Lens_Final,Lens_Final,E010,calibrated_non_group,0.1,92,1,0,0.0,0.0,0.975,0.0108695652173913,0.0,0.0018115942028985,71.8695652173913,72.0,0,0,False,False,20260929,2264d2f6ac2fde621c6218352e3ffe14e765700f89b99c6cc03a12c9f1bc3b31,69b1b200c29ca42626fc4cdc7d32551c9524e8f9
orgAInoid_Lens_Final,Lens_Final,E010,cbes_style,0.1,92,0,0,0.0,,,0.0,0.0,0.0,72.0,72.0,0,0,False,False,20260929,2264d2f6ac2fde621c6218352e3ffe14e765700f89b99c6cc03a12c9f1bc3b31,69b1b200c29ca42626fc4cdc7d32551c9524e8f9
orgAInoid_Lens_Final,Lens_Final,E010,gates_without_ood,0.1,92,0,0,0.0,,,0.0,0.0,0.0,72.0,72.0,0,0,False,False,20260929,2264d2f6ac2fde621c6218352e3ffe14e765700f89b99c6cc03a12c9f1bc3b31,69b1b200c29ca42626fc4cdc7d32551c9524e8f9
orgAInoid_Lens_Final,Lens_Final,E010,gates_full,0.1,92,0,0,0.0,,,0.0,0.0,0.0,72.0,72.0,0,0,True,False,20260929,2264d2f6ac2fde621c6218352e3ffe14e765700f89b99c6cc03a12c9f1bc3b31,69b1b200c29ca42626fc4cdc7d32551c9524e8f9
orgAInoid_Lens_Final,Lens_Final,E010,calibrated_non_group,0.15,92,36,11,0.3055555555555556,0.1634739846284936,0.4810706300000798,0.391304347826087,0.0,0.3188405797101449,49.04347826086956,72.0,11,0,False,False,20260929,2264d2f6ac2fde621c6218352e3ffe14e765700f89b99c6cc03a12c9f1bc3b31,69b1b200c29ca42626fc4cdc7d32551c9524e8f9
orgAInoid_Lens_Final,Lens_Final,E010,cbes_style,0.15,92,0,0,0.0,,,0.0,0.0,0.0,72.0,72.0,0,0,False,False,20260929,2264d2f6ac2fde621c6218352e3ffe14e765700f89b99c6cc03a12c9f1bc3b31,69b1b200c29ca42626fc4cdc7d32551c9524e8f9
orgAInoid_Lens_Final,Lens_Final,E010,gates_without_ood,0.15,92,35,11,0.3142857142857143,0.16851715074700252,0.49288000031517487,0.3804347826086957,0.0,0.3170289855072464,49.17391304347826,72.0,11,0,False,False,20260929,2264d2f6ac2fde621c6218352e3ffe14e765700f89b99c6cc03a12c9f1bc3b31,69b1b200c29ca42626fc4cdc7d32551c9524e8f9
orgAInoid_Lens_Final,Lens_Final,E010,gates_full,0.15,92,35,11,0.3142857142857143,0.16851715074700252,0.49288000031517487,0.3804347826086957,0.0,0.3170289855072464,49.17391304347826,72.0,11,0,True,False,20260929,2264d2f6ac2fde621c6218352e3ffe14e765700f89b99c6cc03a12c9f1bc3b31,69b1b200c29ca42626fc4cdc7d32551c9524e8f9
orgAInoid_Lens_Final,Lens_Final,E010,calibrated_non_group,0.2,92,53,19,0.3584905660377358,0.23143094687129986,0.5019667760094333,0.5760869565217391,0.0,0.4692028985507246,38.21739130434783,12.0,18,1,False,False,20260929,2264d2f6ac2fde621c6218352e3ffe14e765700f89b99c6cc03a12c9f1bc3b31,69b1b200c29ca42626fc4cdc7d32551c9524e8f9
orgAInoid_Lens_Final,Lens_Final,E010,cbes_style,0.2,92,57,23,0.4035087719298245,0.2756127242679727,0.5417865985973233,0.6195652173913043,0.0,0.5163043478260869,34.82608695652174,12.0,22,1,False,False,20260929,2264d2f6ac2fde621c6218352e3ffe14e765700f89b99c6cc03a12c9f1bc3b31,69b1b200c29ca42626fc4cdc7d32551c9524e8f9
orgAInoid_Lens_Final,Lens_Final,E010,gates_without_ood,0.2,92,51,19,0.3725490196078431,0.24126242964001174,0.5191978417580365,0.5543478260869565,0.0,0.4619565217391304,38.73913043478261,12.0,18,1,False,False,20260929,2264d2f6ac2fde621c6218352e3ffe14e765700f89b99c6cc03a12c9f1bc3b31,69b1b200c29ca42626fc4cdc7d32551c9524e8f9
orgAInoid_Lens_Final,Lens_Final,E010,gates_full,0.2,92,51,19,0.3725490196078431,0.24126242964001174,0.5191978417580365,0.5543478260869565,0.0,0.4619565217391304,38.73913043478261,12.0,18,1,True,False,20260929,2264d2f6ac2fde621c6218352e3ffe14e765700f89b99c6cc03a12c9f1bc3b31,69b1b200c29ca42626fc4cdc7d32551c9524e8f9
orgAInoid_Lens_Final,Lens_Final,E010,calibrated_non_group,0.3,92,61,23,0.3770491803278688,0.25609350034389966,0.5103669412052781,0.6630434782608695,0.0,0.5090579710144928,35.34782608695652,12.0,22,1,False,False,20260929,2264d2f6ac2fde621c6218352e3ffe14e765700f89b99c6cc03a12c9f1bc3b31,69b1b200c29ca42626fc4cdc7d32551c9524e8f9
orgAInoid_Lens_Final,Lens_Final,E010,cbes_style,0.3,92,72,32,0.4444444444444444,0.3272492156349949,0.5663535545133641,0.782608695652174,0.0,0.5978260869565217,28.956521739130434,12.0,31,1,False,False,20260929,2264d2f6ac2fde621c6218352e3ffe14e765700f89b99c6cc03a12c9f1bc3b31,69b1b200c29ca42626fc4cdc7d32551c9524e8f9
orgAInoid_Lens_Final,Lens_Final,E010,gates_without_ood,0.3,92,83,35,0.4216867469879518,0.3140213009950533,0.5351073083731771,0.9021739130434784,0.0,0.7518115942028983,17.869565217391305,12.0,34,1,False,False,20260929,2264d2f6ac2fde621c6218352e3ffe14e765700f89b99c6cc03a12c9f1bc3b31,69b1b200c29ca42626fc4cdc7d32551c9524e8f9
orgAInoid_Lens_Final,Lens_Final,E010,gates_full,0.3,92,81,34,0.419753086419753,0.3109121709722828,0.5346391956862682,0.8804347826086957,0.0217391304347826,0.7336956521739127,19.17391304347826,12.0,33,1,True,False,20260929,2264d2f6ac2fde621c6218352e3ffe14e765700f89b99c6cc03a12c9f1bc3b31,69b1b200c29ca42626fc4cdc7d32551c9524e8f9
orgAInoid_Lens_Final,Lens_Final,E011,full_protocol@none,,90,0,0,0.0,,,0.0,0.0,0.0,72.0,72.0,0,0,False,False,20260929,2264d2f6ac2fde621c6218352e3ffe14e765700f89b99c6cc03a12c9f1bc3b31,69b1b200c29ca42626fc4cdc7d32551c9524e8f9
orgAInoid_Lens_Final,Lens_Final,E011,fixed_time@12.0,,90,90,19,0.2111111111111111,0.132149879663768,0.309878629049686,1.0,0.0,0.8333333333333331,12.0,12.0,12,7,False,False,20260929,2264d2f6ac2fde621c6218352e3ffe14e765700f89b99c6cc03a12c9f1bc3b31,69b1b200c29ca42626fc4cdc7d32551c9524e8f9
orgAInoid_Lens_Final,Lens_Final,E011,fixed_time@24.0,,90,90,23,0.2555555555555555,0.16940626930248023,0.35838597067464656,1.0,0.0,0.6666666666666666,24.0,24.0,17,6,False,False,20260929,2264d2f6ac2fde621c6218352e3ffe14e765700f89b99c6cc03a12c9f1bc3b31,69b1b200c29ca42626fc4cdc7d32551c9524e8f9
orgAInoid_Lens_Final,Lens_Final,E011,fixed_time@36.0,,90,90,19,0.2111111111111111,0.132149879663768,0.309878629049686,1.0,0.0,0.5,36.0,36.0,12,7,False,False,20260929,2264d2f6ac2fde621c6218352e3ffe14e765700f89b99c6cc03a12c9f1bc3b31,69b1b200c29ca42626fc4cdc7d32551c9524e8f9
orgAInoid_Lens_Final,Lens_Final,E011,fixed_time@48.0,,90,90,21,0.2333333333333333,0.1506115233857663,0.3342915168591578,1.0,0.0,0.3333333333333333,48.0,48.0,17,4,False,False,20260929,2264d2f6ac2fde621c6218352e3ffe14e765700f89b99c6cc03a12c9f1bc3b31,69b1b200c29ca42626fc4cdc7d32551c9524e8f9
orgAInoid_Lens_Final,Lens_Final,E011,fixed_time@60.0,,90,90,25,0.2777777777777778,0.18850426262191694,0.3821887747785102,1.0,0.0,0.1666666666666666,60.0,60.0,20,5,False,False,20260929,2264d2f6ac2fde621c6218352e3ffe14e765700f89b99c6cc03a12c9f1bc3b31,69b1b200c29ca42626fc4cdc7d32551c9524e8f9
orgAInoid_Lens_Final,Lens_Final,E011,naive_confidence@0.5,,90,90,19,0.2111111111111111,0.132149879663768,0.309878629049686,1.0,0.0,0.8333333333333331,12.0,12.0,12,7,False,False,20260929,2264d2f6ac2fde621c6218352e3ffe14e765700f89b99c6cc03a12c9f1bc3b31,69b1b200c29ca42626fc4cdc7d32551c9524e8f9
orgAInoid_Lens_Final,Lens_Final,E011,naive_confidence@0.6,,90,90,20,0.2222222222222222,0.1413368984653704,0.32212681232709833,1.0,0.0,0.7907407407407406,15.066666666666666,12.0,14,6,False,False,20260929,2264d2f6ac2fde621c6218352e3ffe14e765700f89b99c6cc03a12c9f1bc3b31,69b1b200c29ca42626fc4cdc7d32551c9524e8f9
orgAInoid_Lens_Final,Lens_Final,E011,naive_confidence@0.7,,90,82,16,0.1951219512195122,0.1158426907950504,0.2974359988081411,0.9111111111111112,0.0,0.6870370370370371,22.533333333333335,12.0,12,4,False,False,20260929,2264d2f6ac2fde621c6218352e3ffe14e765700f89b99c6cc03a12c9f1bc3b31,69b1b200c29ca42626fc4cdc7d32551c9524e8f9
orgAInoid_Lens_Final,Lens_Final,E011,naive_confidence@0.8,,90,69,13,0.1884057971014492,0.10431216903734233,0.30060422814270144,0.7666666666666667,0.0,0.5481481481481482,32.53333333333333,18.0,9,4,False,False,20260929,2264d2f6ac2fde621c6218352e3ffe14e765700f89b99c6cc03a12c9f1bc3b31,69b1b200c29ca42626fc4cdc7d32551c9524e8f9
orgAInoid_Lens_Final,Lens_Final,E011,naive_confidence@0.9,,90,43,7,0.1627906976744186,0.0680520944614692,0.3070108723649099,0.4777777777777778,0.0,0.3537037037037037,46.53333333333333,72.0,5,2,False,False,20260929,2264d2f6ac2fde621c6218352e3ffe14e765700f89b99c6cc03a12c9f1bc3b31,69b1b200c29ca42626fc4cdc7d32551c9524e8f9
orgAInoid_Lens_Final,Lens_Final,E011,naive_confidence@0.95,,90,29,5,0.1724137931034483,0.0584560829726344,0.35774755441464395,0.3222222222222222,0.0,0.2185185185185185,56.266666666666666,72.0,3,2,False,False,20260929,2264d2f6ac2fde621c6218352e3ffe14e765700f89b99c6cc03a12c9f1bc3b31,69b1b200c29ca42626fc4cdc7d32551c9524e8f9
orgAInoid_Lens_Final,Lens_Final,E011,naive_confidence@0.975,,90,14,2,0.1428571428571428,0.017794515483191525,0.4281291609096989,0.1555555555555555,0.0,0.0888888888888888,65.6,72.0,0,2,False,False,20260929,2264d2f6ac2fde621c6218352e3ffe14e765700f89b99c6cc03a12c9f1bc3b31,69b1b200c29ca42626fc4cdc7d32551c9524e8f9
orgAInoid_Lens_Final,Lens_Final,E011,naive_confidence@0.99,,90,3,1,0.3333333333333333,0.008403758659612645,0.9057006759497537,0.0333333333333333,0.0,0.0259259259259259,70.13333333333334,72.0,0,1,False,False,20260929,2264d2f6ac2fde621c6218352e3ffe14e765700f89b99c6cc03a12c9f1bc3b31,69b1b200c29ca42626fc4cdc7d32551c9524e8f9
orgAInoid_Lens_Final,Lens_Final,E011,calibrated_non_group,0.02,90,21,4,0.1904761904761904,0.054463568178406814,0.41906604118352786,0.2333333333333333,0.0,0.0907407407407407,65.46666666666667,72.0,2,2,False,False,20260929,2264d2f6ac2fde621c6218352e3ffe14e765700f89b99c6cc03a12c9f1bc3b31,69b1b200c29ca42626fc4cdc7d32551c9524e8f9
orgAInoid_Lens_Final,Lens_Final,E011,cbes_style,0.02,90,0,0,0.0,,,0.0,0.0,0.0,72.0,72.0,0,0,False,False,20260929,2264d2f6ac2fde621c6218352e3ffe14e765700f89b99c6cc03a12c9f1bc3b31,69b1b200c29ca42626fc4cdc7d32551c9524e8f9
orgAInoid_Lens_Final,Lens_Final,E011,gates_without_ood,0.02,90,21,4,0.1904761904761904,0.054463568178406814,0.41906604118352786,0.2333333333333333,0.0,0.0907407407407407,65.46666666666667,72.0,2,2,False,False,20260929,2264d2f6ac2fde621c6218352e3ffe14e765700f89b99c6cc03a12c9f1bc3b31,69b1b200c29ca42626fc4cdc7d32551c9524e8f9
orgAInoid_Lens_Final,Lens_Final,E011,gates_full,0.02,90,17,3,0.1764705882352941,0.037985068070625974,0.4343178728442839,0.1888888888888888,0.0444444444444444,0.0759259259259259,66.53333333333333,72.0,1,2,True,False,20260929,2264d2f6ac2fde621c6218352e3ffe14e765700f89b99c6cc03a12c9f1bc3b31,69b1b200c29ca42626fc4cdc7d32551c9524e8f9
orgAInoid_Lens_Final,Lens_Final,E011,calibrated_non_group,0.05,90,32,5,0.15625,0.052750564402134104,0.32787876568204166,0.3555555555555555,0.0,0.237037037037037,54.93333333333333,72.0,3,2,False,False,20260929,2264d2f6ac2fde621c6218352e3ffe14e765700f89b99c6cc03a12c9f1bc3b31,69b1b200c29ca42626fc4cdc7d32551c9524e8f9
orgAInoid_Lens_Final,Lens_Final,E011,cbes_style,0.05,90,0,0,0.0,,,0.0,0.0,0.0,72.0,72.0,0,0,False,False,20260929,2264d2f6ac2fde621c6218352e3ffe14e765700f89b99c6cc03a12c9f1bc3b31,69b1b200c29ca42626fc4cdc7d32551c9524e8f9
orgAInoid_Lens_Final,Lens_Final,E011,gates_without_ood,0.05,90,21,4,0.1904761904761904,0.054463568178406814,0.41906604118352786,0.2333333333333333,0.0,0.0907407407407407,65.46666666666667,72.0,2,2,False,False,20260929,2264d2f6ac2fde621c6218352e3ffe14e765700f89b99c6cc03a12c9f1bc3b31,69b1b200c29ca42626fc4cdc7d32551c9524e8f9
orgAInoid_Lens_Final,Lens_Final,E011,gates_full,0.05,90,17,3,0.1764705882352941,0.037985068070625974,0.4343178728442839,0.1888888888888888,0.0444444444444444,0.0759259259259259,66.53333333333333,72.0,1,2,True,False,20260929,2264d2f6ac2fde621c6218352e3ffe14e765700f89b99c6cc03a12c9f1bc3b31,69b1b200c29ca42626fc4cdc7d32551c9524e8f9
orgAInoid_Lens_Final,Lens_Final,E011,calibrated_non_group,0.1,90,45,7,0.1555555555555555,0.06490921200837761,0.2945516010980533,0.5,0.0,0.3685185185185186,45.46666666666667,66.0,5,2,False,False,20260929,2264d2f6ac2fde621c6218352e3ffe14e765700f89b99c6cc03a12c9f1bc3b31,69b1b200c29ca42626fc4cdc7d32551c9524e8f9
orgAInoid_Lens_Final,Lens_Final,E011,cbes_style,0.1,90,0,0,0.0,,,0.0,0.0,0.0,72.0,72.0,0,0,False,False,20260929,2264d2f6ac2fde621c6218352e3ffe14e765700f89b99c6cc03a12c9f1bc3b31,69b1b200c29ca42626fc4cdc7d32551c9524e8f9
orgAInoid_Lens_Final,Lens_Final,E011,gates_without_ood,0.1,90,43,6,0.1395348837209302,0.05297657386681719,0.27932480031414914,0.4777777777777778,0.0,0.3555555555555555,46.4,72.0,4,2,False,False,20260929,2264d2f6ac2fde621c6218352e3ffe14e765700f89b99c6cc03a12c9f1bc3b31,69b1b200c29ca42626fc4cdc7d32551c9524e8f9
orgAInoid_Lens_Final,Lens_Final,E011,gates_full,0.1,90,41,6,0.1463414634146341,0.05565736371243667,0.2917304880174938,0.4555555555555555,0.0222222222222222,0.3462962962962962,47.06666666666667,72.0,4,2,True,False,20260929,2264d2f6ac2fde621c6218352e3ffe14e765700f89b99c6cc03a12c9f1bc3b31,69b1b200c29ca42626fc4cdc7d32551c9524e8f9
orgAInoid_Lens_Final,Lens_Final,E011,calibrated_non_group,0.15,90,33,6,0.1818181818181818,0.06978788366630997,0.35460055945026886,0.3666666666666666,0.0,0.2425925925925925,54.53333333333333,72.0,4,2,False,False,20260929,2264d2f6ac2fde621c6218352e3ffe14e765700f89b99c6cc03a12c9f1bc3b31,69b1b200c29ca42626fc4cdc7d32551c9524e8f9
orgAInoid_Lens_Final,Lens_Final,E011,cbes_style,0.15,90,0,0,0.0,,,0.0,0.0,0.0,72.0,72.0,0,0,False,False,20260929,2264d2f6ac2fde621c6218352e3ffe14e765700f89b99c6cc03a12c9f1bc3b31,69b1b200c29ca42626fc4cdc7d32551c9524e8f9
orgAInoid_Lens_Final,Lens_Final,E011,gates_without_ood,0.15,90,49,7,0.1428571428571428,0.05942150569031302,0.27242151269559745,0.5444444444444444,0.0,0.4037037037037038,42.93333333333333,48.0,5,2,False,False,20260929,2264d2f6ac2fde621c6218352e3ffe14e765700f89b99c6cc03a12c9f1bc3b31,69b1b200c29ca42626fc4cdc7d32551c9524e8f9
orgAInoid_Lens_Final,Lens_Final,E011,gates_full,0.15,90,48,7,0.1458333333333333,0.06070446936663696,0.2776383400220281,0.5333333333333333,0.0111111111111111,0.3981481481481482,43.333333333333336,48.0,5,2,True,False,20260929,2264d2f6ac2fde621c6218352e3ffe14e765700f89b99c6cc03a12c9f1bc3b31,69b1b200c29ca42626fc4cdc7d32551c9524e8f9
orgAInoid_Lens_Final,Lens_Final,E011,calibrated_non_group,0.2,90,49,7,0.1428571428571428,0.05942150569031302,0.27242151269559745,0.5444444444444444,0.0,0.3944444444444444,43.6,48.0,5,2,False,False,20260929,2264d2f6ac2fde621c6218352e3ffe14e765700f89b99c6cc03a12c9f1bc3b31,69b1b200c29ca42626fc4cdc7d32551c9524e8f9
orgAInoid_Lens_Final,Lens_Final,E011,cbes_style,0.2,90,0,0,0.0,,,0.0,0.0,0.0,72.0,72.0,0,0,False,False,20260929,2264d2f6ac2fde621c6218352e3ffe14e765700f89b99c6cc03a12c9f1bc3b31,69b1b200c29ca42626fc4cdc7d32551c9524e8f9
orgAInoid_Lens_Final,Lens_Final,E011,gates_without_ood,0.2,90,71,10,0.1408450704225352,0.0696625860550317,0.2438047154971614,0.7888888888888889,0.0,0.6425925925925926,25.733333333333334,12.0,7,3,False,False,20260929,2264d2f6ac2fde621c6218352e3ffe14e765700f89b99c6cc03a12c9f1bc3b31,69b1b200c29ca42626fc4cdc7d32551c9524e8f9
orgAInoid_Lens_Final,Lens_Final,E011,gates_full,0.2,90,70,10,0.1428571428571428,0.07069045426686982,0.2470682477503523,0.7777777777777778,0.0111111111111111,0.6333333333333333,26.4,12.0,7,3,True,False,20260929,2264d2f6ac2fde621c6218352e3ffe14e765700f89b99c6cc03a12c9f1bc3b31,69b1b200c29ca42626fc4cdc7d32551c9524e8f9
orgAInoid_Lens_Final,Lens_Final,E011,calibrated_non_group,0.3,90,90,21,0.2333333333333333,0.1506115233857663,0.3342915168591578,1.0,0.0,0.8129629629629629,13.466666666666669,12.0,14,7,False,False,20260929,2264d2f6ac2fde621c6218352e3ffe14e765700f89b99c6cc03a12c9f1bc3b31,69b1b200c29ca42626fc4cdc7d32551c9524e8f9
orgAInoid_Lens_Final,Lens_Final,E011,cbes_style,0.3,90,58,12,0.2068965517241379,0.1117354216039437,0.333517634785432,0.6444444444444445,0.0,0.1074074074074073,64.26666666666667,60.0,10,2,False,False,20260929,2264d2f6ac2fde621c6218352e3ffe14e765700f89b99c6cc03a12c9f1bc3b31,69b1b200c29ca42626fc4cdc7d32551c9524e8f9
orgAInoid_Lens_Final,Lens_Final,E011,gates_without_ood,0.3,90,90,19,0.2111111111111111,0.132149879663768,0.309878629049686,1.0,0.0,0.8333333333333331,12.0,12.0,12,7,False,False,20260929,2264d2f6ac2fde621c6218352e3ffe14e765700f89b99c6cc03a12c9f1bc3b31,69b1b200c29ca42626fc4cdc7d32551c9524e8f9
orgAInoid_Lens_Final,Lens_Final,E011,gates_full,0.3,90,89,19,0.2134831460674157,0.13369744780190315,0.31313176343412646,0.9888888888888888,0.0111111111111111,0.824074074074074,12.666666666666666,12.0,12,7,True,False,20260929,2264d2f6ac2fde621c6218352e3ffe14e765700f89b99c6cc03a12c9f1bc3b31,69b1b200c29ca42626fc4cdc7d32551c9524e8f9
orgAInoid_Lens_Final,Lens_Final,E012,full_protocol@none,,77,0,0,0.0,,,0.0,0.0,0.0,72.0,72.0,0,0,False,False,20260929,2264d2f6ac2fde621c6218352e3ffe14e765700f89b99c6cc03a12c9f1bc3b31,69b1b200c29ca42626fc4cdc7d32551c9524e8f9
orgAInoid_Lens_Final,Lens_Final,E012,fixed_time@12.0,,77,77,27,0.3506493506493506,0.2453224965061806,0.4678467758113495,1.0,0.0,0.8333333333333334,12.0,12.0,23,4,False,False,20260929,2264d2f6ac2fde621c6218352e3ffe14e765700f89b99c6cc03a12c9f1bc3b31,69b1b200c29ca42626fc4cdc7d32551c9524e8f9
orgAInoid_Lens_Final,Lens_Final,E012,fixed_time@24.0,,77,77,47,0.6103896103896104,0.4924803586758648,0.719537738820701,1.0,0.0,0.6666666666666665,24.0,24.0,47,0,False,False,20260929,2264d2f6ac2fde621c6218352e3ffe14e765700f89b99c6cc03a12c9f1bc3b31,69b1b200c29ca42626fc4cdc7d32551c9524e8f9
orgAInoid_Lens_Final,Lens_Final,E012,fixed_time@36.0,,77,77,28,0.3636363636363636,0.2569537422230576,0.4811514304037,1.0,0.0,0.5,36.0,36.0,23,5,False,False,20260929,2264d2f6ac2fde621c6218352e3ffe14e765700f89b99c6cc03a12c9f1bc3b31,69b1b200c29ca42626fc4cdc7d32551c9524e8f9
orgAInoid_Lens_Final,Lens_Final,E012,fixed_time@48.0,,77,77,26,0.3376623376623376,0.23377596197964604,0.4544593626465088,1.0,0.0,0.3333333333333332,48.0,48.0,19,7,False,False,20260929,2264d2f6ac2fde621c6218352e3ffe14e765700f89b99c6cc03a12c9f1bc3b31,69b1b200c29ca42626fc4cdc7d32551c9524e8f9
orgAInoid_Lens_Final,Lens_Final,E012,fixed_time@60.0,,77,77,23,0.2987012987012987,0.1996699987952487,0.4137779851795578,1.0,0.0,0.1666666666666666,60.0,60.0,16,7,False,False,20260929,2264d2f6ac2fde621c6218352e3ffe14e765700f89b99c6cc03a12c9f1bc3b31,69b1b200c29ca42626fc4cdc7d32551c9524e8f9
orgAInoid_Lens_Final,Lens_Final,E012,naive_confidence@0.5,,77,77,27,0.3506493506493506,0.2453224965061806,0.4678467758113495,1.0,0.0,0.8333333333333334,12.0,12.0,23,4,False,False,20260929,2264d2f6ac2fde621c6218352e3ffe14e765700f89b99c6cc03a12c9f1bc3b31,69b1b200c29ca42626fc4cdc7d32551c9524e8f9
orgAInoid_Lens_Final,Lens_Final,E012,naive_confidence@0.6,,77,77,30,0.3896103896103896,0.280462261179299,0.5075196413241353,1.0,0.0,0.8095238095238095,13.714285714285714,12.0,27,3,False,False,20260929,2264d2f6ac2fde621c6218352e3ffe14e765700f89b99c6cc03a12c9f1bc3b31,69b1b200c29ca42626fc4cdc7d32551c9524e8f9
orgAInoid_Lens_Final,Lens_Final,E012,naive_confidence@0.7,,77,77,33,0.4285714285714285,0.31631597142073425,0.5464903551909155,1.0,0.0,0.7770562770562771,16.051948051948052,12.0,30,3,False,False,20260929,2264d2f6ac2fde621c6218352e3ffe14e765700f89b99c6cc03a12c9f1bc3b31,69b1b200c29ca42626fc4cdc7d32551c9524e8f9
orgAInoid_Lens_Final,Lens_Final,E012,naive_confidence@0.8,,77,74,35,0.4729729729729729,0.3556738656425133,0.5925018092005467,0.961038961038961,0.0,0.7316017316017316,19.32467532467533,12.0,33,2,False,False,20260929,2264d2f6ac2fde621c6218352e3ffe14e765700f89b99c6cc03a12c9f1bc3b31,69b1b200c29ca42626fc4cdc7d32551c9524e8f9
orgAInoid_Lens_Final,Lens_Final,E012,naive_confidence@0.9,,77,68,29,0.4264705882352941,0.30722608630442944,0.5523282033117385,0.8831168831168831,0.0,0.6255411255411254,26.96103896103896,24.0,28,1,False,False,20260929,2264d2f6ac2fde621c6218352e3ffe14e765700f89b99c6cc03a12c9f1bc3b31,69b1b200c29ca42626fc4cdc7d32551c9524e8f9
orgAInoid_Lens_Final,Lens_Final,E012,naive_confidence@0.95,,77,52,19,0.3653846153846153,0.23624361104271144,0.5104410436885752,0.6753246753246753,0.0,0.4675324675324675,38.33766233766234,24.0,19,0,False,False,20260929,2264d2f6ac2fde621c6218352e3ffe14e765700f89b99c6cc03a12c9f1bc3b31,69b1b200c29ca42626fc4cdc7d32551c9524e8f9
orgAInoid_Lens_Final,Lens_Final,E012,naive_confidence@0.975,,77,32,10,0.3125,0.16118472408820056,0.5000775816321696,0.4155844155844156,0.0,0.2770562770562771,52.05194805194805,72.0,10,0,False,False,20260929,2264d2f6ac2fde621c6218352e3ffe14e765700f89b99c6cc03a12c9f1bc3b31,69b1b200c29ca42626fc4cdc7d32551c9524e8f9
orgAInoid_Lens_Final,Lens_Final,E012,naive_confidence@0.99,,77,18,4,0.2222222222222222,0.0640920477176665,0.47637276573647996,0.2337662337662337,0.0,0.1623376623376623,60.311688311688314,72.0,4,0,False,False,20260929,2264d2f6ac2fde621c6218352e3ffe14e765700f89b99c6cc03a12c9f1bc3b31,69b1b200c29ca42626fc4cdc7d32551c9524e8f9
orgAInoid_Lens_Final,Lens_Final,E012,calibrated_non_group,0.02,77,0,0,0.0,,,0.0,0.0,0.0,72.0,72.0,0,0,False,False,20260929,2264d2f6ac2fde621c6218352e3ffe14e765700f89b99c6cc03a12c9f1bc3b31,69b1b200c29ca42626fc4cdc7d32551c9524e8f9
orgAInoid_Lens_Final,Lens_Final,E012,cbes_style,0.02,77,0,0,0.0,,,0.0,0.0,0.0,72.0,72.0,0,0,False,False,20260929,2264d2f6ac2fde621c6218352e3ffe14e765700f89b99c6cc03a12c9f1bc3b31,69b1b200c29ca42626fc4cdc7d32551c9524e8f9
orgAInoid_Lens_Final,Lens_Final,E012,gates_without_ood,0.02,77,0,0,0.0,,,0.0,0.0,0.0,72.0,72.0,0,0,False,False,20260929,2264d2f6ac2fde621c6218352e3ffe14e765700f89b99c6cc03a12c9f1bc3b31,69b1b200c29ca42626fc4cdc7d32551c9524e8f9
orgAInoid_Lens_Final,Lens_Final,E012,gates_full,0.02,77,0,0,0.0,,,0.0,0.0,0.0,72.0,72.0,0,0,True,False,20260929,2264d2f6ac2fde621c6218352e3ffe14e765700f89b99c6cc03a12c9f1bc3b31,69b1b200c29ca42626fc4cdc7d32551c9524e8f9
orgAInoid_Lens_Final,Lens_Final,E012,calibrated_non_group,0.05,77,0,0,0.0,,,0.0,0.0,0.0,72.0,72.0,0,0,False,False,20260929,2264d2f6ac2fde621c6218352e3ffe14e765700f89b99c6cc03a12c9f1bc3b31,69b1b200c29ca42626fc4cdc7d32551c9524e8f9
orgAInoid_Lens_Final,Lens_Final,E012,cbes_style,0.05,77,0,0,0.0,,,0.0,0.0,0.0,72.0,72.0,0,0,False,False,20260929,2264d2f6ac2fde621c6218352e3ffe14e765700f89b99c6cc03a12c9f1bc3b31,69b1b200c29ca42626fc4cdc7d32551c9524e8f9
orgAInoid_Lens_Final,Lens_Final,E012,gates_without_ood,0.05,77,0,0,0.0,,,0.0,0.0,0.0,72.0,72.0,0,0,False,False,20260929,2264d2f6ac2fde621c6218352e3ffe14e765700f89b99c6cc03a12c9f1bc3b31,69b1b200c29ca42626fc4cdc7d32551c9524e8f9
orgAInoid_Lens_Final,Lens_Final,E012,gates_full,0.05,77,0,0,0.0,,,0.0,0.0,0.0,72.0,72.0,0,0,True,False,20260929,2264d2f6ac2fde621c6218352e3ffe14e765700f89b99c6cc03a12c9f1bc3b31,69b1b200c29ca42626fc4cdc7d32551c9524e8f9
orgAInoid_Lens_Final,Lens_Final,E012,calibrated_non_group,0.1,77,3,0,0.0,0.0,0.7075982261787133,0.0389610389610389,0.0,0.0324675324675324,69.66233766233766,72.0,0,0,False,False,20260929,2264d2f6ac2fde621c6218352e3ffe14e765700f89b99c6cc03a12c9f1bc3b31,69b1b200c29ca42626fc4cdc7d32551c9524e8f9
orgAInoid_Lens_Final,Lens_Final,E012,cbes_style,0.1,77,65,20,0.3076923076923077,0.1991068919207023,0.4344728890337064,0.8441558441558441,0.0,0.6060606060606061,28.363636363636363,12.0,17,3,False,False,20260929,2264d2f6ac2fde621c6218352e3ffe14e765700f89b99c6cc03a12c9f1bc3b31,69b1b200c29ca42626fc4cdc7d32551c9524e8f9
orgAInoid_Lens_Final,Lens_Final,E012,gates_without_ood,0.1,77,0,0,0.0,,,0.0,0.0,0.0,72.0,72.0,0,0,False,False,20260929,2264d2f6ac2fde621c6218352e3ffe14e765700f89b99c6cc03a12c9f1bc3b31,69b1b200c29ca42626fc4cdc7d32551c9524e8f9
orgAInoid_Lens_Final,Lens_Final,E012,gates_full,0.1,77,0,0,0.0,,,0.0,0.0,0.0,72.0,72.0,0,0,True,False,20260929,2264d2f6ac2fde621c6218352e3ffe14e765700f89b99c6cc03a12c9f1bc3b31,69b1b200c29ca42626fc4cdc7d32551c9524e8f9
orgAInoid_Lens_Final,Lens_Final,E012,calibrated_non_group,0.15,77,5,0,0.0,0.0,0.5218237501049814,0.0649350649350649,0.0,0.0541125541125541,68.1038961038961,72.0,0,0,False,False,20260929,2264d2f6ac2fde621c6218352e3ffe14e765700f89b99c6cc03a12c9f1bc3b31,69b1b200c29ca42626fc4cdc7d32551c9524e8f9
orgAInoid_Lens_Final,Lens_Final,E012,cbes_style,0.15,77,68,23,0.3382352941176471,0.22789377929624155,0.46317102705458035,0.8831168831168831,0.0,0.6536796536796537,24.935064935064936,12.0,19,4,False,False,20260929,2264d2f6ac2fde621c6218352e3ffe14e765700f89b99c6cc03a12c9f1bc3b31,69b1b200c29ca42626fc4cdc7d32551c9524e8f9
orgAInoid_Lens_Final,Lens_Final,E012,gates_without_ood,0.15,77,0,0,0.0,,,0.0,0.0,0.0,72.0,72.0,0,0,False,False,20260929,2264d2f6ac2fde621c6218352e3ffe14e765700f89b99c6cc03a12c9f1bc3b31,69b1b200c29ca42626fc4cdc7d32551c9524e8f9
orgAInoid_Lens_Final,Lens_Final,E012,gates_full,0.15,77,0,0,0.0,,,0.0,0.0,0.0,72.0,72.0,0,0,True,False,20260929,2264d2f6ac2fde621c6218352e3ffe14e765700f89b99c6cc03a12c9f1bc3b31,69b1b200c29ca42626fc4cdc7d32551c9524e8f9
orgAInoid_Lens_Final,Lens_Final,E012,calibrated_non_group,0.2,77,5,0,0.0,0.0,0.5218237501049814,0.0649350649350649,0.0,0.0541125541125541,68.1038961038961,72.0,0,0,False,False,20260929,2264d2f6ac2fde621c6218352e3ffe14e765700f89b99c6cc03a12c9f1bc3b31,69b1b200c29ca42626fc4cdc7d32551c9524e8f9
orgAInoid_Lens_Final,Lens_Final,E012,cbes_style,0.2,77,76,34,0.4473684210526316,0.33311310782092146,0.5658511778841637,0.987012987012987,0.0,0.7662337662337662,16.83116883116883,12.0,31,3,False,False,20260929,2264d2f6ac2fde621c6218352e3ffe14e765700f89b99c6cc03a12c9f1bc3b31,69b1b200c29ca42626fc4cdc7d32551c9524e8f9
orgAInoid_Lens_Final,Lens_Final,E012,gates_without_ood,0.2,77,3,0,0.0,0.0,0.7075982261787133,0.0389610389610389,0.0,0.0324675324675324,69.66233766233766,72.0,0,0,False,False,20260929,2264d2f6ac2fde621c6218352e3ffe14e765700f89b99c6cc03a12c9f1bc3b31,69b1b200c29ca42626fc4cdc7d32551c9524e8f9
orgAInoid_Lens_Final,Lens_Final,E012,gates_full,0.2,77,3,0,0.0,0.0,0.7075982261787133,0.0389610389610389,0.0,0.0324675324675324,69.66233766233766,72.0,0,0,True,False,20260929,2264d2f6ac2fde621c6218352e3ffe14e765700f89b99c6cc03a12c9f1bc3b31,69b1b200c29ca42626fc4cdc7d32551c9524e8f9
orgAInoid_Lens_Final,Lens_Final,E012,calibrated_non_group,0.3,77,77,27,0.3506493506493506,0.2453224965061806,0.4678467758113495,1.0,0.0,0.8333333333333334,12.0,12.0,23,4,False,False,20260929,2264d2f6ac2fde621c6218352e3ffe14e765700f89b99c6cc03a12c9f1bc3b31,69b1b200c29ca42626fc4cdc7d32551c9524e8f9
orgAInoid_Lens_Final,Lens_Final,E012,cbes_style,0.3,77,76,34,0.4473684210526316,0.33311310782092146,0.5658511778841637,0.987012987012987,0.0,0.7662337662337662,16.83116883116883,12.0,31,3,False,False,20260929,2264d2f6ac2fde621c6218352e3ffe14e765700f89b99c6cc03a12c9f1bc3b31,69b1b200c29ca42626fc4cdc7d32551c9524e8f9
orgAInoid_Lens_Final,Lens_Final,E012,gates_without_ood,0.3,77,5,0,0.0,0.0,0.5218237501049814,0.0649350649350649,0.0,0.0541125541125541,68.1038961038961,72.0,0,0,False,False,20260929,2264d2f6ac2fde621c6218352e3ffe14e765700f89b99c6cc03a12c9f1bc3b31,69b1b200c29ca42626fc4cdc7d32551c9524e8f9
orgAInoid_Lens_Final,Lens_Final,E012,gates_full,0.3,77,5,0,0.0,0.0,0.5218237501049814,0.0649350649350649,0.0,0.0541125541125541,68.1038961038961,72.0,0,0,True,False,20260929,2264d2f6ac2fde621c6218352e3ffe14e765700f89b99c6cc03a12c9f1bc3b31,69b1b200c29ca42626fc4cdc7d32551c9524e8f9
orgAInoid_RPE_Final,RPE_Final,ALL,calibrated_non_group,0.02,988,429,38,0.0885780885780885,0.063445536038347,0.1195526520705535,0.4342105263157895,0.0,0.1312415654520917,62.550607287449395,72.0,18,20,False,False,20260929,2264d2f6ac2fde621c6218352e3ffe14e765700f89b99c6cc03a12c9f1bc3b31,69b1b200c29ca42626fc4cdc7d32551c9524e8f9
orgAInoid_RPE_Final,RPE_Final,ALL,calibrated_non_group,0.05,988,644,58,0.0900621118012422,0.0690975980573063,0.114870646435689,0.6518218623481782,0.0,0.1978744939271255,57.75303643724696,60.0,32,26,False,False,20260929,2264d2f6ac2fde621c6218352e3ffe14e765700f89b99c6cc03a12c9f1bc3b31,69b1b200c29ca42626fc4cdc7d32551c9524e8f9
orgAInoid_RPE_Final,RPE_Final,ALL,calibrated_non_group,0.1,988,818,141,0.1723716381418092,0.1470949230280239,0.200034257248521,0.8279352226720648,0.0,0.4274628879892037,41.22267206477733,48.0,87,54,False,False,20260929,2264d2f6ac2fde621c6218352e3ffe14e765700f89b99c6cc03a12c9f1bc3b31,69b1b200c29ca42626fc4cdc7d32551c9524e8f9
orgAInoid_RPE_Final,RPE_Final,ALL,calibrated_non_group,0.15,988,933,182,0.195069667738478,0.1701023159160533,0.2219781599097602,0.944331983805668,0.0,0.5293522267206477,33.88663967611336,24.0,88,94,False,False,20260929,2264d2f6ac2fde621c6218352e3ffe14e765700f89b99c6cc03a12c9f1bc3b31,69b1b200c29ca42626fc4cdc7d32551c9524e8f9
orgAInoid_RPE_Final,RPE_Final,ALL,calibrated_non_group,0.2,988,970,253,0.2608247422680412,0.2334379686592619,0.2896716115196546,0.9817813765182186,0.0,0.6219635627530364,27.218623481781375,24.0,133,120,False,False,20260929,2264d2f6ac2fde621c6218352e3ffe14e765700f89b99c6cc03a12c9f1bc3b31,69b1b200c29ca42626fc4cdc7d32551c9524e8f9
orgAInoid_RPE_Final,RPE_Final,ALL,calibrated_non_group,0.3,988,984,294,0.298780487804878,0.2703109669044028,0.328459583527672,0.9959514170040484,0.0,0.7542172739541161,17.696356275303643,12.0,168,126,False,False,20260929,2264d2f6ac2fde621c6218352e3ffe14e765700f89b99c6cc03a12c9f1bc3b31,69b1b200c29ca42626fc4cdc7d32551c9524e8f9
orgAInoid_RPE_Final,RPE_Final,ALL,cbes_style,0.02,988,227,35,0.1541850220264317,0.1098056160834835,0.2078550502749804,0.2297570850202429,0.0,0.0929487179487179,65.3076923076923,72.0,25,10,False,False,20260929,2264d2f6ac2fde621c6218352e3ffe14e765700f89b99c6cc03a12c9f1bc3b31,69b1b200c29ca42626fc4cdc7d32551c9524e8f9
orgAInoid_RPE_Final,RPE_Final,ALL,cbes_style,0.05,988,445,69,0.1550561797752809,0.1226902866127689,0.1920887621100753,0.4504048582995951,0.0,0.1531713900134952,60.97165991902834,72.0,38,31,False,False,20260929,2264d2f6ac2fde621c6218352e3ffe14e765700f89b99c6cc03a12c9f1bc3b31,69b1b200c29ca42626fc4cdc7d32551c9524e8f9
orgAInoid_RPE_Final,RPE_Final,ALL,cbes_style,0.1,988,576,128,0.2222222222222222,0.188900122291068,0.2584219450784917,0.582995951417004,0.0,0.2646761133603239,52.94331983805668,60.0,64,64,False,False,20260929,2264d2f6ac2fde621c6218352e3ffe14e765700f89b99c6cc03a12c9f1bc3b31,69b1b200c29ca42626fc4cdc7d32551c9524e8f9
orgAInoid_RPE_Final,RPE_Final,ALL,cbes_style,0.15,988,669,156,0.2331838565022421,0.201629522141874,0.2671122021498382,0.6771255060728745,0.0,0.3999662618083671,43.202429149797574,36.0,90,66,False,False,20260929,2264d2f6ac2fde621c6218352e3ffe14e765700f89b99c6cc03a12c9f1bc3b31,69b1b200c29ca42626fc4cdc7d32551c9524e8f9
orgAInoid_RPE_Final,RPE_Final,ALL,cbes_style,0.2,988,762,166,0.2178477690288714,0.1890215588740069,0.2488760475002567,0.771255060728745,0.0,0.4922402159244263,36.558704453441294,24.0,100,66,False,False,20260929,2264d2f6ac2fde621c6218352e3ffe14e765700f89b99c6cc03a12c9f1bc3b31,69b1b200c29ca42626fc4cdc7d32551c9524e8f9
orgAInoid_RPE_Final,RPE_Final,ALL,cbes_style,0.3,988,864,180,0.2083333333333333,0.1817071739821273,0.2369649698531269,0.8744939271255061,0.0,0.5713562753036437,30.86234817813765,24.0,109,71,False,False,20260929,2264d2f6ac2fde621c6218352e3ffe14e765700f89b99c6cc03a12c9f1bc3b31,69b1b200c29ca42626fc4cdc7d32551c9524e8f9
orgAInoid_RPE_Final,RPE_Final,ALL,fixed_time@12.0,,988,984,344,0.3495934959349593,0.3197794667001795,0.3803108345713025,0.9959514170040484,0.0,0.8299595141700404,12.242914979757083,12.0,193,151,False,False,20260929,2264d2f6ac2fde621c6218352e3ffe14e765700f89b99c6cc03a12c9f1bc3b31,69b1b200c29ca42626fc4cdc7d32551c9524e8f9
orgAInoid_RPE_Final,RPE_Final,ALL,fixed_time@24.0,,988,984,257,0.2611788617886179,0.2339724615375101,0.2898222262401528,0.9959514170040484,0.0,0.6639676113360323,24.194331983805668,24.0,161,96,False,False,20260929,2264d2f6ac2fde621c6218352e3ffe14e765700f89b99c6cc03a12c9f1bc3b31,69b1b200c29ca42626fc4cdc7d32551c9524e8f9
orgAInoid_RPE_Final,RPE_Final,ALL,fixed_time@36.0,,988,984,256,0.2601626016260163,0.2329938020168324,0.288774522880417,0.9959514170040484,0.0,0.4979757085020243,36.14574898785425,36.0,137,119,False,False,20260929,2264d2f6ac2fde621c6218352e3ffe14e765700f89b99c6cc03a12c9f1bc3b31,69b1b200c29ca42626fc4cdc7d32551c9524e8f9
orgAInoid_RPE_Final,RPE_Final,ALL,fixed_time@48.0,,988,984,169,0.1717479674796748,0.1486843361979729,0.1967942662130283,0.9959514170040484,0.0,0.3319838056680161,48.097165991902834,48.0,95,74,False,False,20260929,2264d2f6ac2fde621c6218352e3ffe14e765700f89b99c6cc03a12c9f1bc3b31,69b1b200c29ca42626fc4cdc7d32551c9524e8f9
orgAInoid_RPE_Final,RPE_Final,ALL,fixed_time@60.0,,988,984,136,0.1382113821138211,0.1172473451732959,0.1613661337622649,0.9959514170040484,0.0,0.165991902834008,60.04858299595141,60.0,82,54,False,False,20260929,2264d2f6ac2fde621c6218352e3ffe14e765700f89b99c6cc03a12c9f1bc3b31,69b1b200c29ca42626fc4cdc7d32551c9524e8f9
orgAInoid_RPE_Final,RPE_Final,ALL,full_protocol@none,,988,0,0,0.0,,,0.0,0.0,0.0,72.0,72.0,0,0,False,False,20260929,2264d2f6ac2fde621c6218352e3ffe14e765700f89b99c6cc03a12c9f1bc3b31,69b1b200c29ca42626fc4cdc7d32551c9524e8f9
orgAInoid_RPE_Final,RPE_Final,ALL,gates_full,0.02,988,256,7,0.02734375,0.0110627868084981,0.0555245905471427,0.2591093117408907,0.0161943319838056,0.0700067476383265,66.95951417004049,72.0,7,0,True,False,20260929,2264d2f6ac2fde621c6218352e3ffe14e765700f89b99c6cc03a12c9f1bc3b31,69b1b200c29ca42626fc4cdc7d32551c9524e8f9
orgAInoid_RPE_Final,RPE_Final,ALL,gates_full,0.05,988,439,25,0.0569476082004555,0.0371888126152213,0.0829207798764289,0.444331983805668,0.0384615384615384,0.122638326585695,63.17004048582996,72.0,15,10,True,False,20260929,2264d2f6ac2fde621c6218352e3ffe14e765700f89b99c6cc03a12c9f1bc3b31,69b1b200c29ca42626fc4cdc7d32551c9524e8f9
orgAInoid_RPE_Final,RPE_Final,ALL,gates_full,0.1,988,580,76,0.1310344827586207,0.1046472897683838,0.1612449793730717,0.5870445344129555,0.0506072874493927,0.2363360323886639,54.983805668016196,60.0,54,22,True,False,20260929,2264d2f6ac2fde621c6218352e3ffe14e765700f89b99c6cc03a12c9f1bc3b31,69b1b200c29ca42626fc4cdc7d32551c9524e8f9
orgAInoid_RPE_Final,RPE_Final,ALL,gates_full,0.15,988,740,120,0.1621621621621621,0.1363181691113096,0.1907314189321647,0.7489878542510121,0.0870445344129554,0.3527327935222672,46.60323886639676,48.0,72,48,True,False,20260929,2264d2f6ac2fde621c6218352e3ffe14e765700f89b99c6cc03a12c9f1bc3b31,69b1b200c29ca42626fc4cdc7d32551c9524e8f9
orgAInoid_RPE_Final,RPE_Final,ALL,gates_full,0.2,988,809,177,0.2187886279357231,0.1907490952524345,0.248893809696853,0.8188259109311741,0.0840080971659919,0.4397773279352226,40.336032388663966,48.0,92,85,True,False,20260929,2264d2f6ac2fde621c6218352e3ffe14e765700f89b99c6cc03a12c9f1bc3b31,69b1b200c29ca42626fc4cdc7d32551c9524e8f9
orgAInoid_RPE_Final,RPE_Final,ALL,gates_full,0.3,988,884,271,0.3065610859728507,0.2762889701672337,0.3381287121275828,0.8947368421052632,0.0941295546558704,0.5968286099865047,29.02834008097166,24.0,134,137,True,False,20260929,2264d2f6ac2fde621c6218352e3ffe14e765700f89b99c6cc03a12c9f1bc3b31,69b1b200c29ca42626fc4cdc7d32551c9524e8f9
orgAInoid_RPE_Final,RPE_Final,ALL,gates_without_ood,0.02,988,272,12,0.0441176470588235,0.0230009330718903,0.0757959774737484,0.2753036437246963,0.0,0.0765856950067476,66.48582995951416,72.0,8,4,False,False,20260929,2264d2f6ac2fde621c6218352e3ffe14e765700f89b99c6cc03a12c9f1bc3b31,69b1b200c29ca42626fc4cdc7d32551c9524e8f9
orgAInoid_RPE_Final,RPE_Final,ALL,gates_without_ood,0.05,988,477,41,0.0859538784067086,0.0623871472973492,0.1147995879196811,0.4827935222672064,0.0,0.1364709851551956,62.174089068825914,72.0,19,22,False,False,20260929,2264d2f6ac2fde621c6218352e3ffe14e765700f89b99c6cc03a12c9f1bc3b31,69b1b200c29ca42626fc4cdc7d32551c9524e8f9
orgAInoid_RPE_Final,RPE_Final,ALL,gates_without_ood,0.1,988,630,89,0.1412698412698412,0.1150116324396312,0.1709416907571379,0.6376518218623481,0.0,0.2607962213225371,53.22267206477733,60.0,58,31,False,False,20260929,2264d2f6ac2fde621c6218352e3ffe14e765700f89b99c6cc03a12c9f1bc3b31,69b1b200c29ca42626fc4cdc7d32551c9524e8f9
orgAInoid_RPE_Final,RPE_Final,ALL,gates_without_ood,0.15,988,826,144,0.1743341404358353,0.1490546209047619,0.2019616989987798,0.8360323886639676,0.0,0.4082321187584345,42.607287449392715,48.0,85,59,False,False,20260929,2264d2f6ac2fde621c6218352e3ffe14e765700f89b99c6cc03a12c9f1bc3b31,69b1b200c29ca42626fc4cdc7d32551c9524e8f9
orgAInoid_RPE_Final,RPE_Final,ALL,gates_without_ood,0.2,988,892,204,0.2286995515695067,0.2015102075375834,0.2576935277628165,0.902834008097166,0.0,0.4956140350877193,36.31578947368421,48.0,105,99,False,False,20260929,2264d2f6ac2fde621c6218352e3ffe14e765700f89b99c6cc03a12c9f1bc3b31,69b1b200c29ca42626fc4cdc7d32551c9524e8f9
orgAInoid_RPE_Final,RPE_Final,ALL,gates_without_ood,0.3,988,977,305,0.3121801432958034,0.2832147991457412,0.3422823688667781,0.9888663967611336,0.0,0.6685222672064778,23.866396761133604,18.0,157,148,False,False,20260929,2264d2f6ac2fde621c6218352e3ffe14e765700f89b99c6cc03a12c9f1bc3b31,69b1b200c29ca42626fc4cdc7d32551c9524e8f9
orgAInoid_RPE_Final,RPE_Final,ALL,naive_confidence@0.5,,988,984,344,0.3495934959349593,0.3197794667001795,0.3803108345713025,0.9959514170040484,0.0,0.8299595141700404,12.242914979757083,12.0,193,151,False,False,20260929,2264d2f6ac2fde621c6218352e3ffe14e765700f89b99c6cc03a12c9f1bc3b31,69b1b200c29ca42626fc4cdc7d32551c9524e8f9
orgAInoid_RPE_Final,RPE_Final,ALL,naive_confidence@0.6,,988,984,277,0.2815040650406504,0.2535846602426059,0.3107374227847173,0.9959514170040484,0.0,0.7805330634278004,15.80161943319838,12.0,152,125,False,False,20260929,2264d2f6ac2fde621c6218352e3ffe14e765700f89b99c6cc03a12c9f1bc3b31,69b1b200c29ca42626fc4cdc7d32551c9524e8f9
orgAInoid_RPE_Final,RPE_Final,ALL,naive_confidence@0.7,,988,962,214,0.2224532224532224,0.1965345377117509,0.250082742185852,0.9736842105263158,0.0,0.6912955465587044,22.22672064777328,12.0,113,101,False,False,20260929,2264d2f6ac2fde621c6218352e3ffe14e765700f89b99c6cc03a12c9f1bc3b31,69b1b200c29ca42626fc4cdc7d32551c9524e8f9
orgAInoid_RPE_Final,RPE_Final,ALL,naive_confidence@0.8,,988,918,169,0.1840958605664488,0.1595261259399444,0.2107110652345787,0.9291497975708504,0.0,0.5723684210526315,30.789473684210527,24.0,93,76,False,False,20260929,2264d2f6ac2fde621c6218352e3ffe14e765700f89b99c6cc03a12c9f1bc3b31,69b1b200c29ca42626fc4cdc7d32551c9524e8f9
orgAInoid_RPE_Final,RPE_Final,ALL,naive_confidence@0.9,,988,772,109,0.1411917098445596,0.1173884183380167,0.1677728624111799,0.7813765182186235,0.0,0.3905195681511471,43.88259109311741,48.0,69,40,False,False,20260929,2264d2f6ac2fde621c6218352e3ffe14e765700f89b99c6cc03a12c9f1bc3b31,69b1b200c29ca42626fc4cdc7d32551c9524e8f9
orgAInoid_RPE_Final,RPE_Final,ALL,naive_confidence@0.95,,988,580,63,0.1086206896551724,0.0844820538448736,0.1368279875058331,0.5870445344129555,0.0,0.2501686909581646,53.987854251012145,60.0,45,18,False,False,20260929,2264d2f6ac2fde621c6218352e3ffe14e765700f89b99c6cc03a12c9f1bc3b31,69b1b200c29ca42626fc4cdc7d32551c9524e8f9
orgAInoid_RPE_Final,RPE_Final,ALL,naive_confidence@0.975,,988,353,37,0.1048158640226629,0.0748802584888361,0.1415739317270247,0.3572874493927125,0.0,0.1417004048582996,61.797570850202426,72.0,26,11,False,False,20260929,2264d2f6ac2fde621c6218352e3ffe14e765700f89b99c6cc03a12c9f1bc3b31,69b1b200c29ca42626fc4cdc7d32551c9524e8f9
orgAInoid_RPE_Final,RPE_Final,ALL,naive_confidence@0.99,,988,146,20,0.136986301369863,0.0857259940782509,0.2036080524680797,0.1477732793522267,0.0,0.0587044534412955,67.77327935222672,72.0,12,8,False,False,20260929,2264d2f6ac2fde621c6218352e3ffe14e765700f89b99c6cc03a12c9f1bc3b31,69b1b200c29ca42626fc4cdc7d32551c9524e8f9
orgAInoid_Lens_Final,Lens_Final,ALL,calibrated_non_group,0.02,988,125,38,0.304,0.2249272391274862,0.392615609631549,0.1265182186234817,0.0,0.0624156545209176,67.50607287449392,72.0,8,30,False,False,20260929,2264d2f6ac2fde621c6218352e3ffe14e765700f89b99c6cc03a12c9f1bc3b31,69b1b200c29ca42626fc4cdc7d32551c9524e8f9
orgAInoid_Lens_Final,Lens_Final,ALL,calibrated_non_group,0.05,988,248,86,0.3467741935483871,0.2876753100214436,0.4095859532137723,0.2510121457489878,0.0,0.1654858299595141,60.08502024291498,72.0,25,61,False,False,20260929,2264d2f6ac2fde621c6218352e3ffe14e765700f89b99c6cc03a12c9f1bc3b31,69b1b200c29ca42626fc4cdc7d32551c9524e8f9
orgAInoid_Lens_Final,Lens_Final,ALL,calibrated_non_group,0.1,988,420,127,0.3023809523809523,0.2587928786579911,0.34877937676614,0.4251012145748988,0.0,0.2935222672064777,50.8663967611336,72.0,53,74,False,False,20260929,2264d2f6ac2fde621c6218352e3ffe14e765700f89b99c6cc03a12c9f1bc3b31,69b1b200c29ca42626fc4cdc7d32551c9524e8f9
orgAInoid_Lens_Final,Lens_Final,ALL,calibrated_non_group,0.15,988,612,149,0.2434640522875817,0.209951645986147,0.2794732810440956,0.6194331983805668,0.0,0.4389338731443994,40.39676113360324,36.0,65,84,False,False,20260929,2264d2f6ac2fde621c6218352e3ffe14e765700f89b99c6cc03a12c9f1bc3b31,69b1b200c29ca42626fc4cdc7d32551c9524e8f9
orgAInoid_Lens_Final,Lens_Final,ALL,calibrated_non_group,0.2,988,756,190,0.2513227513227513,0.2207607514431682,0.283838487238632,0.7651821862348178,0.0,0.5637651821862348,31.408906882591097,12.0,70,120,False,False,20260929,2264d2f6ac2fde621c6218352e3ffe14e765700f89b99c6cc03a12c9f1bc3b31,69b1b200c29ca42626fc4cdc7d32551c9524e8f9
orgAInoid_Lens_Final,Lens_Final,ALL,calibrated_non_group,0.3,988,899,221,0.2458286985539488,0.2179970937264469,0.2753366326421048,0.909919028340081,0.0,0.7324561403508772,19.26315789473684,12.0,111,110,False,False,20260929,2264d2f6ac2fde621c6218352e3ffe14e765700f89b99c6cc03a12c9f1bc3b31,69b1b200c29ca42626fc4cdc7d32551c9524e8f9
orgAInoid_Lens_Final,Lens_Final,ALL,cbes_style,0.02,988,0,0,0.0,,,0.0,0.0,0.0,72.0,72.0,0,0,False,False,20260929,2264d2f6ac2fde621c6218352e3ffe14e765700f89b99c6cc03a12c9f1bc3b31,69b1b200c29ca42626fc4cdc7d32551c9524e8f9
orgAInoid_Lens_Final,Lens_Final,ALL,cbes_style,0.05,988,138,46,0.3333333333333333,0.2554391866139771,0.4185556094447851,0.1396761133603239,0.0,0.0767543859649122,66.47368421052632,72.0,39,7,False,False,20260929,2264d2f6ac2fde621c6218352e3ffe14e765700f89b99c6cc03a12c9f1bc3b31,69b1b200c29ca42626fc4cdc7d32551c9524e8f9
orgAInoid_Lens_Final,Lens_Final,ALL,cbes_style,0.1,988,318,100,0.3144654088050314,0.2638018307516404,0.3686258624217493,0.3218623481781376,0.0,0.2412280701754385,54.63157894736842,72.0,64,36,False,False,20260929,2264d2f6ac2fde621c6218352e3ffe14e765700f89b99c6cc03a12c9f1bc3b31,69b1b200c29ca42626fc4cdc7d32551c9524e8f9
orgAInoid_Lens_Final,Lens_Final,ALL,cbes_style,0.15,988,324,104,0.3209876543209876,0.2704532016818923,0.3748320146679468,0.3279352226720647,0.0,0.2459514170040485,54.2914979757085,72.0,67,37,False,False,20260929,2264d2f6ac2fde621c6218352e3ffe14e765700f89b99c6cc03a12c9f1bc3b31,69b1b200c29ca42626fc4cdc7d32551c9524e8f9
orgAInoid_Lens_Final,Lens_Final,ALL,cbes_style,0.2,988,550,152,0.2763636363636363,0.2393677733452389,0.3157817319198485,0.5566801619433198,0.0,0.3819163292847504,44.502024291497975,60.0,109,43,False,False,20260929,2264d2f6ac2fde621c6218352e3ffe14e765700f89b99c6cc03a12c9f1bc3b31,69b1b200c29ca42626fc4cdc7d32551c9524e8f9
orgAInoid_Lens_Final,Lens_Final,ALL,cbes_style,0.3,988,702,223,0.3176638176638177,0.2833395480626967,0.353529209399933,0.7105263157894737,0.0,0.4600202429149798,38.878542510121456,24.0,128,95,False,False,20260929,2264d2f6ac2fde621c6218352e3ffe14e765700f89b99c6cc03a12c9f1bc3b31,69b1b200c29ca42626fc4cdc7d32551c9524e8f9
orgAInoid_Lens_Final,Lens_Final,ALL,fixed_time@12.0,,988,984,240,0.2439024390243902,0.2173617135421416,0.271984906679272,0.9959514170040484,0.0,0.8299595141700404,12.242914979757083,12.0,137,103,False,False,20260929,2264d2f6ac2fde621c6218352e3ffe14e765700f89b99c6cc03a12c9f1bc3b31,69b1b200c29ca42626fc4cdc7d32551c9524e8f9
orgAInoid_Lens_Final,Lens_Final,ALL,fixed_time@24.0,,988,984,322,0.3272357723577235,0.2979650100765457,0.3575444856986378,0.9959514170040484,0.0,0.6639676113360323,24.194331983805668,24.0,198,124,False,False,20260929,2264d2f6ac2fde621c6218352e3ffe14e765700f89b99c6cc03a12c9f1bc3b31,69b1b200c29ca42626fc4cdc7d32551c9524e8f9
orgAInoid_Lens_Final,Lens_Final,ALL,fixed_time@36.0,,988,984,313,0.3180894308943089,0.2890624541229635,0.3482094882480462,0.9959514170040484,0.0,0.4979757085020243,36.14574898785425,36.0,171,142,False,False,20260929,2264d2f6ac2fde621c6218352e3ffe14e765700f89b99c6cc03a12c9f1bc3b31,69b1b200c29ca42626fc4cdc7d32551c9524e8f9
orgAInoid_Lens_Final,Lens_Final,ALL,fixed_time@48.0,,988,984,320,0.3252032520325203,0.2959855630525964,0.3554711404299993,0.9959514170040484,0.0,0.3319838056680161,48.097165991902834,48.0,166,154,False,False,20260929,2264d2f6ac2fde621c6218352e3ffe14e765700f89b99c6cc03a12c9f1bc3b31,69b1b200c29ca42626fc4cdc7d32551c9524e8f9
orgAInoid_Lens_Final,Lens_Final,ALL,fixed_time@60.0,,988,984,329,0.3343495934959349,0.3048979668676221,0.3647963132353005,0.9959514170040484,0.0,0.165991902834008,60.04858299595141,60.0,179,150,False,False,20260929,2264d2f6ac2fde621c6218352e3ffe14e765700f89b99c6cc03a12c9f1bc3b31,69b1b200c29ca42626fc4cdc7d32551c9524e8f9
orgAInoid_Lens_Final,Lens_Final,ALL,full_protocol@none,,988,0,0,0.0,,,0.0,0.0,0.0,72.0,72.0,0,0,False,False,20260929,2264d2f6ac2fde621c6218352e3ffe14e765700f89b99c6cc03a12c9f1bc3b31,69b1b200c29ca42626fc4cdc7d32551c9524e8f9
orgAInoid_Lens_Final,Lens_Final,ALL,gates_full,0.02,988,34,7,0.2058823529411764,0.087021305458127,0.3789777485396833,0.034412955465587,0.0070850202429149,0.0148448043184885,70.93117408906883,72.0,2,5,True,False,20260929,2264d2f6ac2fde621c6218352e3ffe14e765700f89b99c6cc03a12c9f1bc3b31,69b1b200c29ca42626fc4cdc7d32551c9524e8f9
orgAInoid_Lens_Final,Lens_Final,ALL,gates_full,0.05,988,101,18,0.1782178217821782,0.1091807037474336,0.2669577399576601,0.1022267206477732,0.0394736842105263,0.0642712550607287,67.37246963562752,72.0,6,12,True,False,20260929,2264d2f6ac2fde621c6218352e3ffe14e765700f89b99c6cc03a12c9f1bc3b31,69b1b200c29ca42626fc4cdc7d32551c9524e8f9
orgAInoid_Lens_Final,Lens_Final,ALL,gates_full,0.1,988,228,80,0.3508771929824561,0.289042805561991,0.4166464810774671,0.2307692307692307,0.0748987854251012,0.1531713900134952,60.97165991902834,72.0,36,44,True,False,20260929,2264d2f6ac2fde621c6218352e3ffe14e765700f89b99c6cc03a12c9f1bc3b31,69b1b200c29ca42626fc4cdc7d32551c9524e8f9
orgAInoid_Lens_Final,Lens_Final,ALL,gates_full,0.15,988,374,125,0.3342245989304813,0.28655937289528,0.3845389839266463,0.3785425101214575,0.0789473684210526,0.2474696356275303,54.18218623481781,72.0,71,54,True,False,20260929,2264d2f6ac2fde621c6218352e3ffe14e765700f89b99c6cc03a12c9f1bc3b31,69b1b200c29ca42626fc4cdc7d32551c9524e8f9
orgAInoid_Lens_Final,Lens_Final,ALL,gates_full,0.2,988,562,159,0.2829181494661921,0.2460144283238709,0.3221217930732299,0.5688259109311741,0.1052631578947368,0.4009784075573549,43.12955465587044,36.0,76,83,True,False,20260929,2264d2f6ac2fde621c6218352e3ffe14e765700f89b99c6cc03a12c9f1bc3b31,69b1b200c29ca42626fc4cdc7d32551c9524e8f9
orgAInoid_Lens_Final,Lens_Final,ALL,gates_full,0.3,988,695,182,0.2618705035971223,0.2295339042186197,0.2962434213043065,0.7034412955465587,0.1032388663967611,0.5524628879892038,32.22267206477733,12.0,93,89,True,False,20260929,2264d2f6ac2fde621c6218352e3ffe14e765700f89b99c6cc03a12c9f1bc3b31,69b1b200c29ca42626fc4cdc7d32551c9524e8f9
orgAInoid_Lens_Final,Lens_Final,ALL,gates_without_ood,0.02,988,41,8,0.1951219512195122,0.0882061016628512,0.3486654674513796,0.041497975708502,0.0,0.018387314439946,70.67611336032388,72.0,3,5,False,False,20260929,2264d2f6ac2fde621c6218352e3ffe14e765700f89b99c6cc03a12c9f1bc3b31,69b1b200c29ca42626fc4cdc7d32551c9524e8f9
orgAInoid_Lens_Final,Lens_Final,ALL,gates_without_ood,0.05,988,140,30,0.2142857142857142,0.1494912846474015,0.2915580613663562,0.1417004048582996,0.0,0.0932860998650472,65.2834008097166,72.0,8,22,False,False,20260929,2264d2f6ac2fde621c6218352e3ffe14e765700f89b99c6cc03a12c9f1bc3b31,69b1b200c29ca42626fc4cdc7d32551c9524e8f9
orgAInoid_Lens_Final,Lens_Final,ALL,gates_without_ood,0.1,988,302,112,0.3708609271523179,0.3162327533072415,0.4280500762347744,0.305668016194332,0.0,0.2004048582995951,57.57085020242915,72.0,38,74,False,False,20260929,2264d2f6ac2fde621c6218352e3ffe14e765700f89b99c6cc03a12c9f1bc3b31,69b1b200c29ca42626fc4cdc7d32551c9524e8f9
orgAInoid_Lens_Final,Lens_Final,ALL,gates_without_ood,0.15,988,452,160,0.3539823008849557,0.309872630558215,0.4000171522209451,0.4574898785425101,0.0,0.2984143049932523,50.51417004048583,72.0,72,88,False,False,20260929,2264d2f6ac2fde621c6218352e3ffe14e765700f89b99c6cc03a12c9f1bc3b31,69b1b200c29ca42626fc4cdc7d32551c9524e8f9
orgAInoid_Lens_Final,Lens_Final,ALL,gates_without_ood,0.2,988,666,196,0.2942942942942942,0.2599091886413721,0.3305141484683804,0.6740890688259109,0.0,0.4726720647773279,37.96761133603239,36.0,78,118,False,False,20260929,2264d2f6ac2fde621c6218352e3ffe14e765700f89b99c6cc03a12c9f1bc3b31,69b1b200c29ca42626fc4cdc7d32551c9524e8f9
orgAInoid_Lens_Final,Lens_Final,ALL,gates_without_ood,0.3,988,797,217,0.2722710163111669,0.2416304645715506,0.3046065277705461,0.8066801619433198,0.0,0.6263495276653172,26.90283400809717,12.0,97,120,False,False,20260929,2264d2f6ac2fde621c6218352e3ffe14e765700f89b99c6cc03a12c9f1bc3b31,69b1b200c29ca42626fc4cdc7d32551c9524e8f9
orgAInoid_Lens_Final,Lens_Final,ALL,naive_confidence@0.5,,988,984,240,0.2439024390243902,0.2173617135421416,0.271984906679272,0.9959514170040484,0.0,0.8299595141700404,12.242914979757083,12.0,137,103,False,False,20260929,2264d2f6ac2fde621c6218352e3ffe14e765700f89b99c6cc03a12c9f1bc3b31,69b1b200c29ca42626fc4cdc7d32551c9524e8f9
orgAInoid_Lens_Final,Lens_Final,ALL,naive_confidence@0.6,,988,983,256,0.2604272634791454,0.233234979296751,0.2890625471857338,0.9949392712550608,0.0,0.796727395411606,14.635627530364372,12.0,145,111,False,False,20260929,2264d2f6ac2fde621c6218352e3ffe14e765700f89b99c6cc03a12c9f1bc3b31,69b1b200c29ca42626fc4cdc7d32551c9524e8f9
orgAInoid_Lens_Final,Lens_Final,ALL,naive_confidence@0.7,,988,928,247,0.2661637931034483,0.2379697951236864,0.2958503545270121,0.9392712550607288,0.0,0.7164304993252363,20.417004048582996,12.0,143,104,False,False,20260929,2264d2f6ac2fde621c6218352e3ffe14e765700f89b99c6cc03a12c9f1bc3b31,69b1b200c29ca42626fc4cdc7d32551c9524e8f9
orgAInoid_Lens_Final,Lens_Final,ALL,naive_confidence@0.8,,988,806,222,0.2754342431761786,0.2448413325927747,0.3076795522263291,0.8157894736842105,0.0,0.5843454790823212,29.927125506072876,12.0,132,90,False,False,20260929,2264d2f6ac2fde621c6218352e3ffe14e765700f89b99c6cc03a12c9f1bc3b31,69b1b200c29ca42626fc4cdc7d32551c9524e8f9
orgAInoid_Lens_Final,Lens_Final,ALL,naive_confidence@0.9,,988,530,152,0.2867924528301886,0.2486262649757126,0.3273553519746232,0.5364372469635628,0.0,0.3635290148448042,45.825910931174086,48.0,94,58,False,False,20260929,2264d2f6ac2fde621c6218352e3ffe14e765700f89b99c6cc03a12c9f1bc3b31,69b1b200c29ca42626fc4cdc7d32551c9524e8f9
orgAInoid_Lens_Final,Lens_Final,ALL,naive_confidence@0.95,,988,317,87,0.2744479495268139,0.2260594511567079,0.3271076645120461,0.3208502024291498,0.0,0.2098515519568151,56.89068825910931,72.0,57,30,False,False,20260929,2264d2f6ac2fde621c6218352e3ffe14e765700f89b99c6cc03a12c9f1bc3b31,69b1b200c29ca42626fc4cdc7d32551c9524e8f9
orgAInoid_Lens_Final,Lens_Final,ALL,naive_confidence@0.975,,988,184,43,0.233695652173913,0.1745854114775591,0.3015940383969261,0.1862348178137652,0.0,0.1207827260458839,63.30364372469636,72.0,31,12,False,False,20260929,2264d2f6ac2fde621c6218352e3ffe14e765700f89b99c6cc03a12c9f1bc3b31,69b1b200c29ca42626fc4cdc7d32551c9524e8f9
orgAInoid_Lens_Final,Lens_Final,ALL,naive_confidence@0.99,,988,88,20,0.2272727272727272,0.1446923100166599,0.3289484059112835,0.0890688259109311,0.0,0.0570175438596491,67.89473684210526,72.0,15,5,False,False,20260929,2264d2f6ac2fde621c6218352e3ffe14e765700f89b99c6cc03a12c9f1bc3b31,69b1b200c29ca42626fc4cdc7d32551c9524e8f9
stress_balance,RPE_Final,ALL,gates_full__altered_class_balance,0.05,783,437,37,0.0846681922196796,0.0603137862343082,0.1148158522099632,0.558109833971903,0.0434227330779054,0.1902937420178799,58.298850574712645,60.0,22,15,True,False,20260929,2264d2f6ac2fde621c6218352e3ffe14e765700f89b99c6cc03a12c9f1bc3b31,20eced06353f152f936cfba5517ba7305629052a
stress_balance,RPE_Final,ALL,gates_full__altered_class_balance,0.1,783,503,71,0.1411530815109344,0.1119151908417777,0.174683695504229,0.6424010217113666,0.074074074074074,0.2779906343124734,51.984674329501914,60.0,35,36,True,False,20260929,2264d2f6ac2fde621c6218352e3ffe14e765700f89b99c6cc03a12c9f1bc3b31,20eced06353f152f936cfba5517ba7305629052a
orgAInoid_RPE_Final,RPE_Final,ALL,gates_full__alternate_seed,0.05,988,439,25,0.0569476082004555,0.0371888126152213,0.0829207798764289,0.444331983805668,0.0384615384615384,0.122638326585695,63.17004048582996,72.0,15,10,True,False,20260930,2264d2f6ac2fde621c6218352e3ffe14e765700f89b99c6cc03a12c9f1bc3b31,20eced06353f152f936cfba5517ba7305629052a
orgAInoid_RPE_Final,RPE_Final,ALL,gates_full__alternate_seed,0.1,988,580,76,0.1310344827586207,0.1046472897683838,0.1612449793730717,0.5870445344129555,0.0506072874493927,0.2363360323886639,54.983805668016196,60.0,54,22,True,False,20260930,2264d2f6ac2fde621c6218352e3ffe14e765700f89b99c6cc03a12c9f1bc3b31,20eced06353f152f936cfba5517ba7305629052a
stress_corrupt,RPE_Final,ALL,gates_full__corrupt_early_10pct,0.05,988,288,18,0.0625,0.037458616804913,0.0969803201312345,0.291497975708502,0.0374493927125506,0.0696693657219973,66.98380566801619,72.0,9,9,True,False,20260929,2264d2f6ac2fde621c6218352e3ffe14e765700f89b99c6cc03a12c9f1bc3b31,20eced06353f152f936cfba5517ba7305629052a
stress_corrupt,RPE_Final,ALL,gates_full__corrupt_early_10pct,0.1,988,513,61,0.1189083820662768,0.092187694766367,0.1501108371749877,0.5192307692307693,0.0374493927125506,0.1271929824561403,62.8421052631579,60.0,35,26,True,False,20260929,2264d2f6ac2fde621c6218352e3ffe14e765700f89b99c6cc03a12c9f1bc3b31,20eced06353f152f936cfba5517ba7305629052a
orgAInoid_RPE_Final,RPE_Final,ALL,gates_full__decision_tree_predictor,0.05,988,279,44,0.1577060931899641,0.1169879115137909,0.2058715561163767,0.2823886639676113,0.0323886639676113,0.1115047233468286,63.97165991902834,72.0,4,40,True,False,20260929,2264d2f6ac2fde621c6218352e3ffe14e765700f89b99c6cc03a12c9f1bc3b31,20eced06353f152f936cfba5517ba7305629052a
orgAInoid_RPE_Final,RPE_Final,ALL,gates_full__decision_tree_predictor,0.1,988,300,51,0.17,0.1292731282934167,0.217385159670419,0.3036437246963562,0.0678137651821862,0.1278677462887989,62.79352226720648,72.0,5,46,True,False,20260929,2264d2f6ac2fde621c6218352e3ffe14e765700f89b99c6cc03a12c9f1bc3b31,20eced06353f152f936cfba5517ba7305629052a
stress_dropped,RPE_Final,ALL,gates_full__dropped_half_features,0.05,988,341,27,0.0791788856304985,0.0528260396163295,0.1131113906018647,0.3451417004048583,0.0607287449392712,0.1056005398110661,64.39676113360323,72.0,14,13,True,False,20260929,2264d2f6ac2fde621c6218352e3ffe14e765700f89b99c6cc03a12c9f1bc3b31,20eced06353f152f936cfba5517ba7305629052a
stress_dropped,RPE_Final,ALL,gates_full__dropped_half_features,0.1,988,587,73,0.1243611584327086,0.0987595236453975,0.153811367960142,0.5941295546558705,0.0850202429149797,0.2267206477732793,55.67611336032389,60.0,47,26,True,False,20260929,2264d2f6ac2fde621c6218352e3ffe14e765700f89b99c6cc03a12c9f1bc3b31,20eced06353f152f936cfba5517ba7305629052a
stress_irregular,RPE_Final,ALL,gates_full__irregular_sampling,0.05,988,424,45,0.1061320754716981,0.0784729583635179,0.1394287648584262,0.4291497975708502,0.0404858299595141,0.1558704453441295,60.77732793522267,72.0,28,17,True,False,20260929,2264d2f6ac2fde621c6218352e3ffe14e765700f89b99c6cc03a12c9f1bc3b31,20eced06353f152f936cfba5517ba7305629052a
stress_irregular,RPE_Final,ALL,gates_full__irregular_sampling,0.1,988,584,70,0.1198630136986301,0.0946417935899644,0.1490016818425719,0.5910931174089069,0.0718623481781376,0.2565789473684211,53.526315789473685,60.0,44,26,True,False,20260929,2264d2f6ac2fde621c6218352e3ffe14e765700f89b99c6cc03a12c9f1bc3b31,20eced06353f152f936cfba5517ba7305629052a
stress_noise,RPE_Final,ALL,gates_full__measurement_noise_025sd,0.05,988,339,25,0.0737463126843657,0.0482906752404144,0.1069409795707067,0.3431174089068826,0.0354251012145749,0.0998650472334682,64.80971659919028,72.0,9,16,True,False,20260929,2264d2f6ac2fde621c6218352e3ffe14e765700f89b99c6cc03a12c9f1bc3b31,20eced06353f152f936cfba5517ba7305629052a
stress_noise,RPE_Final,ALL,gates_full__measurement_noise_025sd,0.1,988,596,65,0.1090604026845637,0.0851845470187363,0.1368890188101386,0.6032388663967612,0.0465587044534413,0.1897773279352226,58.336032388663966,60.0,42,23,True,False,20260929,2264d2f6ac2fde621c6218352e3ffe14e765700f89b99c6cc03a12c9f1bc3b31,20eced06353f152f936cfba5517ba7305629052a
stress_missing,RPE_Final,ALL,gates_full__missing_20pct,0.05,988,438,27,0.0616438356164383,0.0410130262463228,0.0884239997467793,0.4433198380566802,0.0445344129554655,0.1228070175438596,63.1578947368421,72.0,18,9,True,False,20260929,2264d2f6ac2fde621c6218352e3ffe14e765700f89b99c6cc03a12c9f1bc3b31,20eced06353f152f936cfba5517ba7305629052a
stress_missing,RPE_Final,ALL,gates_full__missing_20pct,0.1,988,545,71,0.1302752293577981,0.1031659264815535,0.1614664242089432,0.5516194331983806,0.0546558704453441,0.224021592442645,55.87044534412956,60.0,47,24,True,False,20260929,2264d2f6ac2fde621c6218352e3ffe14e765700f89b99c6cc03a12c9f1bc3b31,20eced06353f152f936cfba5517ba7305629052a
stress_cadence,RPE_Final,ALL,gates_full__reduced_2h_cadence,0.05,988,337,19,0.0563798219584569,0.0342819704417137,0.0866461744188973,0.3410931174089069,0.0607287449392712,0.094298245614035,65.21052631578948,72.0,9,10,True,False,20260929,2264d2f6ac2fde621c6218352e3ffe14e765700f89b99c6cc03a12c9f1bc3b31,20eced06353f152f936cfba5517ba7305629052a
stress_cadence,RPE_Final,ALL,gates_full__reduced_2h_cadence,0.1,988,501,65,0.1297405189620758,0.1015767456667615,0.1623579255415291,0.507085020242915,0.0647773279352226,0.1747638326585694,59.41700404858299,60.0,46,19,True,False,20260929,2264d2f6ac2fde621c6218352e3ffe14e765700f89b99c6cc03a12c9f1bc3b31,20eced06353f152f936cfba5517ba7305629052a
orgAInoid_RPE_Final,RPE_Final,ALL,gates_full_plus_experiment_gate,0.05,988,315,8,0.025396825396825397,0.011026911789843887,0.049426694396463945,0.3188259109311741,0.19129554655870445,0.07877867746288797,66.32793522267207,72.0,8,0,True,True,20260929,35f7642203792bdde9190fbdcd6c7fd0fa1ebd3c74068197cfe71f1fbb0f75f3,38fa90b29c08545cb6e15e1778f1cd110c78a8ff
orgAInoid_RPE_Final,RPE_Final,E001,gates_full_plus_experiment_gate,0.05,80,49,0,0.0,0.0,0.07251926366427738,0.6125,0.0,0.16666666666666663,60.0,60.0,0,0,True,True,20260929,35f7642203792bdde9190fbdcd6c7fd0fa1ebd3c74068197cfe71f1fbb0f75f3,38fa90b29c08545cb6e15e1778f1cd110c78a8ff
orgAInoid_RPE_Final,RPE_Final,E002,gates_full_plus_experiment_gate,0.05,92,25,0,0.0,0.0,0.13718517153071252,0.2717391304347826,0.03260869565217391,0.045289855072463754,68.73913043478261,72.0,0,0,True,True,20260929,35f7642203792bdde9190fbdcd6c7fd0fa1ebd3c74068197cfe71f1fbb0f75f3,38fa90b29c08545cb6e15e1778f1cd110c78a8ff
orgAInoid_RPE_Final,RPE_Final,E004,gates_full_plus_experiment_gate,0.05,96,52,0,0.0,0.0,0.06848220870331956,0.5416666666666666,0.0,0.09027777777777775,65.5,60.0,0,0,True,True,20260929,35f7642203792bdde9190fbdcd6c7fd0fa1ebd3c74068197cfe71f1fbb0f75f3,38fa90b29c08545cb6e15e1778f1cd110c78a8ff
orgAInoid_RPE_Final,RPE_Final,E005,gates_full_plus_experiment_gate,0.05,92,0,0,0.0,,,0.0,0.0,0.0,72.0,72.0,0,0,True,True,20260929,35f7642203792bdde9190fbdcd6c7fd0fa1ebd3c74068197cfe71f1fbb0f75f3,38fa90b29c08545cb6e15e1778f1cd110c78a8ff
orgAInoid_RPE_Final,RPE_Final,E006,gates_full_plus_experiment_gate,0.05,95,0,0,0.0,,,0.0,0.0,0.0,72.0,72.0,0,0,True,True,20260929,35f7642203792bdde9190fbdcd6c7fd0fa1ebd3c74068197cfe71f1fbb0f75f3,38fa90b29c08545cb6e15e1778f1cd110c78a8ff
orgAInoid_RPE_Final,RPE_Final,E007,gates_full_plus_experiment_gate,0.05,93,0,0,0.0,,,0.0,1.0,0.0,72.0,72.0,0,0,True,True,20260929,35f7642203792bdde9190fbdcd6c7fd0fa1ebd3c74068197cfe71f1fbb0f75f3,38fa90b29c08545cb6e15e1778f1cd110c78a8ff
orgAInoid_RPE_Final,RPE_Final,E008,gates_full_plus_experiment_gate,0.05,91,0,0,0.0,,,0.0,1.0,0.0,72.0,72.0,0,0,True,True,20260929,35f7642203792bdde9190fbdcd6c7fd0fa1ebd3c74068197cfe71f1fbb0f75f3,38fa90b29c08545cb6e15e1778f1cd110c78a8ff
orgAInoid_RPE_Final,RPE_Final,E009,gates_full_plus_experiment_gate,0.05,90,88,2,0.022727272727272728,0.002764327076169788,0.07969730897132152,0.9777777777777777,0.011111111111111112,0.27222222222222214,52.4,48.0,2,0,True,True,20260929,35f7642203792bdde9190fbdcd6c7fd0fa1ebd3c74068197cfe71f1fbb0f75f3,38fa90b29c08545cb6e15e1778f1cd110c78a8ff
orgAInoid_RPE_Final,RPE_Final,E010,gates_full_plus_experiment_gate,0.05,92,34,0,0.0,0.0,0.10281792425901262,0.3695652173913043,0.0,0.06159420289855071,67.56521739130434,72.0,0,0,True,True,20260929,35f7642203792bdde9190fbdcd6c7fd0fa1ebd3c74068197cfe71f1fbb0f75f3,38fa90b29c08545cb6e15e1778f1cd110c78a8ff
orgAInoid_RPE_Final,RPE_Final,E011,gates_full_plus_experiment_gate,0.05,90,24,0,0.0,0.0,0.14247359772252563,0.26666666666666666,0.011111111111111112,0.08888888888888889,65.6,72.0,0,0,True,True,20260929,35f7642203792bdde9190fbdcd6c7fd0fa1ebd3c74068197cfe71f1fbb0f75f3,38fa90b29c08545cb6e15e1778f1cd110c78a8ff
orgAInoid_RPE_Final,RPE_Final,E012,gates_full_plus_experiment_gate,0.05,77,43,6,0.13953488372093023,0.05297657386681719,0.27932480031414914,0.5584415584415584,0.0,0.17532467532467533,59.37662337662338,60.0,6,0,True,True,20260929,35f7642203792bdde9190fbdcd6c7fd0fa1ebd3c74068197cfe71f1fbb0f75f3,38fa90b29c08545cb6e15e1778f1cd110c78a8ff
orgAInoid_RPE_Final,RPE_Final,ALL,gates_full_plus_experiment_gate,0.1,988,465,76,0.16344086021505377,0.13098764210665412,0.2002445978698705,0.4706477732793522,0.43016194331983804,0.2169365721997301,56.38056680161943,72.0,54,22,True,True,20260929,35f7642203792bdde9190fbdcd6c7fd0fa1ebd3c74068197cfe71f1fbb0f75f3,38fa90b29c08545cb6e15e1778f1cd110c78a8ff
orgAInoid_RPE_Final,RPE_Final,E001,gates_full_plus_experiment_gate,0.1,80,69,5,0.07246376811594203,0.023946620968704542,0.16106174027361292,0.8625,0.1375,0.53125,33.75,24.0,5,0,True,True,20260929,35f7642203792bdde9190fbdcd6c7fd0fa1ebd3c74068197cfe71f1fbb0f75f3,38fa90b29c08545cb6e15e1778f1cd110c78a8ff
orgAInoid_RPE_Final,RPE_Final,E002,gates_full_plus_experiment_gate,0.1,92,38,2,0.05263157894736842,0.0064387167150919125,0.1774905903476408,0.41304347826086957,0.03260869565217391,0.0688405797101449,67.04347826086956,72.0,0,2,True,True,20260929,35f7642203792bdde9190fbdcd6c7fd0fa1ebd3c74068197cfe71f1fbb0f75f3,38fa90b29c08545cb6e15e1778f1cd110c78a8ff
orgAInoid_RPE_Final,RPE_Final,E004,gates_full_plus_experiment_gate,0.1,96,0,0,0.0,,,0.0,1.0,0.0,72.0,72.0,0,0,True,True,20260929,35f7642203792bdde9190fbdcd6c7fd0fa1ebd3c74068197cfe71f1fbb0f75f3,38fa90b29c08545cb6e15e1778f1cd110c78a8ff
orgAInoid_RPE_Final,RPE_Final,E005,gates_full_plus_experiment_gate,0.1,92,0,0,0.0,,,0.0,1.0,0.0,72.0,72.0,0,0,True,True,20260929,35f7642203792bdde9190fbdcd6c7fd0fa1ebd3c74068197cfe71f1fbb0f75f3,38fa90b29c08545cb6e15e1778f1cd110c78a8ff
orgAInoid_RPE_Final,RPE_Final,E006,gates_full_plus_experiment_gate,0.1,95,0,0,0.0,,,0.0,1.0,0.0,72.0,72.0,0,0,True,True,20260929,35f7642203792bdde9190fbdcd6c7fd0fa1ebd3c74068197cfe71f1fbb0f75f3,38fa90b29c08545cb6e15e1778f1cd110c78a8ff
orgAInoid_RPE_Final,RPE_Final,E007,gates_full_plus_experiment_gate,0.1,93,67,26,0.3880597014925373,0.2713680542404899,0.5149818674332615,0.7204301075268817,0.27956989247311825,0.4301075268817204,41.03225806451613,24.0,8,18,True,True,20260929,35f7642203792bdde9190fbdcd6c7fd0fa1ebd3c74068197cfe71f1fbb0f75f3,38fa90b29c08545cb6e15e1778f1cd110c78a8ff
orgAInoid_RPE_Final,RPE_Final,E008,gates_full_plus_experiment_gate,0.1,91,80,3,0.0375,0.007801187265716697,0.10570198501650858,0.8791208791208791,0.03296703296703297,0.32783882783882773,48.395604395604394,48.0,3,0,True,True,20260929,35f7642203792bdde9190fbdcd6c7fd0fa1ebd3c74068197cfe71f1fbb0f75f3,38fa90b29c08545cb6e15e1778f1cd110c78a8ff
orgAInoid_RPE_Final,RPE_Final,E009,gates_full_plus_experiment_gate,0.1,90,88,11,0.125,0.0640831975470452,0.21266158728956466,0.9777777777777777,0.022222222222222223,0.4388888888888889,40.4,48.0,11,0,True,True,20260929,35f7642203792bdde9190fbdcd6c7fd0fa1ebd3c74068197cfe71f1fbb0f75f3,38fa90b29c08545cb6e15e1778f1cd110c78a8ff
orgAInoid_RPE_Final,RPE_Final,E010,gates_full_plus_experiment_gate,0.1,92,0,0,0.0,,,0.0,1.0,0.0,72.0,72.0,0,0,True,True,20260929,35f7642203792bdde9190fbdcd6c7fd0fa1ebd3c74068197cfe71f1fbb0f75f3,38fa90b29c08545cb6e15e1778f1cd110c78a8ff
orgAInoid_RPE_Final,RPE_Final,E011,gates_full_plus_experiment_gate,0.1,90,52,1,0.019230769230769232,0.00048676241549208335,0.10255354465211769,0.5777777777777777,0.022222222222222223,0.14629629629629626,61.46666666666667,60.0,1,0,True,True,20260929,35f7642203792bdde9190fbdcd6c7fd0fa1ebd3c74068197cfe71f1fbb0f75f3,38fa90b29c08545cb6e15e1778f1cd110c78a8ff
orgAInoid_RPE_Final,RPE_Final,E012,gates_full_plus_experiment_gate,0.1,77,71,28,0.39436619718309857,0.28034763094420284,0.5174860053624962,0.922077922077922,0.03896103896103896,0.5584415584415583,31.792207792207794,24.0,26,2,True,True,20260929,35f7642203792bdde9190fbdcd6c7fd0fa1ebd3c74068197cfe71f1fbb0f75f3,38fa90b29c08545cb6e15e1778f1cd110c78a8ff
