dataset,held_out_group,method,operating_point,risk_target,independent_test_units,stopped_early,incorrect_early,EESR,FP_EESR,FN_EESR,coverage,abstention_rate,observation_savings,observation_savings_stopped,mean_decision_time,median_decision_time,calibration_metric,OOD_status,seed_config,commit_hash
orgAInoid_RPE_Final,E001,full_protocol,none,,80,0,0,0.0,0.0,0.0,0.0,0.0,0.0,0.0,72.0,72.0,empirical group EESR,disabled,20260930,20eced06353f152f936cfba5517ba7305629052a
orgAInoid_RPE_Final,E001,fixed_time,12.0,,80,80,12,0.15,0.05,0.1,1.0,0.0,0.8333333333333333,0.8333333333333333,12.0,12.0,empirical group EESR,disabled,20260930,20eced06353f152f936cfba5517ba7305629052a
orgAInoid_RPE_Final,E001,fixed_time,24.0,,80,80,12,0.15,0.1,0.05,1.0,0.0,0.6666666666666667,0.6666666666666667,24.0,24.0,empirical group EESR,disabled,20260930,20eced06353f152f936cfba5517ba7305629052a
orgAInoid_RPE_Final,E001,fixed_time,36.0,,80,80,6,0.075,0.05,0.025,1.0,0.0,0.5,0.5,36.0,36.0,empirical group EESR,disabled,20260930,20eced06353f152f936cfba5517ba7305629052a
orgAInoid_RPE_Final,E001,fixed_time,48.0,,80,80,4,0.05,0.025,0.025,1.0,0.0,0.33333333333333337,0.33333333333333337,48.0,48.0,empirical group EESR,disabled,20260930,20eced06353f152f936cfba5517ba7305629052a
orgAInoid_RPE_Final,E001,fixed_time,60.0,,80,80,3,0.0375,0.025,0.0125,1.0,0.0,0.16666666666666669,0.16666666666666669,60.0,60.0,empirical group EESR,disabled,20260930,20eced06353f152f936cfba5517ba7305629052a
orgAInoid_RPE_Final,E001,naive_confidence,0.5,,80,80,12,0.15,0.05,0.1,1.0,0.0,0.8333333333333333,0.8333333333333333,12.0,12.0,empirical group EESR,disabled,20260930,20eced06353f152f936cfba5517ba7305629052a
orgAInoid_RPE_Final,E001,naive_confidence,0.6,,80,80,7,0.0875,0.0375,0.05,1.0,0.0,0.8,0.8,14.4,12.0,empirical group EESR,disabled,20260930,20eced06353f152f936cfba5517ba7305629052a
orgAInoid_RPE_Final,E001,naive_confidence,0.7,,80,80,4,0.05,0.0375,0.0125,1.0,0.0,0.7291666666666666,0.7291666666666666,19.5,12.0,empirical group EESR,disabled,20260930,20eced06353f152f936cfba5517ba7305629052a
orgAInoid_RPE_Final,E001,naive_confidence,0.8,,80,77,2,0.025974025974025976,0.025974025974025976,0.0,0.9625,0.0,0.6125,0.6363636363636365,27.9,24.0,empirical group EESR,disabled,20260930,20eced06353f152f936cfba5517ba7305629052a
orgAInoid_RPE_Final,E001,naive_confidence,0.9,,80,66,2,0.030303030303030304,0.030303030303030304,0.0,0.825,0.0,0.38541666666666663,0.4671717171717171,44.25,48.0,empirical group EESR,disabled,20260930,20eced06353f152f936cfba5517ba7305629052a
orgAInoid_RPE_Final,E001,naive_confidence,0.95,,80,49,1,0.02040816326530612,0.02040816326530612,0.0,0.6125,0.0,0.2416666666666667,0.3945578231292517,54.6,60.0,empirical group EESR,disabled,20260930,20eced06353f152f936cfba5517ba7305629052a
orgAInoid_RPE_Final,E001,naive_confidence,0.975,,80,26,1,0.038461538461538464,0.038461538461538464,0.0,0.325,0.0,0.11875,0.3653846153846153,63.45,72.0,empirical group EESR,disabled,20260930,20eced06353f152f936cfba5517ba7305629052a
orgAInoid_RPE_Final,E001,naive_confidence,0.99,,80,9,1,0.1111111111111111,0.1111111111111111,0.0,0.1125,0.0,0.04583333333333332,0.40740740740740733,68.7,72.0,empirical group EESR,disabled,20260930,20eced06353f152f936cfba5517ba7305629052a
orgAInoid_RPE_Final,E001,calibrated_non_group,0.02,0.02,80,55,0,0.0,0.0,0.0,0.6875,0.0,0.19791666666666666,0.2878787878787879,57.75,54.0,empirical group EESR,disabled,20260930,20eced06353f152f936cfba5517ba7305629052a
orgAInoid_RPE_Final,E001,cbes_style,0.02,0.02,80,0,0,0.0,0.0,0.0,0.0,0.0,0.0,0.0,72.0,72.0,empirical group EESR,disabled,20260930,20eced06353f152f936cfba5517ba7305629052a
orgAInoid_RPE_Final,E001,gates_without_ood,0.02,0.02,80,0,0,0.0,0.0,0.0,0.0,0.0,0.0,0.0,72.0,72.0,empirical group EESR,disabled,20260930,20eced06353f152f936cfba5517ba7305629052a
orgAInoid_RPE_Final,E001,gates_full,0.02,0.02,80,0,0,0.0,0.0,0.0,0.0,0.0,0.0,0.0,72.0,72.0,empirical group EESR,enabled,20260930,20eced06353f152f936cfba5517ba7305629052a
orgAInoid_RPE_Final,E001,calibrated_non_group,0.05,0.05,80,72,2,0.027777777777777776,0.027777777777777776,0.0,0.9,0.0,0.29375,0.3263888888888889,50.85,48.0,empirical group EESR,disabled,20260930,20eced06353f152f936cfba5517ba7305629052a
orgAInoid_RPE_Final,E001,cbes_style,0.05,0.05,80,0,0,0.0,0.0,0.0,0.0,0.0,0.0,0.0,72.0,72.0,empirical group EESR,disabled,20260930,20eced06353f152f936cfba5517ba7305629052a
orgAInoid_RPE_Final,E001,gates_without_ood,0.05,0.05,80,49,0,0.0,0.0,0.0,0.6125,0.0,0.16666666666666666,0.272108843537415,60.0,60.0,empirical group EESR,disabled,20260930,20eced06353f152f936cfba5517ba7305629052a
orgAInoid_RPE_Final,E001,gates_full,0.05,0.05,80,49,0,0.0,0.0,0.0,0.6125,0.0,0.16666666666666666,0.272108843537415,60.0,60.0,empirical group EESR,enabled,20260930,20eced06353f152f936cfba5517ba7305629052a
orgAInoid_RPE_Final,E001,calibrated_non_group,0.1,0.1,80,80,6,0.075,0.075,0.0,1.0,0.0,0.63125,0.63125,26.55,24.0,empirical group EESR,disabled,20260930,20eced06353f152f936cfba5517ba7305629052a
orgAInoid_RPE_Final,E001,cbes_style,0.1,0.1,80,0,0,0.0,0.0,0.0,0.0,0.0,0.0,0.0,72.0,72.0,empirical group EESR,disabled,20260930,20eced06353f152f936cfba5517ba7305629052a
orgAInoid_RPE_Final,E001,gates_without_ood,0.1,0.1,80,80,6,0.075,0.075,0.0,1.0,0.0,0.6229166666666667,0.6229166666666667,27.15,24.0,empirical group EESR,disabled,20260930,20eced06353f152f936cfba5517ba7305629052a
orgAInoid_RPE_Final,E001,gates_full,0.1,0.1,80,69,5,0.07246376811594203,0.07246376811594203,0.0,0.8625,0.1375,0.53125,0.6159420289855071,33.75,24.0,empirical group EESR,enabled,20260930,20eced06353f152f936cfba5517ba7305629052a
orgAInoid_RPE_Final,E001,calibrated_non_group,0.15,0.15,80,80,6,0.075,0.0625,0.0125,1.0,0.0,0.7208333333333333,0.7208333333333333,20.1,24.0,empirical group EESR,disabled,20260930,20eced06353f152f936cfba5517ba7305629052a
orgAInoid_RPE_Final,E001,cbes_style,0.15,0.15,80,80,5,0.0625,0.0625,0.0,1.0,0.0,0.5895833333333333,0.5895833333333333,29.55,24.0,empirical group EESR,disabled,20260930,20eced06353f152f936cfba5517ba7305629052a
orgAInoid_RPE_Final,E001,gates_without_ood,0.15,0.15,80,80,8,0.1,0.075,0.025,1.0,0.0,0.65,0.65,25.2,24.0,empirical group EESR,disabled,20260930,20eced06353f152f936cfba5517ba7305629052a
orgAInoid_RPE_Final,E001,gates_full,0.15,0.15,80,69,7,0.10144927536231885,0.07246376811594203,0.028985507246376812,0.8625,0.1375,0.5583333333333333,0.6473429951690819,31.8,24.0,empirical group EESR,enabled,20260930,20eced06353f152f936cfba5517ba7305629052a
orgAInoid_RPE_Final,E001,calibrated_non_group,0.2,0.2,80,80,7,0.0875,0.0375,0.05,1.0,0.0,0.8041666666666666,0.8041666666666666,14.1,12.0,empirical group EESR,disabled,20260930,20eced06353f152f936cfba5517ba7305629052a
orgAInoid_RPE_Final,E001,cbes_style,0.2,0.2,80,80,5,0.0625,0.0375,0.025,1.0,0.0,0.7583333333333332,0.7583333333333332,17.4,12.0,empirical group EESR,disabled,20260930,20eced06353f152f936cfba5517ba7305629052a
orgAInoid_RPE_Final,E001,gates_without_ood,0.2,0.2,80,80,9,0.1125,0.05,0.0625,1.0,0.0,0.80625,0.80625,13.95,12.0,empirical group EESR,disabled,20260930,20eced06353f152f936cfba5517ba7305629052a
orgAInoid_RPE_Final,E001,gates_full,0.2,0.2,80,75,8,0.10666666666666667,0.05333333333333334,0.05333333333333334,0.9375,0.0625,0.75625,0.8066666666666665,17.55,12.0,empirical group EESR,enabled,20260930,20eced06353f152f936cfba5517ba7305629052a
orgAInoid_RPE_Final,E001,calibrated_non_group,0.3,0.3,80,80,12,0.15,0.05,0.1,1.0,0.0,0.8333333333333333,0.8333333333333333,12.0,12.0,empirical group EESR,disabled,20260930,20eced06353f152f936cfba5517ba7305629052a
orgAInoid_RPE_Final,E001,cbes_style,0.3,0.3,80,80,5,0.0625,0.0375,0.025,1.0,0.0,0.7583333333333332,0.7583333333333332,17.4,12.0,empirical group EESR,disabled,20260930,20eced06353f152f936cfba5517ba7305629052a
orgAInoid_RPE_Final,E001,gates_without_ood,0.3,0.3,80,80,12,0.15,0.05,0.1,1.0,0.0,0.8333333333333333,0.8333333333333333,12.0,12.0,empirical group EESR,disabled,20260930,20eced06353f152f936cfba5517ba7305629052a
orgAInoid_RPE_Final,E001,gates_full,0.3,0.3,80,76,11,0.14473684210526316,0.05263157894736842,0.09210526315789473,0.95,0.05,0.7916666666666666,0.8333333333333334,15.0,12.0,empirical group EESR,enabled,20260930,20eced06353f152f936cfba5517ba7305629052a
orgAInoid_RPE_Final,E002,full_protocol,none,,92,0,0,0.0,0.0,0.0,0.0,0.0,0.0,0.0,72.0,72.0,empirical group EESR,disabled,20260930,20eced06353f152f936cfba5517ba7305629052a
orgAInoid_RPE_Final,E002,fixed_time,12.0,,92,88,19,0.2159090909090909,0.10227272727272728,0.11363636363636363,0.9565217391304348,0.0,0.7971014492753621,0.8333333333333333,14.608695652173912,12.0,empirical group EESR,disabled,20260930,20eced06353f152f936cfba5517ba7305629052a
orgAInoid_RPE_Final,E002,fixed_time,24.0,,92,88,12,0.13636363636363635,0.07954545454545454,0.056818181818181816,0.9565217391304348,0.0,0.6376811594202898,0.6666666666666667,26.08695652173913,24.0,empirical group EESR,disabled,20260930,20eced06353f152f936cfba5517ba7305629052a
orgAInoid_RPE_Final,E002,fixed_time,36.0,,92,88,31,0.3522727272727273,0.2840909090909091,0.06818181818181818,0.9565217391304348,0.0,0.4782608695652174,0.5,37.56521739130435,36.0,empirical group EESR,disabled,20260930,20eced06353f152f936cfba5517ba7305629052a
orgAInoid_RPE_Final,E002,fixed_time,48.0,,92,88,11,0.125,0.056818181818181816,0.06818181818181818,0.9565217391304348,0.0,0.3188405797101449,0.33333333333333337,49.04347826086956,48.0,empirical group EESR,disabled,20260930,20eced06353f152f936cfba5517ba7305629052a
orgAInoid_RPE_Final,E002,fixed_time,60.0,,92,88,13,0.14772727272727273,0.06818181818181818,0.07954545454545454,0.9565217391304348,0.0,0.15942028985507245,0.16666666666666669,60.52173913043478,60.0,empirical group EESR,disabled,20260930,20eced06353f152f936cfba5517ba7305629052a
orgAInoid_RPE_Final,E002,naive_confidence,0.5,,92,88,19,0.2159090909090909,0.10227272727272728,0.11363636363636363,0.9565217391304348,0.0,0.7971014492753621,0.8333333333333333,14.608695652173912,12.0,empirical group EESR,disabled,20260930,20eced06353f152f936cfba5517ba7305629052a
orgAInoid_RPE_Final,E002,naive_confidence,0.6,,92,88,17,0.19318181818181818,0.07954545454545454,0.11363636363636363,0.9565217391304348,0.0,0.7844202898550722,0.8200757575757575,15.521739130434783,12.0,empirical group EESR,disabled,20260930,20eced06353f152f936cfba5517ba7305629052a
orgAInoid_RPE_Final,E002,naive_confidence,0.7,,92,84,17,0.20238095238095238,0.08333333333333333,0.11904761904761904,0.9130434782608695,0.0,0.7336956521739127,0.8035714285714283,19.17391304347826,12.0,empirical group EESR,disabled,20260930,20eced06353f152f936cfba5517ba7305629052a
orgAInoid_RPE_Final,E002,naive_confidence,0.8,,92,82,15,0.18292682926829268,0.07317073170731707,0.10975609756097561,0.8913043478260869,0.0,0.6757246376811594,0.7581300813008129,23.347826086956523,12.0,empirical group EESR,disabled,20260930,20eced06353f152f936cfba5517ba7305629052a
orgAInoid_RPE_Final,E002,naive_confidence,0.9,,92,67,9,0.13432835820895522,0.014925373134328358,0.11940298507462686,0.7282608695652174,0.0,0.532608695652174,0.7313432835820896,33.65217391304348,12.0,empirical group EESR,disabled,20260930,20eced06353f152f936cfba5517ba7305629052a
orgAInoid_RPE_Final,E002,naive_confidence,0.95,,92,49,6,0.12244897959183673,0.02040816326530612,0.10204081632653061,0.532608695652174,0.0,0.391304347826087,0.7346938775510206,43.82608695652174,60.0,empirical group EESR,disabled,20260930,20eced06353f152f936cfba5517ba7305629052a
orgAInoid_RPE_Final,E002,naive_confidence,0.975,,92,38,6,0.15789473684210525,0.02631578947368421,0.13157894736842105,0.41304347826086957,0.0,0.29891304347826086,0.7236842105263159,50.47826086956522,72.0,empirical group EESR,disabled,20260930,20eced06353f152f936cfba5517ba7305629052a
orgAInoid_RPE_Final,E002,naive_confidence,0.99,,92,25,6,0.24,0.04,0.2,0.2717391304347826,0.0,0.19927536231884058,0.7333333333333333,57.65217391304348,72.0,empirical group EESR,disabled,20260930,20eced06353f152f936cfba5517ba7305629052a
orgAInoid_RPE_Final,E002,calibrated_non_group,0.02,0.02,92,28,1,0.03571428571428571,0.0,0.03571428571428571,0.30434782608695654,0.0,0.06159420289855073,0.20238095238095238,67.56521739130434,72.0,empirical group EESR,disabled,20260930,20eced06353f152f936cfba5517ba7305629052a
orgAInoid_RPE_Final,E002,cbes_style,0.02,0.02,92,73,20,0.273972602739726,0.1917808219178082,0.0821917808219178,0.7934782608695652,0.0,0.30978260869565216,0.3904109589041096,49.69565217391305,48.0,empirical group EESR,disabled,20260930,20eced06353f152f936cfba5517ba7305629052a
orgAInoid_RPE_Final,E002,gates_without_ood,0.02,0.02,92,14,1,0.07142857142857142,0.0,0.07142857142857142,0.15217391304347827,0.0,0.02536231884057971,0.16666666666666666,70.17391304347827,72.0,empirical group EESR,disabled,20260930,20eced06353f152f936cfba5517ba7305629052a
orgAInoid_RPE_Final,E002,gates_full,0.02,0.02,92,11,0,0.0,0.0,0.0,0.11956521739130435,0.03260869565217391,0.01992753623188406,0.16666666666666669,70.56521739130434,72.0,empirical group EESR,enabled,20260930,20eced06353f152f936cfba5517ba7305629052a
orgAInoid_RPE_Final,E002,calibrated_non_group,0.05,0.05,92,67,6,0.08955223880597014,0.029850746268656716,0.05970149253731343,0.7282608695652174,0.0,0.18478260869565213,0.25373134328358204,58.69565217391305,60.0,empirical group EESR,disabled,20260930,20eced06353f152f936cfba5517ba7305629052a
orgAInoid_RPE_Final,E002,cbes_style,0.05,0.05,92,73,20,0.273972602739726,0.1917808219178082,0.0821917808219178,0.7934782608695652,0.0,0.30978260869565216,0.3904109589041096,49.69565217391305,48.0,empirical group EESR,disabled,20260930,20eced06353f152f936cfba5517ba7305629052a
orgAInoid_RPE_Final,E002,gates_without_ood,0.05,0.05,92,28,1,0.03571428571428571,0.0,0.03571428571428571,0.30434782608695654,0.0,0.050724637681159424,0.1666666666666667,68.34782608695652,72.0,empirical group EESR,disabled,20260930,20eced06353f152f936cfba5517ba7305629052a
orgAInoid_RPE_Final,E002,gates_full,0.05,0.05,92,25,0,0.0,0.0,0.0,0.2717391304347826,0.03260869565217391,0.04528985507246376,0.16666666666666669,68.73913043478261,72.0,empirical group EESR,enabled,20260930,20eced06353f152f936cfba5517ba7305629052a
orgAInoid_RPE_Final,E002,calibrated_non_group,0.1,0.1,92,70,6,0.08571428571428572,0.02857142857142857,0.05714285714285714,0.7608695652173914,0.0,0.3369565217391305,0.44285714285714284,47.73913043478261,48.0,empirical group EESR,disabled,20260930,20eced06353f152f936cfba5517ba7305629052a
orgAInoid_RPE_Final,E002,cbes_style,0.1,0.1,92,73,20,0.273972602739726,0.1917808219178082,0.0821917808219178,0.7934782608695652,0.0,0.30978260869565216,0.3904109589041096,49.69565217391305,48.0,empirical group EESR,disabled,20260930,20eced06353f152f936cfba5517ba7305629052a
orgAInoid_RPE_Final,E002,gates_without_ood,0.1,0.1,92,41,3,0.07317073170731707,0.0,0.07317073170731707,0.44565217391304346,0.0,0.07427536231884059,0.16666666666666666,66.65217391304348,72.0,empirical group EESR,disabled,20260930,20eced06353f152f936cfba5517ba7305629052a
orgAInoid_RPE_Final,E002,gates_full,0.1,0.1,92,38,2,0.05263157894736842,0.0,0.05263157894736842,0.41304347826086957,0.03260869565217391,0.06884057971014493,0.1666666666666667,67.04347826086956,72.0,empirical group EESR,enabled,20260930,20eced06353f152f936cfba5517ba7305629052a
orgAInoid_RPE_Final,E002,calibrated_non_group,0.15,0.15,92,88,14,0.1590909090909091,0.07954545454545454,0.07954545454545454,0.9565217391304348,0.0,0.41666666666666663,0.43560606060606055,42.0,48.0,empirical group EESR,disabled,20260930,20eced06353f152f936cfba5517ba7305629052a
orgAInoid_RPE_Final,E002,cbes_style,0.15,0.15,92,73,20,0.273972602739726,0.1917808219178082,0.0821917808219178,0.7934782608695652,0.0,0.30978260869565216,0.3904109589041096,49.69565217391305,48.0,empirical group EESR,disabled,20260930,20eced06353f152f936cfba5517ba7305629052a
orgAInoid_RPE_Final,E002,gates_without_ood,0.15,0.15,92,72,8,0.1111111111111111,0.027777777777777776,0.08333333333333333,0.782608695652174,0.0,0.21195652173913043,0.2708333333333333,56.73913043478261,60.0,empirical group EESR,disabled,20260930,20eced06353f152f936cfba5517ba7305629052a
orgAInoid_RPE_Final,E002,gates_full,0.15,0.15,92,68,7,0.10294117647058823,0.029411764705882353,0.07352941176470588,0.7391304347826086,0.043478260869565216,0.197463768115942,0.267156862745098,57.78260869565217,60.0,empirical group EESR,enabled,20260930,20eced06353f152f936cfba5517ba7305629052a
orgAInoid_RPE_Final,E002,calibrated_non_group,0.2,0.2,92,88,27,0.3068181818181818,0.23863636363636365,0.06818181818181818,0.9565217391304348,0.0,0.572463768115942,0.5984848484848485,30.782608695652176,24.0,empirical group EESR,disabled,20260930,20eced06353f152f936cfba5517ba7305629052a
orgAInoid_RPE_Final,E002,cbes_style,0.2,0.2,92,87,19,0.21839080459770116,0.10344827586206896,0.11494252873563218,0.9456521739130435,0.0,0.7499999999999997,0.7931034482758618,18.0,12.0,empirical group EESR,disabled,20260930,20eced06353f152f936cfba5517ba7305629052a
orgAInoid_RPE_Final,E002,gates_without_ood,0.2,0.2,92,85,12,0.1411764705882353,0.07058823529411765,0.07058823529411765,0.9239130434782609,0.0,0.24818840579710139,0.26862745098039204,54.130434782608695,48.0,empirical group EESR,disabled,20260930,20eced06353f152f936cfba5517ba7305629052a
orgAInoid_RPE_Final,E002,gates_full,0.2,0.2,92,81,11,0.13580246913580246,0.07407407407407407,0.06172839506172839,0.8804347826086957,0.043478260869565216,0.23369565217391297,0.26543209876543206,55.17391304347826,48.0,empirical group EESR,enabled,20260930,20eced06353f152f936cfba5517ba7305629052a
orgAInoid_RPE_Final,E002,calibrated_non_group,0.3,0.3,92,88,22,0.25,0.13636363636363635,0.11363636363636363,0.9565217391304348,0.0,0.7590579710144926,0.793560606060606,17.347826086956523,12.0,empirical group EESR,disabled,20260930,20eced06353f152f936cfba5517ba7305629052a
orgAInoid_RPE_Final,E002,cbes_style,0.3,0.3,92,87,19,0.21839080459770116,0.10344827586206896,0.11494252873563218,0.9456521739130435,0.0,0.7499999999999997,0.7931034482758618,18.0,12.0,empirical group EESR,disabled,20260930,20eced06353f152f936cfba5517ba7305629052a
orgAInoid_RPE_Final,E002,gates_without_ood,0.3,0.3,92,88,17,0.19318181818181818,0.07954545454545454,0.11363636363636363,0.9565217391304348,0.0,0.7536231884057969,0.7878787878787878,17.73913043478261,12.0,empirical group EESR,disabled,20260930,20eced06353f152f936cfba5517ba7305629052a
orgAInoid_RPE_Final,E002,gates_full,0.3,0.3,92,86,15,0.1744186046511628,0.08139534883720931,0.09302325581395349,0.9347826086956522,0.021739130434782608,0.7355072463768113,0.7868217054263563,19.043478260869566,12.0,empirical group EESR,enabled,20260930,20eced06353f152f936cfba5517ba7305629052a
orgAInoid_RPE_Final,E004,full_protocol,none,,96,0,0,0.0,0.0,0.0,0.0,0.0,0.0,0.0,72.0,72.0,empirical group EESR,disabled,20260930,20eced06353f152f936cfba5517ba7305629052a
orgAInoid_RPE_Final,E004,fixed_time,12.0,,96,96,50,0.5208333333333334,0.5208333333333334,0.0,1.0,0.0,0.8333333333333334,0.8333333333333334,12.0,12.0,empirical group EESR,disabled,20260930,20eced06353f152f936cfba5517ba7305629052a
orgAInoid_RPE_Final,E004,fixed_time,24.0,,96,96,34,0.3541666666666667,0.3541666666666667,0.0,1.0,0.0,0.6666666666666666,0.6666666666666666,24.0,24.0,empirical group EESR,disabled,20260930,20eced06353f152f936cfba5517ba7305629052a
orgAInoid_RPE_Final,E004,fixed_time,36.0,,96,96,5,0.052083333333333336,0.052083333333333336,0.0,1.0,0.0,0.5,0.5,36.0,36.0,empirical group EESR,disabled,20260930,20eced06353f152f936cfba5517ba7305629052a
orgAInoid_RPE_Final,E004,fixed_time,48.0,,96,96,0,0.0,0.0,0.0,1.0,0.0,0.3333333333333333,0.3333333333333333,48.0,48.0,empirical group EESR,disabled,20260930,20eced06353f152f936cfba5517ba7305629052a
orgAInoid_RPE_Final,E004,fixed_time,60.0,,96,96,1,0.010416666666666666,0.010416666666666666,0.0,1.0,0.0,0.16666666666666666,0.16666666666666666,60.0,60.0,empirical group EESR,disabled,20260930,20eced06353f152f936cfba5517ba7305629052a
orgAInoid_RPE_Final,E004,naive_confidence,0.5,,96,96,50,0.5208333333333334,0.5208333333333334,0.0,1.0,0.0,0.8333333333333334,0.8333333333333334,12.0,12.0,empirical group EESR,disabled,20260930,20eced06353f152f936cfba5517ba7305629052a
orgAInoid_RPE_Final,E004,naive_confidence,0.6,,96,96,33,0.34375,0.34375,0.0,1.0,0.0,0.7118055555555557,0.7118055555555557,20.75,12.0,empirical group EESR,disabled,20260930,20eced06353f152f936cfba5517ba7305629052a
orgAInoid_RPE_Final,E004,naive_confidence,0.7,,96,96,12,0.125,0.125,0.0,1.0,0.0,0.5381944444444444,0.5381944444444444,33.25,36.0,empirical group EESR,disabled,20260930,20eced06353f152f936cfba5517ba7305629052a
orgAInoid_RPE_Final,E004,naive_confidence,0.8,,96,96,1,0.010416666666666666,0.010416666666666666,0.0,1.0,0.0,0.37152777777777785,0.37152777777777785,45.25,48.0,empirical group EESR,disabled,20260930,20eced06353f152f936cfba5517ba7305629052a
orgAInoid_RPE_Final,E004,naive_confidence,0.9,,96,90,0,0.0,0.0,0.0,0.9375,0.0,0.2829861111111111,0.30185185185185187,51.625,48.0,empirical group EESR,disabled,20260930,20eced06353f152f936cfba5517ba7305629052a
orgAInoid_RPE_Final,E004,naive_confidence,0.95,,96,65,0,0.0,0.0,0.0,0.6770833333333334,0.0,0.17361111111111113,0.2564102564102564,59.5,60.0,empirical group EESR,disabled,20260930,20eced06353f152f936cfba5517ba7305629052a
orgAInoid_RPE_Final,E004,naive_confidence,0.975,,96,25,0,0.0,0.0,0.0,0.2604166666666667,0.0,0.052083333333333336,0.19999999999999996,68.25,72.0,empirical group EESR,disabled,20260930,20eced06353f152f936cfba5517ba7305629052a
orgAInoid_RPE_Final,E004,naive_confidence,0.99,,96,2,0,0.0,0.0,0.0,0.020833333333333332,0.0,0.003472222222222222,0.16666666666666666,71.75,72.0,empirical group EESR,disabled,20260930,20eced06353f152f936cfba5517ba7305629052a
orgAInoid_RPE_Final,E004,calibrated_non_group,0.02,0.02,96,0,0,0.0,0.0,0.0,0.0,0.0,0.0,0.0,72.0,72.0,empirical group EESR,disabled,20260930,20eced06353f152f936cfba5517ba7305629052a
orgAInoid_RPE_Final,E004,cbes_style,0.02,0.02,96,0,0,0.0,0.0,0.0,0.0,0.0,0.0,0.0,72.0,72.0,empirical group EESR,disabled,20260930,20eced06353f152f936cfba5517ba7305629052a
orgAInoid_RPE_Final,E004,gates_without_ood,0.02,0.02,96,0,0,0.0,0.0,0.0,0.0,0.0,0.0,0.0,72.0,72.0,empirical group EESR,disabled,20260930,20eced06353f152f936cfba5517ba7305629052a
orgAInoid_RPE_Final,E004,gates_full,0.02,0.02,96,0,0,0.0,0.0,0.0,0.0,0.0,0.0,0.0,72.0,72.0,empirical group EESR,enabled,20260930,20eced06353f152f936cfba5517ba7305629052a
orgAInoid_RPE_Final,E004,calibrated_non_group,0.05,0.05,96,63,0,0.0,0.0,0.0,0.65625,0.0,0.109375,0.16666666666666657,64.125,60.0,empirical group EESR,disabled,20260930,20eced06353f152f936cfba5517ba7305629052a
orgAInoid_RPE_Final,E004,cbes_style,0.05,0.05,96,0,0,0.0,0.0,0.0,0.0,0.0,0.0,0.0,72.0,72.0,empirical group EESR,disabled,20260930,20eced06353f152f936cfba5517ba7305629052a
orgAInoid_RPE_Final,E004,gates_without_ood,0.05,0.05,96,52,0,0.0,0.0,0.0,0.5416666666666666,0.0,0.09027777777777778,0.16666666666666663,65.5,60.0,empirical group EESR,disabled,20260930,20eced06353f152f936cfba5517ba7305629052a
orgAInoid_RPE_Final,E004,gates_full,0.05,0.05,96,52,0,0.0,0.0,0.0,0.5416666666666666,0.0,0.09027777777777778,0.16666666666666663,65.5,60.0,empirical group EESR,enabled,20260930,20eced06353f152f936cfba5517ba7305629052a
orgAInoid_RPE_Final,E004,calibrated_non_group,0.1,0.1,96,59,0,0.0,0.0,0.0,0.6145833333333334,0.0,0.19791666666666666,0.32203389830508466,57.75,48.0,empirical group EESR,disabled,20260930,20eced06353f152f936cfba5517ba7305629052a
orgAInoid_RPE_Final,E004,cbes_style,0.1,0.1,96,0,0,0.0,0.0,0.0,0.0,0.0,0.0,0.0,72.0,72.0,empirical group EESR,disabled,20260930,20eced06353f152f936cfba5517ba7305629052a
orgAInoid_RPE_Final,E004,gates_without_ood,0.1,0.1,96,72,0,0.0,0.0,0.0,0.75,0.0,0.125,0.16666666666666666,63.0,60.0,empirical group EESR,disabled,20260930,20eced06353f152f936cfba5517ba7305629052a
orgAInoid_RPE_Final,E004,gates_full,0.1,0.1,96,72,0,0.0,0.0,0.0,0.75,0.0,0.125,0.16666666666666666,63.0,60.0,empirical group EESR,enabled,20260930,20eced06353f152f936cfba5517ba7305629052a
orgAInoid_RPE_Final,E004,calibrated_non_group,0.15,0.15,96,92,0,0.0,0.0,0.0,0.9583333333333334,0.0,0.30034722222222227,0.3134057971014493,50.375,48.0,empirical group EESR,disabled,20260930,20eced06353f152f936cfba5517ba7305629052a
orgAInoid_RPE_Final,E004,cbes_style,0.15,0.15,96,0,0,0.0,0.0,0.0,0.0,0.0,0.0,0.0,72.0,72.0,empirical group EESR,disabled,20260930,20eced06353f152f936cfba5517ba7305629052a
orgAInoid_RPE_Final,E004,gates_without_ood,0.15,0.15,96,94,0,0.0,0.0,0.0,0.9791666666666666,0.0,0.16493055555555555,0.1684397163120567,60.125,60.0,empirical group EESR,disabled,20260930,20eced06353f152f936cfba5517ba7305629052a
orgAInoid_RPE_Final,E004,gates_full,0.15,0.15,96,94,0,0.0,0.0,0.0,0.9791666666666666,0.0,0.16493055555555555,0.1684397163120567,60.125,60.0,empirical group EESR,enabled,20260930,20eced06353f152f936cfba5517ba7305629052a
orgAInoid_RPE_Final,E004,calibrated_non_group,0.2,0.2,96,96,12,0.125,0.125,0.0,1.0,0.0,0.4131944444444444,0.4131944444444444,42.25,48.0,empirical group EESR,disabled,20260930,20eced06353f152f936cfba5517ba7305629052a
orgAInoid_RPE_Final,E004,cbes_style,0.2,0.2,96,95,0,0.0,0.0,0.0,0.9895833333333334,0.0,0.16493055555555555,0.16666666666666663,60.125,60.0,empirical group EESR,disabled,20260930,20eced06353f152f936cfba5517ba7305629052a
orgAInoid_RPE_Final,E004,gates_without_ood,0.2,0.2,96,96,0,0.0,0.0,0.0,1.0,0.0,0.31423611111111116,0.31423611111111116,49.375,48.0,empirical group EESR,disabled,20260930,20eced06353f152f936cfba5517ba7305629052a
orgAInoid_RPE_Final,E004,gates_full,0.2,0.2,96,96,0,0.0,0.0,0.0,1.0,0.0,0.31423611111111116,0.31423611111111116,49.375,48.0,empirical group EESR,enabled,20260930,20eced06353f152f936cfba5517ba7305629052a
orgAInoid_RPE_Final,E004,calibrated_non_group,0.3,0.3,96,96,34,0.3541666666666667,0.3541666666666667,0.0,1.0,0.0,0.7309027777777778,0.7309027777777778,19.375,12.0,empirical group EESR,disabled,20260930,20eced06353f152f936cfba5517ba7305629052a
orgAInoid_RPE_Final,E004,cbes_style,0.3,0.3,96,96,18,0.1875,0.1875,0.0,1.0,0.0,0.5659722222222222,0.5659722222222222,31.25,24.0,empirical group EESR,disabled,20260930,20eced06353f152f936cfba5517ba7305629052a
orgAInoid_RPE_Final,E004,gates_without_ood,0.3,0.3,96,96,21,0.21875,0.21875,0.0,1.0,0.0,0.5538194444444443,0.5538194444444443,32.125,48.0,empirical group EESR,disabled,20260930,20eced06353f152f936cfba5517ba7305629052a
orgAInoid_RPE_Final,E004,gates_full,0.3,0.3,96,96,21,0.21875,0.21875,0.0,1.0,0.0,0.5538194444444443,0.5538194444444443,32.125,48.0,empirical group EESR,enabled,20260930,20eced06353f152f936cfba5517ba7305629052a
orgAInoid_RPE_Final,E005,full_protocol,none,,92,0,0,0.0,0.0,0.0,0.0,0.0,0.0,0.0,72.0,72.0,empirical group EESR,disabled,20260930,20eced06353f152f936cfba5517ba7305629052a
orgAInoid_RPE_Final,E005,fixed_time,12.0,,92,92,36,0.391304347826087,0.31521739130434784,0.07608695652173914,1.0,0.0,0.833333333333333,0.833333333333333,12.0,12.0,empirical group EESR,disabled,20260930,20eced06353f152f936cfba5517ba7305629052a
orgAInoid_RPE_Final,E005,fixed_time,24.0,,92,92,32,0.34782608695652173,0.33695652173913043,0.010869565217391304,1.0,0.0,0.6666666666666666,0.6666666666666666,24.0,24.0,empirical group EESR,disabled,20260930,20eced06353f152f936cfba5517ba7305629052a
orgAInoid_RPE_Final,E005,fixed_time,36.0,,92,92,40,0.43478260869565216,0.40217391304347827,0.03260869565217391,1.0,0.0,0.5,0.5,36.0,36.0,empirical group EESR,disabled,20260930,20eced06353f152f936cfba5517ba7305629052a
orgAInoid_RPE_Final,E005,fixed_time,48.0,,92,92,28,0.30434782608695654,0.2826086956521739,0.021739130434782608,1.0,0.0,0.3333333333333333,0.3333333333333333,48.0,48.0,empirical group EESR,disabled,20260930,20eced06353f152f936cfba5517ba7305629052a
orgAInoid_RPE_Final,E005,fixed_time,60.0,,92,92,24,0.2608695652173913,0.2391304347826087,0.021739130434782608,1.0,0.0,0.16666666666666666,0.16666666666666666,60.0,60.0,empirical group EESR,disabled,20260930,20eced06353f152f936cfba5517ba7305629052a
orgAInoid_RPE_Final,E005,naive_confidence,0.5,,92,92,36,0.391304347826087,0.31521739130434784,0.07608695652173914,1.0,0.0,0.833333333333333,0.833333333333333,12.0,12.0,empirical group EESR,disabled,20260930,20eced06353f152f936cfba5517ba7305629052a
orgAInoid_RPE_Final,E005,naive_confidence,0.6,,92,92,33,0.358695652173913,0.31521739130434784,0.043478260869565216,1.0,0.0,0.7971014492753621,0.7971014492753621,14.608695652173912,12.0,empirical group EESR,disabled,20260930,20eced06353f152f936cfba5517ba7305629052a
orgAInoid_RPE_Final,E005,naive_confidence,0.7,,92,92,29,0.31521739130434784,0.29347826086956524,0.021739130434782608,1.0,0.0,0.7735507246376809,0.7735507246376809,16.304347826086957,12.0,empirical group EESR,disabled,20260930,20eced06353f152f936cfba5517ba7305629052a
orgAInoid_RPE_Final,E005,naive_confidence,0.8,,92,89,26,0.29213483146067415,0.2696629213483146,0.02247191011235955,0.967391304347826,0.0,0.6920289855072465,0.7153558052434457,22.17391304347826,12.0,empirical group EESR,disabled,20260930,20eced06353f152f936cfba5517ba7305629052a
orgAInoid_RPE_Final,E005,naive_confidence,0.9,,92,81,21,0.25925925925925924,0.25925925925925924,0.0,0.8804347826086957,0.0,0.548913043478261,0.6234567901234569,32.47826086956522,24.0,empirical group EESR,disabled,20260930,20eced06353f152f936cfba5517ba7305629052a
orgAInoid_RPE_Final,E005,naive_confidence,0.95,,92,64,15,0.234375,0.234375,0.0,0.6956521739130435,0.0,0.35869565217391314,0.515625,46.17391304347826,48.0,empirical group EESR,disabled,20260930,20eced06353f152f936cfba5517ba7305629052a
orgAInoid_RPE_Final,E005,naive_confidence,0.975,,92,45,7,0.15555555555555556,0.15555555555555556,0.0,0.4891304347826087,0.0,0.20471014492753625,0.4185185185185185,57.26086956521739,72.0,empirical group EESR,disabled,20260930,20eced06353f152f936cfba5517ba7305629052a
orgAInoid_RPE_Final,E005,naive_confidence,0.99,,92,20,4,0.2,0.2,0.0,0.21739130434782608,0.0,0.07427536231884058,0.3416666666666667,66.65217391304348,72.0,empirical group EESR,disabled,20260930,20eced06353f152f936cfba5517ba7305629052a
orgAInoid_RPE_Final,E005,calibrated_non_group,0.02,0.02,92,0,0,0.0,0.0,0.0,0.0,0.0,0.0,0.0,72.0,72.0,empirical group EESR,disabled,20260930,20eced06353f152f936cfba5517ba7305629052a
orgAInoid_RPE_Final,E005,cbes_style,0.02,0.02,92,0,0,0.0,0.0,0.0,0.0,0.0,0.0,0.0,72.0,72.0,empirical group EESR,disabled,20260930,20eced06353f152f936cfba5517ba7305629052a
orgAInoid_RPE_Final,E005,gates_without_ood,0.02,0.02,92,0,0,0.0,0.0,0.0,0.0,0.0,0.0,0.0,72.0,72.0,empirical group EESR,disabled,20260930,20eced06353f152f936cfba5517ba7305629052a
orgAInoid_RPE_Final,E005,gates_full,0.02,0.02,92,0,0,0.0,0.0,0.0,0.0,0.0,0.0,0.0,72.0,72.0,empirical group EESR,enabled,20260930,20eced06353f152f936cfba5517ba7305629052a
orgAInoid_RPE_Final,E005,calibrated_non_group,0.05,0.05,92,0,0,0.0,0.0,0.0,0.0,0.0,0.0,0.0,72.0,72.0,empirical group EESR,disabled,20260930,20eced06353f152f936cfba5517ba7305629052a
orgAInoid_RPE_Final,E005,cbes_style,0.05,0.05,92,0,0,0.0,0.0,0.0,0.0,0.0,0.0,0.0,72.0,72.0,empirical group EESR,disabled,20260930,20eced06353f152f936cfba5517ba7305629052a
orgAInoid_RPE_Final,E005,gates_without_ood,0.05,0.05,92,0,0,0.0,0.0,0.0,0.0,0.0,0.0,0.0,72.0,72.0,empirical group EESR,disabled,20260930,20eced06353f152f936cfba5517ba7305629052a
orgAInoid_RPE_Final,E005,gates_full,0.05,0.05,92,0,0,0.0,0.0,0.0,0.0,0.0,0.0,0.0,72.0,72.0,empirical group EESR,enabled,20260930,20eced06353f152f936cfba5517ba7305629052a
orgAInoid_RPE_Final,E005,calibrated_non_group,0.1,0.1,92,56,15,0.26785714285714285,0.26785714285714285,0.0,0.6086956521739131,0.0,0.29891304347826086,0.49107142857142855,50.47826086956522,48.0,empirical group EESR,disabled,20260930,20eced06353f152f936cfba5517ba7305629052a
orgAInoid_RPE_Final,E005,cbes_style,0.1,0.1,92,0,0,0.0,0.0,0.0,0.0,0.0,0.0,0.0,72.0,72.0,empirical group EESR,disabled,20260930,20eced06353f152f936cfba5517ba7305629052a
orgAInoid_RPE_Final,E005,gates_without_ood,0.1,0.1,92,0,0,0.0,0.0,0.0,0.0,0.0,0.0,0.0,72.0,72.0,empirical group EESR,disabled,20260930,20eced06353f152f936cfba5517ba7305629052a
orgAInoid_RPE_Final,E005,gates_full,0.1,0.1,92,0,0,0.0,0.0,0.0,0.0,0.0,0.0,0.0,72.0,72.0,empirical group EESR,enabled,20260930,20eced06353f152f936cfba5517ba7305629052a
orgAInoid_RPE_Final,E005,calibrated_non_group,0.15,0.15,92,83,24,0.2891566265060241,0.27710843373493976,0.012048192771084338,0.9021739130434783,0.0,0.6195652173913044,0.6867469879518073,27.391304347826086,24.0,empirical group EESR,disabled,20260930,20eced06353f152f936cfba5517ba7305629052a
orgAInoid_RPE_Final,E005,cbes_style,0.15,0.15,92,74,15,0.20270270270270271,0.1891891891891892,0.013513513513513514,0.8043478260869565,0.0,0.1340579710144927,0.16666666666666666,62.34782608695652,60.0,empirical group EESR,disabled,20260930,20eced06353f152f936cfba5517ba7305629052a
orgAInoid_RPE_Final,E005,gates_without_ood,0.15,0.15,92,46,11,0.2391304347826087,0.21739130434782608,0.021739130434782608,0.5,0.0,0.3894927536231884,0.778985507246377,43.95652173913044,48.0,empirical group EESR,disabled,20260930,20eced06353f152f936cfba5517ba7305629052a
orgAInoid_RPE_Final,E005,gates_full,0.15,0.15,92,20,5,0.25,0.2,0.05,0.21739130434782608,0.2826086956521739,0.17572463768115942,0.8083333333333333,59.34782608695652,72.0,empirical group EESR,enabled,20260930,20eced06353f152f936cfba5517ba7305629052a
orgAInoid_RPE_Final,E005,calibrated_non_group,0.2,0.2,92,91,27,0.2967032967032967,0.27472527472527475,0.02197802197802198,0.9891304347826086,0.0,0.7518115942028983,0.7600732600732599,17.869565217391305,12.0,empirical group EESR,disabled,20260930,20eced06353f152f936cfba5517ba7305629052a
orgAInoid_RPE_Final,E005,cbes_style,0.2,0.2,92,92,30,0.32608695652173914,0.30434782608695654,0.021739130434782608,1.0,0.0,0.7155797101449275,0.7155797101449275,20.47826086956522,12.0,empirical group EESR,disabled,20260930,20eced06353f152f936cfba5517ba7305629052a
orgAInoid_RPE_Final,E005,gates_without_ood,0.2,0.2,92,50,11,0.22,0.2,0.02,0.5434782608695652,0.0,0.427536231884058,0.7866666666666668,41.21739130434783,24.0,empirical group EESR,disabled,20260930,20eced06353f152f936cfba5517ba7305629052a
orgAInoid_RPE_Final,E005,gates_full,0.2,0.2,92,21,5,0.23809523809523808,0.19047619047619047,0.047619047619047616,0.22826086956521738,0.31521739130434784,0.18659420289855075,0.8174603174603176,58.56521739130435,72.0,empirical group EESR,enabled,20260930,20eced06353f152f936cfba5517ba7305629052a
orgAInoid_RPE_Final,E005,calibrated_non_group,0.3,0.3,92,92,29,0.31521739130434784,0.29347826086956524,0.021739130434782608,1.0,0.0,0.7771739130434779,0.7771739130434779,16.043478260869566,12.0,empirical group EESR,disabled,20260930,20eced06353f152f936cfba5517ba7305629052a
orgAInoid_RPE_Final,E005,cbes_style,0.3,0.3,92,92,30,0.32608695652173914,0.30434782608695654,0.021739130434782608,1.0,0.0,0.7155797101449275,0.7155797101449275,20.47826086956522,12.0,empirical group EESR,disabled,20260930,20eced06353f152f936cfba5517ba7305629052a
orgAInoid_RPE_Final,E005,gates_without_ood,0.3,0.3,92,90,29,0.32222222222222224,0.3,0.022222222222222223,0.9782608695652174,0.0,0.7663043478260867,0.7833333333333333,16.82608695652174,12.0,empirical group EESR,disabled,20260930,20eced06353f152f936cfba5517ba7305629052a
orgAInoid_RPE_Final,E005,gates_full,0.3,0.3,92,45,12,0.26666666666666666,0.2222222222222222,0.044444444444444446,0.4891304347826087,0.4891304347826087,0.3786231884057971,0.7740740740740742,44.73913043478261,72.0,empirical group EESR,enabled,20260930,20eced06353f152f936cfba5517ba7305629052a
orgAInoid_RPE_Final,E006,full_protocol,none,,95,0,0,0.0,0.0,0.0,0.0,0.0,0.0,0.0,72.0,72.0,empirical group EESR,disabled,20260930,20eced06353f152f936cfba5517ba7305629052a
orgAInoid_RPE_Final,E006,fixed_time,12.0,,95,95,33,0.3473684210526316,0.042105263157894736,0.30526315789473685,1.0,0.0,0.8333333333333329,0.8333333333333329,12.0,12.0,empirical group EESR,disabled,20260930,20eced06353f152f936cfba5517ba7305629052a
orgAInoid_RPE_Final,E006,fixed_time,24.0,,95,95,24,0.25263157894736843,0.031578947368421054,0.22105263157894736,1.0,0.0,0.6666666666666665,0.6666666666666665,24.0,24.0,empirical group EESR,disabled,20260930,20eced06353f152f936cfba5517ba7305629052a
orgAInoid_RPE_Final,E006,fixed_time,36.0,,95,95,24,0.25263157894736843,0.09473684210526316,0.15789473684210525,1.0,0.0,0.5,0.5,36.0,36.0,empirical group EESR,disabled,20260930,20eced06353f152f936cfba5517ba7305629052a
orgAInoid_RPE_Final,E006,fixed_time,48.0,,95,95,24,0.25263157894736843,0.031578947368421054,0.22105263157894736,1.0,0.0,0.33333333333333326,0.33333333333333326,48.0,48.0,empirical group EESR,disabled,20260930,20eced06353f152f936cfba5517ba7305629052a
orgAInoid_RPE_Final,E006,fixed_time,60.0,,95,95,14,0.14736842105263157,0.05263157894736842,0.09473684210526316,1.0,0.0,0.16666666666666663,0.16666666666666663,60.0,60.0,empirical group EESR,disabled,20260930,20eced06353f152f936cfba5517ba7305629052a
orgAInoid_RPE_Final,E006,naive_confidence,0.5,,95,95,33,0.3473684210526316,0.042105263157894736,0.30526315789473685,1.0,0.0,0.8333333333333329,0.8333333333333329,12.0,12.0,empirical group EESR,disabled,20260930,20eced06353f152f936cfba5517ba7305629052a
orgAInoid_RPE_Final,E006,naive_confidence,0.6,,95,95,27,0.28421052631578947,0.021052631578947368,0.2631578947368421,1.0,0.0,0.7736842105263155,0.7736842105263155,16.294736842105262,12.0,empirical group EESR,disabled,20260930,20eced06353f152f936cfba5517ba7305629052a
orgAInoid_RPE_Final,E006,naive_confidence,0.7,,95,92,23,0.25,0.021739130434782608,0.22826086956521738,0.968421052631579,0.0,0.6771929824561405,0.6992753623188407,23.242105263157896,12.0,empirical group EESR,disabled,20260930,20eced06353f152f936cfba5517ba7305629052a
orgAInoid_RPE_Final,E006,naive_confidence,0.8,,95,86,19,0.22093023255813954,0.023255813953488372,0.19767441860465115,0.9052631578947369,0.0,0.5333333333333335,0.5891472868217056,33.6,24.0,empirical group EESR,disabled,20260930,20eced06353f152f936cfba5517ba7305629052a
orgAInoid_RPE_Final,E006,naive_confidence,0.9,,95,69,8,0.11594202898550725,0.028985507246376812,0.08695652173913043,0.7263157894736842,0.0,0.28947368421052627,0.3985507246376811,51.1578947368421,48.0,empirical group EESR,disabled,20260930,20eced06353f152f936cfba5517ba7305629052a
orgAInoid_RPE_Final,E006,naive_confidence,0.95,,95,42,4,0.09523809523809523,0.023809523809523808,0.07142857142857142,0.4421052631578947,0.0,0.1456140350877193,0.32936507936507936,61.51578947368421,72.0,empirical group EESR,disabled,20260930,20eced06353f152f936cfba5517ba7305629052a
orgAInoid_RPE_Final,E006,naive_confidence,0.975,,95,28,2,0.07142857142857142,0.03571428571428571,0.03571428571428571,0.29473684210526313,0.0,0.08771929824561402,0.29761904761904756,65.6842105263158,72.0,empirical group EESR,disabled,20260930,20eced06353f152f936cfba5517ba7305629052a
orgAInoid_RPE_Final,E006,naive_confidence,0.99,,95,14,1,0.07142857142857142,0.07142857142857142,0.0,0.14736842105263157,0.0,0.03684210526315789,0.25,69.34736842105264,72.0,empirical group EESR,disabled,20260930,20eced06353f152f936cfba5517ba7305629052a
orgAInoid_RPE_Final,E006,calibrated_non_group,0.02,0.02,95,0,0,0.0,0.0,0.0,0.0,0.0,0.0,0.0,72.0,72.0,empirical group EESR,disabled,20260930,20eced06353f152f936cfba5517ba7305629052a
orgAInoid_RPE_Final,E006,cbes_style,0.02,0.02,95,0,0,0.0,0.0,0.0,0.0,0.0,0.0,0.0,72.0,72.0,empirical group EESR,disabled,20260930,20eced06353f152f936cfba5517ba7305629052a
orgAInoid_RPE_Final,E006,gates_without_ood,0.02,0.02,95,0,0,0.0,0.0,0.0,0.0,0.0,0.0,0.0,72.0,72.0,empirical group EESR,disabled,20260930,20eced06353f152f936cfba5517ba7305629052a
orgAInoid_RPE_Final,E006,gates_full,0.02,0.02,95,0,0,0.0,0.0,0.0,0.0,0.0,0.0,0.0,72.0,72.0,empirical group EESR,enabled,20260930,20eced06353f152f936cfba5517ba7305629052a
orgAInoid_RPE_Final,E006,calibrated_non_group,0.05,0.05,95,25,2,0.08,0.04,0.04,0.2631578947368421,0.0,0.07017543859649122,0.26666666666666666,66.94736842105263,72.0,empirical group EESR,disabled,20260930,20eced06353f152f936cfba5517ba7305629052a
orgAInoid_RPE_Final,E006,cbes_style,0.05,0.05,95,0,0,0.0,0.0,0.0,0.0,0.0,0.0,0.0,72.0,72.0,empirical group EESR,disabled,20260930,20eced06353f152f936cfba5517ba7305629052a
orgAInoid_RPE_Final,E006,gates_without_ood,0.05,0.05,95,0,0,0.0,0.0,0.0,0.0,0.0,0.0,0.0,72.0,72.0,empirical group EESR,disabled,20260930,20eced06353f152f936cfba5517ba7305629052a
orgAInoid_RPE_Final,E006,gates_full,0.05,0.05,95,0,0,0.0,0.0,0.0,0.0,0.0,0.0,0.0,72.0,72.0,empirical group EESR,enabled,20260930,20eced06353f152f936cfba5517ba7305629052a
orgAInoid_RPE_Final,E006,calibrated_non_group,0.1,0.1,95,73,13,0.1780821917808219,0.0273972602739726,0.1506849315068493,0.7684210526315789,0.0,0.42982456140350894,0.5593607305936074,41.05263157894737,48.0,empirical group EESR,disabled,20260930,20eced06353f152f936cfba5517ba7305629052a
orgAInoid_RPE_Final,E006,cbes_style,0.1,0.1,95,0,0,0.0,0.0,0.0,0.0,0.0,0.0,0.0,72.0,72.0,empirical group EESR,disabled,20260930,20eced06353f152f936cfba5517ba7305629052a
orgAInoid_RPE_Final,E006,gates_without_ood,0.1,0.1,95,0,0,0.0,0.0,0.0,0.0,0.0,0.0,0.0,72.0,72.0,empirical group EESR,disabled,20260930,20eced06353f152f936cfba5517ba7305629052a
orgAInoid_RPE_Final,E006,gates_full,0.1,0.1,95,0,0,0.0,0.0,0.0,0.0,0.0,0.0,0.0,72.0,72.0,empirical group EESR,enabled,20260930,20eced06353f152f936cfba5517ba7305629052a
orgAInoid_RPE_Final,E006,calibrated_non_group,0.15,0.15,95,72,15,0.20833333333333334,0.013888888888888888,0.19444444444444445,0.7578947368421053,0.0,0.49122807017543874,0.6481481481481481,36.63157894736842,24.0,empirical group EESR,disabled,20260930,20eced06353f152f936cfba5517ba7305629052a
orgAInoid_RPE_Final,E006,cbes_style,0.15,0.15,95,0,0,0.0,0.0,0.0,0.0,0.0,0.0,0.0,72.0,72.0,empirical group EESR,disabled,20260930,20eced06353f152f936cfba5517ba7305629052a
orgAInoid_RPE_Final,E006,gates_without_ood,0.15,0.15,95,43,11,0.2558139534883721,0.023255813953488372,0.23255813953488372,0.45263157894736844,0.0,0.37368421052631595,0.8255813953488373,45.09473684210526,72.0,empirical group EESR,disabled,20260930,20eced06353f152f936cfba5517ba7305629052a
orgAInoid_RPE_Final,E006,gates_full,0.15,0.15,95,32,8,0.25,0.0,0.25,0.3368421052631579,0.11578947368421053,0.2771929824561403,0.8229166666666667,52.04210526315789,72.0,empirical group EESR,enabled,20260930,20eced06353f152f936cfba5517ba7305629052a
orgAInoid_RPE_Final,E006,calibrated_non_group,0.2,0.2,95,82,16,0.1951219512195122,0.024390243902439025,0.17073170731707318,0.8631578947368421,0.0,0.48245614035087736,0.5589430894308943,37.26315789473684,36.0,empirical group EESR,disabled,20260930,20eced06353f152f936cfba5517ba7305629052a
orgAInoid_RPE_Final,E006,cbes_style,0.2,0.2,95,0,0,0.0,0.0,0.0,0.0,0.0,0.0,0.0,72.0,72.0,empirical group EESR,disabled,20260930,20eced06353f152f936cfba5517ba7305629052a
orgAInoid_RPE_Final,E006,gates_without_ood,0.2,0.2,95,49,12,0.24489795918367346,0.02040816326530612,0.22448979591836735,0.5157894736842106,0.0,0.41578947368421065,0.8061224489795918,42.06315789473684,24.0,empirical group EESR,disabled,20260930,20eced06353f152f936cfba5517ba7305629052a
orgAInoid_RPE_Final,E006,gates_full,0.2,0.2,95,38,9,0.23684210526315788,0.0,0.23684210526315788,0.4,0.11578947368421053,0.3192982456140351,0.7982456140350876,49.01052631578948,72.0,empirical group EESR,enabled,20260930,20eced06353f152f936cfba5517ba7305629052a
orgAInoid_RPE_Final,E006,calibrated_non_group,0.3,0.3,95,95,24,0.25263157894736843,0.021052631578947368,0.23157894736842105,1.0,0.0,0.6070175438596492,0.6070175438596492,28.294736842105262,24.0,empirical group EESR,disabled,20260930,20eced06353f152f936cfba5517ba7305629052a
orgAInoid_RPE_Final,E006,cbes_style,0.3,0.3,95,66,22,0.3333333333333333,0.015151515151515152,0.3181818181818182,0.6947368421052632,0.0,0.5789473684210527,0.8333333333333334,30.31578947368421,12.0,empirical group EESR,disabled,20260930,20eced06353f152f936cfba5517ba7305629052a
orgAInoid_RPE_Final,E006,gates_without_ood,0.3,0.3,95,90,24,0.26666666666666666,0.022222222222222223,0.24444444444444444,0.9473684210526315,0.0,0.6947368421052632,0.7333333333333333,21.978947368421053,12.0,empirical group EESR,disabled,20260930,20eced06353f152f936cfba5517ba7305629052a
orgAInoid_RPE_Final,E006,gates_full,0.3,0.3,95,73,20,0.273972602739726,0.0136986301369863,0.2602739726027397,0.7684210526315789,0.17894736842105263,0.5456140350877193,0.7100456621004566,32.71578947368421,12.0,empirical group EESR,enabled,20260930,20eced06353f152f936cfba5517ba7305629052a
orgAInoid_RPE_Final,E007,full_protocol,none,,93,0,0,0.0,0.0,0.0,0.0,0.0,0.0,0.0,72.0,72.0,empirical group EESR,disabled,20260930,20eced06353f152f936cfba5517ba7305629052a
orgAInoid_RPE_Final,E007,fixed_time,12.0,,93,93,36,0.3870967741935484,0.27956989247311825,0.10752688172043011,1.0,0.0,0.833333333333333,0.833333333333333,12.0,12.0,empirical group EESR,disabled,20260930,20eced06353f152f936cfba5517ba7305629052a
orgAInoid_RPE_Final,E007,fixed_time,24.0,,93,93,37,0.3978494623655914,0.16129032258064516,0.23655913978494625,1.0,0.0,0.6666666666666666,0.6666666666666666,24.0,24.0,empirical group EESR,disabled,20260930,20eced06353f152f936cfba5517ba7305629052a
orgAInoid_RPE_Final,E007,fixed_time,36.0,,93,93,46,0.4946236559139785,0.1827956989247312,0.3118279569892473,1.0,0.0,0.5,0.5,36.0,36.0,empirical group EESR,disabled,20260930,20eced06353f152f936cfba5517ba7305629052a
orgAInoid_RPE_Final,E007,fixed_time,48.0,,93,93,38,0.40860215053763443,0.10752688172043011,0.3010752688172043,1.0,0.0,0.3333333333333333,0.3333333333333333,48.0,48.0,empirical group EESR,disabled,20260930,20eced06353f152f936cfba5517ba7305629052a
orgAInoid_RPE_Final,E007,fixed_time,60.0,,93,93,34,0.3655913978494624,0.11827956989247312,0.24731182795698925,1.0,0.0,0.16666666666666666,0.16666666666666666,60.0,60.0,empirical group EESR,disabled,20260930,20eced06353f152f936cfba5517ba7305629052a
orgAInoid_RPE_Final,E007,naive_confidence,0.5,,93,93,36,0.3870967741935484,0.27956989247311825,0.10752688172043011,1.0,0.0,0.833333333333333,0.833333333333333,12.0,12.0,empirical group EESR,disabled,20260930,20eced06353f152f936cfba5517ba7305629052a
orgAInoid_RPE_Final,E007,naive_confidence,0.6,,93,93,31,0.3333333333333333,0.20430107526881722,0.12903225806451613,1.0,0.0,0.7795698924731179,0.7795698924731179,15.870967741935484,12.0,empirical group EESR,disabled,20260930,20eced06353f152f936cfba5517ba7305629052a
orgAInoid_RPE_Final,E007,naive_confidence,0.7,,93,84,28,0.3333333333333333,0.13095238095238096,0.20238095238095238,0.9032258064516129,0.0,0.6344086021505377,0.7023809523809524,26.322580645161292,24.0,empirical group EESR,disabled,20260930,20eced06353f152f936cfba5517ba7305629052a
orgAInoid_RPE_Final,E007,naive_confidence,0.8,,93,66,22,0.3333333333333333,0.13636363636363635,0.19696969696969696,0.7096774193548387,0.0,0.43369175627240153,0.6111111111111112,40.774193548387096,36.0,empirical group EESR,disabled,20260930,20eced06353f152f936cfba5517ba7305629052a
orgAInoid_RPE_Final,E007,naive_confidence,0.9,,93,36,10,0.2777777777777778,0.05555555555555555,0.2222222222222222,0.3870967741935484,0.0,0.19175627240143372,0.49537037037037035,58.193548387096776,72.0,empirical group EESR,disabled,20260930,20eced06353f152f936cfba5517ba7305629052a
orgAInoid_RPE_Final,E007,naive_confidence,0.95,,93,18,5,0.2777777777777778,0.0,0.2777777777777778,0.1935483870967742,0.0,0.09498207885304658,0.49074074074074076,65.16129032258064,72.0,empirical group EESR,disabled,20260930,20eced06353f152f936cfba5517ba7305629052a
orgAInoid_RPE_Final,E007,naive_confidence,0.975,,93,7,3,0.42857142857142855,0.0,0.42857142857142855,0.07526881720430108,0.0,0.03405017921146953,0.4523809523809524,69.54838709677419,72.0,empirical group EESR,disabled,20260930,20eced06353f152f936cfba5517ba7305629052a
orgAInoid_RPE_Final,E007,naive_confidence,0.99,,93,2,1,0.5,0.0,0.5,0.021505376344086023,0.0,0.005376344086021506,0.25,71.61290322580645,72.0,empirical group EESR,disabled,20260930,20eced06353f152f936cfba5517ba7305629052a
orgAInoid_RPE_Final,E007,calibrated_non_group,0.02,0.02,93,72,27,0.375,0.1111111111111111,0.2638888888888889,0.7741935483870968,0.0,0.40501792114695323,0.5231481481481483,42.83870967741935,48.0,empirical group EESR,disabled,20260930,20eced06353f152f936cfba5517ba7305629052a
orgAInoid_RPE_Final,E007,cbes_style,0.02,0.02,93,0,0,0.0,0.0,0.0,0.0,0.0,0.0,0.0,72.0,72.0,empirical group EESR,disabled,20260930,20eced06353f152f936cfba5517ba7305629052a
orgAInoid_RPE_Final,E007,gates_without_ood,0.02,0.02,93,36,7,0.19444444444444445,0.1111111111111111,0.08333333333333333,0.3870967741935484,0.0,0.24193548387096778,0.6250000000000001,54.58064516129032,72.0,empirical group EESR,disabled,20260930,20eced06353f152f936cfba5517ba7305629052a
orgAInoid_RPE_Final,E007,gates_full,0.02,0.02,93,26,3,0.11538461538461539,0.11538461538461539,0.0,0.27956989247311825,0.10752688172043011,0.18637992831541217,0.6666666666666667,58.58064516129032,72.0,empirical group EESR,enabled,20260930,20eced06353f152f936cfba5517ba7305629052a
orgAInoid_RPE_Final,E007,calibrated_non_group,0.05,0.05,93,74,28,0.3783783783783784,0.0945945945945946,0.28378378378378377,0.7956989247311828,0.0,0.4068100358422938,0.5112612612612611,42.70967741935484,36.0,empirical group EESR,disabled,20260930,20eced06353f152f936cfba5517ba7305629052a
orgAInoid_RPE_Final,E007,cbes_style,0.05,0.05,93,0,0,0.0,0.0,0.0,0.0,0.0,0.0,0.0,72.0,72.0,empirical group EESR,disabled,20260930,20eced06353f152f936cfba5517ba7305629052a
orgAInoid_RPE_Final,E007,gates_without_ood,0.05,0.05,93,80,30,0.375,0.1125,0.2625,0.8602150537634409,0.0,0.43189964157706073,0.5020833333333334,40.903225806451616,48.0,empirical group EESR,disabled,20260930,20eced06353f152f936cfba5517ba7305629052a
orgAInoid_RPE_Final,E007,gates_full,0.05,0.05,93,49,15,0.30612244897959184,0.10204081632653061,0.20408163265306123,0.5268817204301075,0.3333333333333333,0.3028673835125448,0.5748299319727891,50.193548387096776,60.0,empirical group EESR,enabled,20260930,20eced06353f152f936cfba5517ba7305629052a
orgAInoid_RPE_Final,E007,calibrated_non_group,0.1,0.1,93,93,34,0.3655913978494624,0.11827956989247312,0.24731182795698925,1.0,0.0,0.5788530465949819,0.5788530465949819,30.322580645161292,24.0,empirical group EESR,disabled,20260930,20eced06353f152f936cfba5517ba7305629052a
orgAInoid_RPE_Final,E007,cbes_style,0.1,0.1,93,52,18,0.34615384615384615,0.038461538461538464,0.3076923076923077,0.5591397849462365,0.0,0.15949820788530464,0.28525641025641024,60.516129032258064,60.0,empirical group EESR,disabled,20260930,20eced06353f152f936cfba5517ba7305629052a
orgAInoid_RPE_Final,E007,gates_without_ood,0.1,0.1,93,93,36,0.3870967741935484,0.11827956989247312,0.26881720430107525,1.0,0.0,0.5573476702508959,0.5573476702508959,31.870967741935484,24.0,empirical group EESR,disabled,20260930,20eced06353f152f936cfba5517ba7305629052a
orgAInoid_RPE_Final,E007,gates_full,0.1,0.1,93,67,26,0.3880597014925373,0.11940298507462686,0.26865671641791045,0.7204301075268817,0.27956989247311825,0.4301075268817204,0.5970149253731343,41.03225806451613,24.0,empirical group EESR,enabled,20260930,20eced06353f152f936cfba5517ba7305629052a
orgAInoid_RPE_Final,E007,calibrated_non_group,0.15,0.15,93,93,40,0.43010752688172044,0.16129032258064516,0.26881720430107525,1.0,0.0,0.6236559139784945,0.6236559139784945,27.096774193548388,24.0,empirical group EESR,disabled,20260930,20eced06353f152f936cfba5517ba7305629052a
orgAInoid_RPE_Final,E007,cbes_style,0.15,0.15,93,63,26,0.4126984126984127,0.12698412698412698,0.2857142857142857,0.6774193548387096,0.0,0.25627240143369173,0.3783068783068784,53.54838709677419,48.0,empirical group EESR,disabled,20260930,20eced06353f152f936cfba5517ba7305629052a
orgAInoid_RPE_Final,E007,gates_without_ood,0.15,0.15,93,93,37,0.3978494623655914,0.15053763440860216,0.24731182795698925,1.0,0.0,0.603942652329749,0.603942652329749,28.516129032258064,24.0,empirical group EESR,disabled,20260930,20eced06353f152f936cfba5517ba7305629052a
orgAInoid_RPE_Final,E007,gates_full,0.15,0.15,93,72,28,0.3888888888888889,0.1388888888888889,0.25,0.7741935483870968,0.22580645161290322,0.48566308243727596,0.6273148148148149,37.03225806451613,24.0,empirical group EESR,enabled,20260930,20eced06353f152f936cfba5517ba7305629052a
orgAInoid_RPE_Final,E007,calibrated_non_group,0.2,0.2,93,93,38,0.40860215053763443,0.15053763440860216,0.25806451612903225,1.0,0.0,0.6720430107526882,0.6720430107526882,23.612903225806452,24.0,empirical group EESR,disabled,20260930,20eced06353f152f936cfba5517ba7305629052a
orgAInoid_RPE_Final,E007,cbes_style,0.2,0.2,93,88,29,0.32954545454545453,0.18181818181818182,0.14772727272727273,0.946236559139785,0.0,0.7383512544802865,0.7803030303030302,18.838709677419356,12.0,empirical group EESR,disabled,20260930,20eced06353f152f936cfba5517ba7305629052a
orgAInoid_RPE_Final,E007,gates_without_ood,0.2,0.2,93,93,40,0.43010752688172044,0.16129032258064516,0.26881720430107525,1.0,0.0,0.632616487455197,0.632616487455197,26.451612903225808,24.0,empirical group EESR,disabled,20260930,20eced06353f152f936cfba5517ba7305629052a
orgAInoid_RPE_Final,E007,gates_full,0.2,0.2,93,77,31,0.4025974025974026,0.14285714285714285,0.2597402597402597,0.8279569892473119,0.17204301075268819,0.528673835125448,0.6385281385281383,33.935483870967744,24.0,empirical group EESR,enabled,20260930,20eced06353f152f936cfba5517ba7305629052a
orgAInoid_RPE_Final,E007,calibrated_non_group,0.3,0.3,93,93,31,0.3333333333333333,0.1827956989247312,0.15053763440860216,1.0,0.0,0.7634408602150536,0.7634408602150536,17.032258064516128,12.0,empirical group EESR,disabled,20260930,20eced06353f152f936cfba5517ba7305629052a
orgAInoid_RPE_Final,E007,cbes_style,0.3,0.3,93,88,29,0.32954545454545453,0.18181818181818182,0.14772727272727273,0.946236559139785,0.0,0.7383512544802865,0.7803030303030302,18.838709677419356,12.0,empirical group EESR,disabled,20260930,20eced06353f152f936cfba5517ba7305629052a
orgAInoid_RPE_Final,E007,gates_without_ood,0.3,0.3,93,93,37,0.3978494623655914,0.16129032258064516,0.23655913978494625,1.0,0.0,0.6666666666666666,0.6666666666666666,24.0,24.0,empirical group EESR,disabled,20260930,20eced06353f152f936cfba5517ba7305629052a
orgAInoid_RPE_Final,E007,gates_full,0.3,0.3,93,82,31,0.3780487804878049,0.14634146341463414,0.23170731707317074,0.8817204301075269,0.11827956989247312,0.5878136200716846,0.6666666666666666,29.677419354838708,24.0,empirical group EESR,enabled,20260930,20eced06353f152f936cfba5517ba7305629052a
orgAInoid_RPE_Final,E008,full_protocol,none,,91,0,0,0.0,0.0,0.0,0.0,0.0,0.0,0.0,72.0,72.0,empirical group EESR,disabled,20260930,20eced06353f152f936cfba5517ba7305629052a
orgAInoid_RPE_Final,E008,fixed_time,12.0,,91,91,24,0.26373626373626374,0.054945054945054944,0.2087912087912088,1.0,0.0,0.8333333333333331,0.8333333333333331,12.0,12.0,empirical group EESR,disabled,20260930,20eced06353f152f936cfba5517ba7305629052a
orgAInoid_RPE_Final,E008,fixed_time,24.0,,91,91,20,0.21978021978021978,0.03296703296703297,0.18681318681318682,1.0,0.0,0.6666666666666666,0.6666666666666666,24.0,24.0,empirical group EESR,disabled,20260930,20eced06353f152f936cfba5517ba7305629052a
orgAInoid_RPE_Final,E008,fixed_time,36.0,,91,91,16,0.17582417582417584,0.06593406593406594,0.10989010989010989,1.0,0.0,0.5,0.5,36.0,36.0,empirical group EESR,disabled,20260930,20eced06353f152f936cfba5517ba7305629052a
orgAInoid_RPE_Final,E008,fixed_time,48.0,,91,91,6,0.06593406593406594,0.054945054945054944,0.01098901098901099,1.0,0.0,0.3333333333333333,0.3333333333333333,48.0,48.0,empirical group EESR,disabled,20260930,20eced06353f152f936cfba5517ba7305629052a
orgAInoid_RPE_Final,E008,fixed_time,60.0,,91,91,9,0.0989010989010989,0.054945054945054944,0.04395604395604396,1.0,0.0,0.16666666666666666,0.16666666666666666,60.0,60.0,empirical group EESR,disabled,20260930,20eced06353f152f936cfba5517ba7305629052a
orgAInoid_RPE_Final,E008,naive_confidence,0.5,,91,91,24,0.26373626373626374,0.054945054945054944,0.2087912087912088,1.0,0.0,0.8333333333333331,0.8333333333333331,12.0,12.0,empirical group EESR,disabled,20260930,20eced06353f152f936cfba5517ba7305629052a
orgAInoid_RPE_Final,E008,naive_confidence,0.6,,91,91,17,0.18681318681318682,0.054945054945054944,0.13186813186813187,1.0,0.0,0.7619047619047619,0.7619047619047619,17.142857142857142,12.0,empirical group EESR,disabled,20260930,20eced06353f152f936cfba5517ba7305629052a
orgAInoid_RPE_Final,E008,naive_confidence,0.7,,91,88,11,0.125,0.045454545454545456,0.07954545454545454,0.967032967032967,0.0,0.6245421245421245,0.6458333333333333,27.032967032967033,24.0,empirical group EESR,disabled,20260930,20eced06353f152f936cfba5517ba7305629052a
orgAInoid_RPE_Final,E008,naive_confidence,0.8,,91,83,6,0.07228915662650602,0.04819277108433735,0.024096385542168676,0.9120879120879121,0.0,0.5073260073260074,0.5562248995983936,35.472527472527474,36.0,empirical group EESR,disabled,20260930,20eced06353f152f936cfba5517ba7305629052a
orgAInoid_RPE_Final,E008,naive_confidence,0.9,,91,72,4,0.05555555555555555,0.041666666666666664,0.013888888888888888,0.7912087912087912,0.0,0.32600732600732596,0.412037037037037,48.527472527472526,48.0,empirical group EESR,disabled,20260930,20eced06353f152f936cfba5517ba7305629052a
orgAInoid_RPE_Final,E008,naive_confidence,0.95,,91,51,2,0.0392156862745098,0.0392156862745098,0.0,0.5604395604395604,0.0,0.17582417582417584,0.3137254901960784,59.34065934065934,60.0,empirical group EESR,disabled,20260930,20eced06353f152f936cfba5517ba7305629052a
orgAInoid_RPE_Final,E008,naive_confidence,0.975,,91,23,2,0.08695652173913043,0.08695652173913043,0.0,0.25274725274725274,0.0,0.06959706959706959,0.27536231884057966,66.98901098901099,72.0,empirical group EESR,disabled,20260930,20eced06353f152f936cfba5517ba7305629052a
orgAInoid_RPE_Final,E008,naive_confidence,0.99,,91,6,1,0.16666666666666666,0.16666666666666666,0.0,0.06593406593406594,0.0,0.020146520146520144,0.3055555555555555,70.54945054945055,72.0,empirical group EESR,disabled,20260930,20eced06353f152f936cfba5517ba7305629052a
orgAInoid_RPE_Final,E008,calibrated_non_group,0.02,0.02,91,77,2,0.025974025974025976,0.025974025974025976,0.0,0.8461538461538461,0.0,0.17216117216117213,0.20346320346320346,59.604395604395606,60.0,empirical group EESR,disabled,20260930,20eced06353f152f936cfba5517ba7305629052a
orgAInoid_RPE_Final,E008,cbes_style,0.02,0.02,91,88,9,0.10227272727272728,0.056818181818181816,0.045454545454545456,0.967032967032967,0.0,0.44505494505494503,0.4602272727272727,39.956043956043956,36.0,empirical group EESR,disabled,20260930,20eced06353f152f936cfba5517ba7305629052a
orgAInoid_RPE_Final,E008,gates_without_ood,0.02,0.02,91,74,2,0.02702702702702703,0.02702702702702703,0.0,0.8131868131868132,0.0,0.1575091575091575,0.1936936936936937,60.65934065934066,60.0,empirical group EESR,disabled,20260930,20eced06353f152f936cfba5517ba7305629052a
orgAInoid_RPE_Final,E008,gates_full,0.02,0.02,91,73,2,0.0273972602739726,0.0273972602739726,0.0,0.8021978021978022,0.01098901098901099,0.15567765567765568,0.1940639269406393,60.79120879120879,60.0,empirical group EESR,enabled,20260930,20eced06353f152f936cfba5517ba7305629052a
orgAInoid_RPE_Final,E008,calibrated_non_group,0.05,0.05,91,77,2,0.025974025974025976,0.025974025974025976,0.0,0.8461538461538461,0.0,0.22710622710622705,0.2683982683982683,55.64835164835165,48.0,empirical group EESR,disabled,20260930,20eced06353f152f936cfba5517ba7305629052a
orgAInoid_RPE_Final,E008,cbes_style,0.05,0.05,91,90,14,0.15555555555555556,0.06666666666666667,0.08888888888888889,0.989010989010989,0.0,0.5567765567765568,0.562962962962963,31.912087912087912,24.0,empirical group EESR,disabled,20260930,20eced06353f152f936cfba5517ba7305629052a
orgAInoid_RPE_Final,E008,gates_without_ood,0.05,0.05,91,77,2,0.025974025974025976,0.025974025974025976,0.0,0.8461538461538461,0.0,0.17216117216117213,0.20346320346320346,59.604395604395606,60.0,empirical group EESR,disabled,20260930,20eced06353f152f936cfba5517ba7305629052a
orgAInoid_RPE_Final,E008,gates_full,0.05,0.05,91,75,2,0.02666666666666667,0.02666666666666667,0.0,0.8241758241758241,0.02197802197802198,0.16666666666666666,0.20222222222222222,60.0,60.0,empirical group EESR,enabled,20260930,20eced06353f152f936cfba5517ba7305629052a
orgAInoid_RPE_Final,E008,calibrated_non_group,0.1,0.1,91,84,6,0.07142857142857142,0.03571428571428571,0.03571428571428571,0.9230769230769231,0.0,0.456043956043956,0.49404761904761907,39.16483516483517,24.0,empirical group EESR,disabled,20260930,20eced06353f152f936cfba5517ba7305629052a
orgAInoid_RPE_Final,E008,cbes_style,0.1,0.1,91,90,14,0.15555555555555556,0.06666666666666667,0.08888888888888889,0.989010989010989,0.0,0.5567765567765568,0.562962962962963,31.912087912087912,24.0,empirical group EESR,disabled,20260930,20eced06353f152f936cfba5517ba7305629052a
orgAInoid_RPE_Final,E008,gates_without_ood,0.1,0.1,91,83,4,0.04819277108433735,0.03614457831325301,0.012048192771084338,0.9120879120879121,0.0,0.3369963369963369,0.3694779116465863,47.73626373626374,48.0,empirical group EESR,disabled,20260930,20eced06353f152f936cfba5517ba7305629052a
orgAInoid_RPE_Final,E008,gates_full,0.1,0.1,91,80,3,0.0375,0.0375,0.0,0.8791208791208791,0.03296703296703297,0.3278388278388278,0.3729166666666666,48.395604395604394,48.0,empirical group EESR,enabled,20260930,20eced06353f152f936cfba5517ba7305629052a
orgAInoid_RPE_Final,E008,calibrated_non_group,0.15,0.15,91,91,13,0.14285714285714285,0.06593406593406594,0.07692307692307693,1.0,0.0,0.554945054945055,0.554945054945055,32.043956043956044,24.0,empirical group EESR,disabled,20260930,20eced06353f152f936cfba5517ba7305629052a
orgAInoid_RPE_Final,E008,cbes_style,0.15,0.15,91,90,14,0.15555555555555556,0.06666666666666667,0.08888888888888889,0.989010989010989,0.0,0.5567765567765568,0.562962962962963,31.912087912087912,24.0,empirical group EESR,disabled,20260930,20eced06353f152f936cfba5517ba7305629052a
orgAInoid_RPE_Final,E008,gates_without_ood,0.15,0.15,91,90,11,0.12222222222222222,0.05555555555555555,0.06666666666666667,0.989010989010989,0.0,0.45054945054945045,0.45555555555555555,39.56043956043956,48.0,empirical group EESR,disabled,20260930,20eced06353f152f936cfba5517ba7305629052a
orgAInoid_RPE_Final,E008,gates_full,0.15,0.15,91,87,9,0.10344827586206896,0.05747126436781609,0.04597701149425287,0.9560439560439561,0.03296703296703297,0.4377289377289377,0.4578544061302681,40.48351648351648,48.0,empirical group EESR,enabled,20260930,20eced06353f152f936cfba5517ba7305629052a
orgAInoid_RPE_Final,E008,calibrated_non_group,0.2,0.2,91,91,17,0.18681318681318682,0.054945054945054944,0.13186813186813187,1.0,0.0,0.6135531135531136,0.6135531135531136,27.824175824175825,24.0,empirical group EESR,disabled,20260930,20eced06353f152f936cfba5517ba7305629052a
orgAInoid_RPE_Final,E008,cbes_style,0.2,0.2,91,90,14,0.15555555555555556,0.06666666666666667,0.08888888888888889,0.989010989010989,0.0,0.5567765567765568,0.562962962962963,31.912087912087912,24.0,empirical group EESR,disabled,20260930,20eced06353f152f936cfba5517ba7305629052a
orgAInoid_RPE_Final,E008,gates_without_ood,0.2,0.2,91,90,13,0.14444444444444443,0.05555555555555555,0.08888888888888889,0.989010989010989,0.0,0.49999999999999994,0.5055555555555554,36.0,24.0,empirical group EESR,disabled,20260930,20eced06353f152f936cfba5517ba7305629052a
orgAInoid_RPE_Final,E008,gates_full,0.2,0.2,91,85,11,0.12941176470588237,0.058823529411764705,0.07058823529411765,0.9340659340659341,0.054945054945054944,0.47252747252747246,0.5058823529411764,37.97802197802198,24.0,empirical group EESR,enabled,20260930,20eced06353f152f936cfba5517ba7305629052a
orgAInoid_RPE_Final,E008,calibrated_non_group,0.3,0.3,91,91,18,0.1978021978021978,0.04395604395604396,0.15384615384615385,1.0,0.0,0.7399267399267401,0.7399267399267401,18.725274725274726,24.0,empirical group EESR,disabled,20260930,20eced06353f152f936cfba5517ba7305629052a
orgAInoid_RPE_Final,E008,cbes_style,0.3,0.3,91,90,14,0.15555555555555556,0.06666666666666667,0.08888888888888889,0.989010989010989,0.0,0.5567765567765568,0.562962962962963,31.912087912087912,24.0,empirical group EESR,disabled,20260930,20eced06353f152f936cfba5517ba7305629052a
orgAInoid_RPE_Final,E008,gates_without_ood,0.3,0.3,91,91,19,0.2087912087912088,0.04395604395604396,0.16483516483516483,1.0,0.0,0.6410256410256411,0.6410256410256411,25.846153846153847,24.0,empirical group EESR,disabled,20260930,20eced06353f152f936cfba5517ba7305629052a
orgAInoid_RPE_Final,E008,gates_full,0.3,0.3,91,87,18,0.20689655172413793,0.04597701149425287,0.16091954022988506,0.9560439560439561,0.04395604395604396,0.6117216117216119,0.6398467432950191,27.956043956043956,24.0,empirical group EESR,enabled,20260930,20eced06353f152f936cfba5517ba7305629052a
orgAInoid_RPE_Final,E009,full_protocol,none,,90,0,0,0.0,0.0,0.0,0.0,0.0,0.0,0.0,72.0,72.0,empirical group EESR,disabled,20260930,20eced06353f152f936cfba5517ba7305629052a
orgAInoid_RPE_Final,E009,fixed_time,12.0,,90,90,44,0.4888888888888889,0.4888888888888889,0.0,1.0,0.0,0.8333333333333331,0.8333333333333331,12.0,12.0,empirical group EESR,disabled,20260930,20eced06353f152f936cfba5517ba7305629052a
orgAInoid_RPE_Final,E009,fixed_time,24.0,,90,90,10,0.1111111111111111,0.1111111111111111,0.0,1.0,0.0,0.6666666666666666,0.6666666666666666,24.0,24.0,empirical group EESR,disabled,20260930,20eced06353f152f936cfba5517ba7305629052a
orgAInoid_RPE_Final,E009,fixed_time,36.0,,90,90,2,0.022222222222222223,0.022222222222222223,0.0,1.0,0.0,0.5,0.5,36.0,36.0,empirical group EESR,disabled,20260930,20eced06353f152f936cfba5517ba7305629052a
orgAInoid_RPE_Final,E009,fixed_time,48.0,,90,90,1,0.011111111111111112,0.011111111111111112,0.0,1.0,0.0,0.3333333333333333,0.3333333333333333,48.0,48.0,empirical group EESR,disabled,20260930,20eced06353f152f936cfba5517ba7305629052a
orgAInoid_RPE_Final,E009,fixed_time,60.0,,90,90,1,0.011111111111111112,0.011111111111111112,0.0,1.0,0.0,0.16666666666666666,0.16666666666666666,60.0,60.0,empirical group EESR,disabled,20260930,20eced06353f152f936cfba5517ba7305629052a
orgAInoid_RPE_Final,E009,naive_confidence,0.5,,90,90,44,0.4888888888888889,0.4888888888888889,0.0,1.0,0.0,0.8333333333333331,0.8333333333333331,12.0,12.0,empirical group EESR,disabled,20260930,20eced06353f152f936cfba5517ba7305629052a
orgAInoid_RPE_Final,E009,naive_confidence,0.6,,90,90,29,0.32222222222222224,0.32222222222222224,0.0,1.0,0.0,0.7685185185185186,0.7685185185185186,16.666666666666668,12.0,empirical group EESR,disabled,20260930,20eced06353f152f936cfba5517ba7305629052a
orgAInoid_RPE_Final,E009,naive_confidence,0.7,,90,90,16,0.17777777777777778,0.17777777777777778,0.0,1.0,0.0,0.6685185185185186,0.6685185185185186,23.866666666666667,24.0,empirical group EESR,disabled,20260930,20eced06353f152f936cfba5517ba7305629052a
orgAInoid_RPE_Final,E009,naive_confidence,0.8,,90,89,7,0.07865168539325842,0.07865168539325842,0.0,0.9888888888888889,0.0,0.5462962962962963,0.552434456928839,32.666666666666664,36.0,empirical group EESR,disabled,20260930,20eced06353f152f936cfba5517ba7305629052a
orgAInoid_RPE_Final,E009,naive_confidence,0.9,,90,85,2,0.023529411764705882,0.023529411764705882,0.0,0.9444444444444444,0.0,0.3648148148148148,0.3862745098039216,45.733333333333334,48.0,empirical group EESR,disabled,20260930,20eced06353f152f936cfba5517ba7305629052a
orgAInoid_RPE_Final,E009,naive_confidence,0.95,,90,78,0,0.0,0.0,0.0,0.8666666666666667,0.0,0.25740740740740736,0.29700854700854695,53.46666666666667,48.0,empirical group EESR,disabled,20260930,20eced06353f152f936cfba5517ba7305629052a
orgAInoid_RPE_Final,E009,naive_confidence,0.975,,90,41,0,0.0,0.0,0.0,0.45555555555555555,0.0,0.13333333333333336,0.2926829268292683,62.4,72.0,empirical group EESR,disabled,20260930,20eced06353f152f936cfba5517ba7305629052a
orgAInoid_RPE_Final,E009,naive_confidence,0.99,,90,6,0,0.0,0.0,0.0,0.06666666666666667,0.0,0.014814814814814814,0.2222222222222222,70.93333333333334,72.0,empirical group EESR,disabled,20260930,20eced06353f152f936cfba5517ba7305629052a
orgAInoid_RPE_Final,E009,calibrated_non_group,0.02,0.02,90,89,2,0.02247191011235955,0.02247191011235955,0.0,0.9888888888888889,0.0,0.25740740740740736,0.26029962546816476,53.46666666666667,60.0,empirical group EESR,disabled,20260930,20eced06353f152f936cfba5517ba7305629052a
orgAInoid_RPE_Final,E009,cbes_style,0.02,0.02,90,0,0,0.0,0.0,0.0,0.0,0.0,0.0,0.0,72.0,72.0,empirical group EESR,disabled,20260930,20eced06353f152f936cfba5517ba7305629052a
orgAInoid_RPE_Final,E009,gates_without_ood,0.02,0.02,90,89,2,0.02247191011235955,0.02247191011235955,0.0,0.9888888888888889,0.0,0.25,0.2528089887640449,54.0,60.0,empirical group EESR,disabled,20260930,20eced06353f152f936cfba5517ba7305629052a
orgAInoid_RPE_Final,E009,gates_full,0.02,0.02,90,88,2,0.022727272727272728,0.022727272727272728,0.0,0.9777777777777777,0.011111111111111112,0.24629629629629626,0.2518939393939394,54.266666666666666,60.0,empirical group EESR,enabled,20260930,20eced06353f152f936cfba5517ba7305629052a
orgAInoid_RPE_Final,E009,calibrated_non_group,0.05,0.05,90,89,5,0.056179775280898875,0.056179775280898875,0.0,0.9888888888888889,0.0,0.3314814814814815,0.3352059925093633,48.13333333333333,48.0,empirical group EESR,disabled,20260930,20eced06353f152f936cfba5517ba7305629052a
orgAInoid_RPE_Final,E009,cbes_style,0.05,0.05,90,0,0,0.0,0.0,0.0,0.0,0.0,0.0,0.0,72.0,72.0,empirical group EESR,disabled,20260930,20eced06353f152f936cfba5517ba7305629052a
orgAInoid_RPE_Final,E009,gates_without_ood,0.05,0.05,90,89,2,0.02247191011235955,0.02247191011235955,0.0,0.9888888888888889,0.0,0.2759259259259259,0.2790262172284644,52.13333333333333,48.0,empirical group EESR,disabled,20260930,20eced06353f152f936cfba5517ba7305629052a
orgAInoid_RPE_Final,E009,gates_full,0.05,0.05,90,88,2,0.022727272727272728,0.022727272727272728,0.0,0.9777777777777777,0.011111111111111112,0.2722222222222222,0.2784090909090909,52.4,48.0,empirical group EESR,enabled,20260930,20eced06353f152f936cfba5517ba7305629052a
orgAInoid_RPE_Final,E009,calibrated_non_group,0.1,0.1,90,90,11,0.12222222222222222,0.12222222222222222,0.0,1.0,0.0,0.5870370370370371,0.5870370370370371,29.733333333333334,24.0,empirical group EESR,disabled,20260930,20eced06353f152f936cfba5517ba7305629052a
orgAInoid_RPE_Final,E009,cbes_style,0.1,0.1,90,89,0,0.0,0.0,0.0,0.9888888888888889,0.0,0.1648148148148148,0.16666666666666669,60.13333333333333,60.0,empirical group EESR,disabled,20260930,20eced06353f152f936cfba5517ba7305629052a
orgAInoid_RPE_Final,E009,gates_without_ood,0.1,0.1,90,90,11,0.12222222222222222,0.12222222222222222,0.0,1.0,0.0,0.4518518518518519,0.4518518518518519,39.46666666666667,48.0,empirical group EESR,disabled,20260930,20eced06353f152f936cfba5517ba7305629052a
orgAInoid_RPE_Final,E009,gates_full,0.1,0.1,90,88,11,0.125,0.125,0.0,0.9777777777777777,0.022222222222222223,0.4388888888888889,0.44886363636363635,40.4,48.0,empirical group EESR,enabled,20260930,20eced06353f152f936cfba5517ba7305629052a
orgAInoid_RPE_Final,E009,calibrated_non_group,0.15,0.15,90,90,9,0.1,0.1,0.0,1.0,0.0,0.588888888888889,0.588888888888889,29.6,24.0,empirical group EESR,disabled,20260930,20eced06353f152f936cfba5517ba7305629052a
orgAInoid_RPE_Final,E009,cbes_style,0.15,0.15,90,90,23,0.25555555555555554,0.25555555555555554,0.0,1.0,0.0,0.5370370370370371,0.5370370370370371,33.333333333333336,12.0,empirical group EESR,disabled,20260930,20eced06353f152f936cfba5517ba7305629052a
orgAInoid_RPE_Final,E009,gates_without_ood,0.15,0.15,90,90,17,0.18888888888888888,0.18888888888888888,0.0,1.0,0.0,0.6462962962962964,0.6462962962962964,25.466666666666665,24.0,empirical group EESR,disabled,20260930,20eced06353f152f936cfba5517ba7305629052a
orgAInoid_RPE_Final,E009,gates_full,0.15,0.15,90,88,16,0.18181818181818182,0.18181818181818182,0.0,0.9777777777777777,0.022222222222222223,0.6277777777777778,0.6420454545454546,26.8,24.0,empirical group EESR,enabled,20260930,20eced06353f152f936cfba5517ba7305629052a
orgAInoid_RPE_Final,E009,calibrated_non_group,0.2,0.2,90,90,17,0.18888888888888888,0.18888888888888888,0.0,1.0,0.0,0.6796296296296297,0.6796296296296297,23.066666666666666,24.0,empirical group EESR,disabled,20260930,20eced06353f152f936cfba5517ba7305629052a
orgAInoid_RPE_Final,E009,cbes_style,0.2,0.2,90,90,23,0.25555555555555554,0.25555555555555554,0.0,1.0,0.0,0.7037037037037037,0.7037037037037037,21.333333333333332,12.0,empirical group EESR,disabled,20260930,20eced06353f152f936cfba5517ba7305629052a
orgAInoid_RPE_Final,E009,gates_without_ood,0.2,0.2,90,90,26,0.28888888888888886,0.28888888888888886,0.0,1.0,0.0,0.7425925925925927,0.7425925925925927,18.533333333333335,12.0,empirical group EESR,disabled,20260930,20eced06353f152f936cfba5517ba7305629052a
orgAInoid_RPE_Final,E009,gates_full,0.2,0.2,90,88,25,0.2840909090909091,0.2840909090909091,0.0,0.9777777777777777,0.022222222222222223,0.7240740740740741,0.7405303030303029,19.866666666666667,12.0,empirical group EESR,enabled,20260930,20eced06353f152f936cfba5517ba7305629052a
orgAInoid_RPE_Final,E009,calibrated_non_group,0.3,0.3,90,90,43,0.4777777777777778,0.4777777777777778,0.0,1.0,0.0,0.8296296296296295,0.8296296296296295,12.266666666666667,12.0,empirical group EESR,disabled,20260930,20eced06353f152f936cfba5517ba7305629052a
orgAInoid_RPE_Final,E009,cbes_style,0.3,0.3,90,90,23,0.25555555555555554,0.25555555555555554,0.0,1.0,0.0,0.7222222222222222,0.7222222222222222,20.0,12.0,empirical group EESR,disabled,20260930,20eced06353f152f936cfba5517ba7305629052a
orgAInoid_RPE_Final,E009,gates_without_ood,0.3,0.3,90,90,43,0.4777777777777778,0.4777777777777778,0.0,1.0,0.0,0.8296296296296295,0.8296296296296295,12.266666666666667,12.0,empirical group EESR,disabled,20260930,20eced06353f152f936cfba5517ba7305629052a
orgAInoid_RPE_Final,E009,gates_full,0.3,0.3,90,88,42,0.4772727272727273,0.4772727272727273,0.0,0.9777777777777777,0.022222222222222223,0.811111111111111,0.8295454545454546,13.6,12.0,empirical group EESR,enabled,20260930,20eced06353f152f936cfba5517ba7305629052a
orgAInoid_RPE_Final,E010,full_protocol,none,,92,0,0,0.0,0.0,0.0,0.0,0.0,0.0,0.0,72.0,72.0,empirical group EESR,disabled,20260930,20eced06353f152f936cfba5517ba7305629052a
orgAInoid_RPE_Final,E010,fixed_time,12.0,,92,92,17,0.18478260869565216,0.13043478260869565,0.05434782608695652,1.0,0.0,0.833333333333333,0.833333333333333,12.0,12.0,empirical group EESR,disabled,20260930,20eced06353f152f936cfba5517ba7305629052a
orgAInoid_RPE_Final,E010,fixed_time,24.0,,92,92,23,0.25,0.21739130434782608,0.03260869565217391,1.0,0.0,0.6666666666666666,0.6666666666666666,24.0,24.0,empirical group EESR,disabled,20260930,20eced06353f152f936cfba5517ba7305629052a
orgAInoid_RPE_Final,E010,fixed_time,36.0,,92,92,29,0.31521739130434784,0.13043478260869565,0.18478260869565216,1.0,0.0,0.5,0.5,36.0,36.0,empirical group EESR,disabled,20260930,20eced06353f152f936cfba5517ba7305629052a
orgAInoid_RPE_Final,E010,fixed_time,48.0,,92,92,25,0.2717391304347826,0.2608695652173913,0.010869565217391304,1.0,0.0,0.3333333333333333,0.3333333333333333,48.0,48.0,empirical group EESR,disabled,20260930,20eced06353f152f936cfba5517ba7305629052a
orgAInoid_RPE_Final,E010,fixed_time,60.0,,92,92,14,0.15217391304347827,0.14130434782608695,0.010869565217391304,1.0,0.0,0.16666666666666666,0.16666666666666666,60.0,60.0,empirical group EESR,disabled,20260930,20eced06353f152f936cfba5517ba7305629052a
orgAInoid_RPE_Final,E010,naive_confidence,0.5,,92,92,17,0.18478260869565216,0.13043478260869565,0.05434782608695652,1.0,0.0,0.833333333333333,0.833333333333333,12.0,12.0,empirical group EESR,disabled,20260930,20eced06353f152f936cfba5517ba7305629052a
orgAInoid_RPE_Final,E010,naive_confidence,0.6,,92,92,16,0.17391304347826086,0.15217391304347827,0.021739130434782608,1.0,0.0,0.8025362318840578,0.8025362318840578,14.217391304347826,12.0,empirical group EESR,disabled,20260930,20eced06353f152f936cfba5517ba7305629052a
orgAInoid_RPE_Final,E010,naive_confidence,0.7,,92,92,16,0.17391304347826086,0.16304347826086957,0.010869565217391304,1.0,0.0,0.7554347826086957,0.7554347826086957,17.608695652173914,12.0,empirical group EESR,disabled,20260930,20eced06353f152f936cfba5517ba7305629052a
orgAInoid_RPE_Final,E010,naive_confidence,0.8,,92,92,15,0.16304347826086957,0.16304347826086957,0.0,1.0,0.0,0.6503623188405798,0.6503623188405798,25.17391304347826,24.0,empirical group EESR,disabled,20260930,20eced06353f152f936cfba5517ba7305629052a
orgAInoid_RPE_Final,E010,naive_confidence,0.9,,92,79,14,0.17721518987341772,0.16455696202531644,0.012658227848101266,0.8586956521739131,0.0,0.5090579710144928,0.5928270042194093,35.34782608695652,24.0,empirical group EESR,disabled,20260930,20eced06353f152f936cfba5517ba7305629052a
orgAInoid_RPE_Final,E010,naive_confidence,0.95,,92,67,9,0.13432835820895522,0.11940298507462686,0.014925373134328358,0.7282608695652174,0.0,0.3532608695652174,0.48507462686567165,46.56521739130435,48.0,empirical group EESR,disabled,20260930,20eced06353f152f936cfba5517ba7305629052a
orgAInoid_RPE_Final,E010,naive_confidence,0.975,,92,52,5,0.09615384615384616,0.07692307692307693,0.019230769230769232,0.5652173913043478,0.0,0.2228260869565217,0.39423076923076916,55.95652173913044,48.0,empirical group EESR,disabled,20260930,20eced06353f152f936cfba5517ba7305629052a
orgAInoid_RPE_Final,E010,naive_confidence,0.99,,92,31,1,0.03225806451612903,0.0,0.03225806451612903,0.33695652173913043,0.0,0.10326086956521735,0.30645161290322576,64.56521739130434,72.0,empirical group EESR,disabled,20260930,20eced06353f152f936cfba5517ba7305629052a
orgAInoid_RPE_Final,E010,calibrated_non_group,0.02,0.02,92,37,0,0.0,0.0,0.0,0.40217391304347827,0.0,0.10144927536231883,0.25225225225225223,64.69565217391305,72.0,empirical group EESR,disabled,20260930,20eced06353f152f936cfba5517ba7305629052a
orgAInoid_RPE_Final,E010,cbes_style,0.02,0.02,92,0,0,0.0,0.0,0.0,0.0,0.0,0.0,0.0,72.0,72.0,empirical group EESR,disabled,20260930,20eced06353f152f936cfba5517ba7305629052a
orgAInoid_RPE_Final,E010,gates_without_ood,0.02,0.02,92,34,0,0.0,0.0,0.0,0.3695652173913043,0.0,0.06159420289855073,0.16666666666666669,67.56521739130434,72.0,empirical group EESR,disabled,20260930,20eced06353f152f936cfba5517ba7305629052a
orgAInoid_RPE_Final,E010,gates_full,0.02,0.02,92,34,0,0.0,0.0,0.0,0.3695652173913043,0.0,0.06159420289855073,0.16666666666666669,67.56521739130434,72.0,empirical group EESR,enabled,20260930,20eced06353f152f936cfba5517ba7305629052a
orgAInoid_RPE_Final,E010,calibrated_non_group,0.05,0.05,92,59,2,0.03389830508474576,0.03389830508474576,0.0,0.6413043478260869,0.0,0.16666666666666669,0.2598870056497175,60.0,60.0,empirical group EESR,disabled,20260930,20eced06353f152f936cfba5517ba7305629052a
orgAInoid_RPE_Final,E010,cbes_style,0.05,0.05,92,81,7,0.08641975308641975,0.08641975308641975,0.0,0.8804347826086957,0.0,0.1467391304347826,0.16666666666666666,61.43478260869565,60.0,empirical group EESR,disabled,20260930,20eced06353f152f936cfba5517ba7305629052a
orgAInoid_RPE_Final,E010,gates_without_ood,0.05,0.05,92,34,0,0.0,0.0,0.0,0.3695652173913043,0.0,0.06159420289855073,0.16666666666666669,67.56521739130434,72.0,empirical group EESR,disabled,20260930,20eced06353f152f936cfba5517ba7305629052a
orgAInoid_RPE_Final,E010,gates_full,0.05,0.05,92,34,0,0.0,0.0,0.0,0.3695652173913043,0.0,0.06159420289855073,0.16666666666666669,67.56521739130434,72.0,empirical group EESR,enabled,20260930,20eced06353f152f936cfba5517ba7305629052a
orgAInoid_RPE_Final,E010,calibrated_non_group,0.1,0.1,92,53,5,0.09433962264150944,0.09433962264150944,0.0,0.5760869565217391,0.0,0.24094202898550718,0.41823899371069173,54.65217391304348,48.0,empirical group EESR,disabled,20260930,20eced06353f152f936cfba5517ba7305629052a
orgAInoid_RPE_Final,E010,cbes_style,0.1,0.1,92,81,7,0.08641975308641975,0.08641975308641975,0.0,0.8804347826086957,0.0,0.1467391304347826,0.16666666666666666,61.43478260869565,60.0,empirical group EESR,disabled,20260930,20eced06353f152f936cfba5517ba7305629052a
orgAInoid_RPE_Final,E010,gates_without_ood,0.1,0.1,92,43,0,0.0,0.0,0.0,0.4673913043478261,0.0,0.0778985507246377,0.16666666666666669,66.3913043478261,72.0,empirical group EESR,disabled,20260930,20eced06353f152f936cfba5517ba7305629052a
orgAInoid_RPE_Final,E010,gates_full,0.1,0.1,92,43,0,0.0,0.0,0.0,0.4673913043478261,0.0,0.0778985507246377,0.16666666666666669,66.3913043478261,72.0,empirical group EESR,enabled,20260930,20eced06353f152f936cfba5517ba7305629052a
orgAInoid_RPE_Final,E010,calibrated_non_group,0.15,0.15,92,82,9,0.10975609756097561,0.10975609756097561,0.0,0.8913043478260869,0.0,0.36231884057971026,0.4065040650406505,45.91304347826087,54.0,empirical group EESR,disabled,20260930,20eced06353f152f936cfba5517ba7305629052a
orgAInoid_RPE_Final,E010,cbes_style,0.15,0.15,92,92,19,0.20652173913043478,0.1956521739130435,0.010869565217391304,1.0,0.0,0.5597826086956521,0.5597826086956521,31.695652173913043,24.0,empirical group EESR,disabled,20260930,20eced06353f152f936cfba5517ba7305629052a
orgAInoid_RPE_Final,E010,gates_without_ood,0.15,0.15,92,70,3,0.04285714285714286,0.04285714285714286,0.0,0.7608695652173914,0.0,0.18478260869565213,0.2428571428571428,58.69565217391305,60.0,empirical group EESR,disabled,20260930,20eced06353f152f936cfba5517ba7305629052a
orgAInoid_RPE_Final,E010,gates_full,0.15,0.15,92,69,3,0.043478260869565216,0.043478260869565216,0.0,0.75,0.010869565217391304,0.18115942028985504,0.24154589371980673,58.95652173913044,60.0,empirical group EESR,enabled,20260930,20eced06353f152f936cfba5517ba7305629052a
orgAInoid_RPE_Final,E010,calibrated_non_group,0.2,0.2,92,92,20,0.21739130434782608,0.21739130434782608,0.0,1.0,0.0,0.5108695652173914,0.5108695652173914,35.21739130434783,48.0,empirical group EESR,disabled,20260930,20eced06353f152f936cfba5517ba7305629052a
orgAInoid_RPE_Final,E010,cbes_style,0.2,0.2,92,92,19,0.20652173913043478,0.1956521739130435,0.010869565217391304,1.0,0.0,0.5597826086956521,0.5597826086956521,31.695652173913043,24.0,empirical group EESR,disabled,20260930,20eced06353f152f936cfba5517ba7305629052a
orgAInoid_RPE_Final,E010,gates_without_ood,0.2,0.2,92,92,25,0.2717391304347826,0.2608695652173913,0.010869565217391304,1.0,0.0,0.3333333333333333,0.3333333333333333,48.0,48.0,empirical group EESR,disabled,20260930,20eced06353f152f936cfba5517ba7305629052a
orgAInoid_RPE_Final,E010,gates_full,0.2,0.2,92,90,24,0.26666666666666666,0.25555555555555554,0.011111111111111112,0.9782608695652174,0.021739130434782608,0.3260869565217391,0.3333333333333333,48.52173913043478,48.0,empirical group EESR,enabled,20260930,20eced06353f152f936cfba5517ba7305629052a
orgAInoid_RPE_Final,E010,calibrated_non_group,0.3,0.3,92,92,20,0.21739130434782608,0.1956521739130435,0.021739130434782608,1.0,0.0,0.7518115942028986,0.7518115942028986,17.869565217391305,12.0,empirical group EESR,disabled,20260930,20eced06353f152f936cfba5517ba7305629052a
orgAInoid_RPE_Final,E010,cbes_style,0.3,0.3,92,92,19,0.20652173913043478,0.1956521739130435,0.010869565217391304,1.0,0.0,0.5597826086956521,0.5597826086956521,31.695652173913043,24.0,empirical group EESR,disabled,20260930,20eced06353f152f936cfba5517ba7305629052a
orgAInoid_RPE_Final,E010,gates_without_ood,0.3,0.3,92,92,25,0.2717391304347826,0.2608695652173913,0.010869565217391304,1.0,0.0,0.3333333333333333,0.3333333333333333,48.0,48.0,empirical group EESR,disabled,20260930,20eced06353f152f936cfba5517ba7305629052a
orgAInoid_RPE_Final,E010,gates_full,0.3,0.3,92,90,24,0.26666666666666666,0.25555555555555554,0.011111111111111112,0.9782608695652174,0.021739130434782608,0.3260869565217391,0.3333333333333333,48.52173913043478,48.0,empirical group EESR,enabled,20260930,20eced06353f152f936cfba5517ba7305629052a
orgAInoid_RPE_Final,E011,full_protocol,none,,90,0,0,0.0,0.0,0.0,0.0,0.0,0.0,0.0,72.0,72.0,empirical group EESR,disabled,20260930,20eced06353f152f936cfba5517ba7305629052a
orgAInoid_RPE_Final,E011,fixed_time,12.0,,90,90,31,0.34444444444444444,0.08888888888888889,0.25555555555555554,1.0,0.0,0.8333333333333331,0.8333333333333331,12.0,12.0,empirical group EESR,disabled,20260930,20eced06353f152f936cfba5517ba7305629052a
orgAInoid_RPE_Final,E011,fixed_time,24.0,,90,90,20,0.2222222222222222,0.05555555555555555,0.16666666666666666,1.0,0.0,0.6666666666666666,0.6666666666666666,24.0,24.0,empirical group EESR,disabled,20260930,20eced06353f152f936cfba5517ba7305629052a
orgAInoid_RPE_Final,E011,fixed_time,36.0,,90,90,36,0.4,0.08888888888888889,0.3111111111111111,1.0,0.0,0.5,0.5,36.0,36.0,empirical group EESR,disabled,20260930,20eced06353f152f936cfba5517ba7305629052a
orgAInoid_RPE_Final,E011,fixed_time,48.0,,90,90,18,0.2,0.07777777777777778,0.12222222222222222,1.0,0.0,0.3333333333333333,0.3333333333333333,48.0,48.0,empirical group EESR,disabled,20260930,20eced06353f152f936cfba5517ba7305629052a
orgAInoid_RPE_Final,E011,fixed_time,60.0,,90,90,10,0.1111111111111111,0.044444444444444446,0.06666666666666667,1.0,0.0,0.16666666666666666,0.16666666666666666,60.0,60.0,empirical group EESR,disabled,20260930,20eced06353f152f936cfba5517ba7305629052a
orgAInoid_RPE_Final,E011,naive_confidence,0.5,,90,90,31,0.34444444444444444,0.08888888888888889,0.25555555555555554,1.0,0.0,0.8333333333333331,0.8333333333333331,12.0,12.0,empirical group EESR,disabled,20260930,20eced06353f152f936cfba5517ba7305629052a
orgAInoid_RPE_Final,E011,naive_confidence,0.6,,90,90,27,0.3,0.05555555555555555,0.24444444444444444,1.0,0.0,0.809259259259259,0.809259259259259,13.733333333333333,12.0,empirical group EESR,disabled,20260930,20eced06353f152f936cfba5517ba7305629052a
orgAInoid_RPE_Final,E011,naive_confidence,0.7,,90,87,21,0.2413793103448276,0.05747126436781609,0.1839080459770115,0.9666666666666667,0.0,0.7166666666666666,0.7413793103448276,20.4,12.0,empirical group EESR,disabled,20260930,20eced06353f152f936cfba5517ba7305629052a
orgAInoid_RPE_Final,E011,naive_confidence,0.8,,90,81,17,0.20987654320987653,0.06172839506172839,0.14814814814814814,0.9,0.0,0.5944444444444444,0.6604938271604939,29.2,24.0,empirical group EESR,disabled,20260930,20eced06353f152f936cfba5517ba7305629052a
orgAInoid_RPE_Final,E011,naive_confidence,0.9,,90,63,9,0.14285714285714285,0.031746031746031744,0.1111111111111111,0.7,0.0,0.3907407407407407,0.5582010582010583,43.86666666666667,48.0,empirical group EESR,disabled,20260930,20eced06353f152f936cfba5517ba7305629052a
orgAInoid_RPE_Final,E011,naive_confidence,0.95,,90,48,3,0.0625,0.020833333333333332,0.041666666666666664,0.5333333333333333,0.0,0.24814814814814815,0.46527777777777785,54.13333333333333,60.0,empirical group EESR,disabled,20260930,20eced06353f152f936cfba5517ba7305629052a
orgAInoid_RPE_Final,E011,naive_confidence,0.975,,90,36,1,0.027777777777777776,0.0,0.027777777777777776,0.4,0.0,0.14259259259259258,0.3564814814814815,61.733333333333334,72.0,empirical group EESR,disabled,20260930,20eced06353f152f936cfba5517ba7305629052a
orgAInoid_RPE_Final,E011,naive_confidence,0.99,,90,19,1,0.05263157894736842,0.0,0.05263157894736842,0.2111111111111111,0.0,0.06111111111111111,0.2894736842105263,67.6,72.0,empirical group EESR,disabled,20260930,20eced06353f152f936cfba5517ba7305629052a
orgAInoid_RPE_Final,E011,calibrated_non_group,0.02,0.02,90,28,0,0.0,0.0,0.0,0.3111111111111111,0.0,0.09814814814814814,0.3154761904761905,64.93333333333334,72.0,empirical group EESR,disabled,20260930,20eced06353f152f936cfba5517ba7305629052a
orgAInoid_RPE_Final,E011,cbes_style,0.02,0.02,90,0,0,0.0,0.0,0.0,0.0,0.0,0.0,0.0,72.0,72.0,empirical group EESR,disabled,20260930,20eced06353f152f936cfba5517ba7305629052a
orgAInoid_RPE_Final,E011,gates_without_ood,0.02,0.02,90,25,0,0.0,0.0,0.0,0.2777777777777778,0.0,0.09259259259259257,0.33333333333333337,65.33333333333333,72.0,empirical group EESR,disabled,20260930,20eced06353f152f936cfba5517ba7305629052a
orgAInoid_RPE_Final,E011,gates_full,0.02,0.02,90,24,0,0.0,0.0,0.0,0.26666666666666666,0.011111111111111112,0.08888888888888889,0.3333333333333333,65.6,72.0,empirical group EESR,enabled,20260930,20eced06353f152f936cfba5517ba7305629052a
orgAInoid_RPE_Final,E011,calibrated_non_group,0.05,0.05,90,55,1,0.01818181818181818,0.01818181818181818,0.0,0.6111111111111112,0.0,0.1537037037037037,0.25151515151515147,60.93333333333333,60.0,empirical group EESR,disabled,20260930,20eced06353f152f936cfba5517ba7305629052a
orgAInoid_RPE_Final,E011,cbes_style,0.05,0.05,90,0,0,0.0,0.0,0.0,0.0,0.0,0.0,0.0,72.0,72.0,empirical group EESR,disabled,20260930,20eced06353f152f936cfba5517ba7305629052a
orgAInoid_RPE_Final,E011,gates_without_ood,0.05,0.05,90,25,0,0.0,0.0,0.0,0.2777777777777778,0.0,0.09259259259259257,0.33333333333333337,65.33333333333333,72.0,empirical group EESR,disabled,20260930,20eced06353f152f936cfba5517ba7305629052a
orgAInoid_RPE_Final,E011,gates_full,0.05,0.05,90,24,0,0.0,0.0,0.0,0.26666666666666666,0.011111111111111112,0.08888888888888889,0.3333333333333333,65.6,72.0,empirical group EESR,enabled,20260930,20eced06353f152f936cfba5517ba7305629052a
orgAInoid_RPE_Final,E011,calibrated_non_group,0.1,0.1,90,84,15,0.17857142857142858,0.07142857142857142,0.10714285714285714,0.9333333333333333,0.0,0.3907407407407407,0.4186507936507938,43.86666666666667,48.0,empirical group EESR,disabled,20260930,20eced06353f152f936cfba5517ba7305629052a
orgAInoid_RPE_Final,E011,cbes_style,0.1,0.1,90,0,0,0.0,0.0,0.0,0.0,0.0,0.0,0.0,72.0,72.0,empirical group EESR,disabled,20260930,20eced06353f152f936cfba5517ba7305629052a
orgAInoid_RPE_Final,E011,gates_without_ood,0.1,0.1,90,54,1,0.018518518518518517,0.018518518518518517,0.0,0.6,0.0,0.15185185185185188,0.25308641975308643,61.06666666666667,60.0,empirical group EESR,disabled,20260930,20eced06353f152f936cfba5517ba7305629052a
orgAInoid_RPE_Final,E011,gates_full,0.1,0.1,90,52,1,0.019230769230769232,0.019230769230769232,0.0,0.5777777777777777,0.022222222222222223,0.1462962962962963,0.2532051282051282,61.46666666666667,60.0,empirical group EESR,enabled,20260930,20eced06353f152f936cfba5517ba7305629052a
orgAInoid_RPE_Final,E011,calibrated_non_group,0.15,0.15,90,85,14,0.16470588235294117,0.07058823529411765,0.09411764705882353,0.9444444444444444,0.0,0.42407407407407405,0.4490196078431374,41.46666666666667,48.0,empirical group EESR,disabled,20260930,20eced06353f152f936cfba5517ba7305629052a
orgAInoid_RPE_Final,E011,cbes_style,0.15,0.15,90,0,0,0.0,0.0,0.0,0.0,0.0,0.0,0.0,72.0,72.0,empirical group EESR,disabled,20260930,20eced06353f152f936cfba5517ba7305629052a
orgAInoid_RPE_Final,E011,gates_without_ood,0.15,0.15,90,71,5,0.07042253521126761,0.028169014084507043,0.04225352112676056,0.7888888888888889,0.0,0.23333333333333334,0.2957746478873239,55.2,48.0,empirical group EESR,disabled,20260930,20eced06353f152f936cfba5517ba7305629052a
orgAInoid_RPE_Final,E011,gates_full,0.15,0.15,90,67,4,0.05970149253731343,0.029850746268656716,0.029850746268656716,0.7444444444444445,0.044444444444444446,0.22037037037037038,0.2960199004975125,56.13333333333333,48.0,empirical group EESR,enabled,20260930,20eced06353f152f936cfba5517ba7305629052a
orgAInoid_RPE_Final,E011,calibrated_non_group,0.2,0.2,90,90,34,0.37777777777777777,0.07777777777777778,0.3,1.0,0.0,0.6092592592592593,0.6092592592592593,28.133333333333333,36.0,empirical group EESR,disabled,20260930,20eced06353f152f936cfba5517ba7305629052a
orgAInoid_RPE_Final,E011,cbes_style,0.2,0.2,90,83,9,0.10843373493975904,0.060240963855421686,0.04819277108433735,0.9222222222222223,0.0,0.28888888888888886,0.3132530120481928,51.2,48.0,empirical group EESR,disabled,20260930,20eced06353f152f936cfba5517ba7305629052a
orgAInoid_RPE_Final,E011,gates_without_ood,0.2,0.2,90,90,18,0.2,0.07777777777777778,0.12222222222222222,1.0,0.0,0.3333333333333333,0.3333333333333333,48.0,48.0,empirical group EESR,disabled,20260930,20eced06353f152f936cfba5517ba7305629052a
orgAInoid_RPE_Final,E011,gates_full,0.2,0.2,90,83,16,0.1927710843373494,0.08433734939759036,0.10843373493975904,0.9222222222222223,0.07777777777777778,0.3074074074074074,0.3333333333333333,49.86666666666667,48.0,empirical group EESR,enabled,20260930,20eced06353f152f936cfba5517ba7305629052a
orgAInoid_RPE_Final,E011,calibrated_non_group,0.3,0.3,90,90,19,0.2111111111111111,0.05555555555555555,0.15555555555555556,1.0,0.0,0.7,0.7,21.6,24.0,empirical group EESR,disabled,20260930,20eced06353f152f936cfba5517ba7305629052a
orgAInoid_RPE_Final,E011,cbes_style,0.3,0.3,90,83,9,0.10843373493975904,0.060240963855421686,0.04819277108433735,0.9222222222222223,0.0,0.28888888888888886,0.3132530120481928,51.2,48.0,empirical group EESR,disabled,20260930,20eced06353f152f936cfba5517ba7305629052a
orgAInoid_RPE_Final,E011,gates_without_ood,0.3,0.3,90,90,36,0.4,0.08888888888888889,0.3111111111111111,1.0,0.0,0.5,0.5,36.0,36.0,empirical group EESR,disabled,20260930,20eced06353f152f936cfba5517ba7305629052a
orgAInoid_RPE_Final,E011,gates_full,0.3,0.3,90,86,36,0.4186046511627907,0.09302325581395349,0.32558139534883723,0.9555555555555556,0.044444444444444446,0.4777777777777778,0.5,37.6,36.0,empirical group EESR,enabled,20260930,20eced06353f152f936cfba5517ba7305629052a
orgAInoid_RPE_Final,E012,full_protocol,none,,77,0,0,0.0,0.0,0.0,0.0,0.0,0.0,0.0,72.0,72.0,empirical group EESR,disabled,20260930,20eced06353f152f936cfba5517ba7305629052a
orgAInoid_RPE_Final,E012,fixed_time,12.0,,77,77,42,0.5454545454545454,0.025974025974025976,0.5194805194805194,1.0,0.0,0.8333333333333334,0.8333333333333334,12.0,12.0,empirical group EESR,disabled,20260930,20eced06353f152f936cfba5517ba7305629052a
orgAInoid_RPE_Final,E012,fixed_time,24.0,,77,77,33,0.42857142857142855,0.3246753246753247,0.1038961038961039,1.0,0.0,0.6666666666666665,0.6666666666666665,24.0,24.0,empirical group EESR,disabled,20260930,20eced06353f152f936cfba5517ba7305629052a
orgAInoid_RPE_Final,E012,fixed_time,36.0,,77,77,21,0.2727272727272727,0.15584415584415584,0.11688311688311688,1.0,0.0,0.5,0.5,36.0,36.0,empirical group EESR,disabled,20260930,20eced06353f152f936cfba5517ba7305629052a
orgAInoid_RPE_Final,E012,fixed_time,48.0,,77,77,14,0.18181818181818182,0.15584415584415584,0.025974025974025976,1.0,0.0,0.33333333333333326,0.33333333333333326,48.0,48.0,empirical group EESR,disabled,20260930,20eced06353f152f936cfba5517ba7305629052a
orgAInoid_RPE_Final,E012,fixed_time,60.0,,77,77,13,0.16883116883116883,0.15584415584415584,0.012987012987012988,1.0,0.0,0.16666666666666663,0.16666666666666663,60.0,60.0,empirical group EESR,disabled,20260930,20eced06353f152f936cfba5517ba7305629052a
orgAInoid_RPE_Final,E012,naive_confidence,0.5,,77,77,42,0.5454545454545454,0.025974025974025976,0.5194805194805194,1.0,0.0,0.8333333333333334,0.8333333333333334,12.0,12.0,empirical group EESR,disabled,20260930,20eced06353f152f936cfba5517ba7305629052a
orgAInoid_RPE_Final,E012,naive_confidence,0.6,,77,77,40,0.5194805194805194,0.07792207792207792,0.44155844155844154,1.0,0.0,0.8073593073593073,0.8073593073593073,13.87012987012987,12.0,empirical group EESR,disabled,20260930,20eced06353f152f936cfba5517ba7305629052a
orgAInoid_RPE_Final,E012,naive_confidence,0.7,,77,77,37,0.4805194805194805,0.14285714285714285,0.33766233766233766,1.0,0.0,0.7792207792207793,0.7792207792207793,15.896103896103897,12.0,empirical group EESR,disabled,20260930,20eced06353f152f936cfba5517ba7305629052a
orgAInoid_RPE_Final,E012,naive_confidence,0.8,,77,77,39,0.5064935064935064,0.23376623376623376,0.2727272727272727,1.0,0.0,0.7186147186147186,0.7186147186147186,20.25974025974026,24.0,empirical group EESR,disabled,20260930,20eced06353f152f936cfba5517ba7305629052a
orgAInoid_RPE_Final,E012,naive_confidence,0.9,,77,64,30,0.46875,0.328125,0.140625,0.8311688311688312,0.0,0.5,0.6015625,36.0,24.0,empirical group EESR,disabled,20260930,20eced06353f152f936cfba5517ba7305629052a
orgAInoid_RPE_Final,E012,naive_confidence,0.95,,77,49,18,0.3673469387755102,0.32653061224489793,0.04081632653061224,0.6363636363636364,0.0,0.33116883116883117,0.5204081632653061,48.15584415584416,48.0,empirical group EESR,disabled,20260930,20eced06353f152f936cfba5517ba7305629052a
orgAInoid_RPE_Final,E012,naive_confidence,0.975,,77,32,10,0.3125,0.3125,0.0,0.4155844155844156,0.0,0.20779220779220775,0.49999999999999994,57.03896103896104,72.0,empirical group EESR,disabled,20260930,20eced06353f152f936cfba5517ba7305629052a
orgAInoid_RPE_Final,E012,naive_confidence,0.99,,77,12,4,0.3333333333333333,0.3333333333333333,0.0,0.15584415584415584,0.0,0.08658008658008659,0.5555555555555557,65.76623376623377,72.0,empirical group EESR,disabled,20260930,20eced06353f152f936cfba5517ba7305629052a
orgAInoid_RPE_Final,E012,calibrated_non_group,0.02,0.02,77,43,6,0.13953488372093023,0.13953488372093023,0.0,0.5584415584415584,0.0,0.17532467532467536,0.3139534883720931,59.37662337662338,60.0,empirical group EESR,disabled,20260930,20eced06353f152f936cfba5517ba7305629052a
orgAInoid_RPE_Final,E012,cbes_style,0.02,0.02,77,67,11,0.16417910447761194,0.16417910447761194,0.0,0.8701298701298701,0.0,0.145021645021645,0.16666666666666663,61.55844155844156,60.0,empirical group EESR,disabled,20260930,20eced06353f152f936cfba5517ba7305629052a
orgAInoid_RPE_Final,E012,gates_without_ood,0.02,0.02,77,0,0,0.0,0.0,0.0,0.0,0.0,0.0,0.0,72.0,72.0,empirical group EESR,disabled,20260930,20eced06353f152f936cfba5517ba7305629052a
orgAInoid_RPE_Final,E012,gates_full,0.02,0.02,77,0,0,0.0,0.0,0.0,0.0,0.0,0.0,0.0,72.0,72.0,empirical group EESR,enabled,20260930,20eced06353f152f936cfba5517ba7305629052a
orgAInoid_RPE_Final,E012,calibrated_non_group,0.05,0.05,77,63,10,0.15873015873015872,0.15873015873015872,0.0,0.8181818181818182,0.0,0.264069264069264,0.3227513227513226,52.98701298701299,48.0,empirical group EESR,disabled,20260930,20eced06353f152f936cfba5517ba7305629052a
orgAInoid_RPE_Final,E012,cbes_style,0.05,0.05,77,72,12,0.16666666666666666,0.1527777777777778,0.013888888888888888,0.935064935064935,0.0,0.3073593073593073,0.3287037037037037,49.87012987012987,48.0,empirical group EESR,disabled,20260930,20eced06353f152f936cfba5517ba7305629052a
orgAInoid_RPE_Final,E012,gates_without_ood,0.05,0.05,77,43,6,0.13953488372093023,0.13953488372093023,0.0,0.5584415584415584,0.0,0.17532467532467536,0.3139534883720931,59.37662337662338,60.0,empirical group EESR,disabled,20260930,20eced06353f152f936cfba5517ba7305629052a
orgAInoid_RPE_Final,E012,gates_full,0.05,0.05,77,43,6,0.13953488372093023,0.13953488372093023,0.0,0.5584415584415584,0.0,0.17532467532467536,0.3139534883720931,59.37662337662338,60.0,empirical group EESR,enabled,20260930,20eced06353f152f936cfba5517ba7305629052a
orgAInoid_RPE_Final,E012,calibrated_non_group,0.1,0.1,77,76,30,0.39473684210526316,0.34210526315789475,0.05263157894736842,0.987012987012987,0.0,0.6233766233766231,0.6315789473684209,27.116883116883116,24.0,empirical group EESR,disabled,20260930,20eced06353f152f936cfba5517ba7305629052a
orgAInoid_RPE_Final,E012,cbes_style,0.1,0.1,77,74,20,0.2702702702702703,0.14864864864864866,0.12162162162162163,0.961038961038961,0.0,0.4047619047619047,0.4211711711711712,42.857142857142854,36.0,empirical group EESR,disabled,20260930,20eced06353f152f936cfba5517ba7305629052a
orgAInoid_RPE_Final,E012,gates_without_ood,0.1,0.1,77,74,28,0.3783783783783784,0.35135135135135137,0.02702702702702703,0.961038961038961,0.0,0.5844155844155844,0.6081081081081081,29.92207792207792,24.0,empirical group EESR,disabled,20260930,20eced06353f152f936cfba5517ba7305629052a
orgAInoid_RPE_Final,E012,gates_full,0.1,0.1,77,71,28,0.39436619718309857,0.36619718309859156,0.028169014084507043,0.922077922077922,0.03896103896103896,0.5584415584415583,0.6056338028169013,31.792207792207794,24.0,empirical group EESR,enabled,20260930,20eced06353f152f936cfba5517ba7305629052a
orgAInoid_RPE_Final,E012,calibrated_non_group,0.15,0.15,77,77,38,0.4935064935064935,0.09090909090909091,0.4025974025974026,1.0,0.0,0.7987012987012987,0.7987012987012987,14.493506493506494,12.0,empirical group EESR,disabled,20260930,20eced06353f152f936cfba5517ba7305629052a
orgAInoid_RPE_Final,E012,cbes_style,0.15,0.15,77,77,34,0.44155844155844154,0.12987012987012986,0.3116883116883117,1.0,0.0,0.7705627705627706,0.7705627705627706,16.51948051948052,12.0,empirical group EESR,disabled,20260930,20eced06353f152f936cfba5517ba7305629052a
orgAInoid_RPE_Final,E012,gates_without_ood,0.15,0.15,77,77,33,0.42857142857142855,0.3246753246753247,0.1038961038961039,1.0,0.0,0.6666666666666665,0.6666666666666665,24.0,24.0,empirical group EESR,disabled,20260930,20eced06353f152f936cfba5517ba7305629052a
orgAInoid_RPE_Final,E012,gates_full,0.15,0.15,77,74,33,0.44594594594594594,0.33783783783783783,0.10810810810810811,0.961038961038961,0.03896103896103896,0.6406926406926405,0.6666666666666666,25.87012987012987,24.0,empirical group EESR,enabled,20260930,20eced06353f152f936cfba5517ba7305629052a
orgAInoid_RPE_Final,E012,calibrated_non_group,0.2,0.2,77,77,38,0.4935064935064935,0.09090909090909091,0.4025974025974026,1.0,0.0,0.7987012987012987,0.7987012987012987,14.493506493506494,12.0,empirical group EESR,disabled,20260930,20eced06353f152f936cfba5517ba7305629052a
orgAInoid_RPE_Final,E012,cbes_style,0.2,0.2,77,77,34,0.44155844155844154,0.12987012987012986,0.3116883116883117,1.0,0.0,0.7705627705627706,0.7705627705627706,16.51948051948052,12.0,empirical group EESR,disabled,20260930,20eced06353f152f936cfba5517ba7305629052a
orgAInoid_RPE_Final,E012,gates_without_ood,0.2,0.2,77,77,38,0.4935064935064935,0.09090909090909091,0.4025974025974026,1.0,0.0,0.7987012987012987,0.7987012987012987,14.493506493506494,12.0,empirical group EESR,disabled,20260930,20eced06353f152f936cfba5517ba7305629052a
orgAInoid_RPE_Final,E012,gates_full,0.2,0.2,77,75,37,0.49333333333333335,0.09333333333333334,0.4,0.974025974025974,0.025974025974025976,0.7770562770562771,0.7977777777777777,16.051948051948052,12.0,empirical group EESR,enabled,20260930,20eced06353f152f936cfba5517ba7305629052a
orgAInoid_RPE_Final,E012,calibrated_non_group,0.3,0.3,77,77,42,0.5454545454545454,0.025974025974025976,0.5194805194805194,1.0,0.0,0.8333333333333334,0.8333333333333334,12.0,12.0,empirical group EESR,disabled,20260930,20eced06353f152f936cfba5517ba7305629052a
orgAInoid_RPE_Final,E012,cbes_style,0.3,0.3,77,77,34,0.44155844155844154,0.12987012987012986,0.3116883116883117,1.0,0.0,0.7705627705627706,0.7705627705627706,16.51948051948052,12.0,empirical group EESR,disabled,20260930,20eced06353f152f936cfba5517ba7305629052a
orgAInoid_RPE_Final,E012,gates_without_ood,0.3,0.3,77,77,42,0.5454545454545454,0.025974025974025976,0.5194805194805194,1.0,0.0,0.8333333333333334,0.8333333333333334,12.0,12.0,empirical group EESR,disabled,20260930,20eced06353f152f936cfba5517ba7305629052a
orgAInoid_RPE_Final,E012,gates_full,0.3,0.3,77,75,41,0.5466666666666666,0.02666666666666667,0.52,0.974025974025974,0.025974025974025976,0.8116883116883118,0.8333333333333334,13.558441558441558,12.0,empirical group EESR,enabled,20260930,20eced06353f152f936cfba5517ba7305629052a
