dataset,held_out_group,method,operating_point,risk_target,independent_test_units,stopped_early,incorrect_early,EESR,FP_EESR,FN_EESR,coverage,abstention_rate,observation_savings,observation_savings_stopped,mean_decision_time,median_decision_time,calibration_metric,OOD_status,seed_config,commit_hash
OrganoID_gemcitabine_feasibility_v0,2,gates_full,frozen_v0,0.2,7,6,0,0.0,,,0.8571428571428571,0.0,0.4603174603174603,0.5370370370370371,38.857142857142854,,empirical replicate EESR,enabled,20260929,2036b8aeff8e86fb8438bd3358c65329f6ac27de
OrganoID_gemcitabine_feasibility_v0,0,gates_full,frozen_v0,0.2,7,7,1,0.1428571428571428,,,1.0,0.0,0.5555555555555555,0.5555555555555555,32.0,,empirical replicate EESR,enabled,20260929,2036b8aeff8e86fb8438bd3358c65329f6ac27de
OrganoID_gemcitabine_feasibility_v0,1,gates_full,frozen_v0,0.2,7,7,1,0.1428571428571428,,,1.0,0.0,0.5158730158730159,0.5158730158730159,34.857142857142854,,empirical replicate EESR,enabled,20260929,2036b8aeff8e86fb8438bd3358c65329f6ac27de
orgAInoid_RPE_Final,E001,full_protocol,none,,80,0,0,0.0,0.0,0.0,0.0,0.0,0.0,0.0,72.0,72.0,empirical group EESR,disabled,20260929,69b1b200c29ca42626fc4cdc7d32551c9524e8f9
orgAInoid_RPE_Final,E001,fixed_time,12.0,,80,80,12,0.15,0.05,0.1,1.0,0.0,0.8333333333333333,0.8333333333333333,12.0,12.0,empirical group EESR,disabled,20260929,69b1b200c29ca42626fc4cdc7d32551c9524e8f9
orgAInoid_RPE_Final,E001,fixed_time,24.0,,80,80,12,0.15,0.1,0.05,1.0,0.0,0.6666666666666667,0.6666666666666667,24.0,24.0,empirical group EESR,disabled,20260929,69b1b200c29ca42626fc4cdc7d32551c9524e8f9
orgAInoid_RPE_Final,E001,fixed_time,36.0,,80,80,6,0.075,0.05,0.025,1.0,0.0,0.5,0.5,36.0,36.0,empirical group EESR,disabled,20260929,69b1b200c29ca42626fc4cdc7d32551c9524e8f9
orgAInoid_RPE_Final,E001,fixed_time,48.0,,80,80,4,0.05,0.025,0.025,1.0,0.0,0.3333333333333333,0.3333333333333333,48.0,48.0,empirical group EESR,disabled,20260929,69b1b200c29ca42626fc4cdc7d32551c9524e8f9
orgAInoid_RPE_Final,E001,fixed_time,60.0,,80,80,3,0.0375,0.025,0.0125,1.0,0.0,0.1666666666666666,0.1666666666666666,60.0,60.0,empirical group EESR,disabled,20260929,69b1b200c29ca42626fc4cdc7d32551c9524e8f9
orgAInoid_RPE_Final,E001,naive_confidence,0.5,,80,80,12,0.15,0.05,0.1,1.0,0.0,0.8333333333333333,0.8333333333333333,12.0,12.0,empirical group EESR,disabled,20260929,69b1b200c29ca42626fc4cdc7d32551c9524e8f9
orgAInoid_RPE_Final,E001,naive_confidence,0.6,,80,80,7,0.0875,0.0375,0.05,1.0,0.0,0.8,0.8,14.4,12.0,empirical group EESR,disabled,20260929,69b1b200c29ca42626fc4cdc7d32551c9524e8f9
orgAInoid_RPE_Final,E001,naive_confidence,0.7,,80,80,4,0.05,0.0375,0.0125,1.0,0.0,0.7291666666666666,0.7291666666666666,19.5,12.0,empirical group EESR,disabled,20260929,69b1b200c29ca42626fc4cdc7d32551c9524e8f9
orgAInoid_RPE_Final,E001,naive_confidence,0.8,,80,77,2,0.0259740259740259,0.0259740259740259,0.0,0.9625,0.0,0.6125,0.6363636363636365,27.9,24.0,empirical group EESR,disabled,20260929,69b1b200c29ca42626fc4cdc7d32551c9524e8f9
orgAInoid_RPE_Final,E001,naive_confidence,0.9,,80,66,2,0.0303030303030303,0.0303030303030303,0.0,0.825,0.0,0.3854166666666666,0.4671717171717171,44.25,48.0,empirical group EESR,disabled,20260929,69b1b200c29ca42626fc4cdc7d32551c9524e8f9
orgAInoid_RPE_Final,E001,naive_confidence,0.95,,80,49,1,0.0204081632653061,0.0204081632653061,0.0,0.6125,0.0,0.2416666666666667,0.3945578231292517,54.6,60.0,empirical group EESR,disabled,20260929,69b1b200c29ca42626fc4cdc7d32551c9524e8f9
orgAInoid_RPE_Final,E001,naive_confidence,0.975,,80,26,1,0.0384615384615384,0.0384615384615384,0.0,0.325,0.0,0.11875,0.3653846153846153,63.45,72.0,empirical group EESR,disabled,20260929,69b1b200c29ca42626fc4cdc7d32551c9524e8f9
orgAInoid_RPE_Final,E001,naive_confidence,0.99,,80,9,1,0.1111111111111111,0.1111111111111111,0.0,0.1125,0.0,0.0458333333333333,0.4074074074074073,68.7,72.0,empirical group EESR,disabled,20260929,69b1b200c29ca42626fc4cdc7d32551c9524e8f9
orgAInoid_RPE_Final,E001,calibrated_non_group,0.02,0.02,80,55,0,0.0,0.0,0.0,0.6875,0.0,0.1979166666666666,0.2878787878787879,57.75,54.0,empirical group EESR,disabled,20260929,69b1b200c29ca42626fc4cdc7d32551c9524e8f9
orgAInoid_RPE_Final,E001,cbes_style,0.02,0.02,80,0,0,0.0,0.0,0.0,0.0,0.0,0.0,0.0,72.0,72.0,empirical group EESR,disabled,20260929,69b1b200c29ca42626fc4cdc7d32551c9524e8f9
orgAInoid_RPE_Final,E001,gates_without_ood,0.02,0.02,80,0,0,0.0,0.0,0.0,0.0,0.0,0.0,0.0,72.0,72.0,empirical group EESR,disabled,20260929,69b1b200c29ca42626fc4cdc7d32551c9524e8f9
orgAInoid_RPE_Final,E001,gates_full,0.02,0.02,80,0,0,0.0,0.0,0.0,0.0,0.0,0.0,0.0,72.0,72.0,empirical group EESR,enabled,20260929,69b1b200c29ca42626fc4cdc7d32551c9524e8f9
orgAInoid_RPE_Final,E001,calibrated_non_group,0.05,0.05,80,72,2,0.0277777777777777,0.0277777777777777,0.0,0.9,0.0,0.29375,0.3263888888888889,50.85,48.0,empirical group EESR,disabled,20260929,69b1b200c29ca42626fc4cdc7d32551c9524e8f9
orgAInoid_RPE_Final,E001,cbes_style,0.05,0.05,80,0,0,0.0,0.0,0.0,0.0,0.0,0.0,0.0,72.0,72.0,empirical group EESR,disabled,20260929,69b1b200c29ca42626fc4cdc7d32551c9524e8f9
orgAInoid_RPE_Final,E001,gates_without_ood,0.05,0.05,80,49,0,0.0,0.0,0.0,0.6125,0.0,0.1666666666666666,0.272108843537415,60.0,60.0,empirical group EESR,disabled,20260929,69b1b200c29ca42626fc4cdc7d32551c9524e8f9
orgAInoid_RPE_Final,E001,gates_full,0.05,0.05,80,49,0,0.0,0.0,0.0,0.6125,0.0,0.1666666666666666,0.272108843537415,60.0,60.0,empirical group EESR,enabled,20260929,69b1b200c29ca42626fc4cdc7d32551c9524e8f9
orgAInoid_RPE_Final,E001,calibrated_non_group,0.1,0.1,80,80,6,0.075,0.075,0.0,1.0,0.0,0.63125,0.63125,26.55,24.0,empirical group EESR,disabled,20260929,69b1b200c29ca42626fc4cdc7d32551c9524e8f9
orgAInoid_RPE_Final,E001,cbes_style,0.1,0.1,80,0,0,0.0,0.0,0.0,0.0,0.0,0.0,0.0,72.0,72.0,empirical group EESR,disabled,20260929,69b1b200c29ca42626fc4cdc7d32551c9524e8f9
orgAInoid_RPE_Final,E001,gates_without_ood,0.1,0.1,80,80,6,0.075,0.075,0.0,1.0,0.0,0.6229166666666667,0.6229166666666667,27.15,24.0,empirical group EESR,disabled,20260929,69b1b200c29ca42626fc4cdc7d32551c9524e8f9
orgAInoid_RPE_Final,E001,gates_full,0.1,0.1,80,69,5,0.072463768115942,0.072463768115942,0.0,0.8625,0.1375,0.53125,0.6159420289855071,33.75,24.0,empirical group EESR,enabled,20260929,69b1b200c29ca42626fc4cdc7d32551c9524e8f9
orgAInoid_RPE_Final,E001,calibrated_non_group,0.15,0.15,80,80,6,0.075,0.0625,0.0125,1.0,0.0,0.7208333333333333,0.7208333333333333,20.1,24.0,empirical group EESR,disabled,20260929,69b1b200c29ca42626fc4cdc7d32551c9524e8f9
orgAInoid_RPE_Final,E001,cbes_style,0.15,0.15,80,80,4,0.05,0.05,0.0,1.0,0.0,0.58125,0.58125,30.15,24.0,empirical group EESR,disabled,20260929,69b1b200c29ca42626fc4cdc7d32551c9524e8f9
orgAInoid_RPE_Final,E001,gates_without_ood,0.15,0.15,80,80,8,0.1,0.075,0.025,1.0,0.0,0.65,0.65,25.2,24.0,empirical group EESR,disabled,20260929,69b1b200c29ca42626fc4cdc7d32551c9524e8f9
orgAInoid_RPE_Final,E001,gates_full,0.15,0.15,80,69,7,0.1014492753623188,0.072463768115942,0.0289855072463768,0.8625,0.1375,0.5583333333333333,0.6473429951690819,31.8,24.0,empirical group EESR,enabled,20260929,69b1b200c29ca42626fc4cdc7d32551c9524e8f9
orgAInoid_RPE_Final,E001,calibrated_non_group,0.2,0.2,80,80,7,0.0875,0.0375,0.05,1.0,0.0,0.8041666666666666,0.8041666666666666,14.1,12.0,empirical group EESR,disabled,20260929,69b1b200c29ca42626fc4cdc7d32551c9524e8f9
orgAInoid_RPE_Final,E001,cbes_style,0.2,0.2,80,80,4,0.05,0.0375,0.0125,1.0,0.0,0.7354166666666666,0.7354166666666666,19.05,12.0,empirical group EESR,disabled,20260929,69b1b200c29ca42626fc4cdc7d32551c9524e8f9
orgAInoid_RPE_Final,E001,gates_without_ood,0.2,0.2,80,80,9,0.1125,0.05,0.0625,1.0,0.0,0.80625,0.80625,13.95,12.0,empirical group EESR,disabled,20260929,69b1b200c29ca42626fc4cdc7d32551c9524e8f9
orgAInoid_RPE_Final,E001,gates_full,0.2,0.2,80,75,8,0.1066666666666666,0.0533333333333333,0.0533333333333333,0.9375,0.0625,0.75625,0.8066666666666665,17.55,12.0,empirical group EESR,enabled,20260929,69b1b200c29ca42626fc4cdc7d32551c9524e8f9
orgAInoid_RPE_Final,E001,calibrated_non_group,0.3,0.3,80,80,12,0.15,0.05,0.1,1.0,0.0,0.8333333333333333,0.8333333333333333,12.0,12.0,empirical group EESR,disabled,20260929,69b1b200c29ca42626fc4cdc7d32551c9524e8f9
orgAInoid_RPE_Final,E001,cbes_style,0.3,0.3,80,80,4,0.05,0.0375,0.0125,1.0,0.0,0.7520833333333332,0.7520833333333332,17.85,12.0,empirical group EESR,disabled,20260929,69b1b200c29ca42626fc4cdc7d32551c9524e8f9
orgAInoid_RPE_Final,E001,gates_without_ood,0.3,0.3,80,80,12,0.15,0.05,0.1,1.0,0.0,0.8333333333333333,0.8333333333333333,12.0,12.0,empirical group EESR,disabled,20260929,69b1b200c29ca42626fc4cdc7d32551c9524e8f9
orgAInoid_RPE_Final,E001,gates_full,0.3,0.3,80,76,11,0.1447368421052631,0.0526315789473684,0.0921052631578947,0.95,0.05,0.7916666666666666,0.8333333333333334,15.0,12.0,empirical group EESR,enabled,20260929,69b1b200c29ca42626fc4cdc7d32551c9524e8f9
orgAInoid_RPE_Final,E002,full_protocol,none,,92,0,0,0.0,0.0,0.0,0.0,0.0,0.0,0.0,72.0,72.0,empirical group EESR,disabled,20260929,69b1b200c29ca42626fc4cdc7d32551c9524e8f9
orgAInoid_RPE_Final,E002,fixed_time,12.0,,92,88,19,0.2159090909090909,0.1022727272727272,0.1136363636363636,0.9565217391304348,0.0,0.7971014492753621,0.8333333333333333,14.608695652173912,12.0,empirical group EESR,disabled,20260929,69b1b200c29ca42626fc4cdc7d32551c9524e8f9
orgAInoid_RPE_Final,E002,fixed_time,24.0,,92,88,12,0.1363636363636363,0.0795454545454545,0.0568181818181818,0.9565217391304348,0.0,0.6376811594202898,0.6666666666666667,26.08695652173913,24.0,empirical group EESR,disabled,20260929,69b1b200c29ca42626fc4cdc7d32551c9524e8f9
orgAInoid_RPE_Final,E002,fixed_time,36.0,,92,88,31,0.3522727272727273,0.2840909090909091,0.0681818181818181,0.9565217391304348,0.0,0.4782608695652174,0.5,37.56521739130435,36.0,empirical group EESR,disabled,20260929,69b1b200c29ca42626fc4cdc7d32551c9524e8f9
orgAInoid_RPE_Final,E002,fixed_time,48.0,,92,88,11,0.125,0.0568181818181818,0.0681818181818181,0.9565217391304348,0.0,0.3188405797101449,0.3333333333333333,49.04347826086956,48.0,empirical group EESR,disabled,20260929,69b1b200c29ca42626fc4cdc7d32551c9524e8f9
orgAInoid_RPE_Final,E002,fixed_time,60.0,,92,88,13,0.1477272727272727,0.0681818181818181,0.0795454545454545,0.9565217391304348,0.0,0.1594202898550724,0.1666666666666666,60.52173913043478,60.0,empirical group EESR,disabled,20260929,69b1b200c29ca42626fc4cdc7d32551c9524e8f9
orgAInoid_RPE_Final,E002,naive_confidence,0.5,,92,88,19,0.2159090909090909,0.1022727272727272,0.1136363636363636,0.9565217391304348,0.0,0.7971014492753621,0.8333333333333333,14.608695652173912,12.0,empirical group EESR,disabled,20260929,69b1b200c29ca42626fc4cdc7d32551c9524e8f9
orgAInoid_RPE_Final,E002,naive_confidence,0.6,,92,88,17,0.1931818181818181,0.0795454545454545,0.1136363636363636,0.9565217391304348,0.0,0.7844202898550722,0.8200757575757575,15.521739130434783,12.0,empirical group EESR,disabled,20260929,69b1b200c29ca42626fc4cdc7d32551c9524e8f9
orgAInoid_RPE_Final,E002,naive_confidence,0.7,,92,84,17,0.2023809523809523,0.0833333333333333,0.119047619047619,0.9130434782608696,0.0,0.7336956521739127,0.8035714285714283,19.17391304347826,12.0,empirical group EESR,disabled,20260929,69b1b200c29ca42626fc4cdc7d32551c9524e8f9
orgAInoid_RPE_Final,E002,naive_confidence,0.8,,92,82,15,0.1829268292682926,0.073170731707317,0.1097560975609756,0.8913043478260869,0.0,0.6757246376811594,0.7581300813008129,23.347826086956523,12.0,empirical group EESR,disabled,20260929,69b1b200c29ca42626fc4cdc7d32551c9524e8f9
orgAInoid_RPE_Final,E002,naive_confidence,0.9,,92,67,9,0.1343283582089552,0.0149253731343283,0.1194029850746268,0.7282608695652174,0.0,0.532608695652174,0.7313432835820896,33.65217391304348,12.0,empirical group EESR,disabled,20260929,69b1b200c29ca42626fc4cdc7d32551c9524e8f9
orgAInoid_RPE_Final,E002,naive_confidence,0.95,,92,49,6,0.1224489795918367,0.0204081632653061,0.1020408163265306,0.532608695652174,0.0,0.391304347826087,0.7346938775510206,43.82608695652174,60.0,empirical group EESR,disabled,20260929,69b1b200c29ca42626fc4cdc7d32551c9524e8f9
orgAInoid_RPE_Final,E002,naive_confidence,0.975,,92,38,6,0.1578947368421052,0.0263157894736842,0.131578947368421,0.4130434782608695,0.0,0.2989130434782608,0.7236842105263159,50.47826086956522,72.0,empirical group EESR,disabled,20260929,69b1b200c29ca42626fc4cdc7d32551c9524e8f9
orgAInoid_RPE_Final,E002,naive_confidence,0.99,,92,25,6,0.24,0.04,0.2,0.2717391304347826,0.0,0.1992753623188405,0.7333333333333333,57.65217391304348,72.0,empirical group EESR,disabled,20260929,69b1b200c29ca42626fc4cdc7d32551c9524e8f9
orgAInoid_RPE_Final,E002,calibrated_non_group,0.02,0.02,92,28,1,0.0357142857142857,0.0,0.0357142857142857,0.3043478260869565,0.0,0.0615942028985507,0.2023809523809523,67.56521739130434,72.0,empirical group EESR,disabled,20260929,69b1b200c29ca42626fc4cdc7d32551c9524e8f9
orgAInoid_RPE_Final,E002,cbes_style,0.02,0.02,92,67,14,0.208955223880597,0.1343283582089552,0.0746268656716417,0.7282608695652174,0.0,0.3007246376811593,0.4129353233830846,50.34782608695652,48.0,empirical group EESR,disabled,20260929,69b1b200c29ca42626fc4cdc7d32551c9524e8f9
orgAInoid_RPE_Final,E002,gates_without_ood,0.02,0.02,92,14,1,0.0714285714285714,0.0,0.0714285714285714,0.1521739130434782,0.0,0.0253623188405797,0.1666666666666666,70.17391304347827,72.0,empirical group EESR,disabled,20260929,69b1b200c29ca42626fc4cdc7d32551c9524e8f9
orgAInoid_RPE_Final,E002,gates_full,0.02,0.02,92,11,0,0.0,0.0,0.0,0.1195652173913043,0.0326086956521739,0.019927536231884,0.1666666666666666,70.56521739130434,72.0,empirical group EESR,enabled,20260929,69b1b200c29ca42626fc4cdc7d32551c9524e8f9
orgAInoid_RPE_Final,E002,calibrated_non_group,0.05,0.05,92,67,6,0.0895522388059701,0.0298507462686567,0.0597014925373134,0.7282608695652174,0.0,0.1847826086956521,0.253731343283582,58.69565217391305,60.0,empirical group EESR,disabled,20260929,69b1b200c29ca42626fc4cdc7d32551c9524e8f9
orgAInoid_RPE_Final,E002,cbes_style,0.05,0.05,92,67,14,0.208955223880597,0.1343283582089552,0.0746268656716417,0.7282608695652174,0.0,0.3007246376811593,0.4129353233830846,50.34782608695652,48.0,empirical group EESR,disabled,20260929,69b1b200c29ca42626fc4cdc7d32551c9524e8f9
orgAInoid_RPE_Final,E002,gates_without_ood,0.05,0.05,92,28,1,0.0357142857142857,0.0,0.0357142857142857,0.3043478260869565,0.0,0.0507246376811594,0.1666666666666667,68.34782608695652,72.0,empirical group EESR,disabled,20260929,69b1b200c29ca42626fc4cdc7d32551c9524e8f9
orgAInoid_RPE_Final,E002,gates_full,0.05,0.05,92,25,0,0.0,0.0,0.0,0.2717391304347826,0.0326086956521739,0.0452898550724637,0.1666666666666666,68.73913043478261,72.0,empirical group EESR,enabled,20260929,69b1b200c29ca42626fc4cdc7d32551c9524e8f9
orgAInoid_RPE_Final,E002,calibrated_non_group,0.1,0.1,92,70,6,0.0857142857142857,0.0285714285714285,0.0571428571428571,0.7608695652173914,0.0,0.3369565217391305,0.4428571428571428,47.73913043478261,48.0,empirical group EESR,disabled,20260929,69b1b200c29ca42626fc4cdc7d32551c9524e8f9
orgAInoid_RPE_Final,E002,cbes_style,0.1,0.1,92,79,12,0.1518987341772152,0.0886075949367088,0.0632911392405063,0.8586956521739131,0.0,0.5416666666666666,0.6308016877637129,33.0,24.0,empirical group EESR,disabled,20260929,69b1b200c29ca42626fc4cdc7d32551c9524e8f9
orgAInoid_RPE_Final,E002,gates_without_ood,0.1,0.1,92,41,3,0.073170731707317,0.0,0.073170731707317,0.4456521739130434,0.0,0.0742753623188405,0.1666666666666666,66.65217391304348,72.0,empirical group EESR,disabled,20260929,69b1b200c29ca42626fc4cdc7d32551c9524e8f9
orgAInoid_RPE_Final,E002,gates_full,0.1,0.1,92,38,2,0.0526315789473684,0.0,0.0526315789473684,0.4130434782608695,0.0326086956521739,0.0688405797101449,0.1666666666666667,67.04347826086956,72.0,empirical group EESR,enabled,20260929,69b1b200c29ca42626fc4cdc7d32551c9524e8f9
orgAInoid_RPE_Final,E002,calibrated_non_group,0.15,0.15,92,88,14,0.1590909090909091,0.0795454545454545,0.0795454545454545,0.9565217391304348,0.0,0.4166666666666666,0.4356060606060605,42.0,48.0,empirical group EESR,disabled,20260929,69b1b200c29ca42626fc4cdc7d32551c9524e8f9
orgAInoid_RPE_Final,E002,cbes_style,0.15,0.15,92,79,12,0.1518987341772152,0.0886075949367088,0.0632911392405063,0.8586956521739131,0.0,0.5416666666666666,0.6308016877637129,33.0,24.0,empirical group EESR,disabled,20260929,69b1b200c29ca42626fc4cdc7d32551c9524e8f9
orgAInoid_RPE_Final,E002,gates_without_ood,0.15,0.15,92,72,8,0.1111111111111111,0.0277777777777777,0.0833333333333333,0.782608695652174,0.0,0.2119565217391304,0.2708333333333333,56.73913043478261,60.0,empirical group EESR,disabled,20260929,69b1b200c29ca42626fc4cdc7d32551c9524e8f9
orgAInoid_RPE_Final,E002,gates_full,0.15,0.15,92,68,7,0.1029411764705882,0.0294117647058823,0.0735294117647058,0.7391304347826086,0.0434782608695652,0.197463768115942,0.267156862745098,57.78260869565217,60.0,empirical group EESR,enabled,20260929,69b1b200c29ca42626fc4cdc7d32551c9524e8f9
orgAInoid_RPE_Final,E002,calibrated_non_group,0.2,0.2,92,88,27,0.3068181818181818,0.2386363636363636,0.0681818181818181,0.9565217391304348,0.0,0.572463768115942,0.5984848484848485,30.782608695652176,24.0,empirical group EESR,disabled,20260929,69b1b200c29ca42626fc4cdc7d32551c9524e8f9
orgAInoid_RPE_Final,E002,cbes_style,0.2,0.2,92,79,12,0.1518987341772152,0.0886075949367088,0.0632911392405063,0.8586956521739131,0.0,0.5416666666666666,0.6308016877637129,33.0,24.0,empirical group EESR,disabled,20260929,69b1b200c29ca42626fc4cdc7d32551c9524e8f9
orgAInoid_RPE_Final,E002,gates_without_ood,0.2,0.2,92,85,12,0.1411764705882353,0.0705882352941176,0.0705882352941176,0.9239130434782608,0.0,0.2481884057971013,0.268627450980392,54.130434782608695,48.0,empirical group EESR,disabled,20260929,69b1b200c29ca42626fc4cdc7d32551c9524e8f9
orgAInoid_RPE_Final,E002,gates_full,0.2,0.2,92,81,11,0.1358024691358024,0.074074074074074,0.0617283950617283,0.8804347826086957,0.0434782608695652,0.2336956521739129,0.265432098765432,55.17391304347826,48.0,empirical group EESR,enabled,20260929,69b1b200c29ca42626fc4cdc7d32551c9524e8f9
orgAInoid_RPE_Final,E002,calibrated_non_group,0.3,0.3,92,88,22,0.25,0.1363636363636363,0.1136363636363636,0.9565217391304348,0.0,0.7590579710144926,0.793560606060606,17.347826086956523,12.0,empirical group EESR,disabled,20260929,69b1b200c29ca42626fc4cdc7d32551c9524e8f9
orgAInoid_RPE_Final,E002,cbes_style,0.3,0.3,92,84,18,0.2142857142857142,0.0952380952380952,0.119047619047619,0.9130434782608696,0.0,0.7228260869565216,0.7916666666666665,19.956521739130434,12.0,empirical group EESR,disabled,20260929,69b1b200c29ca42626fc4cdc7d32551c9524e8f9
orgAInoid_RPE_Final,E002,gates_without_ood,0.3,0.3,92,88,17,0.1931818181818181,0.0795454545454545,0.1136363636363636,0.9565217391304348,0.0,0.7536231884057969,0.7878787878787878,17.73913043478261,12.0,empirical group EESR,disabled,20260929,69b1b200c29ca42626fc4cdc7d32551c9524e8f9
orgAInoid_RPE_Final,E002,gates_full,0.3,0.3,92,86,15,0.1744186046511628,0.0813953488372093,0.0930232558139534,0.9347826086956522,0.0217391304347826,0.7355072463768113,0.7868217054263563,19.043478260869566,12.0,empirical group EESR,enabled,20260929,69b1b200c29ca42626fc4cdc7d32551c9524e8f9
orgAInoid_RPE_Final,E004,full_protocol,none,,96,0,0,0.0,0.0,0.0,0.0,0.0,0.0,0.0,72.0,72.0,empirical group EESR,disabled,20260929,69b1b200c29ca42626fc4cdc7d32551c9524e8f9
orgAInoid_RPE_Final,E004,fixed_time,12.0,,96,96,50,0.5208333333333334,0.5208333333333334,0.0,1.0,0.0,0.8333333333333334,0.8333333333333334,12.0,12.0,empirical group EESR,disabled,20260929,69b1b200c29ca42626fc4cdc7d32551c9524e8f9
orgAInoid_RPE_Final,E004,fixed_time,24.0,,96,96,34,0.3541666666666667,0.3541666666666667,0.0,1.0,0.0,0.6666666666666666,0.6666666666666666,24.0,24.0,empirical group EESR,disabled,20260929,69b1b200c29ca42626fc4cdc7d32551c9524e8f9
orgAInoid_RPE_Final,E004,fixed_time,36.0,,96,96,5,0.0520833333333333,0.0520833333333333,0.0,1.0,0.0,0.5,0.5,36.0,36.0,empirical group EESR,disabled,20260929,69b1b200c29ca42626fc4cdc7d32551c9524e8f9
orgAInoid_RPE_Final,E004,fixed_time,48.0,,96,96,0,0.0,0.0,0.0,1.0,0.0,0.3333333333333333,0.3333333333333333,48.0,48.0,empirical group EESR,disabled,20260929,69b1b200c29ca42626fc4cdc7d32551c9524e8f9
orgAInoid_RPE_Final,E004,fixed_time,60.0,,96,96,1,0.0104166666666666,0.0104166666666666,0.0,1.0,0.0,0.1666666666666666,0.1666666666666666,60.0,60.0,empirical group EESR,disabled,20260929,69b1b200c29ca42626fc4cdc7d32551c9524e8f9
orgAInoid_RPE_Final,E004,naive_confidence,0.5,,96,96,50,0.5208333333333334,0.5208333333333334,0.0,1.0,0.0,0.8333333333333334,0.8333333333333334,12.0,12.0,empirical group EESR,disabled,20260929,69b1b200c29ca42626fc4cdc7d32551c9524e8f9
orgAInoid_RPE_Final,E004,naive_confidence,0.6,,96,96,33,0.34375,0.34375,0.0,1.0,0.0,0.7118055555555557,0.7118055555555557,20.75,12.0,empirical group EESR,disabled,20260929,69b1b200c29ca42626fc4cdc7d32551c9524e8f9
orgAInoid_RPE_Final,E004,naive_confidence,0.7,,96,96,12,0.125,0.125,0.0,1.0,0.0,0.5381944444444444,0.5381944444444444,33.25,36.0,empirical group EESR,disabled,20260929,69b1b200c29ca42626fc4cdc7d32551c9524e8f9
orgAInoid_RPE_Final,E004,naive_confidence,0.8,,96,96,1,0.0104166666666666,0.0104166666666666,0.0,1.0,0.0,0.3715277777777778,0.3715277777777778,45.25,48.0,empirical group EESR,disabled,20260929,69b1b200c29ca42626fc4cdc7d32551c9524e8f9
orgAInoid_RPE_Final,E004,naive_confidence,0.9,,96,90,0,0.0,0.0,0.0,0.9375,0.0,0.2829861111111111,0.3018518518518518,51.625,48.0,empirical group EESR,disabled,20260929,69b1b200c29ca42626fc4cdc7d32551c9524e8f9
orgAInoid_RPE_Final,E004,naive_confidence,0.95,,96,65,0,0.0,0.0,0.0,0.6770833333333334,0.0,0.1736111111111111,0.2564102564102564,59.5,60.0,empirical group EESR,disabled,20260929,69b1b200c29ca42626fc4cdc7d32551c9524e8f9
orgAInoid_RPE_Final,E004,naive_confidence,0.975,,96,25,0,0.0,0.0,0.0,0.2604166666666667,0.0,0.0520833333333333,0.1999999999999999,68.25,72.0,empirical group EESR,disabled,20260929,69b1b200c29ca42626fc4cdc7d32551c9524e8f9
orgAInoid_RPE_Final,E004,naive_confidence,0.99,,96,2,0,0.0,0.0,0.0,0.0208333333333333,0.0,0.0034722222222222,0.1666666666666666,71.75,72.0,empirical group EESR,disabled,20260929,69b1b200c29ca42626fc4cdc7d32551c9524e8f9
orgAInoid_RPE_Final,E004,calibrated_non_group,0.02,0.02,96,0,0,0.0,0.0,0.0,0.0,0.0,0.0,0.0,72.0,72.0,empirical group EESR,disabled,20260929,69b1b200c29ca42626fc4cdc7d32551c9524e8f9
orgAInoid_RPE_Final,E004,cbes_style,0.02,0.02,96,0,0,0.0,0.0,0.0,0.0,0.0,0.0,0.0,72.0,72.0,empirical group EESR,disabled,20260929,69b1b200c29ca42626fc4cdc7d32551c9524e8f9
orgAInoid_RPE_Final,E004,gates_without_ood,0.02,0.02,96,0,0,0.0,0.0,0.0,0.0,0.0,0.0,0.0,72.0,72.0,empirical group EESR,disabled,20260929,69b1b200c29ca42626fc4cdc7d32551c9524e8f9
orgAInoid_RPE_Final,E004,gates_full,0.02,0.02,96,0,0,0.0,0.0,0.0,0.0,0.0,0.0,0.0,72.0,72.0,empirical group EESR,enabled,20260929,69b1b200c29ca42626fc4cdc7d32551c9524e8f9
orgAInoid_RPE_Final,E004,calibrated_non_group,0.05,0.05,96,63,0,0.0,0.0,0.0,0.65625,0.0,0.109375,0.1666666666666665,64.125,60.0,empirical group EESR,disabled,20260929,69b1b200c29ca42626fc4cdc7d32551c9524e8f9
orgAInoid_RPE_Final,E004,cbes_style,0.05,0.05,96,0,0,0.0,0.0,0.0,0.0,0.0,0.0,0.0,72.0,72.0,empirical group EESR,disabled,20260929,69b1b200c29ca42626fc4cdc7d32551c9524e8f9
orgAInoid_RPE_Final,E004,gates_without_ood,0.05,0.05,96,52,0,0.0,0.0,0.0,0.5416666666666666,0.0,0.0902777777777777,0.1666666666666666,65.5,60.0,empirical group EESR,disabled,20260929,69b1b200c29ca42626fc4cdc7d32551c9524e8f9
orgAInoid_RPE_Final,E004,gates_full,0.05,0.05,96,52,0,0.0,0.0,0.0,0.5416666666666666,0.0,0.0902777777777777,0.1666666666666666,65.5,60.0,empirical group EESR,enabled,20260929,69b1b200c29ca42626fc4cdc7d32551c9524e8f9
orgAInoid_RPE_Final,E004,calibrated_non_group,0.1,0.1,96,59,0,0.0,0.0,0.0,0.6145833333333334,0.0,0.1979166666666666,0.3220338983050846,57.75,48.0,empirical group EESR,disabled,20260929,69b1b200c29ca42626fc4cdc7d32551c9524e8f9
orgAInoid_RPE_Final,E004,cbes_style,0.1,0.1,96,0,0,0.0,0.0,0.0,0.0,0.0,0.0,0.0,72.0,72.0,empirical group EESR,disabled,20260929,69b1b200c29ca42626fc4cdc7d32551c9524e8f9
orgAInoid_RPE_Final,E004,gates_without_ood,0.1,0.1,96,72,0,0.0,0.0,0.0,0.75,0.0,0.125,0.1666666666666666,63.0,60.0,empirical group EESR,disabled,20260929,69b1b200c29ca42626fc4cdc7d32551c9524e8f9
orgAInoid_RPE_Final,E004,gates_full,0.1,0.1,96,72,0,0.0,0.0,0.0,0.75,0.0,0.125,0.1666666666666666,63.0,60.0,empirical group EESR,enabled,20260929,69b1b200c29ca42626fc4cdc7d32551c9524e8f9
orgAInoid_RPE_Final,E004,calibrated_non_group,0.15,0.15,96,92,0,0.0,0.0,0.0,0.9583333333333334,0.0,0.3003472222222222,0.3134057971014493,50.375,48.0,empirical group EESR,disabled,20260929,69b1b200c29ca42626fc4cdc7d32551c9524e8f9
orgAInoid_RPE_Final,E004,cbes_style,0.15,0.15,96,0,0,0.0,0.0,0.0,0.0,0.0,0.0,0.0,72.0,72.0,empirical group EESR,disabled,20260929,69b1b200c29ca42626fc4cdc7d32551c9524e8f9
orgAInoid_RPE_Final,E004,gates_without_ood,0.15,0.15,96,94,0,0.0,0.0,0.0,0.9791666666666666,0.0,0.1649305555555555,0.1684397163120567,60.125,60.0,empirical group EESR,disabled,20260929,69b1b200c29ca42626fc4cdc7d32551c9524e8f9
orgAInoid_RPE_Final,E004,gates_full,0.15,0.15,96,94,0,0.0,0.0,0.0,0.9791666666666666,0.0,0.1649305555555555,0.1684397163120567,60.125,60.0,empirical group EESR,enabled,20260929,69b1b200c29ca42626fc4cdc7d32551c9524e8f9
orgAInoid_RPE_Final,E004,calibrated_non_group,0.2,0.2,96,96,12,0.125,0.125,0.0,1.0,0.0,0.4131944444444444,0.4131944444444444,42.25,48.0,empirical group EESR,disabled,20260929,69b1b200c29ca42626fc4cdc7d32551c9524e8f9
orgAInoid_RPE_Final,E004,cbes_style,0.2,0.2,96,0,0,0.0,0.0,0.0,0.0,0.0,0.0,0.0,72.0,72.0,empirical group EESR,disabled,20260929,69b1b200c29ca42626fc4cdc7d32551c9524e8f9
orgAInoid_RPE_Final,E004,gates_without_ood,0.2,0.2,96,96,0,0.0,0.0,0.0,1.0,0.0,0.3142361111111111,0.3142361111111111,49.375,48.0,empirical group EESR,disabled,20260929,69b1b200c29ca42626fc4cdc7d32551c9524e8f9
orgAInoid_RPE_Final,E004,gates_full,0.2,0.2,96,96,0,0.0,0.0,0.0,1.0,0.0,0.3142361111111111,0.3142361111111111,49.375,48.0,empirical group EESR,enabled,20260929,69b1b200c29ca42626fc4cdc7d32551c9524e8f9
orgAInoid_RPE_Final,E004,calibrated_non_group,0.3,0.3,96,96,34,0.3541666666666667,0.3541666666666667,0.0,1.0,0.0,0.7309027777777778,0.7309027777777778,19.375,12.0,empirical group EESR,disabled,20260929,69b1b200c29ca42626fc4cdc7d32551c9524e8f9
orgAInoid_RPE_Final,E004,cbes_style,0.3,0.3,96,96,12,0.125,0.125,0.0,1.0,0.0,0.4149305555555555,0.4149305555555555,42.125,48.0,empirical group EESR,disabled,20260929,69b1b200c29ca42626fc4cdc7d32551c9524e8f9
orgAInoid_RPE_Final,E004,gates_without_ood,0.3,0.3,96,96,21,0.21875,0.21875,0.0,1.0,0.0,0.5538194444444443,0.5538194444444443,32.125,48.0,empirical group EESR,disabled,20260929,69b1b200c29ca42626fc4cdc7d32551c9524e8f9
orgAInoid_RPE_Final,E004,gates_full,0.3,0.3,96,96,21,0.21875,0.21875,0.0,1.0,0.0,0.5538194444444443,0.5538194444444443,32.125,48.0,empirical group EESR,enabled,20260929,69b1b200c29ca42626fc4cdc7d32551c9524e8f9
orgAInoid_RPE_Final,E005,full_protocol,none,,92,0,0,0.0,0.0,0.0,0.0,0.0,0.0,0.0,72.0,72.0,empirical group EESR,disabled,20260929,69b1b200c29ca42626fc4cdc7d32551c9524e8f9
orgAInoid_RPE_Final,E005,fixed_time,12.0,,92,92,36,0.391304347826087,0.3152173913043478,0.0760869565217391,1.0,0.0,0.833333333333333,0.833333333333333,12.0,12.0,empirical group EESR,disabled,20260929,69b1b200c29ca42626fc4cdc7d32551c9524e8f9
orgAInoid_RPE_Final,E005,fixed_time,24.0,,92,92,32,0.3478260869565217,0.3369565217391304,0.0108695652173913,1.0,0.0,0.6666666666666666,0.6666666666666666,24.0,24.0,empirical group EESR,disabled,20260929,69b1b200c29ca42626fc4cdc7d32551c9524e8f9
orgAInoid_RPE_Final,E005,fixed_time,36.0,,92,92,40,0.4347826086956521,0.4021739130434782,0.0326086956521739,1.0,0.0,0.5,0.5,36.0,36.0,empirical group EESR,disabled,20260929,69b1b200c29ca42626fc4cdc7d32551c9524e8f9
orgAInoid_RPE_Final,E005,fixed_time,48.0,,92,92,28,0.3043478260869565,0.2826086956521739,0.0217391304347826,1.0,0.0,0.3333333333333333,0.3333333333333333,48.0,48.0,empirical group EESR,disabled,20260929,69b1b200c29ca42626fc4cdc7d32551c9524e8f9
orgAInoid_RPE_Final,E005,fixed_time,60.0,,92,92,24,0.2608695652173913,0.2391304347826087,0.0217391304347826,1.0,0.0,0.1666666666666666,0.1666666666666666,60.0,60.0,empirical group EESR,disabled,20260929,69b1b200c29ca42626fc4cdc7d32551c9524e8f9
orgAInoid_RPE_Final,E005,naive_confidence,0.5,,92,92,36,0.391304347826087,0.3152173913043478,0.0760869565217391,1.0,0.0,0.833333333333333,0.833333333333333,12.0,12.0,empirical group EESR,disabled,20260929,69b1b200c29ca42626fc4cdc7d32551c9524e8f9
orgAInoid_RPE_Final,E005,naive_confidence,0.6,,92,92,33,0.358695652173913,0.3152173913043478,0.0434782608695652,1.0,0.0,0.7971014492753621,0.7971014492753621,14.608695652173912,12.0,empirical group EESR,disabled,20260929,69b1b200c29ca42626fc4cdc7d32551c9524e8f9
orgAInoid_RPE_Final,E005,naive_confidence,0.7,,92,92,29,0.3152173913043478,0.2934782608695652,0.0217391304347826,1.0,0.0,0.7735507246376809,0.7735507246376809,16.304347826086957,12.0,empirical group EESR,disabled,20260929,69b1b200c29ca42626fc4cdc7d32551c9524e8f9
orgAInoid_RPE_Final,E005,naive_confidence,0.8,,92,89,26,0.2921348314606741,0.2696629213483146,0.0224719101123595,0.967391304347826,0.0,0.6920289855072465,0.7153558052434457,22.17391304347826,12.0,empirical group EESR,disabled,20260929,69b1b200c29ca42626fc4cdc7d32551c9524e8f9
orgAInoid_RPE_Final,E005,naive_confidence,0.9,,92,81,21,0.2592592592592592,0.2592592592592592,0.0,0.8804347826086957,0.0,0.548913043478261,0.6234567901234569,32.47826086956522,24.0,empirical group EESR,disabled,20260929,69b1b200c29ca42626fc4cdc7d32551c9524e8f9
orgAInoid_RPE_Final,E005,naive_confidence,0.95,,92,64,15,0.234375,0.234375,0.0,0.6956521739130435,0.0,0.3586956521739131,0.515625,46.17391304347826,48.0,empirical group EESR,disabled,20260929,69b1b200c29ca42626fc4cdc7d32551c9524e8f9
orgAInoid_RPE_Final,E005,naive_confidence,0.975,,92,45,7,0.1555555555555555,0.1555555555555555,0.0,0.4891304347826087,0.0,0.2047101449275362,0.4185185185185185,57.26086956521739,72.0,empirical group EESR,disabled,20260929,69b1b200c29ca42626fc4cdc7d32551c9524e8f9
orgAInoid_RPE_Final,E005,naive_confidence,0.99,,92,20,4,0.2,0.2,0.0,0.217391304347826,0.0,0.0742753623188405,0.3416666666666667,66.65217391304348,72.0,empirical group EESR,disabled,20260929,69b1b200c29ca42626fc4cdc7d32551c9524e8f9
orgAInoid_RPE_Final,E005,calibrated_non_group,0.02,0.02,92,0,0,0.0,0.0,0.0,0.0,0.0,0.0,0.0,72.0,72.0,empirical group EESR,disabled,20260929,69b1b200c29ca42626fc4cdc7d32551c9524e8f9
orgAInoid_RPE_Final,E005,cbes_style,0.02,0.02,92,0,0,0.0,0.0,0.0,0.0,0.0,0.0,0.0,72.0,72.0,empirical group EESR,disabled,20260929,69b1b200c29ca42626fc4cdc7d32551c9524e8f9
orgAInoid_RPE_Final,E005,gates_without_ood,0.02,0.02,92,0,0,0.0,0.0,0.0,0.0,0.0,0.0,0.0,72.0,72.0,empirical group EESR,disabled,20260929,69b1b200c29ca42626fc4cdc7d32551c9524e8f9
orgAInoid_RPE_Final,E005,gates_full,0.02,0.02,92,0,0,0.0,0.0,0.0,0.0,0.0,0.0,0.0,72.0,72.0,empirical group EESR,enabled,20260929,69b1b200c29ca42626fc4cdc7d32551c9524e8f9
orgAInoid_RPE_Final,E005,calibrated_non_group,0.05,0.05,92,0,0,0.0,0.0,0.0,0.0,0.0,0.0,0.0,72.0,72.0,empirical group EESR,disabled,20260929,69b1b200c29ca42626fc4cdc7d32551c9524e8f9
orgAInoid_RPE_Final,E005,cbes_style,0.05,0.05,92,0,0,0.0,0.0,0.0,0.0,0.0,0.0,0.0,72.0,72.0,empirical group EESR,disabled,20260929,69b1b200c29ca42626fc4cdc7d32551c9524e8f9
orgAInoid_RPE_Final,E005,gates_without_ood,0.05,0.05,92,0,0,0.0,0.0,0.0,0.0,0.0,0.0,0.0,72.0,72.0,empirical group EESR,disabled,20260929,69b1b200c29ca42626fc4cdc7d32551c9524e8f9
orgAInoid_RPE_Final,E005,gates_full,0.05,0.05,92,0,0,0.0,0.0,0.0,0.0,0.0,0.0,0.0,72.0,72.0,empirical group EESR,enabled,20260929,69b1b200c29ca42626fc4cdc7d32551c9524e8f9
orgAInoid_RPE_Final,E005,calibrated_non_group,0.1,0.1,92,56,15,0.2678571428571428,0.2678571428571428,0.0,0.6086956521739131,0.0,0.2989130434782608,0.4910714285714285,50.47826086956522,48.0,empirical group EESR,disabled,20260929,69b1b200c29ca42626fc4cdc7d32551c9524e8f9
orgAInoid_RPE_Final,E005,cbes_style,0.1,0.1,92,76,17,0.2236842105263158,0.2105263157894736,0.0131578947368421,0.8260869565217391,0.0,0.1376811594202898,0.1666666666666666,62.08695652173913,60.0,empirical group EESR,disabled,20260929,69b1b200c29ca42626fc4cdc7d32551c9524e8f9
orgAInoid_RPE_Final,E005,gates_without_ood,0.1,0.1,92,0,0,0.0,0.0,0.0,0.0,0.0,0.0,0.0,72.0,72.0,empirical group EESR,disabled,20260929,69b1b200c29ca42626fc4cdc7d32551c9524e8f9
orgAInoid_RPE_Final,E005,gates_full,0.1,0.1,92,0,0,0.0,0.0,0.0,0.0,0.0,0.0,0.0,72.0,72.0,empirical group EESR,enabled,20260929,69b1b200c29ca42626fc4cdc7d32551c9524e8f9
orgAInoid_RPE_Final,E005,calibrated_non_group,0.15,0.15,92,83,24,0.2891566265060241,0.2771084337349397,0.0120481927710843,0.9021739130434784,0.0,0.6195652173913044,0.6867469879518073,27.39130434782609,24.0,empirical group EESR,disabled,20260929,69b1b200c29ca42626fc4cdc7d32551c9524e8f9
orgAInoid_RPE_Final,E005,cbes_style,0.15,0.15,92,85,24,0.2823529411764706,0.2705882352941176,0.0117647058823529,0.9239130434782608,0.0,0.5507246376811594,0.5960784313725489,32.34782608695652,24.0,empirical group EESR,disabled,20260929,69b1b200c29ca42626fc4cdc7d32551c9524e8f9
orgAInoid_RPE_Final,E005,gates_without_ood,0.15,0.15,92,46,11,0.2391304347826087,0.217391304347826,0.0217391304347826,0.5,0.0,0.3894927536231884,0.778985507246377,43.95652173913044,48.0,empirical group EESR,disabled,20260929,69b1b200c29ca42626fc4cdc7d32551c9524e8f9
orgAInoid_RPE_Final,E005,gates_full,0.15,0.15,92,20,5,0.25,0.2,0.05,0.217391304347826,0.2826086956521739,0.1757246376811594,0.8083333333333333,59.34782608695652,72.0,empirical group EESR,enabled,20260929,69b1b200c29ca42626fc4cdc7d32551c9524e8f9
orgAInoid_RPE_Final,E005,calibrated_non_group,0.2,0.2,92,91,27,0.2967032967032967,0.2747252747252747,0.0219780219780219,0.9891304347826086,0.0,0.7518115942028983,0.7600732600732599,17.869565217391305,12.0,empirical group EESR,disabled,20260929,69b1b200c29ca42626fc4cdc7d32551c9524e8f9
orgAInoid_RPE_Final,E005,cbes_style,0.2,0.2,92,89,25,0.2808988764044944,0.247191011235955,0.0337078651685393,0.967391304347826,0.0,0.7083333333333333,0.7322097378277153,21.0,12.0,empirical group EESR,disabled,20260929,69b1b200c29ca42626fc4cdc7d32551c9524e8f9
orgAInoid_RPE_Final,E005,gates_without_ood,0.2,0.2,92,50,11,0.22,0.2,0.02,0.5434782608695652,0.0,0.427536231884058,0.7866666666666668,41.21739130434783,24.0,empirical group EESR,disabled,20260929,69b1b200c29ca42626fc4cdc7d32551c9524e8f9
orgAInoid_RPE_Final,E005,gates_full,0.2,0.2,92,21,5,0.238095238095238,0.1904761904761904,0.0476190476190476,0.2282608695652173,0.3152173913043478,0.1865942028985507,0.8174603174603176,58.56521739130435,72.0,empirical group EESR,enabled,20260929,69b1b200c29ca42626fc4cdc7d32551c9524e8f9
orgAInoid_RPE_Final,E005,calibrated_non_group,0.3,0.3,92,92,29,0.3152173913043478,0.2934782608695652,0.0217391304347826,1.0,0.0,0.7771739130434779,0.7771739130434779,16.043478260869566,12.0,empirical group EESR,disabled,20260929,69b1b200c29ca42626fc4cdc7d32551c9524e8f9
orgAInoid_RPE_Final,E005,cbes_style,0.3,0.3,92,89,25,0.2808988764044944,0.247191011235955,0.0337078651685393,0.967391304347826,0.0,0.7083333333333333,0.7322097378277153,21.0,12.0,empirical group EESR,disabled,20260929,69b1b200c29ca42626fc4cdc7d32551c9524e8f9
orgAInoid_RPE_Final,E005,gates_without_ood,0.3,0.3,92,90,29,0.3222222222222222,0.3,0.0222222222222222,0.9782608695652174,0.0,0.7663043478260867,0.7833333333333333,16.82608695652174,12.0,empirical group EESR,disabled,20260929,69b1b200c29ca42626fc4cdc7d32551c9524e8f9
orgAInoid_RPE_Final,E005,gates_full,0.3,0.3,92,45,12,0.2666666666666666,0.2222222222222222,0.0444444444444444,0.4891304347826087,0.4891304347826087,0.3786231884057971,0.7740740740740742,44.73913043478261,72.0,empirical group EESR,enabled,20260929,69b1b200c29ca42626fc4cdc7d32551c9524e8f9
orgAInoid_RPE_Final,E006,full_protocol,none,,95,0,0,0.0,0.0,0.0,0.0,0.0,0.0,0.0,72.0,72.0,empirical group EESR,disabled,20260929,69b1b200c29ca42626fc4cdc7d32551c9524e8f9
orgAInoid_RPE_Final,E006,fixed_time,12.0,,95,95,33,0.3473684210526316,0.0421052631578947,0.3052631578947368,1.0,0.0,0.8333333333333329,0.8333333333333329,12.0,12.0,empirical group EESR,disabled,20260929,69b1b200c29ca42626fc4cdc7d32551c9524e8f9
orgAInoid_RPE_Final,E006,fixed_time,24.0,,95,95,24,0.2526315789473684,0.031578947368421,0.2210526315789473,1.0,0.0,0.6666666666666665,0.6666666666666665,24.0,24.0,empirical group EESR,disabled,20260929,69b1b200c29ca42626fc4cdc7d32551c9524e8f9
orgAInoid_RPE_Final,E006,fixed_time,36.0,,95,95,24,0.2526315789473684,0.0947368421052631,0.1578947368421052,1.0,0.0,0.5,0.5,36.0,36.0,empirical group EESR,disabled,20260929,69b1b200c29ca42626fc4cdc7d32551c9524e8f9
orgAInoid_RPE_Final,E006,fixed_time,48.0,,95,95,24,0.2526315789473684,0.031578947368421,0.2210526315789473,1.0,0.0,0.3333333333333332,0.3333333333333332,48.0,48.0,empirical group EESR,disabled,20260929,69b1b200c29ca42626fc4cdc7d32551c9524e8f9
orgAInoid_RPE_Final,E006,fixed_time,60.0,,95,95,14,0.1473684210526315,0.0526315789473684,0.0947368421052631,1.0,0.0,0.1666666666666666,0.1666666666666666,60.0,60.0,empirical group EESR,disabled,20260929,69b1b200c29ca42626fc4cdc7d32551c9524e8f9
orgAInoid_RPE_Final,E006,naive_confidence,0.5,,95,95,33,0.3473684210526316,0.0421052631578947,0.3052631578947368,1.0,0.0,0.8333333333333329,0.8333333333333329,12.0,12.0,empirical group EESR,disabled,20260929,69b1b200c29ca42626fc4cdc7d32551c9524e8f9
orgAInoid_RPE_Final,E006,naive_confidence,0.6,,95,95,27,0.2842105263157894,0.0210526315789473,0.2631578947368421,1.0,0.0,0.7736842105263155,0.7736842105263155,16.294736842105262,12.0,empirical group EESR,disabled,20260929,69b1b200c29ca42626fc4cdc7d32551c9524e8f9
orgAInoid_RPE_Final,E006,naive_confidence,0.7,,95,92,23,0.25,0.0217391304347826,0.2282608695652173,0.968421052631579,0.0,0.6771929824561405,0.6992753623188407,23.242105263157896,12.0,empirical group EESR,disabled,20260929,69b1b200c29ca42626fc4cdc7d32551c9524e8f9
orgAInoid_RPE_Final,E006,naive_confidence,0.8,,95,86,19,0.2209302325581395,0.0232558139534883,0.1976744186046511,0.9052631578947368,0.0,0.5333333333333335,0.5891472868217056,33.6,24.0,empirical group EESR,disabled,20260929,69b1b200c29ca42626fc4cdc7d32551c9524e8f9
orgAInoid_RPE_Final,E006,naive_confidence,0.9,,95,69,8,0.1159420289855072,0.0289855072463768,0.0869565217391304,0.7263157894736842,0.0,0.2894736842105262,0.3985507246376811,51.1578947368421,48.0,empirical group EESR,disabled,20260929,69b1b200c29ca42626fc4cdc7d32551c9524e8f9
orgAInoid_RPE_Final,E006,naive_confidence,0.95,,95,42,4,0.0952380952380952,0.0238095238095238,0.0714285714285714,0.4421052631578947,0.0,0.1456140350877193,0.3293650793650793,61.51578947368421,72.0,empirical group EESR,disabled,20260929,69b1b200c29ca42626fc4cdc7d32551c9524e8f9
orgAInoid_RPE_Final,E006,naive_confidence,0.975,,95,28,2,0.0714285714285714,0.0357142857142857,0.0357142857142857,0.2947368421052631,0.0,0.087719298245614,0.2976190476190475,65.6842105263158,72.0,empirical group EESR,disabled,20260929,69b1b200c29ca42626fc4cdc7d32551c9524e8f9
orgAInoid_RPE_Final,E006,naive_confidence,0.99,,95,14,1,0.0714285714285714,0.0714285714285714,0.0,0.1473684210526315,0.0,0.0368421052631578,0.25,69.34736842105264,72.0,empirical group EESR,disabled,20260929,69b1b200c29ca42626fc4cdc7d32551c9524e8f9
orgAInoid_RPE_Final,E006,calibrated_non_group,0.02,0.02,95,0,0,0.0,0.0,0.0,0.0,0.0,0.0,0.0,72.0,72.0,empirical group EESR,disabled,20260929,69b1b200c29ca42626fc4cdc7d32551c9524e8f9
orgAInoid_RPE_Final,E006,cbes_style,0.02,0.02,95,0,0,0.0,0.0,0.0,0.0,0.0,0.0,0.0,72.0,72.0,empirical group EESR,disabled,20260929,69b1b200c29ca42626fc4cdc7d32551c9524e8f9
orgAInoid_RPE_Final,E006,gates_without_ood,0.02,0.02,95,0,0,0.0,0.0,0.0,0.0,0.0,0.0,0.0,72.0,72.0,empirical group EESR,disabled,20260929,69b1b200c29ca42626fc4cdc7d32551c9524e8f9
orgAInoid_RPE_Final,E006,gates_full,0.02,0.02,95,0,0,0.0,0.0,0.0,0.0,0.0,0.0,0.0,72.0,72.0,empirical group EESR,enabled,20260929,69b1b200c29ca42626fc4cdc7d32551c9524e8f9
orgAInoid_RPE_Final,E006,calibrated_non_group,0.05,0.05,95,25,2,0.08,0.04,0.04,0.2631578947368421,0.0,0.0701754385964912,0.2666666666666666,66.94736842105263,72.0,empirical group EESR,disabled,20260929,69b1b200c29ca42626fc4cdc7d32551c9524e8f9
orgAInoid_RPE_Final,E006,cbes_style,0.05,0.05,95,0,0,0.0,0.0,0.0,0.0,0.0,0.0,0.0,72.0,72.0,empirical group EESR,disabled,20260929,69b1b200c29ca42626fc4cdc7d32551c9524e8f9
orgAInoid_RPE_Final,E006,gates_without_ood,0.05,0.05,95,0,0,0.0,0.0,0.0,0.0,0.0,0.0,0.0,72.0,72.0,empirical group EESR,disabled,20260929,69b1b200c29ca42626fc4cdc7d32551c9524e8f9
orgAInoid_RPE_Final,E006,gates_full,0.05,0.05,95,0,0,0.0,0.0,0.0,0.0,0.0,0.0,0.0,72.0,72.0,empirical group EESR,enabled,20260929,69b1b200c29ca42626fc4cdc7d32551c9524e8f9
orgAInoid_RPE_Final,E006,calibrated_non_group,0.1,0.1,95,73,13,0.1780821917808219,0.0273972602739726,0.1506849315068493,0.7684210526315789,0.0,0.4298245614035089,0.5593607305936074,41.05263157894737,48.0,empirical group EESR,disabled,20260929,69b1b200c29ca42626fc4cdc7d32551c9524e8f9
orgAInoid_RPE_Final,E006,cbes_style,0.1,0.1,95,0,0,0.0,0.0,0.0,0.0,0.0,0.0,0.0,72.0,72.0,empirical group EESR,disabled,20260929,69b1b200c29ca42626fc4cdc7d32551c9524e8f9
orgAInoid_RPE_Final,E006,gates_without_ood,0.1,0.1,95,0,0,0.0,0.0,0.0,0.0,0.0,0.0,0.0,72.0,72.0,empirical group EESR,disabled,20260929,69b1b200c29ca42626fc4cdc7d32551c9524e8f9
orgAInoid_RPE_Final,E006,gates_full,0.1,0.1,95,0,0,0.0,0.0,0.0,0.0,0.0,0.0,0.0,72.0,72.0,empirical group EESR,enabled,20260929,69b1b200c29ca42626fc4cdc7d32551c9524e8f9
orgAInoid_RPE_Final,E006,calibrated_non_group,0.15,0.15,95,72,15,0.2083333333333333,0.0138888888888888,0.1944444444444444,0.7578947368421053,0.0,0.4912280701754387,0.6481481481481481,36.63157894736842,24.0,empirical group EESR,disabled,20260929,69b1b200c29ca42626fc4cdc7d32551c9524e8f9
orgAInoid_RPE_Final,E006,cbes_style,0.15,0.15,95,0,0,0.0,0.0,0.0,0.0,0.0,0.0,0.0,72.0,72.0,empirical group EESR,disabled,20260929,69b1b200c29ca42626fc4cdc7d32551c9524e8f9
orgAInoid_RPE_Final,E006,gates_without_ood,0.15,0.15,95,43,11,0.2558139534883721,0.0232558139534883,0.2325581395348837,0.4526315789473684,0.0,0.3736842105263159,0.8255813953488373,45.09473684210526,72.0,empirical group EESR,disabled,20260929,69b1b200c29ca42626fc4cdc7d32551c9524e8f9
orgAInoid_RPE_Final,E006,gates_full,0.15,0.15,95,32,8,0.25,0.0,0.25,0.3368421052631579,0.1157894736842105,0.2771929824561403,0.8229166666666667,52.04210526315789,72.0,empirical group EESR,enabled,20260929,69b1b200c29ca42626fc4cdc7d32551c9524e8f9
orgAInoid_RPE_Final,E006,calibrated_non_group,0.2,0.2,95,82,16,0.1951219512195122,0.024390243902439,0.1707317073170731,0.8631578947368421,0.0,0.4824561403508773,0.5589430894308943,37.26315789473684,36.0,empirical group EESR,disabled,20260929,69b1b200c29ca42626fc4cdc7d32551c9524e8f9
orgAInoid_RPE_Final,E006,cbes_style,0.2,0.2,95,0,0,0.0,0.0,0.0,0.0,0.0,0.0,0.0,72.0,72.0,empirical group EESR,disabled,20260929,69b1b200c29ca42626fc4cdc7d32551c9524e8f9
orgAInoid_RPE_Final,E006,gates_without_ood,0.2,0.2,95,49,12,0.2448979591836734,0.0204081632653061,0.2244897959183673,0.5157894736842106,0.0,0.4157894736842106,0.8061224489795918,42.06315789473684,24.0,empirical group EESR,disabled,20260929,69b1b200c29ca42626fc4cdc7d32551c9524e8f9
orgAInoid_RPE_Final,E006,gates_full,0.2,0.2,95,38,9,0.2368421052631578,0.0,0.2368421052631578,0.4,0.1157894736842105,0.3192982456140351,0.7982456140350876,49.01052631578948,72.0,empirical group EESR,enabled,20260929,69b1b200c29ca42626fc4cdc7d32551c9524e8f9
orgAInoid_RPE_Final,E006,calibrated_non_group,0.3,0.3,95,95,24,0.2526315789473684,0.0210526315789473,0.231578947368421,1.0,0.0,0.6070175438596492,0.6070175438596492,28.294736842105262,24.0,empirical group EESR,disabled,20260929,69b1b200c29ca42626fc4cdc7d32551c9524e8f9
orgAInoid_RPE_Final,E006,cbes_style,0.3,0.3,95,0,0,0.0,0.0,0.0,0.0,0.0,0.0,0.0,72.0,72.0,empirical group EESR,disabled,20260929,69b1b200c29ca42626fc4cdc7d32551c9524e8f9
orgAInoid_RPE_Final,E006,gates_without_ood,0.3,0.3,95,90,24,0.2666666666666666,0.0222222222222222,0.2444444444444444,0.9473684210526316,0.0,0.6947368421052632,0.7333333333333333,21.978947368421053,12.0,empirical group EESR,disabled,20260929,69b1b200c29ca42626fc4cdc7d32551c9524e8f9
orgAInoid_RPE_Final,E006,gates_full,0.3,0.3,95,73,20,0.273972602739726,0.0136986301369863,0.2602739726027397,0.7684210526315789,0.1789473684210526,0.5456140350877193,0.7100456621004566,32.71578947368421,12.0,empirical group EESR,enabled,20260929,69b1b200c29ca42626fc4cdc7d32551c9524e8f9
orgAInoid_RPE_Final,E007,full_protocol,none,,93,0,0,0.0,0.0,0.0,0.0,0.0,0.0,0.0,72.0,72.0,empirical group EESR,disabled,20260929,69b1b200c29ca42626fc4cdc7d32551c9524e8f9
orgAInoid_RPE_Final,E007,fixed_time,12.0,,93,93,36,0.3870967741935484,0.2795698924731182,0.1075268817204301,1.0,0.0,0.833333333333333,0.833333333333333,12.0,12.0,empirical group EESR,disabled,20260929,69b1b200c29ca42626fc4cdc7d32551c9524e8f9
orgAInoid_RPE_Final,E007,fixed_time,24.0,,93,93,37,0.3978494623655914,0.1612903225806451,0.2365591397849462,1.0,0.0,0.6666666666666666,0.6666666666666666,24.0,24.0,empirical group EESR,disabled,20260929,69b1b200c29ca42626fc4cdc7d32551c9524e8f9
orgAInoid_RPE_Final,E007,fixed_time,36.0,,93,93,46,0.4946236559139785,0.1827956989247312,0.3118279569892473,1.0,0.0,0.5,0.5,36.0,36.0,empirical group EESR,disabled,20260929,69b1b200c29ca42626fc4cdc7d32551c9524e8f9
orgAInoid_RPE_Final,E007,fixed_time,48.0,,93,93,38,0.4086021505376344,0.1075268817204301,0.3010752688172043,1.0,0.0,0.3333333333333333,0.3333333333333333,48.0,48.0,empirical group EESR,disabled,20260929,69b1b200c29ca42626fc4cdc7d32551c9524e8f9
orgAInoid_RPE_Final,E007,fixed_time,60.0,,93,93,34,0.3655913978494624,0.1182795698924731,0.2473118279569892,1.0,0.0,0.1666666666666666,0.1666666666666666,60.0,60.0,empirical group EESR,disabled,20260929,69b1b200c29ca42626fc4cdc7d32551c9524e8f9
orgAInoid_RPE_Final,E007,naive_confidence,0.5,,93,93,36,0.3870967741935484,0.2795698924731182,0.1075268817204301,1.0,0.0,0.833333333333333,0.833333333333333,12.0,12.0,empirical group EESR,disabled,20260929,69b1b200c29ca42626fc4cdc7d32551c9524e8f9
orgAInoid_RPE_Final,E007,naive_confidence,0.6,,93,93,31,0.3333333333333333,0.2043010752688172,0.1290322580645161,1.0,0.0,0.7795698924731179,0.7795698924731179,15.870967741935484,12.0,empirical group EESR,disabled,20260929,69b1b200c29ca42626fc4cdc7d32551c9524e8f9
orgAInoid_RPE_Final,E007,naive_confidence,0.7,,93,84,28,0.3333333333333333,0.1309523809523809,0.2023809523809523,0.9032258064516128,0.0,0.6344086021505377,0.7023809523809524,26.322580645161292,24.0,empirical group EESR,disabled,20260929,69b1b200c29ca42626fc4cdc7d32551c9524e8f9
orgAInoid_RPE_Final,E007,naive_confidence,0.8,,93,66,22,0.3333333333333333,0.1363636363636363,0.1969696969696969,0.7096774193548387,0.0,0.4336917562724015,0.6111111111111112,40.774193548387096,36.0,empirical group EESR,disabled,20260929,69b1b200c29ca42626fc4cdc7d32551c9524e8f9
orgAInoid_RPE_Final,E007,naive_confidence,0.9,,93,36,10,0.2777777777777778,0.0555555555555555,0.2222222222222222,0.3870967741935484,0.0,0.1917562724014337,0.4953703703703703,58.193548387096776,72.0,empirical group EESR,disabled,20260929,69b1b200c29ca42626fc4cdc7d32551c9524e8f9
orgAInoid_RPE_Final,E007,naive_confidence,0.95,,93,18,5,0.2777777777777778,0.0,0.2777777777777778,0.1935483870967742,0.0,0.0949820788530465,0.4907407407407407,65.16129032258064,72.0,empirical group EESR,disabled,20260929,69b1b200c29ca42626fc4cdc7d32551c9524e8f9
orgAInoid_RPE_Final,E007,naive_confidence,0.975,,93,7,3,0.4285714285714285,0.0,0.4285714285714285,0.075268817204301,0.0,0.0340501792114695,0.4523809523809524,69.54838709677419,72.0,empirical group EESR,disabled,20260929,69b1b200c29ca42626fc4cdc7d32551c9524e8f9
orgAInoid_RPE_Final,E007,naive_confidence,0.99,,93,2,1,0.5,0.0,0.5,0.021505376344086,0.0,0.0053763440860215,0.25,71.61290322580645,72.0,empirical group EESR,disabled,20260929,69b1b200c29ca42626fc4cdc7d32551c9524e8f9
orgAInoid_RPE_Final,E007,calibrated_non_group,0.02,0.02,93,72,27,0.375,0.1111111111111111,0.2638888888888889,0.7741935483870968,0.0,0.4050179211469532,0.5231481481481483,42.83870967741935,48.0,empirical group EESR,disabled,20260929,69b1b200c29ca42626fc4cdc7d32551c9524e8f9
orgAInoid_RPE_Final,E007,cbes_style,0.02,0.02,93,0,0,0.0,0.0,0.0,0.0,0.0,0.0,0.0,72.0,72.0,empirical group EESR,disabled,20260929,69b1b200c29ca42626fc4cdc7d32551c9524e8f9
orgAInoid_RPE_Final,E007,gates_without_ood,0.02,0.02,93,36,7,0.1944444444444444,0.1111111111111111,0.0833333333333333,0.3870967741935484,0.0,0.2419354838709677,0.6250000000000001,54.58064516129032,72.0,empirical group EESR,disabled,20260929,69b1b200c29ca42626fc4cdc7d32551c9524e8f9
orgAInoid_RPE_Final,E007,gates_full,0.02,0.02,93,26,3,0.1153846153846153,0.1153846153846153,0.0,0.2795698924731182,0.1075268817204301,0.1863799283154121,0.6666666666666667,58.58064516129032,72.0,empirical group EESR,enabled,20260929,69b1b200c29ca42626fc4cdc7d32551c9524e8f9
orgAInoid_RPE_Final,E007,calibrated_non_group,0.05,0.05,93,74,28,0.3783783783783784,0.0945945945945946,0.2837837837837837,0.7956989247311828,0.0,0.4068100358422938,0.5112612612612611,42.70967741935484,36.0,empirical group EESR,disabled,20260929,69b1b200c29ca42626fc4cdc7d32551c9524e8f9
orgAInoid_RPE_Final,E007,cbes_style,0.05,0.05,93,45,15,0.3333333333333333,0.0666666666666666,0.2666666666666666,0.4838709677419355,0.0,0.1612903225806451,0.3333333333333333,60.38709677419355,72.0,empirical group EESR,disabled,20260929,69b1b200c29ca42626fc4cdc7d32551c9524e8f9
orgAInoid_RPE_Final,E007,gates_without_ood,0.05,0.05,93,80,30,0.375,0.1125,0.2625,0.8602150537634409,0.0,0.4318996415770607,0.5020833333333334,40.903225806451616,48.0,empirical group EESR,disabled,20260929,69b1b200c29ca42626fc4cdc7d32551c9524e8f9
orgAInoid_RPE_Final,E007,gates_full,0.05,0.05,93,49,15,0.3061224489795918,0.1020408163265306,0.2040816326530612,0.5268817204301075,0.3333333333333333,0.3028673835125448,0.5748299319727891,50.193548387096776,60.0,empirical group EESR,enabled,20260929,69b1b200c29ca42626fc4cdc7d32551c9524e8f9
orgAInoid_RPE_Final,E007,calibrated_non_group,0.1,0.1,93,93,34,0.3655913978494624,0.1182795698924731,0.2473118279569892,1.0,0.0,0.5788530465949819,0.5788530465949819,30.322580645161292,24.0,empirical group EESR,disabled,20260929,69b1b200c29ca42626fc4cdc7d32551c9524e8f9
orgAInoid_RPE_Final,E007,cbes_style,0.1,0.1,93,74,26,0.3513513513513513,0.081081081081081,0.2702702702702703,0.7956989247311828,0.0,0.4820788530465948,0.6058558558558558,37.29032258064516,24.0,empirical group EESR,disabled,20260929,69b1b200c29ca42626fc4cdc7d32551c9524e8f9
orgAInoid_RPE_Final,E007,gates_without_ood,0.1,0.1,93,93,36,0.3870967741935484,0.1182795698924731,0.2688172043010752,1.0,0.0,0.5573476702508959,0.5573476702508959,31.870967741935484,24.0,empirical group EESR,disabled,20260929,69b1b200c29ca42626fc4cdc7d32551c9524e8f9
orgAInoid_RPE_Final,E007,gates_full,0.1,0.1,93,67,26,0.3880597014925373,0.1194029850746268,0.2686567164179104,0.7204301075268817,0.2795698924731182,0.4301075268817204,0.5970149253731343,41.03225806451613,24.0,empirical group EESR,enabled,20260929,69b1b200c29ca42626fc4cdc7d32551c9524e8f9
orgAInoid_RPE_Final,E007,calibrated_non_group,0.15,0.15,93,93,40,0.4301075268817204,0.1612903225806451,0.2688172043010752,1.0,0.0,0.6236559139784945,0.6236559139784945,27.096774193548388,24.0,empirical group EESR,disabled,20260929,69b1b200c29ca42626fc4cdc7d32551c9524e8f9
orgAInoid_RPE_Final,E007,cbes_style,0.15,0.15,93,77,27,0.3506493506493506,0.0779220779220779,0.2727272727272727,0.8279569892473119,0.0,0.5071684587813619,0.6125541125541124,35.483870967741936,24.0,empirical group EESR,disabled,20260929,69b1b200c29ca42626fc4cdc7d32551c9524e8f9
orgAInoid_RPE_Final,E007,gates_without_ood,0.15,0.15,93,93,37,0.3978494623655914,0.1505376344086021,0.2473118279569892,1.0,0.0,0.603942652329749,0.603942652329749,28.516129032258064,24.0,empirical group EESR,disabled,20260929,69b1b200c29ca42626fc4cdc7d32551c9524e8f9
orgAInoid_RPE_Final,E007,gates_full,0.15,0.15,93,72,28,0.3888888888888889,0.1388888888888889,0.25,0.7741935483870968,0.2258064516129032,0.4856630824372759,0.6273148148148149,37.03225806451613,24.0,empirical group EESR,enabled,20260929,69b1b200c29ca42626fc4cdc7d32551c9524e8f9
orgAInoid_RPE_Final,E007,calibrated_non_group,0.2,0.2,93,93,38,0.4086021505376344,0.1505376344086021,0.2580645161290322,1.0,0.0,0.6720430107526882,0.6720430107526882,23.612903225806452,24.0,empirical group EESR,disabled,20260929,69b1b200c29ca42626fc4cdc7d32551c9524e8f9
orgAInoid_RPE_Final,E007,cbes_style,0.2,0.2,93,86,27,0.313953488372093,0.1627906976744186,0.1511627906976744,0.9247311827956988,0.0,0.7043010752688172,0.7616279069767442,21.29032258064516,12.0,empirical group EESR,disabled,20260929,69b1b200c29ca42626fc4cdc7d32551c9524e8f9
orgAInoid_RPE_Final,E007,gates_without_ood,0.2,0.2,93,93,40,0.4301075268817204,0.1612903225806451,0.2688172043010752,1.0,0.0,0.632616487455197,0.632616487455197,26.451612903225808,24.0,empirical group EESR,disabled,20260929,69b1b200c29ca42626fc4cdc7d32551c9524e8f9
orgAInoid_RPE_Final,E007,gates_full,0.2,0.2,93,77,31,0.4025974025974026,0.1428571428571428,0.2597402597402597,0.8279569892473119,0.1720430107526881,0.528673835125448,0.6385281385281383,33.935483870967744,24.0,empirical group EESR,enabled,20260929,69b1b200c29ca42626fc4cdc7d32551c9524e8f9
orgAInoid_RPE_Final,E007,calibrated_non_group,0.3,0.3,93,93,31,0.3333333333333333,0.1827956989247312,0.1505376344086021,1.0,0.0,0.7634408602150536,0.7634408602150536,17.032258064516128,12.0,empirical group EESR,disabled,20260929,69b1b200c29ca42626fc4cdc7d32551c9524e8f9
orgAInoid_RPE_Final,E007,cbes_style,0.3,0.3,93,86,27,0.313953488372093,0.1627906976744186,0.1511627906976744,0.9247311827956988,0.0,0.7043010752688172,0.7616279069767442,21.29032258064516,12.0,empirical group EESR,disabled,20260929,69b1b200c29ca42626fc4cdc7d32551c9524e8f9
orgAInoid_RPE_Final,E007,gates_without_ood,0.3,0.3,93,93,37,0.3978494623655914,0.1612903225806451,0.2365591397849462,1.0,0.0,0.6666666666666666,0.6666666666666666,24.0,24.0,empirical group EESR,disabled,20260929,69b1b200c29ca42626fc4cdc7d32551c9524e8f9
orgAInoid_RPE_Final,E007,gates_full,0.3,0.3,93,82,31,0.3780487804878049,0.1463414634146341,0.2317073170731707,0.8817204301075269,0.1182795698924731,0.5878136200716846,0.6666666666666666,29.677419354838708,24.0,empirical group EESR,enabled,20260929,69b1b200c29ca42626fc4cdc7d32551c9524e8f9
orgAInoid_RPE_Final,E008,full_protocol,none,,91,0,0,0.0,0.0,0.0,0.0,0.0,0.0,0.0,72.0,72.0,empirical group EESR,disabled,20260929,69b1b200c29ca42626fc4cdc7d32551c9524e8f9
orgAInoid_RPE_Final,E008,fixed_time,12.0,,91,91,24,0.2637362637362637,0.0549450549450549,0.2087912087912088,1.0,0.0,0.8333333333333331,0.8333333333333331,12.0,12.0,empirical group EESR,disabled,20260929,69b1b200c29ca42626fc4cdc7d32551c9524e8f9
orgAInoid_RPE_Final,E008,fixed_time,24.0,,91,91,20,0.2197802197802197,0.0329670329670329,0.1868131868131868,1.0,0.0,0.6666666666666666,0.6666666666666666,24.0,24.0,empirical group EESR,disabled,20260929,69b1b200c29ca42626fc4cdc7d32551c9524e8f9
orgAInoid_RPE_Final,E008,fixed_time,36.0,,91,91,16,0.1758241758241758,0.0659340659340659,0.1098901098901098,1.0,0.0,0.5,0.5,36.0,36.0,empirical group EESR,disabled,20260929,69b1b200c29ca42626fc4cdc7d32551c9524e8f9
orgAInoid_RPE_Final,E008,fixed_time,48.0,,91,91,6,0.0659340659340659,0.0549450549450549,0.0109890109890109,1.0,0.0,0.3333333333333333,0.3333333333333333,48.0,48.0,empirical group EESR,disabled,20260929,69b1b200c29ca42626fc4cdc7d32551c9524e8f9
orgAInoid_RPE_Final,E008,fixed_time,60.0,,91,91,9,0.0989010989010989,0.0549450549450549,0.0439560439560439,1.0,0.0,0.1666666666666666,0.1666666666666666,60.0,60.0,empirical group EESR,disabled,20260929,69b1b200c29ca42626fc4cdc7d32551c9524e8f9
orgAInoid_RPE_Final,E008,naive_confidence,0.5,,91,91,24,0.2637362637362637,0.0549450549450549,0.2087912087912088,1.0,0.0,0.8333333333333331,0.8333333333333331,12.0,12.0,empirical group EESR,disabled,20260929,69b1b200c29ca42626fc4cdc7d32551c9524e8f9
orgAInoid_RPE_Final,E008,naive_confidence,0.6,,91,91,17,0.1868131868131868,0.0549450549450549,0.1318681318681318,1.0,0.0,0.7619047619047619,0.7619047619047619,17.142857142857142,12.0,empirical group EESR,disabled,20260929,69b1b200c29ca42626fc4cdc7d32551c9524e8f9
orgAInoid_RPE_Final,E008,naive_confidence,0.7,,91,88,11,0.125,0.0454545454545454,0.0795454545454545,0.967032967032967,0.0,0.6245421245421245,0.6458333333333333,27.032967032967033,24.0,empirical group EESR,disabled,20260929,69b1b200c29ca42626fc4cdc7d32551c9524e8f9
orgAInoid_RPE_Final,E008,naive_confidence,0.8,,91,83,6,0.072289156626506,0.0481927710843373,0.0240963855421686,0.912087912087912,0.0,0.5073260073260074,0.5562248995983936,35.472527472527474,36.0,empirical group EESR,disabled,20260929,69b1b200c29ca42626fc4cdc7d32551c9524e8f9
orgAInoid_RPE_Final,E008,naive_confidence,0.9,,91,72,4,0.0555555555555555,0.0416666666666666,0.0138888888888888,0.7912087912087912,0.0,0.3260073260073259,0.412037037037037,48.527472527472526,48.0,empirical group EESR,disabled,20260929,69b1b200c29ca42626fc4cdc7d32551c9524e8f9
orgAInoid_RPE_Final,E008,naive_confidence,0.95,,91,51,2,0.0392156862745098,0.0392156862745098,0.0,0.5604395604395604,0.0,0.1758241758241758,0.3137254901960784,59.34065934065934,60.0,empirical group EESR,disabled,20260929,69b1b200c29ca42626fc4cdc7d32551c9524e8f9
orgAInoid_RPE_Final,E008,naive_confidence,0.975,,91,23,2,0.0869565217391304,0.0869565217391304,0.0,0.2527472527472527,0.0,0.0695970695970695,0.2753623188405796,66.98901098901099,72.0,empirical group EESR,disabled,20260929,69b1b200c29ca42626fc4cdc7d32551c9524e8f9
orgAInoid_RPE_Final,E008,naive_confidence,0.99,,91,6,1,0.1666666666666666,0.1666666666666666,0.0,0.0659340659340659,0.0,0.0201465201465201,0.3055555555555555,70.54945054945055,72.0,empirical group EESR,disabled,20260929,69b1b200c29ca42626fc4cdc7d32551c9524e8f9
orgAInoid_RPE_Final,E008,calibrated_non_group,0.02,0.02,91,77,2,0.0259740259740259,0.0259740259740259,0.0,0.8461538461538461,0.0,0.1721611721611721,0.2034632034632034,59.604395604395606,60.0,empirical group EESR,disabled,20260929,69b1b200c29ca42626fc4cdc7d32551c9524e8f9
orgAInoid_RPE_Final,E008,cbes_style,0.02,0.02,91,89,9,0.1011235955056179,0.0561797752808988,0.0449438202247191,0.978021978021978,0.0,0.445054945054945,0.4550561797752809,39.95604395604395,36.0,empirical group EESR,disabled,20260929,69b1b200c29ca42626fc4cdc7d32551c9524e8f9
orgAInoid_RPE_Final,E008,gates_without_ood,0.02,0.02,91,74,2,0.027027027027027,0.027027027027027,0.0,0.8131868131868132,0.0,0.1575091575091575,0.1936936936936937,60.65934065934066,60.0,empirical group EESR,disabled,20260929,69b1b200c29ca42626fc4cdc7d32551c9524e8f9
orgAInoid_RPE_Final,E008,gates_full,0.02,0.02,91,73,2,0.0273972602739726,0.0273972602739726,0.0,0.8021978021978022,0.0109890109890109,0.1556776556776556,0.1940639269406393,60.79120879120879,60.0,empirical group EESR,enabled,20260929,69b1b200c29ca42626fc4cdc7d32551c9524e8f9
orgAInoid_RPE_Final,E008,calibrated_non_group,0.05,0.05,91,77,2,0.0259740259740259,0.0259740259740259,0.0,0.8461538461538461,0.0,0.227106227106227,0.2683982683982683,55.64835164835165,48.0,empirical group EESR,disabled,20260929,69b1b200c29ca42626fc4cdc7d32551c9524e8f9
orgAInoid_RPE_Final,E008,cbes_style,0.05,0.05,91,90,14,0.1555555555555555,0.0666666666666666,0.0888888888888888,0.989010989010989,0.0,0.5476190476190476,0.5537037037037037,32.57142857142857,36.0,empirical group EESR,disabled,20260929,69b1b200c29ca42626fc4cdc7d32551c9524e8f9
orgAInoid_RPE_Final,E008,gates_without_ood,0.05,0.05,91,77,2,0.0259740259740259,0.0259740259740259,0.0,0.8461538461538461,0.0,0.1721611721611721,0.2034632034632034,59.604395604395606,60.0,empirical group EESR,disabled,20260929,69b1b200c29ca42626fc4cdc7d32551c9524e8f9
orgAInoid_RPE_Final,E008,gates_full,0.05,0.05,91,75,2,0.0266666666666666,0.0266666666666666,0.0,0.8241758241758241,0.0219780219780219,0.1666666666666666,0.2022222222222222,60.0,60.0,empirical group EESR,enabled,20260929,69b1b200c29ca42626fc4cdc7d32551c9524e8f9
orgAInoid_RPE_Final,E008,calibrated_non_group,0.1,0.1,91,84,6,0.0714285714285714,0.0357142857142857,0.0357142857142857,0.9230769230769232,0.0,0.456043956043956,0.494047619047619,39.16483516483517,24.0,empirical group EESR,disabled,20260929,69b1b200c29ca42626fc4cdc7d32551c9524e8f9
orgAInoid_RPE_Final,E008,cbes_style,0.1,0.1,91,90,14,0.1555555555555555,0.0666666666666666,0.0888888888888888,0.989010989010989,0.0,0.5476190476190476,0.5537037037037037,32.57142857142857,36.0,empirical group EESR,disabled,20260929,69b1b200c29ca42626fc4cdc7d32551c9524e8f9
orgAInoid_RPE_Final,E008,gates_without_ood,0.1,0.1,91,83,4,0.0481927710843373,0.036144578313253,0.0120481927710843,0.912087912087912,0.0,0.3369963369963369,0.3694779116465863,47.73626373626374,48.0,empirical group EESR,disabled,20260929,69b1b200c29ca42626fc4cdc7d32551c9524e8f9
orgAInoid_RPE_Final,E008,gates_full,0.1,0.1,91,80,3,0.0375,0.0375,0.0,0.8791208791208791,0.0329670329670329,0.3278388278388278,0.3729166666666666,48.395604395604394,48.0,empirical group EESR,enabled,20260929,69b1b200c29ca42626fc4cdc7d32551c9524e8f9
orgAInoid_RPE_Final,E008,calibrated_non_group,0.15,0.15,91,91,13,0.1428571428571428,0.0659340659340659,0.0769230769230769,1.0,0.0,0.554945054945055,0.554945054945055,32.043956043956044,24.0,empirical group EESR,disabled,20260929,69b1b200c29ca42626fc4cdc7d32551c9524e8f9
orgAInoid_RPE_Final,E008,cbes_style,0.15,0.15,91,90,14,0.1555555555555555,0.0666666666666666,0.0888888888888888,0.989010989010989,0.0,0.5476190476190476,0.5537037037037037,32.57142857142857,36.0,empirical group EESR,disabled,20260929,69b1b200c29ca42626fc4cdc7d32551c9524e8f9
orgAInoid_RPE_Final,E008,gates_without_ood,0.15,0.15,91,90,11,0.1222222222222222,0.0555555555555555,0.0666666666666666,0.989010989010989,0.0,0.4505494505494504,0.4555555555555555,39.56043956043956,48.0,empirical group EESR,disabled,20260929,69b1b200c29ca42626fc4cdc7d32551c9524e8f9
orgAInoid_RPE_Final,E008,gates_full,0.15,0.15,91,87,9,0.1034482758620689,0.057471264367816,0.0459770114942528,0.956043956043956,0.0329670329670329,0.4377289377289377,0.4578544061302681,40.48351648351648,48.0,empirical group EESR,enabled,20260929,69b1b200c29ca42626fc4cdc7d32551c9524e8f9
orgAInoid_RPE_Final,E008,calibrated_non_group,0.2,0.2,91,91,17,0.1868131868131868,0.0549450549450549,0.1318681318681318,1.0,0.0,0.6135531135531136,0.6135531135531136,27.824175824175825,24.0,empirical group EESR,disabled,20260929,69b1b200c29ca42626fc4cdc7d32551c9524e8f9
orgAInoid_RPE_Final,E008,cbes_style,0.2,0.2,91,90,14,0.1555555555555555,0.0666666666666666,0.0888888888888888,0.989010989010989,0.0,0.5476190476190476,0.5537037037037037,32.57142857142857,36.0,empirical group EESR,disabled,20260929,69b1b200c29ca42626fc4cdc7d32551c9524e8f9
orgAInoid_RPE_Final,E008,gates_without_ood,0.2,0.2,91,90,13,0.1444444444444444,0.0555555555555555,0.0888888888888888,0.989010989010989,0.0,0.4999999999999999,0.5055555555555554,36.0,24.0,empirical group EESR,disabled,20260929,69b1b200c29ca42626fc4cdc7d32551c9524e8f9
orgAInoid_RPE_Final,E008,gates_full,0.2,0.2,91,85,11,0.1294117647058823,0.0588235294117647,0.0705882352941176,0.934065934065934,0.0549450549450549,0.4725274725274724,0.5058823529411764,37.97802197802198,24.0,empirical group EESR,enabled,20260929,69b1b200c29ca42626fc4cdc7d32551c9524e8f9
orgAInoid_RPE_Final,E008,calibrated_non_group,0.3,0.3,91,91,18,0.1978021978021978,0.0439560439560439,0.1538461538461538,1.0,0.0,0.7399267399267401,0.7399267399267401,18.725274725274726,24.0,empirical group EESR,disabled,20260929,69b1b200c29ca42626fc4cdc7d32551c9524e8f9
orgAInoid_RPE_Final,E008,cbes_style,0.3,0.3,91,90,14,0.1555555555555555,0.0666666666666666,0.0888888888888888,0.989010989010989,0.0,0.5476190476190476,0.5537037037037037,32.57142857142857,36.0,empirical group EESR,disabled,20260929,69b1b200c29ca42626fc4cdc7d32551c9524e8f9
orgAInoid_RPE_Final,E008,gates_without_ood,0.3,0.3,91,91,19,0.2087912087912088,0.0439560439560439,0.1648351648351648,1.0,0.0,0.6410256410256411,0.6410256410256411,25.846153846153847,24.0,empirical group EESR,disabled,20260929,69b1b200c29ca42626fc4cdc7d32551c9524e8f9
orgAInoid_RPE_Final,E008,gates_full,0.3,0.3,91,87,18,0.2068965517241379,0.0459770114942528,0.160919540229885,0.956043956043956,0.0439560439560439,0.6117216117216119,0.6398467432950191,27.956043956043956,24.0,empirical group EESR,enabled,20260929,69b1b200c29ca42626fc4cdc7d32551c9524e8f9
orgAInoid_RPE_Final,E009,full_protocol,none,,90,0,0,0.0,0.0,0.0,0.0,0.0,0.0,0.0,72.0,72.0,empirical group EESR,disabled,20260929,69b1b200c29ca42626fc4cdc7d32551c9524e8f9
orgAInoid_RPE_Final,E009,fixed_time,12.0,,90,90,44,0.4888888888888889,0.4888888888888889,0.0,1.0,0.0,0.8333333333333331,0.8333333333333331,12.0,12.0,empirical group EESR,disabled,20260929,69b1b200c29ca42626fc4cdc7d32551c9524e8f9
orgAInoid_RPE_Final,E009,fixed_time,24.0,,90,90,10,0.1111111111111111,0.1111111111111111,0.0,1.0,0.0,0.6666666666666666,0.6666666666666666,24.0,24.0,empirical group EESR,disabled,20260929,69b1b200c29ca42626fc4cdc7d32551c9524e8f9
orgAInoid_RPE_Final,E009,fixed_time,36.0,,90,90,2,0.0222222222222222,0.0222222222222222,0.0,1.0,0.0,0.5,0.5,36.0,36.0,empirical group EESR,disabled,20260929,69b1b200c29ca42626fc4cdc7d32551c9524e8f9
orgAInoid_RPE_Final,E009,fixed_time,48.0,,90,90,1,0.0111111111111111,0.0111111111111111,0.0,1.0,0.0,0.3333333333333333,0.3333333333333333,48.0,48.0,empirical group EESR,disabled,20260929,69b1b200c29ca42626fc4cdc7d32551c9524e8f9
orgAInoid_RPE_Final,E009,fixed_time,60.0,,90,90,1,0.0111111111111111,0.0111111111111111,0.0,1.0,0.0,0.1666666666666666,0.1666666666666666,60.0,60.0,empirical group EESR,disabled,20260929,69b1b200c29ca42626fc4cdc7d32551c9524e8f9
orgAInoid_RPE_Final,E009,naive_confidence,0.5,,90,90,44,0.4888888888888889,0.4888888888888889,0.0,1.0,0.0,0.8333333333333331,0.8333333333333331,12.0,12.0,empirical group EESR,disabled,20260929,69b1b200c29ca42626fc4cdc7d32551c9524e8f9
orgAInoid_RPE_Final,E009,naive_confidence,0.6,,90,90,29,0.3222222222222222,0.3222222222222222,0.0,1.0,0.0,0.7685185185185186,0.7685185185185186,16.666666666666668,12.0,empirical group EESR,disabled,20260929,69b1b200c29ca42626fc4cdc7d32551c9524e8f9
orgAInoid_RPE_Final,E009,naive_confidence,0.7,,90,90,16,0.1777777777777777,0.1777777777777777,0.0,1.0,0.0,0.6685185185185186,0.6685185185185186,23.866666666666667,24.0,empirical group EESR,disabled,20260929,69b1b200c29ca42626fc4cdc7d32551c9524e8f9
orgAInoid_RPE_Final,E009,naive_confidence,0.8,,90,89,7,0.0786516853932584,0.0786516853932584,0.0,0.9888888888888888,0.0,0.5462962962962963,0.552434456928839,32.666666666666664,36.0,empirical group EESR,disabled,20260929,69b1b200c29ca42626fc4cdc7d32551c9524e8f9
orgAInoid_RPE_Final,E009,naive_confidence,0.9,,90,85,2,0.0235294117647058,0.0235294117647058,0.0,0.9444444444444444,0.0,0.3648148148148148,0.3862745098039216,45.733333333333334,48.0,empirical group EESR,disabled,20260929,69b1b200c29ca42626fc4cdc7d32551c9524e8f9
orgAInoid_RPE_Final,E009,naive_confidence,0.95,,90,78,0,0.0,0.0,0.0,0.8666666666666667,0.0,0.2574074074074073,0.2970085470085469,53.46666666666667,48.0,empirical group EESR,disabled,20260929,69b1b200c29ca42626fc4cdc7d32551c9524e8f9
orgAInoid_RPE_Final,E009,naive_confidence,0.975,,90,41,0,0.0,0.0,0.0,0.4555555555555555,0.0,0.1333333333333333,0.2926829268292683,62.4,72.0,empirical group EESR,disabled,20260929,69b1b200c29ca42626fc4cdc7d32551c9524e8f9
orgAInoid_RPE_Final,E009,naive_confidence,0.99,,90,6,0,0.0,0.0,0.0,0.0666666666666666,0.0,0.0148148148148148,0.2222222222222222,70.93333333333334,72.0,empirical group EESR,disabled,20260929,69b1b200c29ca42626fc4cdc7d32551c9524e8f9
orgAInoid_RPE_Final,E009,calibrated_non_group,0.02,0.02,90,89,2,0.0224719101123595,0.0224719101123595,0.0,0.9888888888888888,0.0,0.2574074074074073,0.2602996254681647,53.46666666666667,60.0,empirical group EESR,disabled,20260929,69b1b200c29ca42626fc4cdc7d32551c9524e8f9
orgAInoid_RPE_Final,E009,cbes_style,0.02,0.02,90,0,0,0.0,0.0,0.0,0.0,0.0,0.0,0.0,72.0,72.0,empirical group EESR,disabled,20260929,69b1b200c29ca42626fc4cdc7d32551c9524e8f9
orgAInoid_RPE_Final,E009,gates_without_ood,0.02,0.02,90,89,2,0.0224719101123595,0.0224719101123595,0.0,0.9888888888888888,0.0,0.25,0.2528089887640449,54.0,60.0,empirical group EESR,disabled,20260929,69b1b200c29ca42626fc4cdc7d32551c9524e8f9
orgAInoid_RPE_Final,E009,gates_full,0.02,0.02,90,88,2,0.0227272727272727,0.0227272727272727,0.0,0.9777777777777776,0.0111111111111111,0.2462962962962962,0.2518939393939394,54.266666666666666,60.0,empirical group EESR,enabled,20260929,69b1b200c29ca42626fc4cdc7d32551c9524e8f9
orgAInoid_RPE_Final,E009,calibrated_non_group,0.05,0.05,90,89,5,0.0561797752808988,0.0561797752808988,0.0,0.9888888888888888,0.0,0.3314814814814815,0.3352059925093633,48.13333333333333,48.0,empirical group EESR,disabled,20260929,69b1b200c29ca42626fc4cdc7d32551c9524e8f9
orgAInoid_RPE_Final,E009,cbes_style,0.05,0.05,90,89,0,0.0,0.0,0.0,0.9888888888888888,0.0,0.1648148148148148,0.1666666666666666,60.13333333333333,60.0,empirical group EESR,disabled,20260929,69b1b200c29ca42626fc4cdc7d32551c9524e8f9
orgAInoid_RPE_Final,E009,gates_without_ood,0.05,0.05,90,89,2,0.0224719101123595,0.0224719101123595,0.0,0.9888888888888888,0.0,0.2759259259259259,0.2790262172284644,52.13333333333333,48.0,empirical group EESR,disabled,20260929,69b1b200c29ca42626fc4cdc7d32551c9524e8f9
orgAInoid_RPE_Final,E009,gates_full,0.05,0.05,90,88,2,0.0227272727272727,0.0227272727272727,0.0,0.9777777777777776,0.0111111111111111,0.2722222222222222,0.2784090909090909,52.4,48.0,empirical group EESR,enabled,20260929,69b1b200c29ca42626fc4cdc7d32551c9524e8f9
orgAInoid_RPE_Final,E009,calibrated_non_group,0.1,0.1,90,90,11,0.1222222222222222,0.1222222222222222,0.0,1.0,0.0,0.5870370370370371,0.5870370370370371,29.733333333333334,24.0,empirical group EESR,disabled,20260929,69b1b200c29ca42626fc4cdc7d32551c9524e8f9
orgAInoid_RPE_Final,E009,cbes_style,0.1,0.1,90,89,0,0.0,0.0,0.0,0.9888888888888888,0.0,0.1648148148148148,0.1666666666666666,60.13333333333333,60.0,empirical group EESR,disabled,20260929,69b1b200c29ca42626fc4cdc7d32551c9524e8f9
orgAInoid_RPE_Final,E009,gates_without_ood,0.1,0.1,90,90,11,0.1222222222222222,0.1222222222222222,0.0,1.0,0.0,0.4518518518518519,0.4518518518518519,39.46666666666667,48.0,empirical group EESR,disabled,20260929,69b1b200c29ca42626fc4cdc7d32551c9524e8f9
orgAInoid_RPE_Final,E009,gates_full,0.1,0.1,90,88,11,0.125,0.125,0.0,0.9777777777777776,0.0222222222222222,0.4388888888888889,0.4488636363636363,40.4,48.0,empirical group EESR,enabled,20260929,69b1b200c29ca42626fc4cdc7d32551c9524e8f9
orgAInoid_RPE_Final,E009,calibrated_non_group,0.15,0.15,90,90,9,0.1,0.1,0.0,1.0,0.0,0.588888888888889,0.588888888888889,29.6,24.0,empirical group EESR,disabled,20260929,69b1b200c29ca42626fc4cdc7d32551c9524e8f9
orgAInoid_RPE_Final,E009,cbes_style,0.15,0.15,90,90,17,0.1888888888888888,0.1888888888888888,0.0,1.0,0.0,0.4185185185185185,0.4185185185185185,41.86666666666667,60.0,empirical group EESR,disabled,20260929,69b1b200c29ca42626fc4cdc7d32551c9524e8f9
orgAInoid_RPE_Final,E009,gates_without_ood,0.15,0.15,90,90,17,0.1888888888888888,0.1888888888888888,0.0,1.0,0.0,0.6462962962962964,0.6462962962962964,25.466666666666665,24.0,empirical group EESR,disabled,20260929,69b1b200c29ca42626fc4cdc7d32551c9524e8f9
orgAInoid_RPE_Final,E009,gates_full,0.15,0.15,90,88,16,0.1818181818181818,0.1818181818181818,0.0,0.9777777777777776,0.0222222222222222,0.6277777777777778,0.6420454545454546,26.8,24.0,empirical group EESR,enabled,20260929,69b1b200c29ca42626fc4cdc7d32551c9524e8f9
orgAInoid_RPE_Final,E009,calibrated_non_group,0.2,0.2,90,90,17,0.1888888888888888,0.1888888888888888,0.0,1.0,0.0,0.6796296296296297,0.6796296296296297,23.066666666666663,24.0,empirical group EESR,disabled,20260929,69b1b200c29ca42626fc4cdc7d32551c9524e8f9
orgAInoid_RPE_Final,E009,cbes_style,0.2,0.2,90,90,17,0.1888888888888888,0.1888888888888888,0.0,1.0,0.0,0.6518518518518519,0.6518518518518519,25.066666666666663,24.0,empirical group EESR,disabled,20260929,69b1b200c29ca42626fc4cdc7d32551c9524e8f9
orgAInoid_RPE_Final,E009,gates_without_ood,0.2,0.2,90,90,26,0.2888888888888888,0.2888888888888888,0.0,1.0,0.0,0.7425925925925927,0.7425925925925927,18.533333333333335,12.0,empirical group EESR,disabled,20260929,69b1b200c29ca42626fc4cdc7d32551c9524e8f9
orgAInoid_RPE_Final,E009,gates_full,0.2,0.2,90,88,25,0.2840909090909091,0.2840909090909091,0.0,0.9777777777777776,0.0222222222222222,0.7240740740740741,0.7405303030303029,19.866666666666667,12.0,empirical group EESR,enabled,20260929,69b1b200c29ca42626fc4cdc7d32551c9524e8f9
orgAInoid_RPE_Final,E009,calibrated_non_group,0.3,0.3,90,90,43,0.4777777777777778,0.4777777777777778,0.0,1.0,0.0,0.8296296296296295,0.8296296296296295,12.266666666666667,12.0,empirical group EESR,disabled,20260929,69b1b200c29ca42626fc4cdc7d32551c9524e8f9
orgAInoid_RPE_Final,E009,cbes_style,0.3,0.3,90,90,17,0.1888888888888888,0.1888888888888888,0.0,1.0,0.0,0.6944444444444444,0.6944444444444444,22.0,24.0,empirical group EESR,disabled,20260929,69b1b200c29ca42626fc4cdc7d32551c9524e8f9
orgAInoid_RPE_Final,E009,gates_without_ood,0.3,0.3,90,90,43,0.4777777777777778,0.4777777777777778,0.0,1.0,0.0,0.8296296296296295,0.8296296296296295,12.266666666666667,12.0,empirical group EESR,disabled,20260929,69b1b200c29ca42626fc4cdc7d32551c9524e8f9
orgAInoid_RPE_Final,E009,gates_full,0.3,0.3,90,88,42,0.4772727272727273,0.4772727272727273,0.0,0.9777777777777776,0.0222222222222222,0.811111111111111,0.8295454545454546,13.6,12.0,empirical group EESR,enabled,20260929,69b1b200c29ca42626fc4cdc7d32551c9524e8f9
orgAInoid_RPE_Final,E010,full_protocol,none,,92,0,0,0.0,0.0,0.0,0.0,0.0,0.0,0.0,72.0,72.0,empirical group EESR,disabled,20260929,69b1b200c29ca42626fc4cdc7d32551c9524e8f9
orgAInoid_RPE_Final,E010,fixed_time,12.0,,92,92,17,0.1847826086956521,0.1304347826086956,0.0543478260869565,1.0,0.0,0.833333333333333,0.833333333333333,12.0,12.0,empirical group EESR,disabled,20260929,69b1b200c29ca42626fc4cdc7d32551c9524e8f9
orgAInoid_RPE_Final,E010,fixed_time,24.0,,92,92,23,0.25,0.217391304347826,0.0326086956521739,1.0,0.0,0.6666666666666666,0.6666666666666666,24.0,24.0,empirical group EESR,disabled,20260929,69b1b200c29ca42626fc4cdc7d32551c9524e8f9
orgAInoid_RPE_Final,E010,fixed_time,36.0,,92,92,29,0.3152173913043478,0.1304347826086956,0.1847826086956521,1.0,0.0,0.5,0.5,36.0,36.0,empirical group EESR,disabled,20260929,69b1b200c29ca42626fc4cdc7d32551c9524e8f9
orgAInoid_RPE_Final,E010,fixed_time,48.0,,92,92,25,0.2717391304347826,0.2608695652173913,0.0108695652173913,1.0,0.0,0.3333333333333333,0.3333333333333333,48.0,48.0,empirical group EESR,disabled,20260929,69b1b200c29ca42626fc4cdc7d32551c9524e8f9
orgAInoid_RPE_Final,E010,fixed_time,60.0,,92,92,14,0.1521739130434782,0.1413043478260869,0.0108695652173913,1.0,0.0,0.1666666666666666,0.1666666666666666,60.0,60.0,empirical group EESR,disabled,20260929,69b1b200c29ca42626fc4cdc7d32551c9524e8f9
orgAInoid_RPE_Final,E010,naive_confidence,0.5,,92,92,17,0.1847826086956521,0.1304347826086956,0.0543478260869565,1.0,0.0,0.833333333333333,0.833333333333333,12.0,12.0,empirical group EESR,disabled,20260929,69b1b200c29ca42626fc4cdc7d32551c9524e8f9
orgAInoid_RPE_Final,E010,naive_confidence,0.6,,92,92,16,0.1739130434782608,0.1521739130434782,0.0217391304347826,1.0,0.0,0.8025362318840578,0.8025362318840578,14.217391304347826,12.0,empirical group EESR,disabled,20260929,69b1b200c29ca42626fc4cdc7d32551c9524e8f9
orgAInoid_RPE_Final,E010,naive_confidence,0.7,,92,92,16,0.1739130434782608,0.1630434782608695,0.0108695652173913,1.0,0.0,0.7554347826086957,0.7554347826086957,17.608695652173914,12.0,empirical group EESR,disabled,20260929,69b1b200c29ca42626fc4cdc7d32551c9524e8f9
orgAInoid_RPE_Final,E010,naive_confidence,0.8,,92,92,15,0.1630434782608695,0.1630434782608695,0.0,1.0,0.0,0.6503623188405798,0.6503623188405798,25.17391304347826,24.0,empirical group EESR,disabled,20260929,69b1b200c29ca42626fc4cdc7d32551c9524e8f9
orgAInoid_RPE_Final,E010,naive_confidence,0.9,,92,79,14,0.1772151898734177,0.1645569620253164,0.0126582278481012,0.8586956521739131,0.0,0.5090579710144928,0.5928270042194093,35.34782608695652,24.0,empirical group EESR,disabled,20260929,69b1b200c29ca42626fc4cdc7d32551c9524e8f9
orgAInoid_RPE_Final,E010,naive_confidence,0.95,,92,67,9,0.1343283582089552,0.1194029850746268,0.0149253731343283,0.7282608695652174,0.0,0.3532608695652174,0.4850746268656716,46.56521739130435,48.0,empirical group EESR,disabled,20260929,69b1b200c29ca42626fc4cdc7d32551c9524e8f9
orgAInoid_RPE_Final,E010,naive_confidence,0.975,,92,52,5,0.0961538461538461,0.0769230769230769,0.0192307692307692,0.5652173913043478,0.0,0.2228260869565217,0.3942307692307691,55.95652173913044,48.0,empirical group EESR,disabled,20260929,69b1b200c29ca42626fc4cdc7d32551c9524e8f9
orgAInoid_RPE_Final,E010,naive_confidence,0.99,,92,31,1,0.032258064516129,0.0,0.032258064516129,0.3369565217391304,0.0,0.1032608695652173,0.3064516129032257,64.56521739130434,72.0,empirical group EESR,disabled,20260929,69b1b200c29ca42626fc4cdc7d32551c9524e8f9
orgAInoid_RPE_Final,E010,calibrated_non_group,0.02,0.02,92,37,0,0.0,0.0,0.0,0.4021739130434782,0.0,0.1014492753623188,0.2522522522522522,64.69565217391305,72.0,empirical group EESR,disabled,20260929,69b1b200c29ca42626fc4cdc7d32551c9524e8f9
orgAInoid_RPE_Final,E010,cbes_style,0.02,0.02,92,0,0,0.0,0.0,0.0,0.0,0.0,0.0,0.0,72.0,72.0,empirical group EESR,disabled,20260929,69b1b200c29ca42626fc4cdc7d32551c9524e8f9
orgAInoid_RPE_Final,E010,gates_without_ood,0.02,0.02,92,34,0,0.0,0.0,0.0,0.3695652173913043,0.0,0.0615942028985507,0.1666666666666666,67.56521739130434,72.0,empirical group EESR,disabled,20260929,69b1b200c29ca42626fc4cdc7d32551c9524e8f9
orgAInoid_RPE_Final,E010,gates_full,0.02,0.02,92,34,0,0.0,0.0,0.0,0.3695652173913043,0.0,0.0615942028985507,0.1666666666666666,67.56521739130434,72.0,empirical group EESR,enabled,20260929,69b1b200c29ca42626fc4cdc7d32551c9524e8f9
orgAInoid_RPE_Final,E010,calibrated_non_group,0.05,0.05,92,59,2,0.0338983050847457,0.0338983050847457,0.0,0.6413043478260869,0.0,0.1666666666666666,0.2598870056497175,60.0,60.0,empirical group EESR,disabled,20260929,69b1b200c29ca42626fc4cdc7d32551c9524e8f9
orgAInoid_RPE_Final,E010,cbes_style,0.05,0.05,92,80,9,0.1125,0.1125,0.0,0.8695652173913043,0.0,0.144927536231884,0.1666666666666666,61.56521739130435,60.0,empirical group EESR,disabled,20260929,69b1b200c29ca42626fc4cdc7d32551c9524e8f9
orgAInoid_RPE_Final,E010,gates_without_ood,0.05,0.05,92,34,0,0.0,0.0,0.0,0.3695652173913043,0.0,0.0615942028985507,0.1666666666666666,67.56521739130434,72.0,empirical group EESR,disabled,20260929,69b1b200c29ca42626fc4cdc7d32551c9524e8f9
orgAInoid_RPE_Final,E010,gates_full,0.05,0.05,92,34,0,0.0,0.0,0.0,0.3695652173913043,0.0,0.0615942028985507,0.1666666666666666,67.56521739130434,72.0,empirical group EESR,enabled,20260929,69b1b200c29ca42626fc4cdc7d32551c9524e8f9
orgAInoid_RPE_Final,E010,calibrated_non_group,0.1,0.1,92,53,5,0.0943396226415094,0.0943396226415094,0.0,0.5760869565217391,0.0,0.2409420289855071,0.4182389937106917,54.65217391304348,48.0,empirical group EESR,disabled,20260929,69b1b200c29ca42626fc4cdc7d32551c9524e8f9
orgAInoid_RPE_Final,E010,cbes_style,0.1,0.1,92,91,21,0.2307692307692307,0.2197802197802197,0.0109890109890109,0.9891304347826086,0.0,0.3152173913043478,0.3186813186813186,49.30434782608695,48.0,empirical group EESR,disabled,20260929,69b1b200c29ca42626fc4cdc7d32551c9524e8f9
orgAInoid_RPE_Final,E010,gates_without_ood,0.1,0.1,92,43,0,0.0,0.0,0.0,0.4673913043478261,0.0,0.0778985507246377,0.1666666666666666,66.3913043478261,72.0,empirical group EESR,disabled,20260929,69b1b200c29ca42626fc4cdc7d32551c9524e8f9
orgAInoid_RPE_Final,E010,gates_full,0.1,0.1,92,43,0,0.0,0.0,0.0,0.4673913043478261,0.0,0.0778985507246377,0.1666666666666666,66.3913043478261,72.0,empirical group EESR,enabled,20260929,69b1b200c29ca42626fc4cdc7d32551c9524e8f9
orgAInoid_RPE_Final,E010,calibrated_non_group,0.15,0.15,92,82,9,0.1097560975609756,0.1097560975609756,0.0,0.8913043478260869,0.0,0.3623188405797102,0.4065040650406505,45.91304347826087,54.0,empirical group EESR,disabled,20260929,69b1b200c29ca42626fc4cdc7d32551c9524e8f9
orgAInoid_RPE_Final,E010,cbes_style,0.15,0.15,92,91,20,0.2197802197802197,0.1978021978021978,0.0219780219780219,0.9891304347826086,0.0,0.576086956521739,0.5824175824175823,30.52173913043478,24.0,empirical group EESR,disabled,20260929,69b1b200c29ca42626fc4cdc7d32551c9524e8f9
orgAInoid_RPE_Final,E010,gates_without_ood,0.15,0.15,92,70,3,0.0428571428571428,0.0428571428571428,0.0,0.7608695652173914,0.0,0.1847826086956521,0.2428571428571428,58.69565217391305,60.0,empirical group EESR,disabled,20260929,69b1b200c29ca42626fc4cdc7d32551c9524e8f9
orgAInoid_RPE_Final,E010,gates_full,0.15,0.15,92,69,3,0.0434782608695652,0.0434782608695652,0.0,0.75,0.0108695652173913,0.181159420289855,0.2415458937198067,58.95652173913044,60.0,empirical group EESR,enabled,20260929,69b1b200c29ca42626fc4cdc7d32551c9524e8f9
orgAInoid_RPE_Final,E010,calibrated_non_group,0.2,0.2,92,92,20,0.217391304347826,0.217391304347826,0.0,1.0,0.0,0.5108695652173914,0.5108695652173914,35.21739130434783,48.0,empirical group EESR,disabled,20260929,69b1b200c29ca42626fc4cdc7d32551c9524e8f9
orgAInoid_RPE_Final,E010,cbes_style,0.2,0.2,92,91,20,0.2197802197802197,0.1978021978021978,0.0219780219780219,0.9891304347826086,0.0,0.576086956521739,0.5824175824175823,30.52173913043478,24.0,empirical group EESR,disabled,20260929,69b1b200c29ca42626fc4cdc7d32551c9524e8f9
orgAInoid_RPE_Final,E010,gates_without_ood,0.2,0.2,92,92,25,0.2717391304347826,0.2608695652173913,0.0108695652173913,1.0,0.0,0.3333333333333333,0.3333333333333333,48.0,48.0,empirical group EESR,disabled,20260929,69b1b200c29ca42626fc4cdc7d32551c9524e8f9
orgAInoid_RPE_Final,E010,gates_full,0.2,0.2,92,90,24,0.2666666666666666,0.2555555555555555,0.0111111111111111,0.9782608695652174,0.0217391304347826,0.3260869565217391,0.3333333333333333,48.52173913043478,48.0,empirical group EESR,enabled,20260929,69b1b200c29ca42626fc4cdc7d32551c9524e8f9
orgAInoid_RPE_Final,E010,calibrated_non_group,0.3,0.3,92,92,20,0.217391304347826,0.1956521739130435,0.0217391304347826,1.0,0.0,0.7518115942028986,0.7518115942028986,17.869565217391305,12.0,empirical group EESR,disabled,20260929,69b1b200c29ca42626fc4cdc7d32551c9524e8f9
orgAInoid_RPE_Final,E010,cbes_style,0.3,0.3,92,92,16,0.1739130434782608,0.1521739130434782,0.0217391304347826,1.0,0.0,0.7554347826086957,0.7554347826086957,17.608695652173914,12.0,empirical group EESR,disabled,20260929,69b1b200c29ca42626fc4cdc7d32551c9524e8f9
orgAInoid_RPE_Final,E010,gates_without_ood,0.3,0.3,92,92,25,0.2717391304347826,0.2608695652173913,0.0108695652173913,1.0,0.0,0.3333333333333333,0.3333333333333333,48.0,48.0,empirical group EESR,disabled,20260929,69b1b200c29ca42626fc4cdc7d32551c9524e8f9
orgAInoid_RPE_Final,E010,gates_full,0.3,0.3,92,90,24,0.2666666666666666,0.2555555555555555,0.0111111111111111,0.9782608695652174,0.0217391304347826,0.3260869565217391,0.3333333333333333,48.52173913043478,48.0,empirical group EESR,enabled,20260929,69b1b200c29ca42626fc4cdc7d32551c9524e8f9
orgAInoid_RPE_Final,E011,full_protocol,none,,90,0,0,0.0,0.0,0.0,0.0,0.0,0.0,0.0,72.0,72.0,empirical group EESR,disabled,20260929,69b1b200c29ca42626fc4cdc7d32551c9524e8f9
orgAInoid_RPE_Final,E011,fixed_time,12.0,,90,90,31,0.3444444444444444,0.0888888888888888,0.2555555555555555,1.0,0.0,0.8333333333333331,0.8333333333333331,12.0,12.0,empirical group EESR,disabled,20260929,69b1b200c29ca42626fc4cdc7d32551c9524e8f9
orgAInoid_RPE_Final,E011,fixed_time,24.0,,90,90,20,0.2222222222222222,0.0555555555555555,0.1666666666666666,1.0,0.0,0.6666666666666666,0.6666666666666666,24.0,24.0,empirical group EESR,disabled,20260929,69b1b200c29ca42626fc4cdc7d32551c9524e8f9
orgAInoid_RPE_Final,E011,fixed_time,36.0,,90,90,36,0.4,0.0888888888888888,0.3111111111111111,1.0,0.0,0.5,0.5,36.0,36.0,empirical group EESR,disabled,20260929,69b1b200c29ca42626fc4cdc7d32551c9524e8f9
orgAInoid_RPE_Final,E011,fixed_time,48.0,,90,90,18,0.2,0.0777777777777777,0.1222222222222222,1.0,0.0,0.3333333333333333,0.3333333333333333,48.0,48.0,empirical group EESR,disabled,20260929,69b1b200c29ca42626fc4cdc7d32551c9524e8f9
orgAInoid_RPE_Final,E011,fixed_time,60.0,,90,90,10,0.1111111111111111,0.0444444444444444,0.0666666666666666,1.0,0.0,0.1666666666666666,0.1666666666666666,60.0,60.0,empirical group EESR,disabled,20260929,69b1b200c29ca42626fc4cdc7d32551c9524e8f9
orgAInoid_RPE_Final,E011,naive_confidence,0.5,,90,90,31,0.3444444444444444,0.0888888888888888,0.2555555555555555,1.0,0.0,0.8333333333333331,0.8333333333333331,12.0,12.0,empirical group EESR,disabled,20260929,69b1b200c29ca42626fc4cdc7d32551c9524e8f9
orgAInoid_RPE_Final,E011,naive_confidence,0.6,,90,90,27,0.3,0.0555555555555555,0.2444444444444444,1.0,0.0,0.809259259259259,0.809259259259259,13.733333333333333,12.0,empirical group EESR,disabled,20260929,69b1b200c29ca42626fc4cdc7d32551c9524e8f9
orgAInoid_RPE_Final,E011,naive_confidence,0.7,,90,87,21,0.2413793103448276,0.057471264367816,0.1839080459770115,0.9666666666666668,0.0,0.7166666666666666,0.7413793103448276,20.4,12.0,empirical group EESR,disabled,20260929,69b1b200c29ca42626fc4cdc7d32551c9524e8f9
orgAInoid_RPE_Final,E011,naive_confidence,0.8,,90,81,17,0.2098765432098765,0.0617283950617283,0.1481481481481481,0.9,0.0,0.5944444444444444,0.6604938271604939,29.2,24.0,empirical group EESR,disabled,20260929,69b1b200c29ca42626fc4cdc7d32551c9524e8f9
orgAInoid_RPE_Final,E011,naive_confidence,0.9,,90,63,9,0.1428571428571428,0.0317460317460317,0.1111111111111111,0.7,0.0,0.3907407407407407,0.5582010582010583,43.86666666666667,48.0,empirical group EESR,disabled,20260929,69b1b200c29ca42626fc4cdc7d32551c9524e8f9
orgAInoid_RPE_Final,E011,naive_confidence,0.95,,90,48,3,0.0625,0.0208333333333333,0.0416666666666666,0.5333333333333333,0.0,0.2481481481481481,0.4652777777777778,54.13333333333333,60.0,empirical group EESR,disabled,20260929,69b1b200c29ca42626fc4cdc7d32551c9524e8f9
orgAInoid_RPE_Final,E011,naive_confidence,0.975,,90,36,1,0.0277777777777777,0.0,0.0277777777777777,0.4,0.0,0.1425925925925925,0.3564814814814815,61.733333333333334,72.0,empirical group EESR,disabled,20260929,69b1b200c29ca42626fc4cdc7d32551c9524e8f9
orgAInoid_RPE_Final,E011,naive_confidence,0.99,,90,19,1,0.0526315789473684,0.0,0.0526315789473684,0.2111111111111111,0.0,0.0611111111111111,0.2894736842105263,67.6,72.0,empirical group EESR,disabled,20260929,69b1b200c29ca42626fc4cdc7d32551c9524e8f9
orgAInoid_RPE_Final,E011,calibrated_non_group,0.02,0.02,90,28,0,0.0,0.0,0.0,0.3111111111111111,0.0,0.0981481481481481,0.3154761904761905,64.93333333333334,72.0,empirical group EESR,disabled,20260929,69b1b200c29ca42626fc4cdc7d32551c9524e8f9
orgAInoid_RPE_Final,E011,cbes_style,0.02,0.02,90,0,0,0.0,0.0,0.0,0.0,0.0,0.0,0.0,72.0,72.0,empirical group EESR,disabled,20260929,69b1b200c29ca42626fc4cdc7d32551c9524e8f9
orgAInoid_RPE_Final,E011,gates_without_ood,0.02,0.02,90,25,0,0.0,0.0,0.0,0.2777777777777778,0.0,0.0925925925925925,0.3333333333333333,65.33333333333333,72.0,empirical group EESR,disabled,20260929,69b1b200c29ca42626fc4cdc7d32551c9524e8f9
orgAInoid_RPE_Final,E011,gates_full,0.02,0.02,90,24,0,0.0,0.0,0.0,0.2666666666666666,0.0111111111111111,0.0888888888888888,0.3333333333333333,65.6,72.0,empirical group EESR,enabled,20260929,69b1b200c29ca42626fc4cdc7d32551c9524e8f9
orgAInoid_RPE_Final,E011,calibrated_non_group,0.05,0.05,90,55,1,0.0181818181818181,0.0181818181818181,0.0,0.6111111111111112,0.0,0.1537037037037037,0.2515151515151514,60.93333333333333,60.0,empirical group EESR,disabled,20260929,69b1b200c29ca42626fc4cdc7d32551c9524e8f9
orgAInoid_RPE_Final,E011,cbes_style,0.05,0.05,90,0,0,0.0,0.0,0.0,0.0,0.0,0.0,0.0,72.0,72.0,empirical group EESR,disabled,20260929,69b1b200c29ca42626fc4cdc7d32551c9524e8f9
orgAInoid_RPE_Final,E011,gates_without_ood,0.05,0.05,90,25,0,0.0,0.0,0.0,0.2777777777777778,0.0,0.0925925925925925,0.3333333333333333,65.33333333333333,72.0,empirical group EESR,disabled,20260929,69b1b200c29ca42626fc4cdc7d32551c9524e8f9
orgAInoid_RPE_Final,E011,gates_full,0.05,0.05,90,24,0,0.0,0.0,0.0,0.2666666666666666,0.0111111111111111,0.0888888888888888,0.3333333333333333,65.6,72.0,empirical group EESR,enabled,20260929,69b1b200c29ca42626fc4cdc7d32551c9524e8f9
orgAInoid_RPE_Final,E011,calibrated_non_group,0.1,0.1,90,84,15,0.1785714285714285,0.0714285714285714,0.1071428571428571,0.9333333333333332,0.0,0.3907407407407407,0.4186507936507938,43.86666666666667,48.0,empirical group EESR,disabled,20260929,69b1b200c29ca42626fc4cdc7d32551c9524e8f9
orgAInoid_RPE_Final,E011,cbes_style,0.1,0.1,90,0,0,0.0,0.0,0.0,0.0,0.0,0.0,0.0,72.0,72.0,empirical group EESR,disabled,20260929,69b1b200c29ca42626fc4cdc7d32551c9524e8f9
orgAInoid_RPE_Final,E011,gates_without_ood,0.1,0.1,90,54,1,0.0185185185185185,0.0185185185185185,0.0,0.6,0.0,0.1518518518518518,0.2530864197530864,61.06666666666667,60.0,empirical group EESR,disabled,20260929,69b1b200c29ca42626fc4cdc7d32551c9524e8f9
orgAInoid_RPE_Final,E011,gates_full,0.1,0.1,90,52,1,0.0192307692307692,0.0192307692307692,0.0,0.5777777777777777,0.0222222222222222,0.1462962962962963,0.2532051282051282,61.46666666666667,60.0,empirical group EESR,enabled,20260929,69b1b200c29ca42626fc4cdc7d32551c9524e8f9
orgAInoid_RPE_Final,E011,calibrated_non_group,0.15,0.15,90,85,14,0.1647058823529411,0.0705882352941176,0.0941176470588235,0.9444444444444444,0.0,0.424074074074074,0.4490196078431374,41.46666666666667,48.0,empirical group EESR,disabled,20260929,69b1b200c29ca42626fc4cdc7d32551c9524e8f9
orgAInoid_RPE_Final,E011,cbes_style,0.15,0.15,90,0,0,0.0,0.0,0.0,0.0,0.0,0.0,0.0,72.0,72.0,empirical group EESR,disabled,20260929,69b1b200c29ca42626fc4cdc7d32551c9524e8f9
orgAInoid_RPE_Final,E011,gates_without_ood,0.15,0.15,90,71,5,0.0704225352112676,0.028169014084507,0.0422535211267605,0.7888888888888889,0.0,0.2333333333333333,0.2957746478873239,55.2,48.0,empirical group EESR,disabled,20260929,69b1b200c29ca42626fc4cdc7d32551c9524e8f9
orgAInoid_RPE_Final,E011,gates_full,0.15,0.15,90,67,4,0.0597014925373134,0.0298507462686567,0.0298507462686567,0.7444444444444445,0.0444444444444444,0.2203703703703703,0.2960199004975125,56.13333333333333,48.0,empirical group EESR,enabled,20260929,69b1b200c29ca42626fc4cdc7d32551c9524e8f9
orgAInoid_RPE_Final,E011,calibrated_non_group,0.2,0.2,90,90,34,0.3777777777777777,0.0777777777777777,0.3,1.0,0.0,0.6092592592592593,0.6092592592592593,28.133333333333333,36.0,empirical group EESR,disabled,20260929,69b1b200c29ca42626fc4cdc7d32551c9524e8f9
orgAInoid_RPE_Final,E011,cbes_style,0.2,0.2,90,80,9,0.1125,0.05,0.0625,0.8888888888888888,0.0,0.2777777777777778,0.3125,52.0,48.0,empirical group EESR,disabled,20260929,69b1b200c29ca42626fc4cdc7d32551c9524e8f9
orgAInoid_RPE_Final,E011,gates_without_ood,0.2,0.2,90,90,18,0.2,0.0777777777777777,0.1222222222222222,1.0,0.0,0.3333333333333333,0.3333333333333333,48.0,48.0,empirical group EESR,disabled,20260929,69b1b200c29ca42626fc4cdc7d32551c9524e8f9
orgAInoid_RPE_Final,E011,gates_full,0.2,0.2,90,83,16,0.1927710843373494,0.0843373493975903,0.108433734939759,0.9222222222222224,0.0777777777777777,0.3074074074074074,0.3333333333333333,49.86666666666667,48.0,empirical group EESR,enabled,20260929,69b1b200c29ca42626fc4cdc7d32551c9524e8f9
orgAInoid_RPE_Final,E011,calibrated_non_group,0.3,0.3,90,90,19,0.2111111111111111,0.0555555555555555,0.1555555555555555,1.0,0.0,0.7,0.7,21.6,24.0,empirical group EESR,disabled,20260929,69b1b200c29ca42626fc4cdc7d32551c9524e8f9
orgAInoid_RPE_Final,E011,cbes_style,0.3,0.3,90,80,9,0.1125,0.05,0.0625,0.8888888888888888,0.0,0.2777777777777778,0.3125,52.0,48.0,empirical group EESR,disabled,20260929,69b1b200c29ca42626fc4cdc7d32551c9524e8f9
orgAInoid_RPE_Final,E011,gates_without_ood,0.3,0.3,90,90,36,0.4,0.0888888888888888,0.3111111111111111,1.0,0.0,0.5,0.5,36.0,36.0,empirical group EESR,disabled,20260929,69b1b200c29ca42626fc4cdc7d32551c9524e8f9
orgAInoid_RPE_Final,E011,gates_full,0.3,0.3,90,86,36,0.4186046511627907,0.0930232558139534,0.3255813953488372,0.9555555555555556,0.0444444444444444,0.4777777777777778,0.5,37.6,36.0,empirical group EESR,enabled,20260929,69b1b200c29ca42626fc4cdc7d32551c9524e8f9
orgAInoid_RPE_Final,E012,full_protocol,none,,77,0,0,0.0,0.0,0.0,0.0,0.0,0.0,0.0,72.0,72.0,empirical group EESR,disabled,20260929,69b1b200c29ca42626fc4cdc7d32551c9524e8f9
orgAInoid_RPE_Final,E012,fixed_time,12.0,,77,77,42,0.5454545454545454,0.0259740259740259,0.5194805194805194,1.0,0.0,0.8333333333333334,0.8333333333333334,12.0,12.0,empirical group EESR,disabled,20260929,69b1b200c29ca42626fc4cdc7d32551c9524e8f9
orgAInoid_RPE_Final,E012,fixed_time,24.0,,77,77,33,0.4285714285714285,0.3246753246753247,0.1038961038961039,1.0,0.0,0.6666666666666665,0.6666666666666665,24.0,24.0,empirical group EESR,disabled,20260929,69b1b200c29ca42626fc4cdc7d32551c9524e8f9
orgAInoid_RPE_Final,E012,fixed_time,36.0,,77,77,21,0.2727272727272727,0.1558441558441558,0.1168831168831168,1.0,0.0,0.5,0.5,36.0,36.0,empirical group EESR,disabled,20260929,69b1b200c29ca42626fc4cdc7d32551c9524e8f9
orgAInoid_RPE_Final,E012,fixed_time,48.0,,77,77,14,0.1818181818181818,0.1558441558441558,0.0259740259740259,1.0,0.0,0.3333333333333332,0.3333333333333332,48.0,48.0,empirical group EESR,disabled,20260929,69b1b200c29ca42626fc4cdc7d32551c9524e8f9
orgAInoid_RPE_Final,E012,fixed_time,60.0,,77,77,13,0.1688311688311688,0.1558441558441558,0.0129870129870129,1.0,0.0,0.1666666666666666,0.1666666666666666,60.0,60.0,empirical group EESR,disabled,20260929,69b1b200c29ca42626fc4cdc7d32551c9524e8f9
orgAInoid_RPE_Final,E012,naive_confidence,0.5,,77,77,42,0.5454545454545454,0.0259740259740259,0.5194805194805194,1.0,0.0,0.8333333333333334,0.8333333333333334,12.0,12.0,empirical group EESR,disabled,20260929,69b1b200c29ca42626fc4cdc7d32551c9524e8f9
orgAInoid_RPE_Final,E012,naive_confidence,0.6,,77,77,40,0.5194805194805194,0.0779220779220779,0.4415584415584415,1.0,0.0,0.8073593073593073,0.8073593073593073,13.87012987012987,12.0,empirical group EESR,disabled,20260929,69b1b200c29ca42626fc4cdc7d32551c9524e8f9
orgAInoid_RPE_Final,E012,naive_confidence,0.7,,77,77,37,0.4805194805194805,0.1428571428571428,0.3376623376623376,1.0,0.0,0.7792207792207793,0.7792207792207793,15.896103896103895,12.0,empirical group EESR,disabled,20260929,69b1b200c29ca42626fc4cdc7d32551c9524e8f9
orgAInoid_RPE_Final,E012,naive_confidence,0.8,,77,77,39,0.5064935064935064,0.2337662337662337,0.2727272727272727,1.0,0.0,0.7186147186147186,0.7186147186147186,20.25974025974026,24.0,empirical group EESR,disabled,20260929,69b1b200c29ca42626fc4cdc7d32551c9524e8f9
orgAInoid_RPE_Final,E012,naive_confidence,0.9,,77,64,30,0.46875,0.328125,0.140625,0.8311688311688312,0.0,0.5,0.6015625,36.0,24.0,empirical group EESR,disabled,20260929,69b1b200c29ca42626fc4cdc7d32551c9524e8f9
orgAInoid_RPE_Final,E012,naive_confidence,0.95,,77,49,18,0.3673469387755102,0.3265306122448979,0.0408163265306122,0.6363636363636364,0.0,0.3311688311688311,0.5204081632653061,48.15584415584416,48.0,empirical group EESR,disabled,20260929,69b1b200c29ca42626fc4cdc7d32551c9524e8f9
orgAInoid_RPE_Final,E012,naive_confidence,0.975,,77,32,10,0.3125,0.3125,0.0,0.4155844155844156,0.0,0.2077922077922077,0.4999999999999999,57.03896103896104,72.0,empirical group EESR,disabled,20260929,69b1b200c29ca42626fc4cdc7d32551c9524e8f9
orgAInoid_RPE_Final,E012,naive_confidence,0.99,,77,12,4,0.3333333333333333,0.3333333333333333,0.0,0.1558441558441558,0.0,0.0865800865800865,0.5555555555555557,65.76623376623377,72.0,empirical group EESR,disabled,20260929,69b1b200c29ca42626fc4cdc7d32551c9524e8f9
orgAInoid_RPE_Final,E012,calibrated_non_group,0.02,0.02,77,43,6,0.1395348837209302,0.1395348837209302,0.0,0.5584415584415584,0.0,0.1753246753246753,0.3139534883720931,59.37662337662338,60.0,empirical group EESR,disabled,20260929,69b1b200c29ca42626fc4cdc7d32551c9524e8f9
orgAInoid_RPE_Final,E012,cbes_style,0.02,0.02,77,71,12,0.1690140845070422,0.1549295774647887,0.0140845070422535,0.922077922077922,0.0,0.3073593073593073,0.3333333333333332,49.87012987012987,48.0,empirical group EESR,disabled,20260929,69b1b200c29ca42626fc4cdc7d32551c9524e8f9
orgAInoid_RPE_Final,E012,gates_without_ood,0.02,0.02,77,0,0,0.0,0.0,0.0,0.0,0.0,0.0,0.0,72.0,72.0,empirical group EESR,disabled,20260929,69b1b200c29ca42626fc4cdc7d32551c9524e8f9
orgAInoid_RPE_Final,E012,gates_full,0.02,0.02,77,0,0,0.0,0.0,0.0,0.0,0.0,0.0,0.0,72.0,72.0,empirical group EESR,enabled,20260929,69b1b200c29ca42626fc4cdc7d32551c9524e8f9
orgAInoid_RPE_Final,E012,calibrated_non_group,0.05,0.05,77,63,10,0.1587301587301587,0.1587301587301587,0.0,0.8181818181818182,0.0,0.264069264069264,0.3227513227513226,52.98701298701299,48.0,empirical group EESR,disabled,20260929,69b1b200c29ca42626fc4cdc7d32551c9524e8f9
orgAInoid_RPE_Final,E012,cbes_style,0.05,0.05,77,74,17,0.2297297297297297,0.1486486486486486,0.081081081081081,0.961038961038961,0.0,0.3982683982683982,0.4144144144144144,43.324675324675326,48.0,empirical group EESR,disabled,20260929,69b1b200c29ca42626fc4cdc7d32551c9524e8f9
orgAInoid_RPE_Final,E012,gates_without_ood,0.05,0.05,77,43,6,0.1395348837209302,0.1395348837209302,0.0,0.5584415584415584,0.0,0.1753246753246753,0.3139534883720931,59.37662337662338,60.0,empirical group EESR,disabled,20260929,69b1b200c29ca42626fc4cdc7d32551c9524e8f9
orgAInoid_RPE_Final,E012,gates_full,0.05,0.05,77,43,6,0.1395348837209302,0.1395348837209302,0.0,0.5584415584415584,0.0,0.1753246753246753,0.3139534883720931,59.37662337662338,60.0,empirical group EESR,enabled,20260929,69b1b200c29ca42626fc4cdc7d32551c9524e8f9
orgAInoid_RPE_Final,E012,calibrated_non_group,0.1,0.1,77,76,30,0.3947368421052631,0.3421052631578947,0.0526315789473684,0.987012987012987,0.0,0.6233766233766231,0.6315789473684209,27.116883116883116,24.0,empirical group EESR,disabled,20260929,69b1b200c29ca42626fc4cdc7d32551c9524e8f9
orgAInoid_RPE_Final,E012,cbes_style,0.1,0.1,77,77,38,0.4935064935064935,0.1168831168831168,0.3766233766233766,1.0,0.0,0.7857142857142858,0.7857142857142858,15.428571428571429,12.0,empirical group EESR,disabled,20260929,69b1b200c29ca42626fc4cdc7d32551c9524e8f9
orgAInoid_RPE_Final,E012,gates_without_ood,0.1,0.1,77,74,28,0.3783783783783784,0.3513513513513513,0.027027027027027,0.961038961038961,0.0,0.5844155844155844,0.6081081081081081,29.92207792207792,24.0,empirical group EESR,disabled,20260929,69b1b200c29ca42626fc4cdc7d32551c9524e8f9
orgAInoid_RPE_Final,E012,gates_full,0.1,0.1,77,71,28,0.3943661971830985,0.3661971830985915,0.028169014084507,0.922077922077922,0.0389610389610389,0.5584415584415583,0.6056338028169013,31.79220779220779,24.0,empirical group EESR,enabled,20260929,69b1b200c29ca42626fc4cdc7d32551c9524e8f9
orgAInoid_RPE_Final,E012,calibrated_non_group,0.15,0.15,77,77,38,0.4935064935064935,0.0909090909090909,0.4025974025974026,1.0,0.0,0.7987012987012987,0.7987012987012987,14.493506493506494,12.0,empirical group EESR,disabled,20260929,69b1b200c29ca42626fc4cdc7d32551c9524e8f9
orgAInoid_RPE_Final,E012,cbes_style,0.15,0.15,77,77,38,0.4935064935064935,0.1168831168831168,0.3766233766233766,1.0,0.0,0.7857142857142858,0.7857142857142858,15.428571428571429,12.0,empirical group EESR,disabled,20260929,69b1b200c29ca42626fc4cdc7d32551c9524e8f9
orgAInoid_RPE_Final,E012,gates_without_ood,0.15,0.15,77,77,33,0.4285714285714285,0.3246753246753247,0.1038961038961039,1.0,0.0,0.6666666666666665,0.6666666666666665,24.0,24.0,empirical group EESR,disabled,20260929,69b1b200c29ca42626fc4cdc7d32551c9524e8f9
orgAInoid_RPE_Final,E012,gates_full,0.15,0.15,77,74,33,0.4459459459459459,0.3378378378378378,0.1081081081081081,0.961038961038961,0.0389610389610389,0.6406926406926405,0.6666666666666666,25.87012987012987,24.0,empirical group EESR,enabled,20260929,69b1b200c29ca42626fc4cdc7d32551c9524e8f9
orgAInoid_RPE_Final,E012,calibrated_non_group,0.2,0.2,77,77,38,0.4935064935064935,0.0909090909090909,0.4025974025974026,1.0,0.0,0.7987012987012987,0.7987012987012987,14.493506493506494,12.0,empirical group EESR,disabled,20260929,69b1b200c29ca42626fc4cdc7d32551c9524e8f9
orgAInoid_RPE_Final,E012,cbes_style,0.2,0.2,77,77,38,0.4935064935064935,0.1168831168831168,0.3766233766233766,1.0,0.0,0.7857142857142858,0.7857142857142858,15.428571428571429,12.0,empirical group EESR,disabled,20260929,69b1b200c29ca42626fc4cdc7d32551c9524e8f9
orgAInoid_RPE_Final,E012,gates_without_ood,0.2,0.2,77,77,38,0.4935064935064935,0.0909090909090909,0.4025974025974026,1.0,0.0,0.7987012987012987,0.7987012987012987,14.493506493506494,12.0,empirical group EESR,disabled,20260929,69b1b200c29ca42626fc4cdc7d32551c9524e8f9
orgAInoid_RPE_Final,E012,gates_full,0.2,0.2,77,75,37,0.4933333333333333,0.0933333333333333,0.4,0.974025974025974,0.0259740259740259,0.7770562770562771,0.7977777777777777,16.051948051948052,12.0,empirical group EESR,enabled,20260929,69b1b200c29ca42626fc4cdc7d32551c9524e8f9
orgAInoid_RPE_Final,E012,calibrated_non_group,0.3,0.3,77,77,42,0.5454545454545454,0.0259740259740259,0.5194805194805194,1.0,0.0,0.8333333333333334,0.8333333333333334,12.0,12.0,empirical group EESR,disabled,20260929,69b1b200c29ca42626fc4cdc7d32551c9524e8f9
orgAInoid_RPE_Final,E012,cbes_style,0.3,0.3,77,77,38,0.4935064935064935,0.1168831168831168,0.3766233766233766,1.0,0.0,0.7857142857142858,0.7857142857142858,15.428571428571429,12.0,empirical group EESR,disabled,20260929,69b1b200c29ca42626fc4cdc7d32551c9524e8f9
orgAInoid_RPE_Final,E012,gates_without_ood,0.3,0.3,77,77,42,0.5454545454545454,0.0259740259740259,0.5194805194805194,1.0,0.0,0.8333333333333334,0.8333333333333334,12.0,12.0,empirical group EESR,disabled,20260929,69b1b200c29ca42626fc4cdc7d32551c9524e8f9
orgAInoid_RPE_Final,E012,gates_full,0.3,0.3,77,75,41,0.5466666666666666,0.0266666666666666,0.52,0.974025974025974,0.0259740259740259,0.8116883116883118,0.8333333333333334,13.558441558441558,12.0,empirical group EESR,enabled,20260929,69b1b200c29ca42626fc4cdc7d32551c9524e8f9
orgAInoid_Lens_Final,E001,full_protocol,none,,80,0,0,0.0,0.0,0.0,0.0,0.0,0.0,0.0,72.0,72.0,empirical group EESR,disabled,20260929,69b1b200c29ca42626fc4cdc7d32551c9524e8f9
orgAInoid_Lens_Final,E001,fixed_time,12.0,,80,80,12,0.15,0.0125,0.1375,1.0,0.0,0.8333333333333333,0.8333333333333333,12.0,12.0,empirical group EESR,disabled,20260929,69b1b200c29ca42626fc4cdc7d32551c9524e8f9
orgAInoid_Lens_Final,E001,fixed_time,24.0,,80,80,18,0.225,0.0125,0.2125,1.0,0.0,0.6666666666666667,0.6666666666666667,24.0,24.0,empirical group EESR,disabled,20260929,69b1b200c29ca42626fc4cdc7d32551c9524e8f9
orgAInoid_Lens_Final,E001,fixed_time,36.0,,80,80,14,0.175,0.0125,0.1625,1.0,0.0,0.5,0.5,36.0,36.0,empirical group EESR,disabled,20260929,69b1b200c29ca42626fc4cdc7d32551c9524e8f9
orgAInoid_Lens_Final,E001,fixed_time,48.0,,80,80,10,0.125,0.025,0.1,1.0,0.0,0.3333333333333333,0.3333333333333333,48.0,48.0,empirical group EESR,disabled,20260929,69b1b200c29ca42626fc4cdc7d32551c9524e8f9
orgAInoid_Lens_Final,E001,fixed_time,60.0,,80,80,15,0.1875,0.025,0.1625,1.0,0.0,0.1666666666666666,0.1666666666666666,60.0,60.0,empirical group EESR,disabled,20260929,69b1b200c29ca42626fc4cdc7d32551c9524e8f9
orgAInoid_Lens_Final,E001,naive_confidence,0.5,,80,80,12,0.15,0.0125,0.1375,1.0,0.0,0.8333333333333333,0.8333333333333333,12.0,12.0,empirical group EESR,disabled,20260929,69b1b200c29ca42626fc4cdc7d32551c9524e8f9
orgAInoid_Lens_Final,E001,naive_confidence,0.6,,80,80,16,0.2,0.0125,0.1875,1.0,0.0,0.8083333333333332,0.8083333333333332,13.8,12.0,empirical group EESR,disabled,20260929,69b1b200c29ca42626fc4cdc7d32551c9524e8f9
orgAInoid_Lens_Final,E001,naive_confidence,0.7,,80,76,13,0.1710526315789473,0.0131578947368421,0.1578947368421052,0.95,0.0,0.73125,0.7697368421052632,19.35,12.0,empirical group EESR,disabled,20260929,69b1b200c29ca42626fc4cdc7d32551c9524e8f9
orgAInoid_Lens_Final,E001,naive_confidence,0.8,,80,66,8,0.1212121212121212,0.0151515151515151,0.106060606060606,0.825,0.0,0.58125,0.7045454545454546,30.15,12.0,empirical group EESR,disabled,20260929,69b1b200c29ca42626fc4cdc7d32551c9524e8f9
orgAInoid_Lens_Final,E001,naive_confidence,0.9,,80,38,3,0.0789473684210526,0.0263157894736842,0.0526315789473684,0.475,0.0,0.3125,0.6578947368421051,49.5,72.0,empirical group EESR,disabled,20260929,69b1b200c29ca42626fc4cdc7d32551c9524e8f9
orgAInoid_Lens_Final,E001,naive_confidence,0.95,,80,18,2,0.1111111111111111,0.0555555555555555,0.0555555555555555,0.225,0.0,0.15,0.6666666666666667,61.2,72.0,empirical group EESR,disabled,20260929,69b1b200c29ca42626fc4cdc7d32551c9524e8f9
orgAInoid_Lens_Final,E001,naive_confidence,0.975,,80,9,0,0.0,0.0,0.0,0.1125,0.0,0.0833333333333333,0.7407407407407408,66.0,72.0,empirical group EESR,disabled,20260929,69b1b200c29ca42626fc4cdc7d32551c9524e8f9
orgAInoid_Lens_Final,E001,naive_confidence,0.99,,80,3,0,0.0,0.0,0.0,0.0375,0.0,0.0270833333333333,0.7222222222222223,70.05,72.0,empirical group EESR,disabled,20260929,69b1b200c29ca42626fc4cdc7d32551c9524e8f9
orgAInoid_Lens_Final,E001,calibrated_non_group,0.02,0.02,80,0,0,0.0,0.0,0.0,0.0,0.0,0.0,0.0,72.0,72.0,empirical group EESR,disabled,20260929,69b1b200c29ca42626fc4cdc7d32551c9524e8f9
orgAInoid_Lens_Final,E001,cbes_style,0.02,0.02,80,0,0,0.0,0.0,0.0,0.0,0.0,0.0,0.0,72.0,72.0,empirical group EESR,disabled,20260929,69b1b200c29ca42626fc4cdc7d32551c9524e8f9
orgAInoid_Lens_Final,E001,gates_without_ood,0.02,0.02,80,0,0,0.0,0.0,0.0,0.0,0.0,0.0,0.0,72.0,72.0,empirical group EESR,disabled,20260929,69b1b200c29ca42626fc4cdc7d32551c9524e8f9
orgAInoid_Lens_Final,E001,gates_full,0.02,0.02,80,0,0,0.0,0.0,0.0,0.0,0.0,0.0,0.0,72.0,72.0,empirical group EESR,enabled,20260929,69b1b200c29ca42626fc4cdc7d32551c9524e8f9
orgAInoid_Lens_Final,E001,calibrated_non_group,0.05,0.05,80,0,0,0.0,0.0,0.0,0.0,0.0,0.0,0.0,72.0,72.0,empirical group EESR,disabled,20260929,69b1b200c29ca42626fc4cdc7d32551c9524e8f9
orgAInoid_Lens_Final,E001,cbes_style,0.05,0.05,80,0,0,0.0,0.0,0.0,0.0,0.0,0.0,0.0,72.0,72.0,empirical group EESR,disabled,20260929,69b1b200c29ca42626fc4cdc7d32551c9524e8f9
orgAInoid_Lens_Final,E001,gates_without_ood,0.05,0.05,80,0,0,0.0,0.0,0.0,0.0,0.0,0.0,0.0,72.0,72.0,empirical group EESR,disabled,20260929,69b1b200c29ca42626fc4cdc7d32551c9524e8f9
orgAInoid_Lens_Final,E001,gates_full,0.05,0.05,80,0,0,0.0,0.0,0.0,0.0,0.0,0.0,0.0,72.0,72.0,empirical group EESR,enabled,20260929,69b1b200c29ca42626fc4cdc7d32551c9524e8f9
orgAInoid_Lens_Final,E001,calibrated_non_group,0.1,0.1,80,0,0,0.0,0.0,0.0,0.0,0.0,0.0,0.0,72.0,72.0,empirical group EESR,disabled,20260929,69b1b200c29ca42626fc4cdc7d32551c9524e8f9
orgAInoid_Lens_Final,E001,cbes_style,0.1,0.1,80,0,0,0.0,0.0,0.0,0.0,0.0,0.0,0.0,72.0,72.0,empirical group EESR,disabled,20260929,69b1b200c29ca42626fc4cdc7d32551c9524e8f9
orgAInoid_Lens_Final,E001,gates_without_ood,0.1,0.1,80,0,0,0.0,0.0,0.0,0.0,0.0,0.0,0.0,72.0,72.0,empirical group EESR,disabled,20260929,69b1b200c29ca42626fc4cdc7d32551c9524e8f9
orgAInoid_Lens_Final,E001,gates_full,0.1,0.1,80,0,0,0.0,0.0,0.0,0.0,0.0,0.0,0.0,72.0,72.0,empirical group EESR,enabled,20260929,69b1b200c29ca42626fc4cdc7d32551c9524e8f9
orgAInoid_Lens_Final,E001,calibrated_non_group,0.15,0.15,80,53,5,0.0943396226415094,0.0188679245283018,0.0754716981132075,0.6625,0.0,0.5520833333333333,0.8333333333333336,32.25,12.0,empirical group EESR,disabled,20260929,69b1b200c29ca42626fc4cdc7d32551c9524e8f9
orgAInoid_Lens_Final,E001,cbes_style,0.15,0.15,80,0,0,0.0,0.0,0.0,0.0,0.0,0.0,0.0,72.0,72.0,empirical group EESR,disabled,20260929,69b1b200c29ca42626fc4cdc7d32551c9524e8f9
orgAInoid_Lens_Final,E001,gates_without_ood,0.15,0.15,80,0,0,0.0,0.0,0.0,0.0,0.0,0.0,0.0,72.0,72.0,empirical group EESR,disabled,20260929,69b1b200c29ca42626fc4cdc7d32551c9524e8f9
orgAInoid_Lens_Final,E001,gates_full,0.15,0.15,80,0,0,0.0,0.0,0.0,0.0,0.0,0.0,0.0,72.0,72.0,empirical group EESR,enabled,20260929,69b1b200c29ca42626fc4cdc7d32551c9524e8f9
orgAInoid_Lens_Final,E001,calibrated_non_group,0.2,0.2,80,80,12,0.15,0.0125,0.1375,1.0,0.0,0.8333333333333333,0.8333333333333333,12.0,12.0,empirical group EESR,disabled,20260929,69b1b200c29ca42626fc4cdc7d32551c9524e8f9
orgAInoid_Lens_Final,E001,cbes_style,0.2,0.2,80,0,0,0.0,0.0,0.0,0.0,0.0,0.0,0.0,72.0,72.0,empirical group EESR,disabled,20260929,69b1b200c29ca42626fc4cdc7d32551c9524e8f9
orgAInoid_Lens_Final,E001,gates_without_ood,0.2,0.2,80,6,0,0.0,0.0,0.0,0.075,0.0,0.0625,0.8333333333333334,67.5,72.0,empirical group EESR,disabled,20260929,69b1b200c29ca42626fc4cdc7d32551c9524e8f9
orgAInoid_Lens_Final,E001,gates_full,0.2,0.2,80,3,0,0.0,0.0,0.0,0.0375,0.0375,0.03125,0.8333333333333334,69.75,72.0,empirical group EESR,enabled,20260929,69b1b200c29ca42626fc4cdc7d32551c9524e8f9
orgAInoid_Lens_Final,E001,calibrated_non_group,0.3,0.3,80,80,12,0.15,0.0125,0.1375,1.0,0.0,0.8333333333333333,0.8333333333333333,12.0,12.0,empirical group EESR,disabled,20260929,69b1b200c29ca42626fc4cdc7d32551c9524e8f9
orgAInoid_Lens_Final,E001,cbes_style,0.3,0.3,80,0,0,0.0,0.0,0.0,0.0,0.0,0.0,0.0,72.0,72.0,empirical group EESR,disabled,20260929,69b1b200c29ca42626fc4cdc7d32551c9524e8f9
orgAInoid_Lens_Final,E001,gates_without_ood,0.3,0.3,80,18,1,0.0555555555555555,0.0555555555555555,0.0,0.225,0.0,0.1875,0.8333333333333335,58.5,72.0,empirical group EESR,disabled,20260929,69b1b200c29ca42626fc4cdc7d32551c9524e8f9
orgAInoid_Lens_Final,E001,gates_full,0.3,0.3,80,14,1,0.0714285714285714,0.0714285714285714,0.0,0.175,0.05,0.1458333333333333,0.8333333333333336,61.5,72.0,empirical group EESR,enabled,20260929,69b1b200c29ca42626fc4cdc7d32551c9524e8f9
orgAInoid_Lens_Final,E002,full_protocol,none,,92,0,0,0.0,0.0,0.0,0.0,0.0,0.0,0.0,72.0,72.0,empirical group EESR,disabled,20260929,69b1b200c29ca42626fc4cdc7d32551c9524e8f9
orgAInoid_Lens_Final,E002,fixed_time,12.0,,92,88,32,0.3636363636363636,0.3295454545454545,0.034090909090909,0.9565217391304348,0.0,0.7971014492753621,0.8333333333333333,14.608695652173912,12.0,empirical group EESR,disabled,20260929,69b1b200c29ca42626fc4cdc7d32551c9524e8f9
orgAInoid_Lens_Final,E002,fixed_time,24.0,,92,88,52,0.5909090909090909,0.5795454545454546,0.0113636363636363,0.9565217391304348,0.0,0.6376811594202898,0.6666666666666667,26.08695652173913,24.0,empirical group EESR,disabled,20260929,69b1b200c29ca42626fc4cdc7d32551c9524e8f9
orgAInoid_Lens_Final,E002,fixed_time,36.0,,92,88,61,0.6931818181818182,0.6818181818181818,0.0113636363636363,0.9565217391304348,0.0,0.4782608695652174,0.5,37.56521739130435,36.0,empirical group EESR,disabled,20260929,69b1b200c29ca42626fc4cdc7d32551c9524e8f9
orgAInoid_Lens_Final,E002,fixed_time,48.0,,92,88,67,0.7613636363636364,0.75,0.0113636363636363,0.9565217391304348,0.0,0.3188405797101449,0.3333333333333333,49.04347826086956,48.0,empirical group EESR,disabled,20260929,69b1b200c29ca42626fc4cdc7d32551c9524e8f9
orgAInoid_Lens_Final,E002,fixed_time,60.0,,92,88,70,0.7954545454545454,0.7840909090909091,0.0113636363636363,0.9565217391304348,0.0,0.1594202898550724,0.1666666666666666,60.52173913043478,60.0,empirical group EESR,disabled,20260929,69b1b200c29ca42626fc4cdc7d32551c9524e8f9
orgAInoid_Lens_Final,E002,naive_confidence,0.5,,92,88,32,0.3636363636363636,0.3295454545454545,0.034090909090909,0.9565217391304348,0.0,0.7971014492753621,0.8333333333333333,14.608695652173912,12.0,empirical group EESR,disabled,20260929,69b1b200c29ca42626fc4cdc7d32551c9524e8f9
orgAInoid_Lens_Final,E002,naive_confidence,0.6,,92,88,36,0.4090909090909091,0.3863636363636363,0.0227272727272727,0.9565217391304348,0.0,0.7735507246376809,0.8087121212121211,16.304347826086957,12.0,empirical group EESR,disabled,20260929,69b1b200c29ca42626fc4cdc7d32551c9524e8f9
orgAInoid_Lens_Final,E002,naive_confidence,0.7,,92,88,38,0.4318181818181818,0.4090909090909091,0.0227272727272727,0.9565217391304348,0.0,0.7463768115942027,0.7803030303030302,18.26086956521739,12.0,empirical group EESR,disabled,20260929,69b1b200c29ca42626fc4cdc7d32551c9524e8f9
orgAInoid_Lens_Final,E002,naive_confidence,0.8,,92,82,41,0.5,0.4756097560975609,0.024390243902439,0.8913043478260869,0.0,0.6666666666666667,0.7479674796747967,24.0,12.0,empirical group EESR,disabled,20260929,69b1b200c29ca42626fc4cdc7d32551c9524e8f9
orgAInoid_Lens_Final,E002,naive_confidence,0.9,,92,64,33,0.515625,0.515625,0.0,0.6956521739130435,0.0,0.5000000000000001,0.71875,36.0,24.0,empirical group EESR,disabled,20260929,69b1b200c29ca42626fc4cdc7d32551c9524e8f9
orgAInoid_Lens_Final,E002,naive_confidence,0.95,,92,43,22,0.5116279069767442,0.5116279069767442,0.0,0.4673913043478261,0.0,0.3460144927536232,0.7403100775193798,47.08695652173913,72.0,empirical group EESR,disabled,20260929,69b1b200c29ca42626fc4cdc7d32551c9524e8f9
orgAInoid_Lens_Final,E002,naive_confidence,0.975,,92,36,17,0.4722222222222222,0.4722222222222222,0.0,0.391304347826087,0.0,0.2844202898550724,0.7268518518518517,51.52173913043478,72.0,empirical group EESR,disabled,20260929,69b1b200c29ca42626fc4cdc7d32551c9524e8f9
orgAInoid_Lens_Final,E002,naive_confidence,0.99,,92,15,8,0.5333333333333333,0.5333333333333333,0.0,0.1630434782608695,0.0,0.1050724637681159,0.6444444444444444,64.43478260869566,72.0,empirical group EESR,disabled,20260929,69b1b200c29ca42626fc4cdc7d32551c9524e8f9
orgAInoid_Lens_Final,E002,calibrated_non_group,0.02,0.02,92,4,2,0.5,0.5,0.0,0.0434782608695652,0.0,0.0344202898550724,0.7916666666666666,69.52173913043478,72.0,empirical group EESR,disabled,20260929,69b1b200c29ca42626fc4cdc7d32551c9524e8f9
orgAInoid_Lens_Final,E002,cbes_style,0.02,0.02,92,0,0,0.0,0.0,0.0,0.0,0.0,0.0,0.0,72.0,72.0,empirical group EESR,disabled,20260929,69b1b200c29ca42626fc4cdc7d32551c9524e8f9
orgAInoid_Lens_Final,E002,gates_without_ood,0.02,0.02,92,0,0,0.0,0.0,0.0,0.0,0.0,0.0,0.0,72.0,72.0,empirical group EESR,disabled,20260929,69b1b200c29ca42626fc4cdc7d32551c9524e8f9
orgAInoid_Lens_Final,E002,gates_full,0.02,0.02,92,0,0,0.0,0.0,0.0,0.0,0.0,0.0,0.0,72.0,72.0,empirical group EESR,enabled,20260929,69b1b200c29ca42626fc4cdc7d32551c9524e8f9
orgAInoid_Lens_Final,E002,calibrated_non_group,0.05,0.05,92,35,13,0.3714285714285714,0.3714285714285714,0.0,0.3804347826086957,0.0,0.3115942028985507,0.8190476190476191,49.56521739130435,72.0,empirical group EESR,disabled,20260929,69b1b200c29ca42626fc4cdc7d32551c9524e8f9
orgAInoid_Lens_Final,E002,cbes_style,0.05,0.05,92,86,38,0.4418604651162791,0.4186046511627907,0.0232558139534883,0.9347826086956522,0.0,0.7300724637681156,0.7810077519379842,19.434782608695652,12.0,empirical group EESR,disabled,20260929,69b1b200c29ca42626fc4cdc7d32551c9524e8f9
orgAInoid_Lens_Final,E002,gates_without_ood,0.05,0.05,92,23,5,0.217391304347826,0.217391304347826,0.0,0.25,0.0,0.2083333333333333,0.8333333333333333,57.0,72.0,empirical group EESR,disabled,20260929,69b1b200c29ca42626fc4cdc7d32551c9524e8f9
orgAInoid_Lens_Final,E002,gates_full,0.05,0.05,92,21,4,0.1904761904761904,0.1904761904761904,0.0,0.2282608695652173,0.0217391304347826,0.1902173913043478,0.8333333333333334,58.30434782608695,72.0,empirical group EESR,enabled,20260929,69b1b200c29ca42626fc4cdc7d32551c9524e8f9
orgAInoid_Lens_Final,E002,calibrated_non_group,0.1,0.1,92,88,38,0.4318181818181818,0.4090909090909091,0.0227272727272727,0.9565217391304348,0.0,0.7518115942028983,0.7859848484848484,17.869565217391305,12.0,empirical group EESR,disabled,20260929,69b1b200c29ca42626fc4cdc7d32551c9524e8f9
orgAInoid_Lens_Final,E002,cbes_style,0.1,0.1,92,86,38,0.4418604651162791,0.4186046511627907,0.0232558139534883,0.9347826086956522,0.0,0.7300724637681156,0.7810077519379842,19.434782608695652,12.0,empirical group EESR,disabled,20260929,69b1b200c29ca42626fc4cdc7d32551c9524e8f9
orgAInoid_Lens_Final,E002,gates_without_ood,0.1,0.1,92,57,27,0.4736842105263157,0.4736842105263157,0.0,0.6195652173913043,0.0,0.4728260869565218,0.7631578947368423,37.95652173913044,24.0,empirical group EESR,disabled,20260929,69b1b200c29ca42626fc4cdc7d32551c9524e8f9
orgAInoid_Lens_Final,E002,gates_full,0.1,0.1,92,55,26,0.4727272727272727,0.4727272727272727,0.0,0.5978260869565217,0.0217391304347826,0.4547101449275362,0.760606060606061,39.26086956521739,24.0,empirical group EESR,enabled,20260929,69b1b200c29ca42626fc4cdc7d32551c9524e8f9
orgAInoid_Lens_Final,E002,calibrated_non_group,0.15,0.15,92,88,38,0.4318181818181818,0.4090909090909091,0.0227272727272727,0.9565217391304348,0.0,0.7536231884057969,0.7878787878787878,17.73913043478261,12.0,empirical group EESR,disabled,20260929,69b1b200c29ca42626fc4cdc7d32551c9524e8f9
orgAInoid_Lens_Final,E002,cbes_style,0.15,0.15,92,86,38,0.4418604651162791,0.4186046511627907,0.0232558139534883,0.9347826086956522,0.0,0.7300724637681156,0.7810077519379842,19.434782608695652,12.0,empirical group EESR,disabled,20260929,69b1b200c29ca42626fc4cdc7d32551c9524e8f9
orgAInoid_Lens_Final,E002,gates_without_ood,0.15,0.15,92,83,46,0.5542168674698795,0.5542168674698795,0.0,0.9021739130434784,0.0,0.6250000000000001,0.6927710843373495,27.0,12.0,empirical group EESR,disabled,20260929,69b1b200c29ca42626fc4cdc7d32551c9524e8f9
orgAInoid_Lens_Final,E002,gates_full,0.15,0.15,92,81,45,0.5555555555555556,0.5555555555555556,0.0,0.8804347826086957,0.0217391304347826,0.6068840579710146,0.6893004115226338,28.304347826086957,18.0,empirical group EESR,enabled,20260929,69b1b200c29ca42626fc4cdc7d32551c9524e8f9
orgAInoid_Lens_Final,E002,calibrated_non_group,0.2,0.2,92,88,32,0.3636363636363636,0.3295454545454545,0.034090909090909,0.9565217391304348,0.0,0.7952898550724635,0.8314393939393938,14.73913043478261,12.0,empirical group EESR,disabled,20260929,69b1b200c29ca42626fc4cdc7d32551c9524e8f9
orgAInoid_Lens_Final,E002,cbes_style,0.2,0.2,92,86,38,0.4418604651162791,0.4186046511627907,0.0232558139534883,0.9347826086956522,0.0,0.7300724637681156,0.7810077519379842,19.434782608695652,12.0,empirical group EESR,disabled,20260929,69b1b200c29ca42626fc4cdc7d32551c9524e8f9
orgAInoid_Lens_Final,E002,gates_without_ood,0.2,0.2,92,88,38,0.4318181818181818,0.4090909090909091,0.0227272727272727,0.9565217391304348,0.0,0.7536231884057969,0.7878787878787878,17.73913043478261,12.0,empirical group EESR,disabled,20260929,69b1b200c29ca42626fc4cdc7d32551c9524e8f9
orgAInoid_Lens_Final,E002,gates_full,0.2,0.2,92,86,37,0.4302325581395348,0.4069767441860465,0.0232558139534883,0.9347826086956522,0.0217391304347826,0.7355072463768113,0.7868217054263564,19.043478260869566,12.0,empirical group EESR,enabled,20260929,69b1b200c29ca42626fc4cdc7d32551c9524e8f9
orgAInoid_Lens_Final,E002,calibrated_non_group,0.3,0.3,92,88,32,0.3636363636363636,0.3295454545454545,0.034090909090909,0.9565217391304348,0.0,0.7952898550724635,0.8314393939393938,14.73913043478261,12.0,empirical group EESR,disabled,20260929,69b1b200c29ca42626fc4cdc7d32551c9524e8f9
orgAInoid_Lens_Final,E002,cbes_style,0.3,0.3,92,86,38,0.4418604651162791,0.4186046511627907,0.0232558139534883,0.9347826086956522,0.0,0.7300724637681156,0.7810077519379842,19.434782608695652,12.0,empirical group EESR,disabled,20260929,69b1b200c29ca42626fc4cdc7d32551c9524e8f9
orgAInoid_Lens_Final,E002,gates_without_ood,0.3,0.3,92,88,32,0.3636363636363636,0.3295454545454545,0.034090909090909,0.9565217391304348,0.0,0.7952898550724635,0.8314393939393938,14.73913043478261,12.0,empirical group EESR,disabled,20260929,69b1b200c29ca42626fc4cdc7d32551c9524e8f9
orgAInoid_Lens_Final,E002,gates_full,0.3,0.3,92,86,31,0.3604651162790697,0.3255813953488372,0.0348837209302325,0.9347826086956522,0.0217391304347826,0.7771739130434779,0.831395348837209,16.043478260869566,12.0,empirical group EESR,enabled,20260929,69b1b200c29ca42626fc4cdc7d32551c9524e8f9
orgAInoid_Lens_Final,E004,full_protocol,none,,96,0,0,0.0,0.0,0.0,0.0,0.0,0.0,0.0,72.0,72.0,empirical group EESR,disabled,20260929,69b1b200c29ca42626fc4cdc7d32551c9524e8f9
orgAInoid_Lens_Final,E004,fixed_time,12.0,,96,96,2,0.0208333333333333,0.0208333333333333,0.0,1.0,0.0,0.8333333333333334,0.8333333333333334,12.0,12.0,empirical group EESR,disabled,20260929,69b1b200c29ca42626fc4cdc7d32551c9524e8f9
orgAInoid_Lens_Final,E004,fixed_time,24.0,,96,96,1,0.0104166666666666,0.0104166666666666,0.0,1.0,0.0,0.6666666666666666,0.6666666666666666,24.0,24.0,empirical group EESR,disabled,20260929,69b1b200c29ca42626fc4cdc7d32551c9524e8f9
orgAInoid_Lens_Final,E004,fixed_time,36.0,,96,96,1,0.0104166666666666,0.0104166666666666,0.0,1.0,0.0,0.5,0.5,36.0,36.0,empirical group EESR,disabled,20260929,69b1b200c29ca42626fc4cdc7d32551c9524e8f9
orgAInoid_Lens_Final,E004,fixed_time,48.0,,96,96,1,0.0104166666666666,0.0104166666666666,0.0,1.0,0.0,0.3333333333333333,0.3333333333333333,48.0,48.0,empirical group EESR,disabled,20260929,69b1b200c29ca42626fc4cdc7d32551c9524e8f9
orgAInoid_Lens_Final,E004,fixed_time,60.0,,96,96,3,0.03125,0.03125,0.0,1.0,0.0,0.1666666666666666,0.1666666666666666,60.0,60.0,empirical group EESR,disabled,20260929,69b1b200c29ca42626fc4cdc7d32551c9524e8f9
orgAInoid_Lens_Final,E004,naive_confidence,0.5,,96,96,2,0.0208333333333333,0.0208333333333333,0.0,1.0,0.0,0.8333333333333334,0.8333333333333334,12.0,12.0,empirical group EESR,disabled,20260929,69b1b200c29ca42626fc4cdc7d32551c9524e8f9
orgAInoid_Lens_Final,E004,naive_confidence,0.6,,96,95,1,0.0105263157894736,0.0105263157894736,0.0,0.9895833333333334,0.0,0.8211805555555557,0.8298245614035085,12.875,12.0,empirical group EESR,disabled,20260929,69b1b200c29ca42626fc4cdc7d32551c9524e8f9
orgAInoid_Lens_Final,E004,naive_confidence,0.7,,96,92,1,0.0108695652173913,0.0108695652173913,0.0,0.9583333333333334,0.0,0.7777777777777777,0.8115942028985504,16.0,12.0,empirical group EESR,disabled,20260929,69b1b200c29ca42626fc4cdc7d32551c9524e8f9
orgAInoid_Lens_Final,E004,naive_confidence,0.8,,96,79,1,0.0126582278481012,0.0126582278481012,0.0,0.8229166666666666,0.0,0.6649305555555555,0.8080168776371309,24.125,12.0,empirical group EESR,disabled,20260929,69b1b200c29ca42626fc4cdc7d32551c9524e8f9
orgAInoid_Lens_Final,E004,naive_confidence,0.9,,96,39,0,0.0,0.0,0.0,0.40625,0.0,0.3194444444444445,0.7863247863247862,49.0,72.0,empirical group EESR,disabled,20260929,69b1b200c29ca42626fc4cdc7d32551c9524e8f9
orgAInoid_Lens_Final,E004,naive_confidence,0.95,,96,15,0,0.0,0.0,0.0,0.15625,0.0,0.1232638888888889,0.7888888888888891,63.125,72.0,empirical group EESR,disabled,20260929,69b1b200c29ca42626fc4cdc7d32551c9524e8f9
orgAInoid_Lens_Final,E004,naive_confidence,0.975,,96,4,0,0.0,0.0,0.0,0.0416666666666666,0.0,0.03125,0.7500000000000001,69.75,72.0,empirical group EESR,disabled,20260929,69b1b200c29ca42626fc4cdc7d32551c9524e8f9
orgAInoid_Lens_Final,E004,naive_confidence,0.99,,96,0,0,0.0,0.0,0.0,0.0,0.0,0.0,0.0,72.0,72.0,empirical group EESR,disabled,20260929,69b1b200c29ca42626fc4cdc7d32551c9524e8f9
orgAInoid_Lens_Final,E004,calibrated_non_group,0.02,0.02,96,0,0,0.0,0.0,0.0,0.0,0.0,0.0,0.0,72.0,72.0,empirical group EESR,disabled,20260929,69b1b200c29ca42626fc4cdc7d32551c9524e8f9
orgAInoid_Lens_Final,E004,cbes_style,0.02,0.02,96,0,0,0.0,0.0,0.0,0.0,0.0,0.0,0.0,72.0,72.0,empirical group EESR,disabled,20260929,69b1b200c29ca42626fc4cdc7d32551c9524e8f9
orgAInoid_Lens_Final,E004,gates_without_ood,0.02,0.02,96,0,0,0.0,0.0,0.0,0.0,0.0,0.0,0.0,72.0,72.0,empirical group EESR,disabled,20260929,69b1b200c29ca42626fc4cdc7d32551c9524e8f9
orgAInoid_Lens_Final,E004,gates_full,0.02,0.02,96,0,0,0.0,0.0,0.0,0.0,0.0,0.0,0.0,72.0,72.0,empirical group EESR,enabled,20260929,69b1b200c29ca42626fc4cdc7d32551c9524e8f9
orgAInoid_Lens_Final,E004,calibrated_non_group,0.05,0.05,96,3,0,0.0,0.0,0.0,0.03125,0.0,0.0260416666666666,0.8333333333333334,70.125,72.0,empirical group EESR,disabled,20260929,69b1b200c29ca42626fc4cdc7d32551c9524e8f9
orgAInoid_Lens_Final,E004,cbes_style,0.05,0.05,96,0,0,0.0,0.0,0.0,0.0,0.0,0.0,0.0,72.0,72.0,empirical group EESR,disabled,20260929,69b1b200c29ca42626fc4cdc7d32551c9524e8f9
orgAInoid_Lens_Final,E004,gates_without_ood,0.05,0.05,96,0,0,0.0,0.0,0.0,0.0,0.0,0.0,0.0,72.0,72.0,empirical group EESR,disabled,20260929,69b1b200c29ca42626fc4cdc7d32551c9524e8f9
orgAInoid_Lens_Final,E004,gates_full,0.05,0.05,96,0,0,0.0,0.0,0.0,0.0,0.0,0.0,0.0,72.0,72.0,empirical group EESR,enabled,20260929,69b1b200c29ca42626fc4cdc7d32551c9524e8f9
orgAInoid_Lens_Final,E004,calibrated_non_group,0.1,0.1,96,14,0,0.0,0.0,0.0,0.1458333333333333,0.0,0.1145833333333333,0.7857142857142858,63.75,72.0,empirical group EESR,disabled,20260929,69b1b200c29ca42626fc4cdc7d32551c9524e8f9
orgAInoid_Lens_Final,E004,cbes_style,0.1,0.1,96,0,0,0.0,0.0,0.0,0.0,0.0,0.0,0.0,72.0,72.0,empirical group EESR,disabled,20260929,69b1b200c29ca42626fc4cdc7d32551c9524e8f9
orgAInoid_Lens_Final,E004,gates_without_ood,0.1,0.1,96,11,0,0.0,0.0,0.0,0.1145833333333333,0.0,0.0815972222222222,0.7121212121212122,66.125,72.0,empirical group EESR,disabled,20260929,69b1b200c29ca42626fc4cdc7d32551c9524e8f9
orgAInoid_Lens_Final,E004,gates_full,0.1,0.1,96,11,0,0.0,0.0,0.0,0.1145833333333333,0.0,0.0815972222222222,0.7121212121212122,66.125,72.0,empirical group EESR,enabled,20260929,69b1b200c29ca42626fc4cdc7d32551c9524e8f9
orgAInoid_Lens_Final,E004,calibrated_non_group,0.15,0.15,96,88,1,0.0113636363636363,0.0113636363636363,0.0,0.9166666666666666,0.0,0.6319444444444445,0.6893939393939394,26.5,24.0,empirical group EESR,disabled,20260929,69b1b200c29ca42626fc4cdc7d32551c9524e8f9
orgAInoid_Lens_Final,E004,cbes_style,0.15,0.15,96,0,0,0.0,0.0,0.0,0.0,0.0,0.0,0.0,72.0,72.0,empirical group EESR,disabled,20260929,69b1b200c29ca42626fc4cdc7d32551c9524e8f9
orgAInoid_Lens_Final,E004,gates_without_ood,0.15,0.15,96,48,1,0.0208333333333333,0.0208333333333333,0.0,0.5,0.0,0.2413194444444444,0.4826388888888889,54.625,66.0,empirical group EESR,disabled,20260929,69b1b200c29ca42626fc4cdc7d32551c9524e8f9
orgAInoid_Lens_Final,E004,gates_full,0.15,0.15,96,48,1,0.0208333333333333,0.0208333333333333,0.0,0.5,0.0,0.2413194444444444,0.4826388888888889,54.625,66.0,empirical group EESR,enabled,20260929,69b1b200c29ca42626fc4cdc7d32551c9524e8f9
orgAInoid_Lens_Final,E004,calibrated_non_group,0.2,0.2,96,95,1,0.0105263157894736,0.0105263157894736,0.0,0.9895833333333334,0.0,0.6805555555555557,0.6877192982456142,23.0,24.0,empirical group EESR,disabled,20260929,69b1b200c29ca42626fc4cdc7d32551c9524e8f9
orgAInoid_Lens_Final,E004,cbes_style,0.2,0.2,96,85,1,0.0117647058823529,0.0117647058823529,0.0,0.8854166666666666,0.0,0.1475694444444444,0.1666666666666666,61.375,60.0,empirical group EESR,disabled,20260929,69b1b200c29ca42626fc4cdc7d32551c9524e8f9
orgAInoid_Lens_Final,E004,gates_without_ood,0.2,0.2,96,89,1,0.0112359550561797,0.0112359550561797,0.0,0.9270833333333334,0.0,0.5798611111111112,0.6254681647940076,30.25,24.0,empirical group EESR,disabled,20260929,69b1b200c29ca42626fc4cdc7d32551c9524e8f9
orgAInoid_Lens_Final,E004,gates_full,0.2,0.2,96,89,1,0.0112359550561797,0.0112359550561797,0.0,0.9270833333333334,0.0,0.5798611111111112,0.6254681647940076,30.25,24.0,empirical group EESR,enabled,20260929,69b1b200c29ca42626fc4cdc7d32551c9524e8f9
orgAInoid_Lens_Final,E004,calibrated_non_group,0.3,0.3,96,96,2,0.0208333333333333,0.0208333333333333,0.0,1.0,0.0,0.8333333333333334,0.8333333333333334,12.0,12.0,empirical group EESR,disabled,20260929,69b1b200c29ca42626fc4cdc7d32551c9524e8f9
orgAInoid_Lens_Final,E004,cbes_style,0.3,0.3,96,95,1,0.0105263157894736,0.0105263157894736,0.0,0.9895833333333334,0.0,0.6527777777777778,0.6596491228070175,25.0,24.0,empirical group EESR,disabled,20260929,69b1b200c29ca42626fc4cdc7d32551c9524e8f9
orgAInoid_Lens_Final,E004,gates_without_ood,0.3,0.3,96,96,1,0.0104166666666666,0.0104166666666666,0.0,1.0,0.0,0.8142361111111112,0.8142361111111112,13.375,12.0,empirical group EESR,disabled,20260929,69b1b200c29ca42626fc4cdc7d32551c9524e8f9
orgAInoid_Lens_Final,E004,gates_full,0.3,0.3,96,96,1,0.0104166666666666,0.0104166666666666,0.0,1.0,0.0,0.8142361111111112,0.8142361111111112,13.375,12.0,empirical group EESR,enabled,20260929,69b1b200c29ca42626fc4cdc7d32551c9524e8f9
orgAInoid_Lens_Final,E005,full_protocol,none,,92,0,0,0.0,0.0,0.0,0.0,0.0,0.0,0.0,72.0,72.0,empirical group EESR,disabled,20260929,69b1b200c29ca42626fc4cdc7d32551c9524e8f9
orgAInoid_Lens_Final,E005,fixed_time,12.0,,92,92,29,0.3152173913043478,0.0543478260869565,0.2608695652173913,1.0,0.0,0.833333333333333,0.833333333333333,12.0,12.0,empirical group EESR,disabled,20260929,69b1b200c29ca42626fc4cdc7d32551c9524e8f9
orgAInoid_Lens_Final,E005,fixed_time,24.0,,92,92,28,0.3043478260869565,0.1304347826086956,0.1739130434782608,1.0,0.0,0.6666666666666666,0.6666666666666666,24.0,24.0,empirical group EESR,disabled,20260929,69b1b200c29ca42626fc4cdc7d32551c9524e8f9
orgAInoid_Lens_Final,E005,fixed_time,36.0,,92,92,22,0.2391304347826087,0.1739130434782608,0.0652173913043478,1.0,0.0,0.5,0.5,36.0,36.0,empirical group EESR,disabled,20260929,69b1b200c29ca42626fc4cdc7d32551c9524e8f9
orgAInoid_Lens_Final,E005,fixed_time,48.0,,92,92,19,0.2065217391304347,0.1847826086956521,0.0217391304347826,1.0,0.0,0.3333333333333333,0.3333333333333333,48.0,48.0,empirical group EESR,disabled,20260929,69b1b200c29ca42626fc4cdc7d32551c9524e8f9
orgAInoid_Lens_Final,E005,fixed_time,60.0,,92,92,20,0.217391304347826,0.1956521739130435,0.0217391304347826,1.0,0.0,0.1666666666666666,0.1666666666666666,60.0,60.0,empirical group EESR,disabled,20260929,69b1b200c29ca42626fc4cdc7d32551c9524e8f9
orgAInoid_Lens_Final,E005,naive_confidence,0.5,,92,92,29,0.3152173913043478,0.0543478260869565,0.2608695652173913,1.0,0.0,0.833333333333333,0.833333333333333,12.0,12.0,empirical group EESR,disabled,20260929,69b1b200c29ca42626fc4cdc7d32551c9524e8f9
orgAInoid_Lens_Final,E005,naive_confidence,0.6,,92,92,26,0.2826086956521739,0.0434782608695652,0.2391304347826087,1.0,0.0,0.8134057971014491,0.8134057971014491,13.434782608695652,12.0,empirical group EESR,disabled,20260929,69b1b200c29ca42626fc4cdc7d32551c9524e8f9
orgAInoid_Lens_Final,E005,naive_confidence,0.7,,92,91,26,0.2857142857142857,0.0769230769230769,0.2087912087912088,0.9891304347826086,0.0,0.7717391304347823,0.7802197802197801,16.434782608695652,12.0,empirical group EESR,disabled,20260929,69b1b200c29ca42626fc4cdc7d32551c9524e8f9
orgAInoid_Lens_Final,E005,naive_confidence,0.8,,92,87,22,0.2528735632183908,0.0804597701149425,0.1724137931034483,0.9456521739130436,0.0,0.6992753623188404,0.739463601532567,21.652173913043477,12.0,empirical group EESR,disabled,20260929,69b1b200c29ca42626fc4cdc7d32551c9524e8f9
orgAInoid_Lens_Final,E005,naive_confidence,0.9,,92,76,19,0.25,0.1052631578947368,0.1447368421052631,0.8260869565217391,0.0,0.5778985507246377,0.6995614035087719,30.39130434782609,24.0,empirical group EESR,disabled,20260929,69b1b200c29ca42626fc4cdc7d32551c9524e8f9
orgAInoid_Lens_Final,E005,naive_confidence,0.95,,92,61,12,0.1967213114754098,0.081967213114754,0.1147540983606557,0.6630434782608695,0.0,0.4365942028985507,0.6584699453551913,40.56521739130435,36.0,empirical group EESR,disabled,20260929,69b1b200c29ca42626fc4cdc7d32551c9524e8f9
orgAInoid_Lens_Final,E005,naive_confidence,0.975,,92,45,7,0.1555555555555555,0.0888888888888888,0.0666666666666666,0.4891304347826087,0.0,0.3242753623188406,0.6629629629629629,48.65217391304348,72.0,empirical group EESR,disabled,20260929,69b1b200c29ca42626fc4cdc7d32551c9524e8f9
orgAInoid_Lens_Final,E005,naive_confidence,0.99,,92,34,5,0.1470588235294117,0.088235294117647,0.0588235294117647,0.3695652173913043,0.0,0.2318840579710144,0.6274509803921569,55.30434782608695,72.0,empirical group EESR,disabled,20260929,69b1b200c29ca42626fc4cdc7d32551c9524e8f9
orgAInoid_Lens_Final,E005,calibrated_non_group,0.02,0.02,92,37,7,0.1891891891891892,0.081081081081081,0.1081081081081081,0.4021739130434782,0.0,0.2681159420289855,0.6666666666666667,52.69565217391305,72.0,empirical group EESR,disabled,20260929,69b1b200c29ca42626fc4cdc7d32551c9524e8f9
orgAInoid_Lens_Final,E005,cbes_style,0.02,0.02,92,0,0,0.0,0.0,0.0,0.0,0.0,0.0,0.0,72.0,72.0,empirical group EESR,disabled,20260929,69b1b200c29ca42626fc4cdc7d32551c9524e8f9
orgAInoid_Lens_Final,E005,gates_without_ood,0.02,0.02,92,0,0,0.0,0.0,0.0,0.0,0.0,0.0,0.0,72.0,72.0,empirical group EESR,disabled,20260929,69b1b200c29ca42626fc4cdc7d32551c9524e8f9
orgAInoid_Lens_Final,E005,gates_full,0.02,0.02,92,0,0,0.0,0.0,0.0,0.0,0.0,0.0,0.0,72.0,72.0,empirical group EESR,enabled,20260929,69b1b200c29ca42626fc4cdc7d32551c9524e8f9
orgAInoid_Lens_Final,E005,calibrated_non_group,0.05,0.05,92,76,21,0.2763157894736842,0.0789473684210526,0.1973684210526315,0.8260869565217391,0.0,0.6521739130434783,0.7894736842105263,25.043478260869566,12.0,empirical group EESR,disabled,20260929,69b1b200c29ca42626fc4cdc7d32551c9524e8f9
orgAInoid_Lens_Final,E005,cbes_style,0.05,0.05,92,0,0,0.0,0.0,0.0,0.0,0.0,0.0,0.0,72.0,72.0,empirical group EESR,disabled,20260929,69b1b200c29ca42626fc4cdc7d32551c9524e8f9
orgAInoid_Lens_Final,E005,gates_without_ood,0.05,0.05,92,58,14,0.2413793103448276,0.0,0.2413793103448276,0.6304347826086957,0.0,0.5253623188405797,0.8333333333333334,34.17391304347826,12.0,empirical group EESR,disabled,20260929,69b1b200c29ca42626fc4cdc7d32551c9524e8f9
orgAInoid_Lens_Final,E005,gates_full,0.05,0.05,92,31,4,0.1290322580645161,0.0,0.1290322580645161,0.3369565217391304,0.2934782608695652,0.2807971014492754,0.833333333333333,51.78260869565217,72.0,empirical group EESR,enabled,20260929,69b1b200c29ca42626fc4cdc7d32551c9524e8f9
orgAInoid_Lens_Final,E005,calibrated_non_group,0.1,0.1,92,81,23,0.2839506172839506,0.0864197530864197,0.1975308641975308,0.8804347826086957,0.0,0.6920289855072463,0.7860082304526749,22.17391304347826,12.0,empirical group EESR,disabled,20260929,69b1b200c29ca42626fc4cdc7d32551c9524e8f9
orgAInoid_Lens_Final,E005,cbes_style,0.1,0.1,92,86,22,0.2558139534883721,0.0581395348837209,0.1976744186046511,0.9347826086956522,0.0,0.7300724637681159,0.7810077519379844,19.434782608695652,12.0,empirical group EESR,disabled,20260929,69b1b200c29ca42626fc4cdc7d32551c9524e8f9
orgAInoid_Lens_Final,E005,gates_without_ood,0.1,0.1,92,79,21,0.2658227848101265,0.050632911392405,0.2151898734177215,0.8586956521739131,0.0,0.7028985507246377,0.818565400843882,21.39130434782609,12.0,empirical group EESR,disabled,20260929,69b1b200c29ca42626fc4cdc7d32551c9524e8f9
orgAInoid_Lens_Final,E005,gates_full,0.1,0.1,92,41,9,0.2195121951219512,0.073170731707317,0.1463414634146341,0.4456521739130434,0.4130434782608695,0.3695652173913043,0.829268292682927,45.391304347826086,72.0,empirical group EESR,enabled,20260929,69b1b200c29ca42626fc4cdc7d32551c9524e8f9
orgAInoid_Lens_Final,E005,calibrated_non_group,0.15,0.15,92,87,24,0.2758620689655172,0.057471264367816,0.2183908045977011,0.9456521739130436,0.0,0.7536231884057969,0.7969348659003828,17.73913043478261,12.0,empirical group EESR,disabled,20260929,69b1b200c29ca42626fc4cdc7d32551c9524e8f9
orgAInoid_Lens_Final,E005,cbes_style,0.15,0.15,92,89,23,0.2584269662921348,0.0674157303370786,0.1910112359550561,0.967391304347826,0.0,0.7409420289855071,0.7659176029962544,18.652173913043477,12.0,empirical group EESR,disabled,20260929,69b1b200c29ca42626fc4cdc7d32551c9524e8f9
orgAInoid_Lens_Final,E005,gates_without_ood,0.15,0.15,92,88,24,0.2727272727272727,0.0454545454545454,0.2272727272727272,0.9565217391304348,0.0,0.7916666666666664,0.8276515151515151,15.0,12.0,empirical group EESR,disabled,20260929,69b1b200c29ca42626fc4cdc7d32551c9524e8f9
orgAInoid_Lens_Final,E005,gates_full,0.15,0.15,92,47,10,0.2127659574468085,0.0851063829787234,0.1276595744680851,0.5108695652173914,0.4456521739130434,0.4221014492753623,0.8262411347517734,41.608695652173914,24.0,empirical group EESR,enabled,20260929,69b1b200c29ca42626fc4cdc7d32551c9524e8f9
orgAInoid_Lens_Final,E005,calibrated_non_group,0.2,0.2,92,92,26,0.2826086956521739,0.0434782608695652,0.2391304347826087,1.0,0.0,0.8206521739130431,0.8206521739130431,12.91304347826087,12.0,empirical group EESR,disabled,20260929,69b1b200c29ca42626fc4cdc7d32551c9524e8f9
orgAInoid_Lens_Final,E005,cbes_style,0.2,0.2,92,89,23,0.2584269662921348,0.0674157303370786,0.1910112359550561,0.967391304347826,0.0,0.7409420289855071,0.7659176029962544,18.652173913043477,12.0,empirical group EESR,disabled,20260929,69b1b200c29ca42626fc4cdc7d32551c9524e8f9
orgAInoid_Lens_Final,E005,gates_without_ood,0.2,0.2,92,92,28,0.3043478260869565,0.0543478260869565,0.25,1.0,0.0,0.8315217391304345,0.8315217391304345,12.130434782608695,12.0,empirical group EESR,disabled,20260929,69b1b200c29ca42626fc4cdc7d32551c9524e8f9
orgAInoid_Lens_Final,E005,gates_full,0.2,0.2,92,49,11,0.2244897959183673,0.1020408163265306,0.1224489795918367,0.532608695652174,0.4673913043478261,0.4420289855072464,0.8299319727891158,40.17391304347826,12.0,empirical group EESR,enabled,20260929,69b1b200c29ca42626fc4cdc7d32551c9524e8f9
orgAInoid_Lens_Final,E005,calibrated_non_group,0.3,0.3,92,92,28,0.3043478260869565,0.0543478260869565,0.25,1.0,0.0,0.8315217391304345,0.8315217391304345,12.130434782608695,12.0,empirical group EESR,disabled,20260929,69b1b200c29ca42626fc4cdc7d32551c9524e8f9
orgAInoid_Lens_Final,E005,cbes_style,0.3,0.3,92,91,24,0.2637362637362637,0.0659340659340659,0.1978021978021978,0.9891304347826086,0.0,0.744565217391304,0.7527472527472526,18.39130434782609,12.0,empirical group EESR,disabled,20260929,69b1b200c29ca42626fc4cdc7d32551c9524e8f9
orgAInoid_Lens_Final,E005,gates_without_ood,0.3,0.3,92,92,28,0.3043478260869565,0.0543478260869565,0.25,1.0,0.0,0.8315217391304345,0.8315217391304345,12.130434782608695,12.0,empirical group EESR,disabled,20260929,69b1b200c29ca42626fc4cdc7d32551c9524e8f9
orgAInoid_Lens_Final,E005,gates_full,0.3,0.3,92,49,11,0.2244897959183673,0.1020408163265306,0.1224489795918367,0.532608695652174,0.4673913043478261,0.4420289855072464,0.8299319727891158,40.17391304347826,12.0,empirical group EESR,enabled,20260929,69b1b200c29ca42626fc4cdc7d32551c9524e8f9
orgAInoid_Lens_Final,E006,full_protocol,none,,95,0,0,0.0,0.0,0.0,0.0,0.0,0.0,0.0,72.0,72.0,empirical group EESR,disabled,20260929,69b1b200c29ca42626fc4cdc7d32551c9524e8f9
orgAInoid_Lens_Final,E006,fixed_time,12.0,,95,95,14,0.1473684210526315,0.1263157894736842,0.0210526315789473,1.0,0.0,0.8333333333333329,0.8333333333333329,12.0,12.0,empirical group EESR,disabled,20260929,69b1b200c29ca42626fc4cdc7d32551c9524e8f9
orgAInoid_Lens_Final,E006,fixed_time,24.0,,95,95,18,0.1894736842105263,0.0947368421052631,0.0947368421052631,1.0,0.0,0.6666666666666665,0.6666666666666665,24.0,24.0,empirical group EESR,disabled,20260929,69b1b200c29ca42626fc4cdc7d32551c9524e8f9
orgAInoid_Lens_Final,E006,fixed_time,36.0,,95,95,16,0.1684210526315789,0.0631578947368421,0.1052631578947368,1.0,0.0,0.5,0.5,36.0,36.0,empirical group EESR,disabled,20260929,69b1b200c29ca42626fc4cdc7d32551c9524e8f9
orgAInoid_Lens_Final,E006,fixed_time,48.0,,95,95,29,0.3052631578947368,0.0210526315789473,0.2842105263157894,1.0,0.0,0.3333333333333332,0.3333333333333332,48.0,48.0,empirical group EESR,disabled,20260929,69b1b200c29ca42626fc4cdc7d32551c9524e8f9
orgAInoid_Lens_Final,E006,fixed_time,60.0,,95,95,31,0.3263157894736842,0.031578947368421,0.2947368421052631,1.0,0.0,0.1666666666666666,0.1666666666666666,60.0,60.0,empirical group EESR,disabled,20260929,69b1b200c29ca42626fc4cdc7d32551c9524e8f9
orgAInoid_Lens_Final,E006,naive_confidence,0.5,,95,95,14,0.1473684210526315,0.1263157894736842,0.0210526315789473,1.0,0.0,0.8333333333333329,0.8333333333333329,12.0,12.0,empirical group EESR,disabled,20260929,69b1b200c29ca42626fc4cdc7d32551c9524e8f9
orgAInoid_Lens_Final,E006,naive_confidence,0.6,,95,95,13,0.1368421052631579,0.1052631578947368,0.031578947368421,1.0,0.0,0.801754385964912,0.801754385964912,14.273684210526316,12.0,empirical group EESR,disabled,20260929,69b1b200c29ca42626fc4cdc7d32551c9524e8f9
orgAInoid_Lens_Final,E006,naive_confidence,0.7,,95,90,13,0.1444444444444444,0.0777777777777777,0.0666666666666666,0.9473684210526316,0.0,0.7070175438596489,0.7462962962962962,21.094736842105263,12.0,empirical group EESR,disabled,20260929,69b1b200c29ca42626fc4cdc7d32551c9524e8f9
orgAInoid_Lens_Final,E006,naive_confidence,0.8,,95,79,10,0.1265822784810126,0.050632911392405,0.0759493670886076,0.8315789473684211,0.0,0.5789473684210527,0.6962025316455698,30.31578947368421,12.0,empirical group EESR,disabled,20260929,69b1b200c29ca42626fc4cdc7d32551c9524e8f9
orgAInoid_Lens_Final,E006,naive_confidence,0.9,,95,52,5,0.0961538461538461,0.0384615384615384,0.0576923076923076,0.5473684210526316,0.0,0.3754385964912281,0.685897435897436,44.96842105263158,48.0,empirical group EESR,disabled,20260929,69b1b200c29ca42626fc4cdc7d32551c9524e8f9
orgAInoid_Lens_Final,E006,naive_confidence,0.95,,95,24,2,0.0833333333333333,0.0,0.0833333333333333,0.2526315789473684,0.0,0.1456140350877193,0.576388888888889,61.51578947368421,72.0,empirical group EESR,disabled,20260929,69b1b200c29ca42626fc4cdc7d32551c9524e8f9
orgAInoid_Lens_Final,E006,naive_confidence,0.975,,95,14,1,0.0714285714285714,0.0,0.0714285714285714,0.1473684210526315,0.0,0.0807017543859649,0.5476190476190476,66.18947368421053,72.0,empirical group EESR,disabled,20260929,69b1b200c29ca42626fc4cdc7d32551c9524e8f9
orgAInoid_Lens_Final,E006,naive_confidence,0.99,,95,5,0,0.0,0.0,0.0,0.0526315789473684,0.0,0.0333333333333333,0.6333333333333334,69.6,72.0,empirical group EESR,disabled,20260929,69b1b200c29ca42626fc4cdc7d32551c9524e8f9
orgAInoid_Lens_Final,E006,calibrated_non_group,0.02,0.02,95,0,0,0.0,0.0,0.0,0.0,0.0,0.0,0.0,72.0,72.0,empirical group EESR,disabled,20260929,69b1b200c29ca42626fc4cdc7d32551c9524e8f9
orgAInoid_Lens_Final,E006,cbes_style,0.02,0.02,95,0,0,0.0,0.0,0.0,0.0,0.0,0.0,0.0,72.0,72.0,empirical group EESR,disabled,20260929,69b1b200c29ca42626fc4cdc7d32551c9524e8f9
orgAInoid_Lens_Final,E006,gates_without_ood,0.02,0.02,95,0,0,0.0,0.0,0.0,0.0,0.0,0.0,0.0,72.0,72.0,empirical group EESR,disabled,20260929,69b1b200c29ca42626fc4cdc7d32551c9524e8f9
orgAInoid_Lens_Final,E006,gates_full,0.02,0.02,95,0,0,0.0,0.0,0.0,0.0,0.0,0.0,0.0,72.0,72.0,empirical group EESR,enabled,20260929,69b1b200c29ca42626fc4cdc7d32551c9524e8f9
orgAInoid_Lens_Final,E006,calibrated_non_group,0.05,0.05,95,0,0,0.0,0.0,0.0,0.0,0.0,0.0,0.0,72.0,72.0,empirical group EESR,disabled,20260929,69b1b200c29ca42626fc4cdc7d32551c9524e8f9
orgAInoid_Lens_Final,E006,cbes_style,0.05,0.05,95,0,0,0.0,0.0,0.0,0.0,0.0,0.0,0.0,72.0,72.0,empirical group EESR,disabled,20260929,69b1b200c29ca42626fc4cdc7d32551c9524e8f9
orgAInoid_Lens_Final,E006,gates_without_ood,0.05,0.05,95,0,0,0.0,0.0,0.0,0.0,0.0,0.0,0.0,72.0,72.0,empirical group EESR,disabled,20260929,69b1b200c29ca42626fc4cdc7d32551c9524e8f9
orgAInoid_Lens_Final,E006,gates_full,0.05,0.05,95,0,0,0.0,0.0,0.0,0.0,0.0,0.0,0.0,72.0,72.0,empirical group EESR,enabled,20260929,69b1b200c29ca42626fc4cdc7d32551c9524e8f9
orgAInoid_Lens_Final,E006,calibrated_non_group,0.1,0.1,95,45,4,0.0888888888888888,0.0666666666666666,0.0222222222222222,0.4736842105263157,0.0,0.3526315789473684,0.7444444444444445,46.61052631578947,72.0,empirical group EESR,disabled,20260929,69b1b200c29ca42626fc4cdc7d32551c9524e8f9
orgAInoid_Lens_Final,E006,cbes_style,0.1,0.1,95,0,0,0.0,0.0,0.0,0.0,0.0,0.0,0.0,72.0,72.0,empirical group EESR,disabled,20260929,69b1b200c29ca42626fc4cdc7d32551c9524e8f9
orgAInoid_Lens_Final,E006,gates_without_ood,0.1,0.1,95,0,0,0.0,0.0,0.0,0.0,0.0,0.0,0.0,72.0,72.0,empirical group EESR,disabled,20260929,69b1b200c29ca42626fc4cdc7d32551c9524e8f9
orgAInoid_Lens_Final,E006,gates_full,0.1,0.1,95,0,0,0.0,0.0,0.0,0.0,0.0,0.0,0.0,72.0,72.0,empirical group EESR,enabled,20260929,69b1b200c29ca42626fc4cdc7d32551c9524e8f9
orgAInoid_Lens_Final,E006,calibrated_non_group,0.15,0.15,95,50,5,0.1,0.06,0.04,0.5263157894736842,0.0,0.3754385964912282,0.7133333333333334,44.96842105263158,60.0,empirical group EESR,disabled,20260929,69b1b200c29ca42626fc4cdc7d32551c9524e8f9
orgAInoid_Lens_Final,E006,cbes_style,0.15,0.15,95,0,0,0.0,0.0,0.0,0.0,0.0,0.0,0.0,72.0,72.0,empirical group EESR,disabled,20260929,69b1b200c29ca42626fc4cdc7d32551c9524e8f9
orgAInoid_Lens_Final,E006,gates_without_ood,0.15,0.15,95,0,0,0.0,0.0,0.0,0.0,0.0,0.0,0.0,72.0,72.0,empirical group EESR,disabled,20260929,69b1b200c29ca42626fc4cdc7d32551c9524e8f9
orgAInoid_Lens_Final,E006,gates_full,0.15,0.15,95,0,0,0.0,0.0,0.0,0.0,0.0,0.0,0.0,72.0,72.0,empirical group EESR,enabled,20260929,69b1b200c29ca42626fc4cdc7d32551c9524e8f9
orgAInoid_Lens_Final,E006,calibrated_non_group,0.2,0.2,95,57,5,0.087719298245614,0.0526315789473684,0.0350877192982456,0.6,0.0,0.4508771929824563,0.7514619883040936,39.536842105263155,24.0,empirical group EESR,disabled,20260929,69b1b200c29ca42626fc4cdc7d32551c9524e8f9
orgAInoid_Lens_Final,E006,cbes_style,0.2,0.2,95,71,7,0.0985915492957746,0.0985915492957746,0.0,0.7473684210526316,0.0,0.6228070175438597,0.8333333333333335,27.157894736842103,12.0,empirical group EESR,disabled,20260929,69b1b200c29ca42626fc4cdc7d32551c9524e8f9
orgAInoid_Lens_Final,E006,gates_without_ood,0.2,0.2,95,46,3,0.0652173913043478,0.0652173913043478,0.0,0.4842105263157895,0.0,0.3912280701754387,0.807971014492754,43.83157894736842,72.0,empirical group EESR,disabled,20260929,69b1b200c29ca42626fc4cdc7d32551c9524e8f9
orgAInoid_Lens_Final,E006,gates_full,0.2,0.2,95,32,2,0.0625,0.0625,0.0,0.3368421052631579,0.1473684210526315,0.2684210526315789,0.796875,52.67368421052632,72.0,empirical group EESR,enabled,20260929,69b1b200c29ca42626fc4cdc7d32551c9524e8f9
orgAInoid_Lens_Final,E006,calibrated_non_group,0.3,0.3,95,64,7,0.109375,0.046875,0.0625,0.6736842105263158,0.0,0.4947368421052632,0.734375,36.37894736842105,24.0,empirical group EESR,disabled,20260929,69b1b200c29ca42626fc4cdc7d32551c9524e8f9
orgAInoid_Lens_Final,E006,cbes_style,0.3,0.3,95,71,7,0.0985915492957746,0.0985915492957746,0.0,0.7473684210526316,0.0,0.6228070175438597,0.8333333333333335,27.157894736842103,12.0,empirical group EESR,disabled,20260929,69b1b200c29ca42626fc4cdc7d32551c9524e8f9
orgAInoid_Lens_Final,E006,gates_without_ood,0.3,0.3,95,52,3,0.0576923076923076,0.0576923076923076,0.0,0.5473684210526316,0.0,0.4438596491228071,0.810897435897436,40.04210526315789,24.0,empirical group EESR,disabled,20260929,69b1b200c29ca42626fc4cdc7d32551c9524e8f9
orgAInoid_Lens_Final,E006,gates_full,0.3,0.3,95,38,2,0.0526315789473684,0.0526315789473684,0.0,0.4,0.1473684210526315,0.3210526315789473,0.8026315789473683,48.88421052631579,72.0,empirical group EESR,enabled,20260929,69b1b200c29ca42626fc4cdc7d32551c9524e8f9
orgAInoid_Lens_Final,E007,full_protocol,none,,93,0,0,0.0,0.0,0.0,0.0,0.0,0.0,0.0,72.0,72.0,empirical group EESR,disabled,20260929,69b1b200c29ca42626fc4cdc7d32551c9524e8f9
orgAInoid_Lens_Final,E007,fixed_time,12.0,,93,93,23,0.2473118279569892,0.021505376344086,0.2258064516129032,1.0,0.0,0.833333333333333,0.833333333333333,12.0,12.0,empirical group EESR,disabled,20260929,69b1b200c29ca42626fc4cdc7d32551c9524e8f9
orgAInoid_Lens_Final,E007,fixed_time,24.0,,93,93,39,0.4193548387096774,0.010752688172043,0.4086021505376344,1.0,0.0,0.6666666666666666,0.6666666666666666,24.0,24.0,empirical group EESR,disabled,20260929,69b1b200c29ca42626fc4cdc7d32551c9524e8f9
orgAInoid_Lens_Final,E007,fixed_time,36.0,,93,93,57,0.6129032258064516,0.043010752688172,0.5698924731182796,1.0,0.0,0.5,0.5,36.0,36.0,empirical group EESR,disabled,20260929,69b1b200c29ca42626fc4cdc7d32551c9524e8f9
orgAInoid_Lens_Final,E007,fixed_time,48.0,,93,93,64,0.6881720430107527,0.010752688172043,0.6774193548387096,1.0,0.0,0.3333333333333333,0.3333333333333333,48.0,48.0,empirical group EESR,disabled,20260929,69b1b200c29ca42626fc4cdc7d32551c9524e8f9
orgAInoid_Lens_Final,E007,fixed_time,60.0,,93,93,64,0.6881720430107527,0.0,0.6881720430107527,1.0,0.0,0.1666666666666666,0.1666666666666666,60.0,60.0,empirical group EESR,disabled,20260929,69b1b200c29ca42626fc4cdc7d32551c9524e8f9
orgAInoid_Lens_Final,E007,naive_confidence,0.5,,93,93,23,0.2473118279569892,0.021505376344086,0.2258064516129032,1.0,0.0,0.833333333333333,0.833333333333333,12.0,12.0,empirical group EESR,disabled,20260929,69b1b200c29ca42626fc4cdc7d32551c9524e8f9
orgAInoid_Lens_Final,E007,naive_confidence,0.6,,93,93,30,0.3225806451612903,0.010752688172043,0.3118279569892473,1.0,0.0,0.7670250896057346,0.7670250896057346,16.774193548387096,12.0,empirical group EESR,disabled,20260929,69b1b200c29ca42626fc4cdc7d32551c9524e8f9
orgAInoid_Lens_Final,E007,naive_confidence,0.7,,93,90,35,0.3888888888888889,0.0111111111111111,0.3777777777777777,0.967741935483871,0.0,0.6756272401433692,0.6981481481481481,23.35483870967742,12.0,empirical group EESR,disabled,20260929,69b1b200c29ca42626fc4cdc7d32551c9524e8f9
orgAInoid_Lens_Final,E007,naive_confidence,0.8,,93,78,42,0.5384615384615384,0.0,0.5384615384615384,0.8387096774193549,0.0,0.485663082437276,0.5790598290598291,37.03225806451613,36.0,empirical group EESR,disabled,20260929,69b1b200c29ca42626fc4cdc7d32551c9524e8f9
orgAInoid_Lens_Final,E007,naive_confidence,0.9,,93,52,35,0.6730769230769231,0.0,0.6730769230769231,0.5591397849462365,0.0,0.2473118279569891,0.4423076923076922,54.193548387096776,48.0,empirical group EESR,disabled,20260929,69b1b200c29ca42626fc4cdc7d32551c9524e8f9
orgAInoid_Lens_Final,E007,naive_confidence,0.95,,93,31,18,0.5806451612903226,0.0,0.5806451612903226,0.3333333333333333,0.0,0.1505376344086021,0.4516129032258065,61.16129032258065,72.0,empirical group EESR,disabled,20260929,69b1b200c29ca42626fc4cdc7d32551c9524e8f9
orgAInoid_Lens_Final,E007,naive_confidence,0.975,,93,11,6,0.5454545454545454,0.0,0.5454545454545454,0.1182795698924731,0.0,0.0519713261648745,0.4393939393939394,68.25806451612904,72.0,empirical group EESR,disabled,20260929,69b1b200c29ca42626fc4cdc7d32551c9524e8f9
orgAInoid_Lens_Final,E007,naive_confidence,0.99,,93,5,2,0.4,0.0,0.4,0.053763440860215,0.0,0.028673835125448,0.5333333333333334,69.93548387096774,72.0,empirical group EESR,disabled,20260929,69b1b200c29ca42626fc4cdc7d32551c9524e8f9
orgAInoid_Lens_Final,E007,calibrated_non_group,0.02,0.02,93,32,19,0.59375,0.0,0.59375,0.3440860215053763,0.0,0.1254480286738351,0.3645833333333333,62.96774193548387,72.0,empirical group EESR,disabled,20260929,69b1b200c29ca42626fc4cdc7d32551c9524e8f9
orgAInoid_Lens_Final,E007,cbes_style,0.02,0.02,93,0,0,0.0,0.0,0.0,0.0,0.0,0.0,0.0,72.0,72.0,empirical group EESR,disabled,20260929,69b1b200c29ca42626fc4cdc7d32551c9524e8f9
orgAInoid_Lens_Final,E007,gates_without_ood,0.02,0.02,93,0,0,0.0,0.0,0.0,0.0,0.0,0.0,0.0,72.0,72.0,empirical group EESR,disabled,20260929,69b1b200c29ca42626fc4cdc7d32551c9524e8f9
orgAInoid_Lens_Final,E007,gates_full,0.02,0.02,93,0,0,0.0,0.0,0.0,0.0,0.0,0.0,0.0,72.0,72.0,empirical group EESR,enabled,20260929,69b1b200c29ca42626fc4cdc7d32551c9524e8f9
orgAInoid_Lens_Final,E007,calibrated_non_group,0.05,0.05,93,52,35,0.6730769230769231,0.0,0.6730769230769231,0.5591397849462365,0.0,0.2526881720430107,0.4519230769230768,53.806451612903224,48.0,empirical group EESR,disabled,20260929,69b1b200c29ca42626fc4cdc7d32551c9524e8f9
orgAInoid_Lens_Final,E007,cbes_style,0.05,0.05,93,0,0,0.0,0.0,0.0,0.0,0.0,0.0,0.0,72.0,72.0,empirical group EESR,disabled,20260929,69b1b200c29ca42626fc4cdc7d32551c9524e8f9
orgAInoid_Lens_Final,E007,gates_without_ood,0.05,0.05,93,0,0,0.0,0.0,0.0,0.0,0.0,0.0,0.0,72.0,72.0,empirical group EESR,disabled,20260929,69b1b200c29ca42626fc4cdc7d32551c9524e8f9
orgAInoid_Lens_Final,E007,gates_full,0.05,0.05,93,0,0,0.0,0.0,0.0,0.0,0.0,0.0,0.0,72.0,72.0,empirical group EESR,enabled,20260929,69b1b200c29ca42626fc4cdc7d32551c9524e8f9
orgAInoid_Lens_Final,E007,calibrated_non_group,0.1,0.1,93,67,42,0.6268656716417911,0.0,0.6268656716417911,0.7204301075268817,0.0,0.3548387096774194,0.4925373134328358,46.45161290322581,48.0,empirical group EESR,disabled,20260929,69b1b200c29ca42626fc4cdc7d32551c9524e8f9
orgAInoid_Lens_Final,E007,cbes_style,0.1,0.1,93,0,0,0.0,0.0,0.0,0.0,0.0,0.0,0.0,72.0,72.0,empirical group EESR,disabled,20260929,69b1b200c29ca42626fc4cdc7d32551c9524e8f9
orgAInoid_Lens_Final,E007,gates_without_ood,0.1,0.1,93,60,46,0.7666666666666667,0.0,0.7666666666666667,0.6451612903225806,0.0,0.2473118279569892,0.3833333333333333,54.193548387096776,48.0,empirical group EESR,disabled,20260929,69b1b200c29ca42626fc4cdc7d32551c9524e8f9
orgAInoid_Lens_Final,E007,gates_full,0.1,0.1,93,33,27,0.8181818181818182,0.0,0.8181818181818182,0.3548387096774194,0.2903225806451613,0.1344086021505376,0.3787878787878787,62.32258064516129,72.0,empirical group EESR,enabled,20260929,69b1b200c29ca42626fc4cdc7d32551c9524e8f9
orgAInoid_Lens_Final,E007,calibrated_non_group,0.15,0.15,93,85,42,0.4941176470588235,0.0117647058823529,0.4823529411764706,0.913978494623656,0.0,0.5501792114695341,0.6019607843137256,32.38709677419355,36.0,empirical group EESR,disabled,20260929,69b1b200c29ca42626fc4cdc7d32551c9524e8f9
orgAInoid_Lens_Final,E007,cbes_style,0.15,0.15,93,0,0,0.0,0.0,0.0,0.0,0.0,0.0,0.0,72.0,72.0,empirical group EESR,disabled,20260929,69b1b200c29ca42626fc4cdc7d32551c9524e8f9
orgAInoid_Lens_Final,E007,gates_without_ood,0.15,0.15,93,62,47,0.7580645161290323,0.0,0.7580645161290323,0.6666666666666666,0.0,0.2562724014336918,0.3844086021505376,53.54838709677419,48.0,empirical group EESR,disabled,20260929,69b1b200c29ca42626fc4cdc7d32551c9524e8f9
orgAInoid_Lens_Final,E007,gates_full,0.15,0.15,93,34,28,0.8235294117647058,0.0,0.8235294117647058,0.3655913978494624,0.3010752688172043,0.1415770609318996,0.3872549019607842,61.806451612903224,72.0,empirical group EESR,enabled,20260929,69b1b200c29ca42626fc4cdc7d32551c9524e8f9
orgAInoid_Lens_Final,E007,calibrated_non_group,0.2,0.2,93,86,52,0.6046511627906976,0.0116279069767441,0.5930232558139535,0.9247311827956988,0.0,0.4444444444444445,0.4806201550387598,40.0,36.0,empirical group EESR,disabled,20260929,69b1b200c29ca42626fc4cdc7d32551c9524e8f9
orgAInoid_Lens_Final,E007,cbes_style,0.2,0.2,93,0,0,0.0,0.0,0.0,0.0,0.0,0.0,0.0,72.0,72.0,empirical group EESR,disabled,20260929,69b1b200c29ca42626fc4cdc7d32551c9524e8f9
orgAInoid_Lens_Final,E007,gates_without_ood,0.2,0.2,93,84,57,0.6785714285714286,0.0119047619047619,0.6666666666666666,0.9032258064516128,0.0,0.4032258064516128,0.4464285714285713,42.96774193548387,36.0,empirical group EESR,disabled,20260929,69b1b200c29ca42626fc4cdc7d32551c9524e8f9
orgAInoid_Lens_Final,E007,gates_full,0.2,0.2,93,49,40,0.8163265306122449,0.0204081632653061,0.7959183673469388,0.5268817204301075,0.3763440860215054,0.2455197132616487,0.465986394557823,54.32258064516129,48.0,empirical group EESR,enabled,20260929,69b1b200c29ca42626fc4cdc7d32551c9524e8f9
orgAInoid_Lens_Final,E007,calibrated_non_group,0.3,0.3,93,92,29,0.3152173913043478,0.0108695652173913,0.3043478260869565,0.989247311827957,0.0,0.7580645161290319,0.7663043478260868,17.419354838709676,12.0,empirical group EESR,disabled,20260929,69b1b200c29ca42626fc4cdc7d32551c9524e8f9
orgAInoid_Lens_Final,E007,cbes_style,0.3,0.3,93,67,49,0.7313432835820896,0.0,0.7313432835820896,0.7204301075268817,0.0,0.1200716845878136,0.1666666666666666,63.354838709677416,60.0,empirical group EESR,disabled,20260929,69b1b200c29ca42626fc4cdc7d32551c9524e8f9
orgAInoid_Lens_Final,E007,gates_without_ood,0.3,0.3,93,92,48,0.5217391304347826,0.0108695652173913,0.5108695652173914,0.989247311827957,0.0,0.5537634408602151,0.5597826086956522,32.12903225806452,36.0,empirical group EESR,disabled,20260929,69b1b200c29ca42626fc4cdc7d32551c9524e8f9
orgAInoid_Lens_Final,E007,gates_full,0.3,0.3,93,60,35,0.5833333333333334,0.0166666666666666,0.5666666666666667,0.6451612903225806,0.3440860215053763,0.39247311827957,0.6083333333333336,43.74193548387097,36.0,empirical group EESR,enabled,20260929,69b1b200c29ca42626fc4cdc7d32551c9524e8f9
orgAInoid_Lens_Final,E008,full_protocol,none,,91,0,0,0.0,0.0,0.0,0.0,0.0,0.0,0.0,72.0,72.0,empirical group EESR,disabled,20260929,69b1b200c29ca42626fc4cdc7d32551c9524e8f9
orgAInoid_Lens_Final,E008,fixed_time,12.0,,91,91,27,0.2967032967032967,0.0879120879120879,0.2087912087912088,1.0,0.0,0.8333333333333331,0.8333333333333331,12.0,12.0,empirical group EESR,disabled,20260929,69b1b200c29ca42626fc4cdc7d32551c9524e8f9
orgAInoid_Lens_Final,E008,fixed_time,24.0,,91,91,39,0.4285714285714285,0.0989010989010989,0.3296703296703296,1.0,0.0,0.6666666666666666,0.6666666666666666,24.0,24.0,empirical group EESR,disabled,20260929,69b1b200c29ca42626fc4cdc7d32551c9524e8f9
orgAInoid_Lens_Final,E008,fixed_time,36.0,,91,91,35,0.3846153846153846,0.0659340659340659,0.3186813186813186,1.0,0.0,0.5,0.5,36.0,36.0,empirical group EESR,disabled,20260929,69b1b200c29ca42626fc4cdc7d32551c9524e8f9
orgAInoid_Lens_Final,E008,fixed_time,48.0,,91,91,33,0.3626373626373626,0.0439560439560439,0.3186813186813186,1.0,0.0,0.3333333333333333,0.3333333333333333,48.0,48.0,empirical group EESR,disabled,20260929,69b1b200c29ca42626fc4cdc7d32551c9524e8f9
orgAInoid_Lens_Final,E008,fixed_time,60.0,,91,91,23,0.2527472527472527,0.0439560439560439,0.2087912087912088,1.0,0.0,0.1666666666666666,0.1666666666666666,60.0,60.0,empirical group EESR,disabled,20260929,69b1b200c29ca42626fc4cdc7d32551c9524e8f9
orgAInoid_Lens_Final,E008,naive_confidence,0.5,,91,91,27,0.2967032967032967,0.0879120879120879,0.2087912087912088,1.0,0.0,0.8333333333333331,0.8333333333333331,12.0,12.0,empirical group EESR,disabled,20260929,69b1b200c29ca42626fc4cdc7d32551c9524e8f9
orgAInoid_Lens_Final,E008,naive_confidence,0.6,,91,91,30,0.3296703296703296,0.0879120879120879,0.2417582417582417,1.0,0.0,0.7783882783882782,0.7783882783882782,15.956043956043956,12.0,empirical group EESR,disabled,20260929,69b1b200c29ca42626fc4cdc7d32551c9524e8f9
orgAInoid_Lens_Final,E008,naive_confidence,0.7,,91,73,21,0.2876712328767123,0.0821917808219178,0.2054794520547945,0.8021978021978022,0.0,0.6080586080586081,0.7579908675799087,28.21978021978022,12.0,empirical group EESR,disabled,20260929,69b1b200c29ca42626fc4cdc7d32551c9524e8f9
orgAInoid_Lens_Final,E008,naive_confidence,0.8,,91,55,14,0.2545454545454545,0.0727272727272727,0.1818181818181818,0.6043956043956044,0.0,0.3992673992673993,0.6606060606060608,43.252747252747255,36.0,empirical group EESR,disabled,20260929,69b1b200c29ca42626fc4cdc7d32551c9524e8f9
orgAInoid_Lens_Final,E008,naive_confidence,0.9,,91,16,4,0.25,0.0625,0.1875,0.1758241758241758,0.0,0.1098901098901098,0.625,64.08791208791209,72.0,empirical group EESR,disabled,20260929,69b1b200c29ca42626fc4cdc7d32551c9524e8f9
orgAInoid_Lens_Final,E008,naive_confidence,0.95,,91,8,1,0.125,0.125,0.0,0.0879120879120879,0.0,0.0549450549450549,0.625,68.04395604395604,72.0,empirical group EESR,disabled,20260929,69b1b200c29ca42626fc4cdc7d32551c9524e8f9
orgAInoid_Lens_Final,E008,naive_confidence,0.975,,91,4,0,0.0,0.0,0.0,0.0439560439560439,0.0,0.0347985347985348,0.7916666666666666,69.49450549450549,72.0,empirical group EESR,disabled,20260929,69b1b200c29ca42626fc4cdc7d32551c9524e8f9
orgAInoid_Lens_Final,E008,naive_confidence,0.99,,91,1,0,0.0,0.0,0.0,0.0109890109890109,0.0,0.0091575091575091,0.8333333333333334,71.34065934065934,72.0,empirical group EESR,disabled,20260929,69b1b200c29ca42626fc4cdc7d32551c9524e8f9
orgAInoid_Lens_Final,E008,calibrated_non_group,0.02,0.02,91,31,6,0.1935483870967742,0.032258064516129,0.1612903225806451,0.3406593406593406,0.0,0.1538461538461538,0.4516129032258065,60.92307692307692,72.0,empirical group EESR,disabled,20260929,69b1b200c29ca42626fc4cdc7d32551c9524e8f9
orgAInoid_Lens_Final,E008,cbes_style,0.02,0.02,91,0,0,0.0,0.0,0.0,0.0,0.0,0.0,0.0,72.0,72.0,empirical group EESR,disabled,20260929,69b1b200c29ca42626fc4cdc7d32551c9524e8f9
orgAInoid_Lens_Final,E008,gates_without_ood,0.02,0.02,91,20,4,0.2,0.05,0.15,0.2197802197802197,0.0,0.1098901098901098,0.4999999999999999,64.08791208791209,72.0,empirical group EESR,disabled,20260929,69b1b200c29ca42626fc4cdc7d32551c9524e8f9
orgAInoid_Lens_Final,E008,gates_full,0.02,0.02,91,17,4,0.2352941176470588,0.0588235294117647,0.1764705882352941,0.1868131868131868,0.0329670329670329,0.086080586080586,0.4607843137254901,65.8021978021978,72.0,empirical group EESR,enabled,20260929,69b1b200c29ca42626fc4cdc7d32551c9524e8f9
orgAInoid_Lens_Final,E008,calibrated_non_group,0.05,0.05,91,50,12,0.24,0.06,0.18,0.5494505494505495,0.0,0.3021978021978022,0.55,50.24175824175824,48.0,empirical group EESR,disabled,20260929,69b1b200c29ca42626fc4cdc7d32551c9524e8f9
orgAInoid_Lens_Final,E008,cbes_style,0.05,0.05,91,52,8,0.1538461538461538,0.0576923076923076,0.0961538461538461,0.5714285714285714,0.0,0.0952380952380952,0.1666666666666666,65.14285714285714,60.0,empirical group EESR,disabled,20260929,69b1b200c29ca42626fc4cdc7d32551c9524e8f9
orgAInoid_Lens_Final,E008,gates_without_ood,0.05,0.05,91,38,7,0.1842105263157894,0.0263157894736842,0.1578947368421052,0.4175824175824176,0.0,0.1813186813186813,0.4342105263157895,58.94505494505494,72.0,empirical group EESR,disabled,20260929,69b1b200c29ca42626fc4cdc7d32551c9524e8f9
orgAInoid_Lens_Final,E008,gates_full,0.05,0.05,91,32,7,0.21875,0.03125,0.1875,0.3516483516483517,0.0659340659340659,0.1465201465201465,0.4166666666666666,61.45054945054945,72.0,empirical group EESR,enabled,20260929,69b1b200c29ca42626fc4cdc7d32551c9524e8f9
orgAInoid_Lens_Final,E008,calibrated_non_group,0.1,0.1,91,55,13,0.2363636363636363,0.0363636363636363,0.2,0.6043956043956044,0.0,0.3443223443223443,0.5696969696969697,47.20879120879121,36.0,empirical group EESR,disabled,20260929,69b1b200c29ca42626fc4cdc7d32551c9524e8f9
orgAInoid_Lens_Final,E008,cbes_style,0.1,0.1,91,81,20,0.2469135802469135,0.074074074074074,0.1728395061728395,0.8901098901098901,0.0,0.63003663003663,0.7078189300411523,26.63736263736264,12.0,empirical group EESR,disabled,20260929,69b1b200c29ca42626fc4cdc7d32551c9524e8f9
orgAInoid_Lens_Final,E008,gates_without_ood,0.1,0.1,91,52,12,0.2307692307692307,0.0576923076923076,0.173076923076923,0.5714285714285714,0.0,0.2967032967032967,0.5192307692307693,50.637362637362635,48.0,empirical group EESR,disabled,20260929,69b1b200c29ca42626fc4cdc7d32551c9524e8f9
orgAInoid_Lens_Final,E008,gates_full,0.1,0.1,91,47,12,0.2553191489361702,0.0638297872340425,0.1914893617021276,0.5164835164835165,0.0549450549450549,0.2637362637362637,0.5106382978723403,53.010989010989015,48.0,empirical group EESR,enabled,20260929,69b1b200c29ca42626fc4cdc7d32551c9524e8f9
orgAInoid_Lens_Final,E008,calibrated_non_group,0.15,0.15,91,63,17,0.2698412698412698,0.0476190476190476,0.2222222222222222,0.6923076923076923,0.0,0.3681318681318681,0.5317460317460316,45.494505494505496,48.0,empirical group EESR,disabled,20260929,69b1b200c29ca42626fc4cdc7d32551c9524e8f9
orgAInoid_Lens_Final,E008,cbes_style,0.15,0.15,91,81,20,0.2469135802469135,0.074074074074074,0.1728395061728395,0.8901098901098901,0.0,0.63003663003663,0.7078189300411523,26.63736263736264,12.0,empirical group EESR,disabled,20260929,69b1b200c29ca42626fc4cdc7d32551c9524e8f9
orgAInoid_Lens_Final,E008,gates_without_ood,0.15,0.15,91,74,24,0.3243243243243243,0.0675675675675675,0.2567567567567567,0.8131868131868132,0.0,0.4523809523809523,0.5563063063063063,39.42857142857143,36.0,empirical group EESR,disabled,20260929,69b1b200c29ca42626fc4cdc7d32551c9524e8f9
orgAInoid_Lens_Final,E008,gates_full,0.15,0.15,91,68,23,0.3382352941176471,0.0735294117647058,0.2647058823529412,0.7472527472527473,0.0659340659340659,0.4139194139194139,0.5539215686274509,42.1978021978022,36.0,empirical group EESR,enabled,20260929,69b1b200c29ca42626fc4cdc7d32551c9524e8f9
orgAInoid_Lens_Final,E008,calibrated_non_group,0.2,0.2,91,87,30,0.3448275862068966,0.0689655172413793,0.2758620689655172,0.956043956043956,0.0,0.6336996336996338,0.6628352490421456,26.373626373626372,24.0,empirical group EESR,disabled,20260929,69b1b200c29ca42626fc4cdc7d32551c9524e8f9
orgAInoid_Lens_Final,E008,cbes_style,0.2,0.2,91,86,26,0.3023255813953488,0.0697674418604651,0.2325581395348837,0.945054945054945,0.0,0.6831501831501832,0.7228682170542636,22.813186813186817,12.0,empirical group EESR,disabled,20260929,69b1b200c29ca42626fc4cdc7d32551c9524e8f9
orgAInoid_Lens_Final,E008,gates_without_ood,0.2,0.2,91,90,37,0.4111111111111111,0.0777777777777777,0.3333333333333333,0.989010989010989,0.0,0.5604395604395606,0.5666666666666667,31.64835164835165,36.0,empirical group EESR,disabled,20260929,69b1b200c29ca42626fc4cdc7d32551c9524e8f9
orgAInoid_Lens_Final,E008,gates_full,0.2,0.2,91,84,36,0.4285714285714285,0.0833333333333333,0.3452380952380952,0.9230769230769232,0.0659340659340659,0.5201465201465203,0.5634920634920636,34.54945054945055,36.0,empirical group EESR,enabled,20260929,69b1b200c29ca42626fc4cdc7d32551c9524e8f9
orgAInoid_Lens_Final,E008,calibrated_non_group,0.3,0.3,91,91,31,0.3406593406593406,0.0989010989010989,0.2417582417582417,1.0,0.0,0.7912087912087911,0.7912087912087911,15.032967032967033,12.0,empirical group EESR,disabled,20260929,69b1b200c29ca42626fc4cdc7d32551c9524e8f9
orgAInoid_Lens_Final,E008,cbes_style,0.3,0.3,91,86,26,0.3023255813953488,0.0697674418604651,0.2325581395348837,0.945054945054945,0.0,0.6831501831501832,0.7228682170542636,22.813186813186817,12.0,empirical group EESR,disabled,20260929,69b1b200c29ca42626fc4cdc7d32551c9524e8f9
orgAInoid_Lens_Final,E008,gates_without_ood,0.3,0.3,91,91,34,0.3736263736263736,0.0879120879120879,0.2857142857142857,1.0,0.0,0.7545787545787545,0.7545787545787545,17.67032967032967,12.0,empirical group EESR,disabled,20260929,69b1b200c29ca42626fc4cdc7d32551c9524e8f9
orgAInoid_Lens_Final,E008,gates_full,0.3,0.3,91,88,33,0.375,0.0909090909090909,0.2840909090909091,0.967032967032967,0.0329670329670329,0.7307692307692307,0.7556818181818182,19.384615384615383,12.0,empirical group EESR,enabled,20260929,69b1b200c29ca42626fc4cdc7d32551c9524e8f9
orgAInoid_Lens_Final,E009,full_protocol,none,,90,0,0,0.0,0.0,0.0,0.0,0.0,0.0,0.0,72.0,72.0,empirical group EESR,disabled,20260929,69b1b200c29ca42626fc4cdc7d32551c9524e8f9
orgAInoid_Lens_Final,E009,fixed_time,12.0,,90,90,14,0.1555555555555555,0.0444444444444444,0.1111111111111111,1.0,0.0,0.8333333333333331,0.8333333333333331,12.0,12.0,empirical group EESR,disabled,20260929,69b1b200c29ca42626fc4cdc7d32551c9524e8f9
orgAInoid_Lens_Final,E009,fixed_time,24.0,,90,90,10,0.1111111111111111,0.0444444444444444,0.0666666666666666,1.0,0.0,0.6666666666666666,0.6666666666666666,24.0,24.0,empirical group EESR,disabled,20260929,69b1b200c29ca42626fc4cdc7d32551c9524e8f9
orgAInoid_Lens_Final,E009,fixed_time,36.0,,90,90,18,0.2,0.0,0.2,1.0,0.0,0.5,0.5,36.0,36.0,empirical group EESR,disabled,20260929,69b1b200c29ca42626fc4cdc7d32551c9524e8f9
orgAInoid_Lens_Final,E009,fixed_time,48.0,,90,90,15,0.1666666666666666,0.0222222222222222,0.1444444444444444,1.0,0.0,0.3333333333333333,0.3333333333333333,48.0,48.0,empirical group EESR,disabled,20260929,69b1b200c29ca42626fc4cdc7d32551c9524e8f9
orgAInoid_Lens_Final,E009,fixed_time,60.0,,90,90,13,0.1444444444444444,0.0222222222222222,0.1222222222222222,1.0,0.0,0.1666666666666666,0.1666666666666666,60.0,60.0,empirical group EESR,disabled,20260929,69b1b200c29ca42626fc4cdc7d32551c9524e8f9
orgAInoid_Lens_Final,E009,naive_confidence,0.5,,90,90,14,0.1555555555555555,0.0444444444444444,0.1111111111111111,1.0,0.0,0.8333333333333331,0.8333333333333331,12.0,12.0,empirical group EESR,disabled,20260929,69b1b200c29ca42626fc4cdc7d32551c9524e8f9
orgAInoid_Lens_Final,E009,naive_confidence,0.6,,90,90,14,0.1555555555555555,0.0666666666666666,0.0888888888888888,1.0,0.0,0.8185185185185182,0.8185185185185182,13.066666666666666,12.0,empirical group EESR,disabled,20260929,69b1b200c29ca42626fc4cdc7d32551c9524e8f9
orgAInoid_Lens_Final,E009,naive_confidence,0.7,,90,85,12,0.1411764705882353,0.0470588235294117,0.0941176470588235,0.9444444444444444,0.0,0.7425925925925924,0.7862745098039213,18.533333333333335,12.0,empirical group EESR,disabled,20260929,69b1b200c29ca42626fc4cdc7d32551c9524e8f9
orgAInoid_Lens_Final,E009,naive_confidence,0.8,,90,66,4,0.0606060606060606,0.0303030303030303,0.0303030303030303,0.7333333333333333,0.0,0.5925925925925927,0.8080808080808081,29.333333333333332,12.0,empirical group EESR,disabled,20260929,69b1b200c29ca42626fc4cdc7d32551c9524e8f9
orgAInoid_Lens_Final,E009,naive_confidence,0.9,,90,45,2,0.0444444444444444,0.0222222222222222,0.0222222222222222,0.5,0.0,0.3999999999999999,0.8000000000000002,43.2,54.0,empirical group EESR,disabled,20260929,69b1b200c29ca42626fc4cdc7d32551c9524e8f9
orgAInoid_Lens_Final,E009,naive_confidence,0.95,,90,17,0,0.0,0.0,0.0,0.1888888888888888,0.0,0.1462962962962963,0.7745098039215687,61.46666666666667,72.0,empirical group EESR,disabled,20260929,69b1b200c29ca42626fc4cdc7d32551c9524e8f9
orgAInoid_Lens_Final,E009,naive_confidence,0.975,,90,5,0,0.0,0.0,0.0,0.0555555555555555,0.0,0.0462962962962963,0.8333333333333334,68.66666666666667,72.0,empirical group EESR,disabled,20260929,69b1b200c29ca42626fc4cdc7d32551c9524e8f9
orgAInoid_Lens_Final,E009,naive_confidence,0.99,,90,1,0,0.0,0.0,0.0,0.0111111111111111,0.0,0.0074074074074074,0.6666666666666666,71.46666666666667,72.0,empirical group EESR,disabled,20260929,69b1b200c29ca42626fc4cdc7d32551c9524e8f9
orgAInoid_Lens_Final,E009,calibrated_non_group,0.02,0.02,90,0,0,0.0,0.0,0.0,0.0,0.0,0.0,0.0,72.0,72.0,empirical group EESR,disabled,20260929,69b1b200c29ca42626fc4cdc7d32551c9524e8f9
orgAInoid_Lens_Final,E009,cbes_style,0.02,0.02,90,0,0,0.0,0.0,0.0,0.0,0.0,0.0,0.0,72.0,72.0,empirical group EESR,disabled,20260929,69b1b200c29ca42626fc4cdc7d32551c9524e8f9
orgAInoid_Lens_Final,E009,gates_without_ood,0.02,0.02,90,0,0,0.0,0.0,0.0,0.0,0.0,0.0,0.0,72.0,72.0,empirical group EESR,disabled,20260929,69b1b200c29ca42626fc4cdc7d32551c9524e8f9
orgAInoid_Lens_Final,E009,gates_full,0.02,0.02,90,0,0,0.0,0.0,0.0,0.0,0.0,0.0,0.0,72.0,72.0,empirical group EESR,enabled,20260929,69b1b200c29ca42626fc4cdc7d32551c9524e8f9
orgAInoid_Lens_Final,E009,calibrated_non_group,0.05,0.05,90,0,0,0.0,0.0,0.0,0.0,0.0,0.0,0.0,72.0,72.0,empirical group EESR,disabled,20260929,69b1b200c29ca42626fc4cdc7d32551c9524e8f9
orgAInoid_Lens_Final,E009,cbes_style,0.05,0.05,90,0,0,0.0,0.0,0.0,0.0,0.0,0.0,0.0,72.0,72.0,empirical group EESR,disabled,20260929,69b1b200c29ca42626fc4cdc7d32551c9524e8f9
orgAInoid_Lens_Final,E009,gates_without_ood,0.05,0.05,90,0,0,0.0,0.0,0.0,0.0,0.0,0.0,0.0,72.0,72.0,empirical group EESR,disabled,20260929,69b1b200c29ca42626fc4cdc7d32551c9524e8f9
orgAInoid_Lens_Final,E009,gates_full,0.05,0.05,90,0,0,0.0,0.0,0.0,0.0,0.0,0.0,0.0,72.0,72.0,empirical group EESR,enabled,20260929,69b1b200c29ca42626fc4cdc7d32551c9524e8f9
orgAInoid_Lens_Final,E009,calibrated_non_group,0.1,0.1,90,21,0,0.0,0.0,0.0,0.2333333333333333,0.0,0.1388888888888889,0.5952380952380955,62.0,72.0,empirical group EESR,disabled,20260929,69b1b200c29ca42626fc4cdc7d32551c9524e8f9
orgAInoid_Lens_Final,E009,cbes_style,0.1,0.1,90,0,0,0.0,0.0,0.0,0.0,0.0,0.0,0.0,72.0,72.0,empirical group EESR,disabled,20260929,69b1b200c29ca42626fc4cdc7d32551c9524e8f9
orgAInoid_Lens_Final,E009,gates_without_ood,0.1,0.1,90,0,0,0.0,0.0,0.0,0.0,0.0,0.0,0.0,72.0,72.0,empirical group EESR,disabled,20260929,69b1b200c29ca42626fc4cdc7d32551c9524e8f9
orgAInoid_Lens_Final,E009,gates_full,0.1,0.1,90,0,0,0.0,0.0,0.0,0.0,0.0,0.0,0.0,72.0,72.0,empirical group EESR,enabled,20260929,69b1b200c29ca42626fc4cdc7d32551c9524e8f9
orgAInoid_Lens_Final,E009,calibrated_non_group,0.15,0.15,90,24,0,0.0,0.0,0.0,0.2666666666666666,0.0,0.1611111111111111,0.6041666666666666,60.4,72.0,empirical group EESR,disabled,20260929,69b1b200c29ca42626fc4cdc7d32551c9524e8f9
orgAInoid_Lens_Final,E009,cbes_style,0.15,0.15,90,0,0,0.0,0.0,0.0,0.0,0.0,0.0,0.0,72.0,72.0,empirical group EESR,disabled,20260929,69b1b200c29ca42626fc4cdc7d32551c9524e8f9
orgAInoid_Lens_Final,E009,gates_without_ood,0.15,0.15,90,13,0,0.0,0.0,0.0,0.1444444444444444,0.0,0.1203703703703703,0.8333333333333335,63.333333333333336,72.0,empirical group EESR,disabled,20260929,69b1b200c29ca42626fc4cdc7d32551c9524e8f9
orgAInoid_Lens_Final,E009,gates_full,0.15,0.15,90,13,0,0.0,0.0,0.0,0.1444444444444444,0.0,0.1203703703703703,0.8333333333333335,63.333333333333336,72.0,empirical group EESR,enabled,20260929,69b1b200c29ca42626fc4cdc7d32551c9524e8f9
orgAInoid_Lens_Final,E009,calibrated_non_group,0.2,0.2,90,64,6,0.09375,0.03125,0.0625,0.7111111111111111,0.0,0.5740740740740741,0.8072916666666666,30.666666666666668,12.0,empirical group EESR,disabled,20260929,69b1b200c29ca42626fc4cdc7d32551c9524e8f9
orgAInoid_Lens_Final,E009,cbes_style,0.2,0.2,90,0,0,0.0,0.0,0.0,0.0,0.0,0.0,0.0,72.0,72.0,empirical group EESR,disabled,20260929,69b1b200c29ca42626fc4cdc7d32551c9524e8f9
orgAInoid_Lens_Final,E009,gates_without_ood,0.2,0.2,90,46,3,0.0652173913043478,0.0,0.0652173913043478,0.5111111111111111,0.0,0.3555555555555555,0.6956521739130435,46.4,36.0,empirical group EESR,disabled,20260929,69b1b200c29ca42626fc4cdc7d32551c9524e8f9
orgAInoid_Lens_Final,E009,gates_full,0.2,0.2,90,46,3,0.0652173913043478,0.0,0.0652173913043478,0.5111111111111111,0.0,0.3555555555555555,0.6956521739130435,46.4,36.0,empirical group EESR,enabled,20260929,69b1b200c29ca42626fc4cdc7d32551c9524e8f9
orgAInoid_Lens_Final,E009,calibrated_non_group,0.3,0.3,90,68,9,0.1323529411764706,0.0294117647058823,0.1029411764705882,0.7555555555555555,0.0,0.5962962962962963,0.78921568627451,29.066666666666663,12.0,empirical group EESR,disabled,20260929,69b1b200c29ca42626fc4cdc7d32551c9524e8f9
orgAInoid_Lens_Final,E009,cbes_style,0.3,0.3,90,0,0,0.0,0.0,0.0,0.0,0.0,0.0,0.0,72.0,72.0,empirical group EESR,disabled,20260929,69b1b200c29ca42626fc4cdc7d32551c9524e8f9
orgAInoid_Lens_Final,E009,gates_without_ood,0.3,0.3,90,90,16,0.1777777777777777,0.0333333333333333,0.1444444444444444,1.0,0.0,0.7259259259259259,0.7259259259259259,19.733333333333334,12.0,empirical group EESR,disabled,20260929,69b1b200c29ca42626fc4cdc7d32551c9524e8f9
orgAInoid_Lens_Final,E009,gates_full,0.3,0.3,90,89,15,0.1685393258426966,0.0224719101123595,0.146067415730337,0.9888888888888888,0.0111111111111111,0.7166666666666667,0.7247191011235954,20.4,12.0,empirical group EESR,enabled,20260929,69b1b200c29ca42626fc4cdc7d32551c9524e8f9
orgAInoid_Lens_Final,E010,full_protocol,none,,92,0,0,0.0,0.0,0.0,0.0,0.0,0.0,0.0,72.0,72.0,empirical group EESR,disabled,20260929,69b1b200c29ca42626fc4cdc7d32551c9524e8f9
orgAInoid_Lens_Final,E010,fixed_time,12.0,,92,92,41,0.4456521739130434,0.4239130434782608,0.0217391304347826,1.0,0.0,0.833333333333333,0.833333333333333,12.0,12.0,empirical group EESR,disabled,20260929,69b1b200c29ca42626fc4cdc7d32551c9524e8f9
orgAInoid_Lens_Final,E010,fixed_time,24.0,,92,92,47,0.5108695652173914,0.5,0.0108695652173913,1.0,0.0,0.6666666666666666,0.6666666666666666,24.0,24.0,empirical group EESR,disabled,20260929,69b1b200c29ca42626fc4cdc7d32551c9524e8f9
orgAInoid_Lens_Final,E010,fixed_time,36.0,,92,92,42,0.4565217391304347,0.4565217391304347,0.0,1.0,0.0,0.5,0.5,36.0,36.0,empirical group EESR,disabled,20260929,69b1b200c29ca42626fc4cdc7d32551c9524e8f9
orgAInoid_Lens_Final,E010,fixed_time,48.0,,92,92,35,0.3804347826086957,0.3804347826086957,0.0,1.0,0.0,0.3333333333333333,0.3333333333333333,48.0,48.0,empirical group EESR,disabled,20260929,69b1b200c29ca42626fc4cdc7d32551c9524e8f9
orgAInoid_Lens_Final,E010,fixed_time,60.0,,92,92,42,0.4565217391304347,0.4565217391304347,0.0,1.0,0.0,0.1666666666666666,0.1666666666666666,60.0,60.0,empirical group EESR,disabled,20260929,69b1b200c29ca42626fc4cdc7d32551c9524e8f9
orgAInoid_Lens_Final,E010,naive_confidence,0.5,,92,92,41,0.4456521739130434,0.4239130434782608,0.0217391304347826,1.0,0.0,0.833333333333333,0.833333333333333,12.0,12.0,empirical group EESR,disabled,20260929,69b1b200c29ca42626fc4cdc7d32551c9524e8f9
orgAInoid_Lens_Final,E010,naive_confidence,0.6,,92,92,40,0.4347826086956521,0.4239130434782608,0.0108695652173913,1.0,0.0,0.7844202898550722,0.7844202898550722,15.521739130434783,12.0,empirical group EESR,disabled,20260929,69b1b200c29ca42626fc4cdc7d32551c9524e8f9
orgAInoid_Lens_Final,E010,naive_confidence,0.7,,92,84,39,0.4642857142857143,0.4523809523809524,0.0119047619047619,0.9130434782608696,0.0,0.6648550724637681,0.7281746031746031,24.130434782608695,12.0,empirical group EESR,disabled,20260929,69b1b200c29ca42626fc4cdc7d32551c9524e8f9
orgAInoid_Lens_Final,E010,naive_confidence,0.8,,92,71,32,0.4507042253521127,0.4507042253521127,0.0,0.7717391304347826,0.0,0.4981884057971015,0.6455399061032865,36.130434782608695,36.0,empirical group EESR,disabled,20260929,69b1b200c29ca42626fc4cdc7d32551c9524e8f9
orgAInoid_Lens_Final,E010,naive_confidence,0.9,,92,37,15,0.4054054054054054,0.4054054054054054,0.0,0.4021739130434782,0.0,0.213768115942029,0.5315315315315314,56.608695652173914,72.0,empirical group EESR,disabled,20260929,69b1b200c29ca42626fc4cdc7d32551c9524e8f9
orgAInoid_Lens_Final,E010,naive_confidence,0.95,,92,19,6,0.3157894736842105,0.3157894736842105,0.0,0.2065217391304347,0.0,0.1068840579710144,0.5175438596491228,64.30434782608695,72.0,empirical group EESR,disabled,20260929,69b1b200c29ca42626fc4cdc7d32551c9524e8f9
orgAInoid_Lens_Final,E010,naive_confidence,0.975,,92,10,0,0.0,0.0,0.0,0.108695652173913,0.0,0.0489130434782608,0.45,68.47826086956522,72.0,empirical group EESR,disabled,20260929,69b1b200c29ca42626fc4cdc7d32551c9524e8f9
orgAInoid_Lens_Final,E010,naive_confidence,0.99,,92,3,0,0.0,0.0,0.0,0.0326086956521739,0.0,0.0108695652173913,0.3333333333333333,71.21739130434783,72.0,empirical group EESR,disabled,20260929,69b1b200c29ca42626fc4cdc7d32551c9524e8f9
orgAInoid_Lens_Final,E010,calibrated_non_group,0.02,0.02,92,0,0,0.0,0.0,0.0,0.0,0.0,0.0,0.0,72.0,72.0,empirical group EESR,disabled,20260929,69b1b200c29ca42626fc4cdc7d32551c9524e8f9
orgAInoid_Lens_Final,E010,cbes_style,0.02,0.02,92,0,0,0.0,0.0,0.0,0.0,0.0,0.0,0.0,72.0,72.0,empirical group EESR,disabled,20260929,69b1b200c29ca42626fc4cdc7d32551c9524e8f9
orgAInoid_Lens_Final,E010,gates_without_ood,0.02,0.02,92,0,0,0.0,0.0,0.0,0.0,0.0,0.0,0.0,72.0,72.0,empirical group EESR,disabled,20260929,69b1b200c29ca42626fc4cdc7d32551c9524e8f9
orgAInoid_Lens_Final,E010,gates_full,0.02,0.02,92,0,0,0.0,0.0,0.0,0.0,0.0,0.0,0.0,72.0,72.0,empirical group EESR,enabled,20260929,69b1b200c29ca42626fc4cdc7d32551c9524e8f9
orgAInoid_Lens_Final,E010,calibrated_non_group,0.05,0.05,92,0,0,0.0,0.0,0.0,0.0,0.0,0.0,0.0,72.0,72.0,empirical group EESR,disabled,20260929,69b1b200c29ca42626fc4cdc7d32551c9524e8f9
orgAInoid_Lens_Final,E010,cbes_style,0.05,0.05,92,0,0,0.0,0.0,0.0,0.0,0.0,0.0,0.0,72.0,72.0,empirical group EESR,disabled,20260929,69b1b200c29ca42626fc4cdc7d32551c9524e8f9
orgAInoid_Lens_Final,E010,gates_without_ood,0.05,0.05,92,0,0,0.0,0.0,0.0,0.0,0.0,0.0,0.0,72.0,72.0,empirical group EESR,disabled,20260929,69b1b200c29ca42626fc4cdc7d32551c9524e8f9
orgAInoid_Lens_Final,E010,gates_full,0.05,0.05,92,0,0,0.0,0.0,0.0,0.0,0.0,0.0,0.0,72.0,72.0,empirical group EESR,enabled,20260929,69b1b200c29ca42626fc4cdc7d32551c9524e8f9
orgAInoid_Lens_Final,E010,calibrated_non_group,0.1,0.1,92,1,0,0.0,0.0,0.0,0.0108695652173913,0.0,0.0018115942028985,0.1666666666666666,71.8695652173913,72.0,empirical group EESR,disabled,20260929,69b1b200c29ca42626fc4cdc7d32551c9524e8f9
orgAInoid_Lens_Final,E010,cbes_style,0.1,0.1,92,0,0,0.0,0.0,0.0,0.0,0.0,0.0,0.0,72.0,72.0,empirical group EESR,disabled,20260929,69b1b200c29ca42626fc4cdc7d32551c9524e8f9
orgAInoid_Lens_Final,E010,gates_without_ood,0.1,0.1,92,0,0,0.0,0.0,0.0,0.0,0.0,0.0,0.0,72.0,72.0,empirical group EESR,disabled,20260929,69b1b200c29ca42626fc4cdc7d32551c9524e8f9
orgAInoid_Lens_Final,E010,gates_full,0.1,0.1,92,0,0,0.0,0.0,0.0,0.0,0.0,0.0,0.0,72.0,72.0,empirical group EESR,enabled,20260929,69b1b200c29ca42626fc4cdc7d32551c9524e8f9
orgAInoid_Lens_Final,E010,calibrated_non_group,0.15,0.15,92,36,11,0.3055555555555556,0.3055555555555556,0.0,0.391304347826087,0.0,0.3188405797101449,0.8148148148148147,49.04347826086956,72.0,empirical group EESR,disabled,20260929,69b1b200c29ca42626fc4cdc7d32551c9524e8f9
orgAInoid_Lens_Final,E010,cbes_style,0.15,0.15,92,0,0,0.0,0.0,0.0,0.0,0.0,0.0,0.0,72.0,72.0,empirical group EESR,disabled,20260929,69b1b200c29ca42626fc4cdc7d32551c9524e8f9
orgAInoid_Lens_Final,E010,gates_without_ood,0.15,0.15,92,35,11,0.3142857142857143,0.3142857142857143,0.0,0.3804347826086957,0.0,0.3170289855072464,0.8333333333333333,49.17391304347826,72.0,empirical group EESR,disabled,20260929,69b1b200c29ca42626fc4cdc7d32551c9524e8f9
orgAInoid_Lens_Final,E010,gates_full,0.15,0.15,92,35,11,0.3142857142857143,0.3142857142857143,0.0,0.3804347826086957,0.0,0.3170289855072464,0.8333333333333333,49.17391304347826,72.0,empirical group EESR,enabled,20260929,69b1b200c29ca42626fc4cdc7d32551c9524e8f9
orgAInoid_Lens_Final,E010,calibrated_non_group,0.2,0.2,92,53,19,0.3584905660377358,0.3396226415094339,0.0188679245283018,0.5760869565217391,0.0,0.4692028985507246,0.8144654088050317,38.21739130434783,12.0,empirical group EESR,disabled,20260929,69b1b200c29ca42626fc4cdc7d32551c9524e8f9
orgAInoid_Lens_Final,E010,cbes_style,0.2,0.2,92,57,23,0.4035087719298245,0.3859649122807017,0.0175438596491228,0.6195652173913043,0.0,0.5163043478260869,0.8333333333333334,34.82608695652174,12.0,empirical group EESR,disabled,20260929,69b1b200c29ca42626fc4cdc7d32551c9524e8f9
orgAInoid_Lens_Final,E010,gates_without_ood,0.2,0.2,92,51,19,0.3725490196078431,0.3529411764705882,0.0196078431372549,0.5543478260869565,0.0,0.4619565217391304,0.8333333333333335,38.73913043478261,12.0,empirical group EESR,disabled,20260929,69b1b200c29ca42626fc4cdc7d32551c9524e8f9
orgAInoid_Lens_Final,E010,gates_full,0.2,0.2,92,51,19,0.3725490196078431,0.3529411764705882,0.0196078431372549,0.5543478260869565,0.0,0.4619565217391304,0.8333333333333335,38.73913043478261,12.0,empirical group EESR,enabled,20260929,69b1b200c29ca42626fc4cdc7d32551c9524e8f9
orgAInoid_Lens_Final,E010,calibrated_non_group,0.3,0.3,92,61,23,0.3770491803278688,0.360655737704918,0.0163934426229508,0.6630434782608695,0.0,0.5090579710144928,0.7677595628415301,35.34782608695652,12.0,empirical group EESR,disabled,20260929,69b1b200c29ca42626fc4cdc7d32551c9524e8f9
orgAInoid_Lens_Final,E010,cbes_style,0.3,0.3,92,72,32,0.4444444444444444,0.4305555555555556,0.0138888888888888,0.782608695652174,0.0,0.5978260869565217,0.7638888888888888,28.956521739130434,12.0,empirical group EESR,disabled,20260929,69b1b200c29ca42626fc4cdc7d32551c9524e8f9
orgAInoid_Lens_Final,E010,gates_without_ood,0.3,0.3,92,83,35,0.4216867469879518,0.4096385542168674,0.0120481927710843,0.9021739130434784,0.0,0.7518115942028983,0.833333333333333,17.869565217391305,12.0,empirical group EESR,disabled,20260929,69b1b200c29ca42626fc4cdc7d32551c9524e8f9
orgAInoid_Lens_Final,E010,gates_full,0.3,0.3,92,81,34,0.419753086419753,0.4074074074074074,0.0123456790123456,0.8804347826086957,0.0217391304347826,0.7336956521739127,0.8333333333333331,19.17391304347826,12.0,empirical group EESR,enabled,20260929,69b1b200c29ca42626fc4cdc7d32551c9524e8f9
orgAInoid_Lens_Final,E011,full_protocol,none,,90,0,0,0.0,0.0,0.0,0.0,0.0,0.0,0.0,72.0,72.0,empirical group EESR,disabled,20260929,69b1b200c29ca42626fc4cdc7d32551c9524e8f9
orgAInoid_Lens_Final,E011,fixed_time,12.0,,90,90,19,0.2111111111111111,0.1333333333333333,0.0777777777777777,1.0,0.0,0.8333333333333331,0.8333333333333331,12.0,12.0,empirical group EESR,disabled,20260929,69b1b200c29ca42626fc4cdc7d32551c9524e8f9
orgAInoid_Lens_Final,E011,fixed_time,24.0,,90,90,23,0.2555555555555555,0.1888888888888888,0.0666666666666666,1.0,0.0,0.6666666666666666,0.6666666666666666,24.0,24.0,empirical group EESR,disabled,20260929,69b1b200c29ca42626fc4cdc7d32551c9524e8f9
orgAInoid_Lens_Final,E011,fixed_time,36.0,,90,90,19,0.2111111111111111,0.1333333333333333,0.0777777777777777,1.0,0.0,0.5,0.5,36.0,36.0,empirical group EESR,disabled,20260929,69b1b200c29ca42626fc4cdc7d32551c9524e8f9
orgAInoid_Lens_Final,E011,fixed_time,48.0,,90,90,21,0.2333333333333333,0.1888888888888888,0.0444444444444444,1.0,0.0,0.3333333333333333,0.3333333333333333,48.0,48.0,empirical group EESR,disabled,20260929,69b1b200c29ca42626fc4cdc7d32551c9524e8f9
orgAInoid_Lens_Final,E011,fixed_time,60.0,,90,90,25,0.2777777777777778,0.2222222222222222,0.0555555555555555,1.0,0.0,0.1666666666666666,0.1666666666666666,60.0,60.0,empirical group EESR,disabled,20260929,69b1b200c29ca42626fc4cdc7d32551c9524e8f9
orgAInoid_Lens_Final,E011,naive_confidence,0.5,,90,90,19,0.2111111111111111,0.1333333333333333,0.0777777777777777,1.0,0.0,0.8333333333333331,0.8333333333333331,12.0,12.0,empirical group EESR,disabled,20260929,69b1b200c29ca42626fc4cdc7d32551c9524e8f9
orgAInoid_Lens_Final,E011,naive_confidence,0.6,,90,90,20,0.2222222222222222,0.1555555555555555,0.0666666666666666,1.0,0.0,0.7907407407407406,0.7907407407407406,15.066666666666666,12.0,empirical group EESR,disabled,20260929,69b1b200c29ca42626fc4cdc7d32551c9524e8f9
orgAInoid_Lens_Final,E011,naive_confidence,0.7,,90,82,16,0.1951219512195122,0.1463414634146341,0.048780487804878,0.9111111111111112,0.0,0.6870370370370371,0.7540650406504065,22.533333333333335,12.0,empirical group EESR,disabled,20260929,69b1b200c29ca42626fc4cdc7d32551c9524e8f9
orgAInoid_Lens_Final,E011,naive_confidence,0.8,,90,69,13,0.1884057971014492,0.1304347826086956,0.0579710144927536,0.7666666666666667,0.0,0.5481481481481482,0.7149758454106281,32.53333333333333,18.0,empirical group EESR,disabled,20260929,69b1b200c29ca42626fc4cdc7d32551c9524e8f9
orgAInoid_Lens_Final,E011,naive_confidence,0.9,,90,43,7,0.1627906976744186,0.1162790697674418,0.0465116279069767,0.4777777777777778,0.0,0.3537037037037037,0.7403100775193798,46.53333333333333,72.0,empirical group EESR,disabled,20260929,69b1b200c29ca42626fc4cdc7d32551c9524e8f9
orgAInoid_Lens_Final,E011,naive_confidence,0.95,,90,29,5,0.1724137931034483,0.1034482758620689,0.0689655172413793,0.3222222222222222,0.0,0.2185185185185185,0.6781609195402297,56.266666666666666,72.0,empirical group EESR,disabled,20260929,69b1b200c29ca42626fc4cdc7d32551c9524e8f9
orgAInoid_Lens_Final,E011,naive_confidence,0.975,,90,14,2,0.1428571428571428,0.0,0.1428571428571428,0.1555555555555555,0.0,0.0888888888888888,0.5714285714285714,65.6,72.0,empirical group EESR,disabled,20260929,69b1b200c29ca42626fc4cdc7d32551c9524e8f9
orgAInoid_Lens_Final,E011,naive_confidence,0.99,,90,3,1,0.3333333333333333,0.0,0.3333333333333333,0.0333333333333333,0.0,0.0259259259259259,0.7777777777777778,70.13333333333334,72.0,empirical group EESR,disabled,20260929,69b1b200c29ca42626fc4cdc7d32551c9524e8f9
orgAInoid_Lens_Final,E011,calibrated_non_group,0.02,0.02,90,21,4,0.1904761904761904,0.0952380952380952,0.0952380952380952,0.2333333333333333,0.0,0.0907407407407407,0.3888888888888888,65.46666666666667,72.0,empirical group EESR,disabled,20260929,69b1b200c29ca42626fc4cdc7d32551c9524e8f9
orgAInoid_Lens_Final,E011,cbes_style,0.02,0.02,90,0,0,0.0,0.0,0.0,0.0,0.0,0.0,0.0,72.0,72.0,empirical group EESR,disabled,20260929,69b1b200c29ca42626fc4cdc7d32551c9524e8f9
orgAInoid_Lens_Final,E011,gates_without_ood,0.02,0.02,90,21,4,0.1904761904761904,0.0952380952380952,0.0952380952380952,0.2333333333333333,0.0,0.0907407407407407,0.3888888888888888,65.46666666666667,72.0,empirical group EESR,disabled,20260929,69b1b200c29ca42626fc4cdc7d32551c9524e8f9
orgAInoid_Lens_Final,E011,gates_full,0.02,0.02,90,17,3,0.1764705882352941,0.0588235294117647,0.1176470588235294,0.1888888888888888,0.0444444444444444,0.0759259259259259,0.4019607843137254,66.53333333333333,72.0,empirical group EESR,enabled,20260929,69b1b200c29ca42626fc4cdc7d32551c9524e8f9
orgAInoid_Lens_Final,E011,calibrated_non_group,0.05,0.05,90,32,5,0.15625,0.09375,0.0625,0.3555555555555555,0.0,0.237037037037037,0.6666666666666667,54.93333333333333,72.0,empirical group EESR,disabled,20260929,69b1b200c29ca42626fc4cdc7d32551c9524e8f9
orgAInoid_Lens_Final,E011,cbes_style,0.05,0.05,90,0,0,0.0,0.0,0.0,0.0,0.0,0.0,0.0,72.0,72.0,empirical group EESR,disabled,20260929,69b1b200c29ca42626fc4cdc7d32551c9524e8f9
orgAInoid_Lens_Final,E011,gates_without_ood,0.05,0.05,90,21,4,0.1904761904761904,0.0952380952380952,0.0952380952380952,0.2333333333333333,0.0,0.0907407407407407,0.3888888888888888,65.46666666666667,72.0,empirical group EESR,disabled,20260929,69b1b200c29ca42626fc4cdc7d32551c9524e8f9
orgAInoid_Lens_Final,E011,gates_full,0.05,0.05,90,17,3,0.1764705882352941,0.0588235294117647,0.1176470588235294,0.1888888888888888,0.0444444444444444,0.0759259259259259,0.4019607843137254,66.53333333333333,72.0,empirical group EESR,enabled,20260929,69b1b200c29ca42626fc4cdc7d32551c9524e8f9
orgAInoid_Lens_Final,E011,calibrated_non_group,0.1,0.1,90,45,7,0.1555555555555555,0.1111111111111111,0.0444444444444444,0.5,0.0,0.3685185185185186,0.7370370370370372,45.46666666666667,66.0,empirical group EESR,disabled,20260929,69b1b200c29ca42626fc4cdc7d32551c9524e8f9
orgAInoid_Lens_Final,E011,cbes_style,0.1,0.1,90,0,0,0.0,0.0,0.0,0.0,0.0,0.0,0.0,72.0,72.0,empirical group EESR,disabled,20260929,69b1b200c29ca42626fc4cdc7d32551c9524e8f9
orgAInoid_Lens_Final,E011,gates_without_ood,0.1,0.1,90,43,6,0.1395348837209302,0.0930232558139534,0.0465116279069767,0.4777777777777778,0.0,0.3555555555555555,0.7441860465116278,46.4,72.0,empirical group EESR,disabled,20260929,69b1b200c29ca42626fc4cdc7d32551c9524e8f9
orgAInoid_Lens_Final,E011,gates_full,0.1,0.1,90,41,6,0.1463414634146341,0.0975609756097561,0.048780487804878,0.4555555555555555,0.0222222222222222,0.3462962962962962,0.7601626016260163,47.06666666666667,72.0,empirical group EESR,enabled,20260929,69b1b200c29ca42626fc4cdc7d32551c9524e8f9
orgAInoid_Lens_Final,E011,calibrated_non_group,0.15,0.15,90,33,6,0.1818181818181818,0.1212121212121212,0.0606060606060606,0.3666666666666666,0.0,0.2425925925925925,0.6616161616161615,54.53333333333333,72.0,empirical group EESR,disabled,20260929,69b1b200c29ca42626fc4cdc7d32551c9524e8f9
orgAInoid_Lens_Final,E011,cbes_style,0.15,0.15,90,0,0,0.0,0.0,0.0,0.0,0.0,0.0,0.0,72.0,72.0,empirical group EESR,disabled,20260929,69b1b200c29ca42626fc4cdc7d32551c9524e8f9
orgAInoid_Lens_Final,E011,gates_without_ood,0.15,0.15,90,49,7,0.1428571428571428,0.1020408163265306,0.0408163265306122,0.5444444444444444,0.0,0.4037037037037038,0.7414965986394558,42.93333333333333,48.0,empirical group EESR,disabled,20260929,69b1b200c29ca42626fc4cdc7d32551c9524e8f9
orgAInoid_Lens_Final,E011,gates_full,0.15,0.15,90,48,7,0.1458333333333333,0.1041666666666666,0.0416666666666666,0.5333333333333333,0.0111111111111111,0.3981481481481482,0.7465277777777778,43.333333333333336,48.0,empirical group EESR,enabled,20260929,69b1b200c29ca42626fc4cdc7d32551c9524e8f9
orgAInoid_Lens_Final,E011,calibrated_non_group,0.2,0.2,90,49,7,0.1428571428571428,0.1020408163265306,0.0408163265306122,0.5444444444444444,0.0,0.3944444444444444,0.7244897959183675,43.6,48.0,empirical group EESR,disabled,20260929,69b1b200c29ca42626fc4cdc7d32551c9524e8f9
orgAInoid_Lens_Final,E011,cbes_style,0.2,0.2,90,0,0,0.0,0.0,0.0,0.0,0.0,0.0,0.0,72.0,72.0,empirical group EESR,disabled,20260929,69b1b200c29ca42626fc4cdc7d32551c9524e8f9
orgAInoid_Lens_Final,E011,gates_without_ood,0.2,0.2,90,71,10,0.1408450704225352,0.0985915492957746,0.0422535211267605,0.7888888888888889,0.0,0.6425925925925926,0.8145539906103288,25.733333333333334,12.0,empirical group EESR,disabled,20260929,69b1b200c29ca42626fc4cdc7d32551c9524e8f9
orgAInoid_Lens_Final,E011,gates_full,0.2,0.2,90,70,10,0.1428571428571428,0.1,0.0428571428571428,0.7777777777777778,0.0111111111111111,0.6333333333333333,0.8142857142857145,26.4,12.0,empirical group EESR,enabled,20260929,69b1b200c29ca42626fc4cdc7d32551c9524e8f9
orgAInoid_Lens_Final,E011,calibrated_non_group,0.3,0.3,90,90,21,0.2333333333333333,0.1555555555555555,0.0777777777777777,1.0,0.0,0.8129629629629629,0.8129629629629629,13.466666666666669,12.0,empirical group EESR,disabled,20260929,69b1b200c29ca42626fc4cdc7d32551c9524e8f9
orgAInoid_Lens_Final,E011,cbes_style,0.3,0.3,90,58,12,0.2068965517241379,0.1724137931034483,0.0344827586206896,0.6444444444444445,0.0,0.1074074074074073,0.1666666666666666,64.26666666666667,60.0,empirical group EESR,disabled,20260929,69b1b200c29ca42626fc4cdc7d32551c9524e8f9
orgAInoid_Lens_Final,E011,gates_without_ood,0.3,0.3,90,90,19,0.2111111111111111,0.1333333333333333,0.0777777777777777,1.0,0.0,0.8333333333333331,0.8333333333333331,12.0,12.0,empirical group EESR,disabled,20260929,69b1b200c29ca42626fc4cdc7d32551c9524e8f9
orgAInoid_Lens_Final,E011,gates_full,0.3,0.3,90,89,19,0.2134831460674157,0.1348314606741573,0.0786516853932584,0.9888888888888888,0.0111111111111111,0.824074074074074,0.8333333333333333,12.666666666666666,12.0,empirical group EESR,enabled,20260929,69b1b200c29ca42626fc4cdc7d32551c9524e8f9
orgAInoid_Lens_Final,E012,full_protocol,none,,77,0,0,0.0,0.0,0.0,0.0,0.0,0.0,0.0,72.0,72.0,empirical group EESR,disabled,20260929,69b1b200c29ca42626fc4cdc7d32551c9524e8f9
orgAInoid_Lens_Final,E012,fixed_time,12.0,,77,77,27,0.3506493506493506,0.2987012987012987,0.0519480519480519,1.0,0.0,0.8333333333333334,0.8333333333333334,12.0,12.0,empirical group EESR,disabled,20260929,69b1b200c29ca42626fc4cdc7d32551c9524e8f9
orgAInoid_Lens_Final,E012,fixed_time,24.0,,77,77,47,0.6103896103896104,0.6103896103896104,0.0,1.0,0.0,0.6666666666666665,0.6666666666666665,24.0,24.0,empirical group EESR,disabled,20260929,69b1b200c29ca42626fc4cdc7d32551c9524e8f9
orgAInoid_Lens_Final,E012,fixed_time,36.0,,77,77,28,0.3636363636363636,0.2987012987012987,0.0649350649350649,1.0,0.0,0.5,0.5,36.0,36.0,empirical group EESR,disabled,20260929,69b1b200c29ca42626fc4cdc7d32551c9524e8f9
orgAInoid_Lens_Final,E012,fixed_time,48.0,,77,77,26,0.3376623376623376,0.2467532467532467,0.0909090909090909,1.0,0.0,0.3333333333333332,0.3333333333333332,48.0,48.0,empirical group EESR,disabled,20260929,69b1b200c29ca42626fc4cdc7d32551c9524e8f9
orgAInoid_Lens_Final,E012,fixed_time,60.0,,77,77,23,0.2987012987012987,0.2077922077922078,0.0909090909090909,1.0,0.0,0.1666666666666666,0.1666666666666666,60.0,60.0,empirical group EESR,disabled,20260929,69b1b200c29ca42626fc4cdc7d32551c9524e8f9
orgAInoid_Lens_Final,E012,naive_confidence,0.5,,77,77,27,0.3506493506493506,0.2987012987012987,0.0519480519480519,1.0,0.0,0.8333333333333334,0.8333333333333334,12.0,12.0,empirical group EESR,disabled,20260929,69b1b200c29ca42626fc4cdc7d32551c9524e8f9
orgAInoid_Lens_Final,E012,naive_confidence,0.6,,77,77,30,0.3896103896103896,0.3506493506493506,0.0389610389610389,1.0,0.0,0.8095238095238095,0.8095238095238095,13.714285714285714,12.0,empirical group EESR,disabled,20260929,69b1b200c29ca42626fc4cdc7d32551c9524e8f9
orgAInoid_Lens_Final,E012,naive_confidence,0.7,,77,77,33,0.4285714285714285,0.3896103896103896,0.0389610389610389,1.0,0.0,0.7770562770562771,0.7770562770562771,16.051948051948052,12.0,empirical group EESR,disabled,20260929,69b1b200c29ca42626fc4cdc7d32551c9524e8f9
orgAInoid_Lens_Final,E012,naive_confidence,0.8,,77,74,35,0.4729729729729729,0.4459459459459459,0.027027027027027,0.961038961038961,0.0,0.7316017316017316,0.7612612612612611,19.32467532467533,12.0,empirical group EESR,disabled,20260929,69b1b200c29ca42626fc4cdc7d32551c9524e8f9
orgAInoid_Lens_Final,E012,naive_confidence,0.9,,77,68,29,0.4264705882352941,0.4117647058823529,0.0147058823529411,0.8831168831168831,0.0,0.6255411255411254,0.7083333333333333,26.96103896103896,24.0,empirical group EESR,disabled,20260929,69b1b200c29ca42626fc4cdc7d32551c9524e8f9
orgAInoid_Lens_Final,E012,naive_confidence,0.95,,77,52,19,0.3653846153846153,0.3653846153846153,0.0,0.6753246753246753,0.0,0.4675324675324675,0.6923076923076923,38.33766233766234,24.0,empirical group EESR,disabled,20260929,69b1b200c29ca42626fc4cdc7d32551c9524e8f9
orgAInoid_Lens_Final,E012,naive_confidence,0.975,,77,32,10,0.3125,0.3125,0.0,0.4155844155844156,0.0,0.2770562770562771,0.6666666666666666,52.05194805194805,72.0,empirical group EESR,disabled,20260929,69b1b200c29ca42626fc4cdc7d32551c9524e8f9
orgAInoid_Lens_Final,E012,naive_confidence,0.99,,77,18,4,0.2222222222222222,0.2222222222222222,0.0,0.2337662337662337,0.0,0.1623376623376623,0.6944444444444443,60.311688311688314,72.0,empirical group EESR,disabled,20260929,69b1b200c29ca42626fc4cdc7d32551c9524e8f9
orgAInoid_Lens_Final,E012,calibrated_non_group,0.02,0.02,77,0,0,0.0,0.0,0.0,0.0,0.0,0.0,0.0,72.0,72.0,empirical group EESR,disabled,20260929,69b1b200c29ca42626fc4cdc7d32551c9524e8f9
orgAInoid_Lens_Final,E012,cbes_style,0.02,0.02,77,0,0,0.0,0.0,0.0,0.0,0.0,0.0,0.0,72.0,72.0,empirical group EESR,disabled,20260929,69b1b200c29ca42626fc4cdc7d32551c9524e8f9
orgAInoid_Lens_Final,E012,gates_without_ood,0.02,0.02,77,0,0,0.0,0.0,0.0,0.0,0.0,0.0,0.0,72.0,72.0,empirical group EESR,disabled,20260929,69b1b200c29ca42626fc4cdc7d32551c9524e8f9
orgAInoid_Lens_Final,E012,gates_full,0.02,0.02,77,0,0,0.0,0.0,0.0,0.0,0.0,0.0,0.0,72.0,72.0,empirical group EESR,enabled,20260929,69b1b200c29ca42626fc4cdc7d32551c9524e8f9
orgAInoid_Lens_Final,E012,calibrated_non_group,0.05,0.05,77,0,0,0.0,0.0,0.0,0.0,0.0,0.0,0.0,72.0,72.0,empirical group EESR,disabled,20260929,69b1b200c29ca42626fc4cdc7d32551c9524e8f9
orgAInoid_Lens_Final,E012,cbes_style,0.05,0.05,77,0,0,0.0,0.0,0.0,0.0,0.0,0.0,0.0,72.0,72.0,empirical group EESR,disabled,20260929,69b1b200c29ca42626fc4cdc7d32551c9524e8f9
orgAInoid_Lens_Final,E012,gates_without_ood,0.05,0.05,77,0,0,0.0,0.0,0.0,0.0,0.0,0.0,0.0,72.0,72.0,empirical group EESR,disabled,20260929,69b1b200c29ca42626fc4cdc7d32551c9524e8f9
orgAInoid_Lens_Final,E012,gates_full,0.05,0.05,77,0,0,0.0,0.0,0.0,0.0,0.0,0.0,0.0,72.0,72.0,empirical group EESR,enabled,20260929,69b1b200c29ca42626fc4cdc7d32551c9524e8f9
orgAInoid_Lens_Final,E012,calibrated_non_group,0.1,0.1,77,3,0,0.0,0.0,0.0,0.0389610389610389,0.0,0.0324675324675324,0.8333333333333334,69.66233766233766,72.0,empirical group EESR,disabled,20260929,69b1b200c29ca42626fc4cdc7d32551c9524e8f9
orgAInoid_Lens_Final,E012,cbes_style,0.1,0.1,77,65,20,0.3076923076923077,0.2615384615384615,0.0461538461538461,0.8441558441558441,0.0,0.6060606060606061,0.717948717948718,28.363636363636363,12.0,empirical group EESR,disabled,20260929,69b1b200c29ca42626fc4cdc7d32551c9524e8f9
orgAInoid_Lens_Final,E012,gates_without_ood,0.1,0.1,77,0,0,0.0,0.0,0.0,0.0,0.0,0.0,0.0,72.0,72.0,empirical group EESR,disabled,20260929,69b1b200c29ca42626fc4cdc7d32551c9524e8f9
orgAInoid_Lens_Final,E012,gates_full,0.1,0.1,77,0,0,0.0,0.0,0.0,0.0,0.0,0.0,0.0,72.0,72.0,empirical group EESR,enabled,20260929,69b1b200c29ca42626fc4cdc7d32551c9524e8f9
orgAInoid_Lens_Final,E012,calibrated_non_group,0.15,0.15,77,5,0,0.0,0.0,0.0,0.0649350649350649,0.0,0.0541125541125541,0.8333333333333334,68.1038961038961,72.0,empirical group EESR,disabled,20260929,69b1b200c29ca42626fc4cdc7d32551c9524e8f9
orgAInoid_Lens_Final,E012,cbes_style,0.15,0.15,77,68,23,0.3382352941176471,0.2794117647058823,0.0588235294117647,0.8831168831168831,0.0,0.6536796536796537,0.7401960784313726,24.935064935064936,12.0,empirical group EESR,disabled,20260929,69b1b200c29ca42626fc4cdc7d32551c9524e8f9
orgAInoid_Lens_Final,E012,gates_without_ood,0.15,0.15,77,0,0,0.0,0.0,0.0,0.0,0.0,0.0,0.0,72.0,72.0,empirical group EESR,disabled,20260929,69b1b200c29ca42626fc4cdc7d32551c9524e8f9
orgAInoid_Lens_Final,E012,gates_full,0.15,0.15,77,0,0,0.0,0.0,0.0,0.0,0.0,0.0,0.0,72.0,72.0,empirical group EESR,enabled,20260929,69b1b200c29ca42626fc4cdc7d32551c9524e8f9
orgAInoid_Lens_Final,E012,calibrated_non_group,0.2,0.2,77,5,0,0.0,0.0,0.0,0.0649350649350649,0.0,0.0541125541125541,0.8333333333333334,68.1038961038961,72.0,empirical group EESR,disabled,20260929,69b1b200c29ca42626fc4cdc7d32551c9524e8f9
orgAInoid_Lens_Final,E012,cbes_style,0.2,0.2,77,76,34,0.4473684210526316,0.4078947368421052,0.0394736842105263,0.987012987012987,0.0,0.7662337662337662,0.7763157894736842,16.83116883116883,12.0,empirical group EESR,disabled,20260929,69b1b200c29ca42626fc4cdc7d32551c9524e8f9
orgAInoid_Lens_Final,E012,gates_without_ood,0.2,0.2,77,3,0,0.0,0.0,0.0,0.0389610389610389,0.0,0.0324675324675324,0.8333333333333334,69.66233766233766,72.0,empirical group EESR,disabled,20260929,69b1b200c29ca42626fc4cdc7d32551c9524e8f9
orgAInoid_Lens_Final,E012,gates_full,0.2,0.2,77,3,0,0.0,0.0,0.0,0.0389610389610389,0.0,0.0324675324675324,0.8333333333333334,69.66233766233766,72.0,empirical group EESR,enabled,20260929,69b1b200c29ca42626fc4cdc7d32551c9524e8f9
orgAInoid_Lens_Final,E012,calibrated_non_group,0.3,0.3,77,77,27,0.3506493506493506,0.2987012987012987,0.0519480519480519,1.0,0.0,0.8333333333333334,0.8333333333333334,12.0,12.0,empirical group EESR,disabled,20260929,69b1b200c29ca42626fc4cdc7d32551c9524e8f9
orgAInoid_Lens_Final,E012,cbes_style,0.3,0.3,77,76,34,0.4473684210526316,0.4078947368421052,0.0394736842105263,0.987012987012987,0.0,0.7662337662337662,0.7763157894736842,16.83116883116883,12.0,empirical group EESR,disabled,20260929,69b1b200c29ca42626fc4cdc7d32551c9524e8f9
orgAInoid_Lens_Final,E012,gates_without_ood,0.3,0.3,77,5,0,0.0,0.0,0.0,0.0649350649350649,0.0,0.0541125541125541,0.8333333333333334,68.1038961038961,72.0,empirical group EESR,disabled,20260929,69b1b200c29ca42626fc4cdc7d32551c9524e8f9
orgAInoid_Lens_Final,E012,gates_full,0.3,0.3,77,5,0,0.0,0.0,0.0,0.0649350649350649,0.0,0.0541125541125541,0.8333333333333334,68.1038961038961,72.0,empirical group EESR,enabled,20260929,69b1b200c29ca42626fc4cdc7d32551c9524e8f9
