unit_id,group_id,endpoint,method,parameter,decision,prediction,decision_time,terminal_time,saved_fraction,ood_score,ood_threshold,fold,test_group,cbes_validation_bound,risk_target,batch_gate_state
E001|A001,E001,1,gates_full_plus_experiment_gate,0.05,CONTINUE,1,72.0,72.0,0.0,,,0,E001,,0.05,ACCEPT_AUTOMATION
E001|A002,E001,1,gates_full_plus_experiment_gate,0.05,STOP,1,60.0,60.0,0.1666666666666666,0.6778803112880819,1.030455421845376,0,E001,,0.05,ACCEPT_AUTOMATION
E001|A003,E001,1,gates_full_plus_experiment_gate,0.05,STOP,1,60.0,60.0,0.1666666666666666,0.70042674879968,1.030455421845376,0,E001,,0.05,ACCEPT_AUTOMATION
E001|A004,E001,0,gates_full_plus_experiment_gate,0.05,CONTINUE,0,72.0,72.0,0.0,,,0,E001,,0.05,ACCEPT_AUTOMATION
E001|A005,E001,1,gates_full_plus_experiment_gate,0.05,CONTINUE,1,72.0,72.0,0.0,,,0,E001,,0.05,ACCEPT_AUTOMATION
E001|A006,E001,1,gates_full_plus_experiment_gate,0.05,STOP,1,48.0,48.0,0.3333333333333333,0.6638851595381153,1.0413458502321375,0,E001,,0.05,ACCEPT_AUTOMATION
E001|A007,E001,1,gates_full_plus_experiment_gate,0.05,CONTINUE,1,72.0,72.0,0.0,,,0,E001,,0.05,ACCEPT_AUTOMATION
E001|A008,E001,1,gates_full_plus_experiment_gate,0.05,STOP,1,60.0,60.0,0.1666666666666666,0.6778510585608557,1.030455421845376,0,E001,,0.05,ACCEPT_AUTOMATION
E001|A009,E001,1,gates_full_plus_experiment_gate,0.05,STOP,1,48.0,48.0,0.3333333333333333,0.685590117550282,1.0413458502321375,0,E001,,0.05,ACCEPT_AUTOMATION
E001|A010,E001,1,gates_full_plus_experiment_gate,0.05,STOP,1,60.0,60.0,0.1666666666666666,0.7529205530724216,1.030455421845376,0,E001,,0.05,ACCEPT_AUTOMATION
E001|A011,E001,1,gates_full_plus_experiment_gate,0.05,CONTINUE,1,72.0,72.0,0.0,,,0,E001,,0.05,ACCEPT_AUTOMATION
E001|B001,E001,1,gates_full_plus_experiment_gate,0.05,STOP,1,60.0,60.0,0.1666666666666666,0.8024890761262924,1.030455421845376,0,E001,,0.05,ACCEPT_AUTOMATION
E001|B002,E001,1,gates_full_plus_experiment_gate,0.05,CONTINUE,1,72.0,72.0,0.0,,,0,E001,,0.05,ACCEPT_AUTOMATION
E001|B003,E001,1,gates_full_plus_experiment_gate,0.05,CONTINUE,1,72.0,72.0,0.0,,,0,E001,,0.05,ACCEPT_AUTOMATION
E001|B004,E001,1,gates_full_plus_experiment_gate,0.05,STOP,1,60.0,60.0,0.1666666666666666,0.5275258730134502,1.030455421845376,0,E001,,0.05,ACCEPT_AUTOMATION
E001|B005,E001,1,gates_full_plus_experiment_gate,0.05,STOP,1,60.0,60.0,0.1666666666666666,0.4074261018335528,1.030455421845376,0,E001,,0.05,ACCEPT_AUTOMATION
E001|B006,E001,1,gates_full_plus_experiment_gate,0.05,STOP,1,60.0,60.0,0.1666666666666666,0.6392081342322473,1.030455421845376,0,E001,,0.05,ACCEPT_AUTOMATION
E001|B007,E001,1,gates_full_plus_experiment_gate,0.05,STOP,1,60.0,60.0,0.1666666666666666,0.5667235054765133,1.030455421845376,0,E001,,0.05,ACCEPT_AUTOMATION
E001|B008,E001,1,gates_full_plus_experiment_gate,0.05,STOP,1,60.0,60.0,0.1666666666666666,0.6559679873966259,1.030455421845376,0,E001,,0.05,ACCEPT_AUTOMATION
E001|B009,E001,1,gates_full_plus_experiment_gate,0.05,CONTINUE,1,72.0,72.0,0.0,,,0,E001,,0.05,ACCEPT_AUTOMATION
E001|B010,E001,0,gates_full_plus_experiment_gate,0.05,CONTINUE,0,72.0,72.0,0.0,,,0,E001,,0.05,ACCEPT_AUTOMATION
E001|B011,E001,1,gates_full_plus_experiment_gate,0.05,STOP,1,60.0,60.0,0.1666666666666666,0.7143919797320119,1.030455421845376,0,E001,,0.05,ACCEPT_AUTOMATION
E001|C001,E001,1,gates_full_plus_experiment_gate,0.05,STOP,1,48.0,48.0,0.3333333333333333,0.699695894658376,1.0413458502321375,0,E001,,0.05,ACCEPT_AUTOMATION
E001|C002,E001,1,gates_full_plus_experiment_gate,0.05,CONTINUE,1,72.0,72.0,0.0,,,0,E001,,0.05,ACCEPT_AUTOMATION
E001|C003,E001,1,gates_full_plus_experiment_gate,0.05,CONTINUE,1,72.0,72.0,0.0,,,0,E001,,0.05,ACCEPT_AUTOMATION
E001|C004,E001,0,gates_full_plus_experiment_gate,0.05,STOP,0,48.0,48.0,0.3333333333333333,0.380961298028587,1.0413458502321375,0,E001,,0.05,ACCEPT_AUTOMATION
E001|C005,E001,0,gates_full_plus_experiment_gate,0.05,STOP,0,48.0,48.0,0.3333333333333333,0.4612403866777285,1.0413458502321375,0,E001,,0.05,ACCEPT_AUTOMATION
E001|C006,E001,0,gates_full_plus_experiment_gate,0.05,CONTINUE,0,72.0,72.0,0.0,,,0,E001,,0.05,ACCEPT_AUTOMATION
E001|C007,E001,0,gates_full_plus_experiment_gate,0.05,CONTINUE,0,72.0,72.0,0.0,,,0,E001,,0.05,ACCEPT_AUTOMATION
E001|C008,E001,0,gates_full_plus_experiment_gate,0.05,STOP,0,48.0,48.0,0.3333333333333333,0.4609962238077295,1.0413458502321375,0,E001,,0.05,ACCEPT_AUTOMATION
E001|C009,E001,0,gates_full_plus_experiment_gate,0.05,CONTINUE,0,72.0,72.0,0.0,,,0,E001,,0.05,ACCEPT_AUTOMATION
E001|C010,E001,0,gates_full_plus_experiment_gate,0.05,CONTINUE,0,72.0,72.0,0.0,,,0,E001,,0.05,ACCEPT_AUTOMATION
E001|C011,E001,0,gates_full_plus_experiment_gate,0.05,CONTINUE,0,72.0,72.0,0.0,,,0,E001,,0.05,ACCEPT_AUTOMATION
E001|D001,E001,0,gates_full_plus_experiment_gate,0.05,CONTINUE,0,72.0,72.0,0.0,,,0,E001,,0.05,ACCEPT_AUTOMATION
E001|D002,E001,0,gates_full_plus_experiment_gate,0.05,CONTINUE,0,72.0,72.0,0.0,,,0,E001,,0.05,ACCEPT_AUTOMATION
E001|D003,E001,0,gates_full_plus_experiment_gate,0.05,STOP,0,48.0,48.0,0.3333333333333333,0.4973578858046964,1.0413458502321375,0,E001,,0.05,ACCEPT_AUTOMATION
E001|D004,E001,0,gates_full_plus_experiment_gate,0.05,CONTINUE,0,72.0,72.0,0.0,,,0,E001,,0.05,ACCEPT_AUTOMATION
E001|D005,E001,0,gates_full_plus_experiment_gate,0.05,STOP,0,48.0,48.0,0.3333333333333333,0.4408370648814034,1.0413458502321375,0,E001,,0.05,ACCEPT_AUTOMATION
E001|D006,E001,0,gates_full_plus_experiment_gate,0.05,CONTINUE,0,72.0,72.0,0.0,,,0,E001,,0.05,ACCEPT_AUTOMATION
E001|D007,E001,0,gates_full_plus_experiment_gate,0.05,CONTINUE,0,72.0,72.0,0.0,,,0,E001,,0.05,ACCEPT_AUTOMATION
E001|D008,E001,0,gates_full_plus_experiment_gate,0.05,STOP,0,48.0,48.0,0.3333333333333333,0.4953475735447916,1.0413458502321375,0,E001,,0.05,ACCEPT_AUTOMATION
E001|D009,E001,0,gates_full_plus_experiment_gate,0.05,STOP,0,48.0,48.0,0.3333333333333333,0.3708538421371634,1.0413458502321375,0,E001,,0.05,ACCEPT_AUTOMATION
E001|D010,E001,0,gates_full_plus_experiment_gate,0.05,CONTINUE,0,72.0,72.0,0.0,,,0,E001,,0.05,ACCEPT_AUTOMATION
E001|D011,E001,0,gates_full_plus_experiment_gate,0.05,STOP,0,48.0,48.0,0.3333333333333333,0.4834472182662617,1.0413458502321375,0,E001,,0.05,ACCEPT_AUTOMATION
E001|E001,E001,0,gates_full_plus_experiment_gate,0.05,CONTINUE,0,72.0,72.0,0.0,,,0,E001,,0.05,ACCEPT_AUTOMATION
E001|E002,E001,0,gates_full_plus_experiment_gate,0.05,CONTINUE,0,72.0,72.0,0.0,,,0,E001,,0.05,ACCEPT_AUTOMATION
E001|E003,E001,0,gates_full_plus_experiment_gate,0.05,STOP,0,48.0,48.0,0.3333333333333333,0.4569366905479785,1.0413458502321375,0,E001,,0.05,ACCEPT_AUTOMATION
E001|E004,E001,0,gates_full_plus_experiment_gate,0.05,STOP,0,48.0,48.0,0.3333333333333333,0.5106546693405162,1.0413458502321375,0,E001,,0.05,ACCEPT_AUTOMATION
E001|E005,E001,0,gates_full_plus_experiment_gate,0.05,STOP,0,48.0,48.0,0.3333333333333333,0.5088686060931242,1.0413458502321375,0,E001,,0.05,ACCEPT_AUTOMATION
E001|E006,E001,0,gates_full_plus_experiment_gate,0.05,STOP,0,48.0,48.0,0.3333333333333333,0.5802958729673884,1.0413458502321375,0,E001,,0.05,ACCEPT_AUTOMATION
E001|E007,E001,0,gates_full_plus_experiment_gate,0.05,STOP,0,48.0,48.0,0.3333333333333333,0.4649932771737298,1.0413458502321375,0,E001,,0.05,ACCEPT_AUTOMATION
E001|E008,E001,0,gates_full_plus_experiment_gate,0.05,STOP,0,48.0,48.0,0.3333333333333333,0.4084865338952997,1.0413458502321375,0,E001,,0.05,ACCEPT_AUTOMATION
E001|E009,E001,0,gates_full_plus_experiment_gate,0.05,CONTINUE,0,72.0,72.0,0.0,,,0,E001,,0.05,ACCEPT_AUTOMATION
E001|E010,E001,0,gates_full_plus_experiment_gate,0.05,STOP,0,48.0,48.0,0.3333333333333333,0.4370295817536849,1.0413458502321375,0,E001,,0.05,ACCEPT_AUTOMATION
E001|E011,E001,0,gates_full_plus_experiment_gate,0.05,CONTINUE,0,72.0,72.0,0.0,,,0,E001,,0.05,ACCEPT_AUTOMATION
E001|F001,E001,1,gates_full_plus_experiment_gate,0.05,CONTINUE,1,72.0,72.0,0.0,,,0,E001,,0.05,ACCEPT_AUTOMATION
E001|F002,E001,1,gates_full_plus_experiment_gate,0.05,STOP,1,48.0,48.0,0.3333333333333333,0.3943398742154477,1.0413458502321375,0,E001,,0.05,ACCEPT_AUTOMATION
E001|F003,E001,1,gates_full_plus_experiment_gate,0.05,STOP,1,48.0,48.0,0.3333333333333333,0.6347634792364246,1.0413458502321375,0,E001,,0.05,ACCEPT_AUTOMATION
E001|F004,E001,1,gates_full_plus_experiment_gate,0.05,STOP,1,48.0,48.0,0.3333333333333333,0.609244596545097,1.0413458502321375,0,E001,,0.05,ACCEPT_AUTOMATION
E001|F005,E001,1,gates_full_plus_experiment_gate,0.05,STOP,1,60.0,60.0,0.1666666666666666,0.5968139912115694,1.030455421845376,0,E001,,0.05,ACCEPT_AUTOMATION
E001|F006,E001,1,gates_full_plus_experiment_gate,0.05,STOP,1,60.0,60.0,0.1666666666666666,0.5189707582807965,1.030455421845376,0,E001,,0.05,ACCEPT_AUTOMATION
E001|F007,E001,1,gates_full_plus_experiment_gate,0.05,STOP,1,48.0,48.0,0.3333333333333333,0.5168633757295304,1.0413458502321375,0,E001,,0.05,ACCEPT_AUTOMATION
E001|F008,E001,1,gates_full_plus_experiment_gate,0.05,STOP,1,60.0,60.0,0.1666666666666666,0.5931130821741293,1.030455421845376,0,E001,,0.05,ACCEPT_AUTOMATION
E001|F009,E001,1,gates_full_plus_experiment_gate,0.05,STOP,1,60.0,60.0,0.1666666666666666,0.5605026893926953,1.030455421845376,0,E001,,0.05,ACCEPT_AUTOMATION
E001|F010,E001,0,gates_full_plus_experiment_gate,0.05,STOP,0,48.0,48.0,0.3333333333333333,0.6176625178352929,1.0413458502321375,0,E001,,0.05,ACCEPT_AUTOMATION
E001|F011,E001,0,gates_full_plus_experiment_gate,0.05,STOP,0,48.0,48.0,0.3333333333333333,0.5483580090192788,1.0413458502321375,0,E001,,0.05,ACCEPT_AUTOMATION
E001|G001,E001,0,gates_full_plus_experiment_gate,0.05,STOP,0,48.0,48.0,0.3333333333333333,0.6176689364111413,1.0413458502321375,0,E001,,0.05,ACCEPT_AUTOMATION
E001|G002,E001,0,gates_full_plus_experiment_gate,0.05,CONTINUE,0,72.0,72.0,0.0,,,0,E001,,0.05,ACCEPT_AUTOMATION
E001|G003,E001,0,gates_full_plus_experiment_gate,0.05,STOP,0,48.0,48.0,0.3333333333333333,0.5459253639039692,1.0413458502321375,0,E001,,0.05,ACCEPT_AUTOMATION
E001|G004,E001,0,gates_full_plus_experiment_gate,0.05,STOP,0,60.0,60.0,0.1666666666666666,0.4540148505848247,1.030455421845376,0,E001,,0.05,ACCEPT_AUTOMATION
E001|G005,E001,0,gates_full_plus_experiment_gate,0.05,STOP,0,60.0,60.0,0.1666666666666666,0.5874339334570439,1.030455421845376,0,E001,,0.05,ACCEPT_AUTOMATION
E001|G006,E001,0,gates_full_plus_experiment_gate,0.05,STOP,0,48.0,48.0,0.3333333333333333,0.4110179204286519,1.0413458502321375,0,E001,,0.05,ACCEPT_AUTOMATION
E001|G007,E001,0,gates_full_plus_experiment_gate,0.05,CONTINUE,0,72.0,72.0,0.0,,,0,E001,,0.05,ACCEPT_AUTOMATION
E001|G008,E001,0,gates_full_plus_experiment_gate,0.05,CONTINUE,0,72.0,72.0,0.0,,,0,E001,,0.05,ACCEPT_AUTOMATION
E001|G009,E001,0,gates_full_plus_experiment_gate,0.05,STOP,0,60.0,60.0,0.1666666666666666,0.5239563535001718,1.030455421845376,0,E001,,0.05,ACCEPT_AUTOMATION
E001|G010,E001,0,gates_full_plus_experiment_gate,0.05,STOP,0,48.0,48.0,0.3333333333333333,0.5537365447957701,1.0413458502321375,0,E001,,0.05,ACCEPT_AUTOMATION
E001|G011,E001,0,gates_full_plus_experiment_gate,0.05,CONTINUE,0,72.0,72.0,0.0,,,0,E001,,0.05,ACCEPT_AUTOMATION
E001|H001,E001,0,gates_full_plus_experiment_gate,0.05,STOP,0,48.0,48.0,0.3333333333333333,0.614443208551807,1.0413458502321375,0,E001,,0.05,ACCEPT_AUTOMATION
E001|H002,E001,0,gates_full_plus_experiment_gate,0.05,STOP,0,48.0,48.0,0.3333333333333333,0.6584940438442977,1.0413458502321375,0,E001,,0.05,ACCEPT_AUTOMATION
E001|H003,E001,0,gates_full_plus_experiment_gate,0.05,STOP,0,48.0,48.0,0.3333333333333333,0.7790297080513938,1.0413458502321375,0,E001,,0.05,ACCEPT_AUTOMATION
E002|A001,E002,0,gates_full_plus_experiment_gate,0.05,CONTINUE,0,72.0,72.0,0.0,,,1,E002,,0.05,ACCEPT_AUTOMATION
E002|A002,E002,0,gates_full_plus_experiment_gate,0.05,CONTINUE,0,72.0,72.0,0.0,,,1,E002,,0.05,ACCEPT_AUTOMATION
E002|A003,E002,0,gates_full_plus_experiment_gate,0.05,CONTINUE,0,72.0,72.0,0.0,,,1,E002,,0.05,ACCEPT_AUTOMATION
E002|A004,E002,0,gates_full_plus_experiment_gate,0.05,CONTINUE,0,72.0,72.0,0.0,,,1,E002,,0.05,ACCEPT_AUTOMATION
E002|A005,E002,0,gates_full_plus_experiment_gate,0.05,STOP,0,60.0,60.0,0.1666666666666666,0.550987267229698,1.2076823371803267,1,E002,,0.05,ACCEPT_AUTOMATION
E002|A006,E002,0,gates_full_plus_experiment_gate,0.05,STOP,0,60.0,60.0,0.1666666666666666,0.975529667071571,1.2076823371803267,1,E002,,0.05,ACCEPT_AUTOMATION
E002|A007,E002,0,gates_full_plus_experiment_gate,0.05,CONTINUE,0,72.0,72.0,0.0,,,1,E002,,0.05,ACCEPT_AUTOMATION
E002|A008,E002,0,gates_full_plus_experiment_gate,0.05,CONTINUE,0,72.0,72.0,0.0,,,1,E002,,0.05,ACCEPT_AUTOMATION
E002|A009,E002,0,gates_full_plus_experiment_gate,0.05,CONTINUE,0,72.0,72.0,0.0,,,1,E002,,0.05,ACCEPT_AUTOMATION
E002|A011,E002,0,gates_full_plus_experiment_gate,0.05,STOP,0,60.0,60.0,0.1666666666666666,1.0538075651347245,1.2076823371803267,1,E002,,0.05,ACCEPT_AUTOMATION
E002|A012,E002,0,gates_full_plus_experiment_gate,0.05,CONTINUE,0,72.0,72.0,0.0,,,1,E002,,0.05,ACCEPT_AUTOMATION
E002|B001,E002,0,gates_full_plus_experiment_gate,0.05,CONTINUE,0,72.0,72.0,0.0,,,1,E002,,0.05,ACCEPT_AUTOMATION
E002|B002,E002,0,gates_full_plus_experiment_gate,0.05,CONTINUE,0,72.0,72.0,0.0,,,1,E002,,0.05,ACCEPT_AUTOMATION
E002|B003,E002,0,gates_full_plus_experiment_gate,0.05,CONTINUE,0,72.0,72.0,0.0,,,1,E002,,0.05,ACCEPT_AUTOMATION
E002|B004,E002,0,gates_full_plus_experiment_gate,0.05,STOP,0,60.0,60.0,0.1666666666666666,0.7499087826634641,1.2076823371803267,1,E002,,0.05,ACCEPT_AUTOMATION
E002|B005,E002,0,gates_full_plus_experiment_gate,0.05,CONTINUE,0,72.0,72.0,0.0,,,1,E002,,0.05,ACCEPT_AUTOMATION
E002|B006,E002,0,gates_full_plus_experiment_gate,0.05,CONTINUE,0,72.0,72.0,0.0,,,1,E002,,0.05,ACCEPT_AUTOMATION
E002|B007,E002,0,gates_full_plus_experiment_gate,0.05,CONTINUE,0,72.0,72.0,0.0,,,1,E002,,0.05,ACCEPT_AUTOMATION
E002|B008,E002,0,gates_full_plus_experiment_gate,0.05,STOP,0,60.0,60.0,0.1666666666666666,0.7649866177638638,1.2076823371803267,1,E002,,0.05,ACCEPT_AUTOMATION
E002|B009,E002,0,gates_full_plus_experiment_gate,0.05,STOP,0,60.0,60.0,0.1666666666666666,0.6448658785585972,1.2076823371803267,1,E002,,0.05,ACCEPT_AUTOMATION
E002|B010,E002,0,gates_full_plus_experiment_gate,0.05,CONTINUE,0,72.0,72.0,0.0,,,1,E002,,0.05,ACCEPT_AUTOMATION
E002|B011,E002,0,gates_full_plus_experiment_gate,0.05,CONTINUE,0,72.0,72.0,0.0,,,1,E002,,0.05,ACCEPT_AUTOMATION
E002|B012,E002,1,gates_full_plus_experiment_gate,0.05,CONTINUE,1,72.0,72.0,0.0,,,1,E002,,0.05,ACCEPT_AUTOMATION
E002|C001,E002,0,gates_full_plus_experiment_gate,0.05,CONTINUE,0,72.0,72.0,0.0,,,1,E002,,0.05,ACCEPT_AUTOMATION
E002|C002,E002,0,gates_full_plus_experiment_gate,0.05,STOP,0,60.0,60.0,0.1666666666666666,0.9497548206752892,1.2076823371803267,1,E002,,0.05,ACCEPT_AUTOMATION
E002|C003,E002,0,gates_full_plus_experiment_gate,0.05,CONTINUE,0,72.0,72.0,0.0,,,1,E002,,0.05,ACCEPT_AUTOMATION
E002|C004,E002,0,gates_full_plus_experiment_gate,0.05,STOP,0,60.0,60.0,0.1666666666666666,0.5273246916065774,1.2076823371803267,1,E002,,0.05,ACCEPT_AUTOMATION
E002|C005,E002,0,gates_full_plus_experiment_gate,0.05,CONTINUE,0,72.0,72.0,0.0,,,1,E002,,0.05,ACCEPT_AUTOMATION
E002|C006,E002,0,gates_full_plus_experiment_gate,0.05,STOP,0,60.0,60.0,0.1666666666666666,0.9952271627835086,1.2076823371803267,1,E002,,0.05,ACCEPT_AUTOMATION
E002|C007,E002,0,gates_full_plus_experiment_gate,0.05,CONTINUE,0,72.0,72.0,0.0,,,1,E002,,0.05,ACCEPT_AUTOMATION
E002|C008,E002,0,gates_full_plus_experiment_gate,0.05,CONTINUE,0,72.0,72.0,0.0,,,1,E002,,0.05,ACCEPT_AUTOMATION
E002|C009,E002,1,gates_full_plus_experiment_gate,0.05,CONTINUE,1,72.0,72.0,0.0,,,1,E002,,0.05,ACCEPT_AUTOMATION
E002|C010,E002,0,gates_full_plus_experiment_gate,0.05,CONTINUE,0,72.0,72.0,0.0,,,1,E002,,0.05,ACCEPT_AUTOMATION
E002|C011,E002,0,gates_full_plus_experiment_gate,0.05,CONTINUE,0,72.0,72.0,0.0,,,1,E002,,0.05,ACCEPT_AUTOMATION
E002|C012,E002,1,gates_full_plus_experiment_gate,0.05,CONTINUE,1,72.0,72.0,0.0,,,1,E002,,0.05,ACCEPT_AUTOMATION
E002|D001,E002,1,gates_full_plus_experiment_gate,0.05,CONTINUE,1,72.0,72.0,0.0,,,1,E002,,0.05,ACCEPT_AUTOMATION
E002|D002,E002,1,gates_full_plus_experiment_gate,0.05,CONTINUE,1,72.0,72.0,0.0,,,1,E002,,0.05,ACCEPT_AUTOMATION
E002|D003,E002,1,gates_full_plus_experiment_gate,0.05,CONTINUE,1,72.0,72.0,0.0,,,1,E002,,0.05,ACCEPT_AUTOMATION
E002|D004,E002,1,gates_full_plus_experiment_gate,0.05,CONTINUE,1,72.0,72.0,0.0,,,1,E002,,0.05,ACCEPT_AUTOMATION
E002|D005,E002,1,gates_full_plus_experiment_gate,0.05,STOP,1,60.0,60.0,0.1666666666666666,0.7324267988211032,1.2076823371803267,1,E002,,0.05,ACCEPT_AUTOMATION
E002|D006,E002,0,gates_full_plus_experiment_gate,0.05,CONTINUE,0,72.0,72.0,0.0,,,1,E002,,0.05,ACCEPT_AUTOMATION
E002|D007,E002,1,gates_full_plus_experiment_gate,0.05,CONTINUE,1,72.0,72.0,0.0,,,1,E002,,0.05,ACCEPT_AUTOMATION
E002|D008,E002,1,gates_full_plus_experiment_gate,0.05,CONTINUE,1,72.0,72.0,0.0,,,1,E002,,0.05,ACCEPT_AUTOMATION
E002|D009,E002,1,gates_full_plus_experiment_gate,0.05,CONTINUE,1,72.0,72.0,0.0,,,1,E002,,0.05,ACCEPT_AUTOMATION
E002|D010,E002,1,gates_full_plus_experiment_gate,0.05,CONTINUE,1,72.0,72.0,0.0,,,1,E002,,0.05,ACCEPT_AUTOMATION
E002|D011,E002,1,gates_full_plus_experiment_gate,0.05,CONTINUE,1,72.0,72.0,0.0,,,1,E002,,0.05,ACCEPT_AUTOMATION
E002|D012,E002,1,gates_full_plus_experiment_gate,0.05,CONTINUE,1,72.0,72.0,0.0,,,1,E002,,0.05,ACCEPT_AUTOMATION
E002|E001,E002,0,gates_full_plus_experiment_gate,0.05,CONTINUE,0,72.0,72.0,0.0,,,1,E002,,0.05,ACCEPT_AUTOMATION
E002|E002,E002,0,gates_full_plus_experiment_gate,0.05,ABSTAIN,0,72.0,72.0,0.0,1.4123399341128178,1.2076823371803267,1,E002,,0.05,ACCEPT_AUTOMATION
E002|E003,E002,0,gates_full_plus_experiment_gate,0.05,CONTINUE,0,72.0,72.0,0.0,,,1,E002,,0.05,ACCEPT_AUTOMATION
E002|E004,E002,1,gates_full_plus_experiment_gate,0.05,ABSTAIN,0,72.0,72.0,0.0,3.9949209902462,1.2076823371803267,1,E002,,0.05,ACCEPT_AUTOMATION
E002|E005,E002,0,gates_full_plus_experiment_gate,0.05,CONTINUE,0,72.0,72.0,0.0,,,1,E002,,0.05,ACCEPT_AUTOMATION
E002|E006,E002,0,gates_full_plus_experiment_gate,0.05,CONTINUE,0,72.0,72.0,0.0,,,1,E002,,0.05,ACCEPT_AUTOMATION
E002|E007,E002,0,gates_full_plus_experiment_gate,0.05,STOP,0,60.0,60.0,0.1666666666666666,0.9565423811317252,1.2076823371803267,1,E002,,0.05,ACCEPT_AUTOMATION
E002|E008,E002,1,gates_full_plus_experiment_gate,0.05,STOP,1,60.0,60.0,0.1666666666666666,0.8752770949425048,1.2076823371803267,1,E002,,0.05,ACCEPT_AUTOMATION
E002|E009,E002,1,gates_full_plus_experiment_gate,0.05,CONTINUE,1,72.0,72.0,0.0,,,1,E002,,0.05,ACCEPT_AUTOMATION
E002|E010,E002,1,gates_full_plus_experiment_gate,0.05,CONTINUE,1,72.0,72.0,0.0,,,1,E002,,0.05,ACCEPT_AUTOMATION
E002|E011,E002,1,gates_full_plus_experiment_gate,0.05,CONTINUE,1,72.0,72.0,0.0,,,1,E002,,0.05,ACCEPT_AUTOMATION
E002|E012,E002,1,gates_full_plus_experiment_gate,0.05,CONTINUE,1,72.0,72.0,0.0,,,1,E002,,0.05,ACCEPT_AUTOMATION
E002|F001,E002,0,gates_full_plus_experiment_gate,0.05,CONTINUE,0,72.0,72.0,0.0,,,1,E002,,0.05,ACCEPT_AUTOMATION
E002|F002,E002,0,gates_full_plus_experiment_gate,0.05,CONTINUE,0,72.0,72.0,0.0,,,1,E002,,0.05,ACCEPT_AUTOMATION
E002|F003,E002,0,gates_full_plus_experiment_gate,0.05,CONTINUE,0,72.0,72.0,0.0,,,1,E002,,0.05,ACCEPT_AUTOMATION
E002|F004,E002,0,gates_full_plus_experiment_gate,0.05,CONTINUE,0,72.0,72.0,0.0,,,1,E002,,0.05,ACCEPT_AUTOMATION
E002|F005,E002,0,gates_full_plus_experiment_gate,0.05,STOP,0,60.0,60.0,0.1666666666666666,0.9089715732282784,1.2076823371803267,1,E002,,0.05,ACCEPT_AUTOMATION
E002|F006,E002,0,gates_full_plus_experiment_gate,0.05,STOP,0,60.0,60.0,0.1666666666666666,0.6547785333947438,1.2076823371803267,1,E002,,0.05,ACCEPT_AUTOMATION
E002|F007,E002,0,gates_full_plus_experiment_gate,0.05,CONTINUE,0,72.0,72.0,0.0,,,1,E002,,0.05,ACCEPT_AUTOMATION
E002|F008,E002,0,gates_full_plus_experiment_gate,0.05,STOP,0,60.0,60.0,0.1666666666666666,0.6740623760647217,1.2076823371803267,1,E002,,0.05,ACCEPT_AUTOMATION
E002|F009,E002,0,gates_full_plus_experiment_gate,0.05,CONTINUE,0,72.0,72.0,0.0,,,1,E002,,0.05,ACCEPT_AUTOMATION
E002|F010,E002,0,gates_full_plus_experiment_gate,0.05,ABSTAIN,0,72.0,72.0,0.0,2.108366257026948,1.2076823371803267,1,E002,,0.05,ACCEPT_AUTOMATION
E002|F011,E002,0,gates_full_plus_experiment_gate,0.05,STOP,0,60.0,60.0,0.1666666666666666,0.782864581477565,1.2076823371803267,1,E002,,0.05,ACCEPT_AUTOMATION
E002|F012,E002,0,gates_full_plus_experiment_gate,0.05,STOP,0,60.0,60.0,0.1666666666666666,0.992765425284922,1.2076823371803267,1,E002,,0.05,ACCEPT_AUTOMATION
E002|G001,E002,0,gates_full_plus_experiment_gate,0.05,CONTINUE,0,72.0,72.0,0.0,,,1,E002,,0.05,ACCEPT_AUTOMATION
E002|G002,E002,0,gates_full_plus_experiment_gate,0.05,CONTINUE,0,72.0,72.0,0.0,,,1,E002,,0.05,ACCEPT_AUTOMATION
E002|G003,E002,0,gates_full_plus_experiment_gate,0.05,CONTINUE,0,72.0,72.0,0.0,,,1,E002,,0.05,ACCEPT_AUTOMATION
E002|G004,E002,0,gates_full_plus_experiment_gate,0.05,STOP,0,60.0,60.0,0.1666666666666666,0.8753469615610943,1.2076823371803267,1,E002,,0.05,ACCEPT_AUTOMATION
E002|G005,E002,0,gates_full_plus_experiment_gate,0.05,CONTINUE,0,72.0,72.0,0.0,,,1,E002,,0.05,ACCEPT_AUTOMATION
E002|G006,E002,0,gates_full_plus_experiment_gate,0.05,CONTINUE,0,72.0,72.0,0.0,,,1,E002,,0.05,ACCEPT_AUTOMATION
E002|G007,E002,0,gates_full_plus_experiment_gate,0.05,STOP,0,60.0,60.0,0.1666666666666666,0.7109172161834172,1.2076823371803267,1,E002,,0.05,ACCEPT_AUTOMATION
E002|G008,E002,0,gates_full_plus_experiment_gate,0.05,CONTINUE,0,72.0,72.0,0.0,,,1,E002,,0.05,ACCEPT_AUTOMATION
E002|G009,E002,0,gates_full_plus_experiment_gate,0.05,CONTINUE,0,72.0,72.0,0.0,,,1,E002,,0.05,ACCEPT_AUTOMATION
E002|G010,E002,0,gates_full_plus_experiment_gate,0.05,STOP,0,60.0,60.0,0.1666666666666666,0.7076698925038076,1.2076823371803267,1,E002,,0.05,ACCEPT_AUTOMATION
E002|G011,E002,0,gates_full_plus_experiment_gate,0.05,CONTINUE,0,72.0,72.0,0.0,,,1,E002,,0.05,ACCEPT_AUTOMATION
E002|G012,E002,0,gates_full_plus_experiment_gate,0.05,CONTINUE,0,72.0,72.0,0.0,,,1,E002,,0.05,ACCEPT_AUTOMATION
E002|H001,E002,1,gates_full_plus_experiment_gate,0.05,CONTINUE,1,72.0,72.0,0.0,,,1,E002,,0.05,ACCEPT_AUTOMATION
E002|H002,E002,0,gates_full_plus_experiment_gate,0.05,CONTINUE,0,72.0,72.0,0.0,,,1,E002,,0.05,ACCEPT_AUTOMATION
E002|H004,E002,0,gates_full_plus_experiment_gate,0.05,CONTINUE,0,72.0,72.0,0.0,,,1,E002,,0.05,ACCEPT_AUTOMATION
E002|H005,E002,0,gates_full_plus_experiment_gate,0.05,STOP,0,60.0,60.0,0.1666666666666666,0.7793155121957572,1.2076823371803267,1,E002,,0.05,ACCEPT_AUTOMATION
E002|H006,E002,0,gates_full_plus_experiment_gate,0.05,STOP,0,60.0,60.0,0.1666666666666666,0.605730337739292,1.2076823371803267,1,E002,,0.05,ACCEPT_AUTOMATION
E002|H007,E002,0,gates_full_plus_experiment_gate,0.05,STOP,0,60.0,60.0,0.1666666666666666,0.846261297978565,1.2076823371803267,1,E002,,0.05,ACCEPT_AUTOMATION
E002|H008,E002,0,gates_full_plus_experiment_gate,0.05,CONTINUE,0,72.0,72.0,0.0,,,1,E002,,0.05,ACCEPT_AUTOMATION
E002|H009,E002,0,gates_full_plus_experiment_gate,0.05,STOP,0,60.0,60.0,0.1666666666666666,0.9379514551697656,1.2076823371803267,1,E002,,0.05,ACCEPT_AUTOMATION
E002|H010,E002,0,gates_full_plus_experiment_gate,0.05,STOP,0,60.0,60.0,0.1666666666666666,1.19655054228059,1.2076823371803267,1,E002,,0.05,ACCEPT_AUTOMATION
E004|A001,E004,0,gates_full_plus_experiment_gate,0.05,STOP,0,60.0,60.0,0.1666666666666666,0.4513959781733108,1.2036727237958629,2,E004,,0.05,ACCEPT_AUTOMATION
E004|A002,E004,0,gates_full_plus_experiment_gate,0.05,STOP,0,60.0,60.0,0.1666666666666666,0.4414998642415107,1.2036727237958629,2,E004,,0.05,ACCEPT_AUTOMATION
E004|A003,E004,0,gates_full_plus_experiment_gate,0.05,STOP,0,60.0,60.0,0.1666666666666666,0.282314500469884,1.2036727237958629,2,E004,,0.05,ACCEPT_AUTOMATION
E004|A004,E004,0,gates_full_plus_experiment_gate,0.05,STOP,0,60.0,60.0,0.1666666666666666,0.4213737893799658,1.2036727237958629,2,E004,,0.05,ACCEPT_AUTOMATION
E004|A005,E004,0,gates_full_plus_experiment_gate,0.05,STOP,0,60.0,60.0,0.1666666666666666,0.3593657789416642,1.2036727237958629,2,E004,,0.05,ACCEPT_AUTOMATION
E004|A006,E004,0,gates_full_plus_experiment_gate,0.05,STOP,0,60.0,60.0,0.1666666666666666,0.5156145829959538,1.2036727237958629,2,E004,,0.05,ACCEPT_AUTOMATION
E004|A007,E004,0,gates_full_plus_experiment_gate,0.05,STOP,0,60.0,60.0,0.1666666666666666,0.378828751070799,1.2036727237958629,2,E004,,0.05,ACCEPT_AUTOMATION
E004|A008,E004,0,gates_full_plus_experiment_gate,0.05,STOP,0,60.0,60.0,0.1666666666666666,0.3773304427343469,1.2036727237958629,2,E004,,0.05,ACCEPT_AUTOMATION
E004|A009,E004,0,gates_full_plus_experiment_gate,0.05,CONTINUE,0,72.0,72.0,0.0,,,2,E004,,0.05,ACCEPT_AUTOMATION
E004|A010,E004,0,gates_full_plus_experiment_gate,0.05,STOP,0,60.0,60.0,0.1666666666666666,0.6626012532624983,1.2036727237958629,2,E004,,0.05,ACCEPT_AUTOMATION
E004|A011,E004,0,gates_full_plus_experiment_gate,0.05,CONTINUE,0,72.0,72.0,0.0,,,2,E004,,0.05,ACCEPT_AUTOMATION
E004|A012,E004,0,gates_full_plus_experiment_gate,0.05,STOP,0,60.0,60.0,0.1666666666666666,0.3253185263504625,1.2036727237958629,2,E004,,0.05,ACCEPT_AUTOMATION
E004|B001,E004,0,gates_full_plus_experiment_gate,0.05,STOP,0,60.0,60.0,0.1666666666666666,0.6390914736679336,1.2036727237958629,2,E004,,0.05,ACCEPT_AUTOMATION
E004|B002,E004,0,gates_full_plus_experiment_gate,0.05,STOP,0,60.0,60.0,0.1666666666666666,0.353351011397814,1.2036727237958629,2,E004,,0.05,ACCEPT_AUTOMATION
E004|B003,E004,0,gates_full_plus_experiment_gate,0.05,CONTINUE,0,72.0,72.0,0.0,,,2,E004,,0.05,ACCEPT_AUTOMATION
E004|B004,E004,0,gates_full_plus_experiment_gate,0.05,STOP,0,60.0,60.0,0.1666666666666666,0.3558773816629076,1.2036727237958629,2,E004,,0.05,ACCEPT_AUTOMATION
E004|B005,E004,0,gates_full_plus_experiment_gate,0.05,STOP,0,60.0,60.0,0.1666666666666666,0.3280908361427353,1.2036727237958629,2,E004,,0.05,ACCEPT_AUTOMATION
E004|B006,E004,0,gates_full_plus_experiment_gate,0.05,STOP,0,60.0,60.0,0.1666666666666666,0.2372939319794519,1.2036727237958629,2,E004,,0.05,ACCEPT_AUTOMATION
E004|B007,E004,0,gates_full_plus_experiment_gate,0.05,STOP,0,60.0,60.0,0.1666666666666666,0.2988031790667479,1.2036727237958629,2,E004,,0.05,ACCEPT_AUTOMATION
E004|B008,E004,0,gates_full_plus_experiment_gate,0.05,STOP,0,60.0,60.0,0.1666666666666666,0.488228458284553,1.2036727237958629,2,E004,,0.05,ACCEPT_AUTOMATION
E004|B009,E004,0,gates_full_plus_experiment_gate,0.05,STOP,0,60.0,60.0,0.1666666666666666,0.2891771320295796,1.2036727237958629,2,E004,,0.05,ACCEPT_AUTOMATION
E004|B010,E004,0,gates_full_plus_experiment_gate,0.05,CONTINUE,0,72.0,72.0,0.0,,,2,E004,,0.05,ACCEPT_AUTOMATION
E004|B011,E004,0,gates_full_plus_experiment_gate,0.05,STOP,0,60.0,60.0,0.1666666666666666,0.5188075434876055,1.2036727237958629,2,E004,,0.05,ACCEPT_AUTOMATION
E004|B012,E004,0,gates_full_plus_experiment_gate,0.05,STOP,0,60.0,60.0,0.1666666666666666,0.4370890255988309,1.2036727237958629,2,E004,,0.05,ACCEPT_AUTOMATION
E004|C001,E004,0,gates_full_plus_experiment_gate,0.05,CONTINUE,0,72.0,72.0,0.0,,,2,E004,,0.05,ACCEPT_AUTOMATION
E004|C002,E004,0,gates_full_plus_experiment_gate,0.05,STOP,0,60.0,60.0,0.1666666666666666,0.3582024832479184,1.2036727237958629,2,E004,,0.05,ACCEPT_AUTOMATION
E004|C003,E004,0,gates_full_plus_experiment_gate,0.05,STOP,0,60.0,60.0,0.1666666666666666,0.2612047421380863,1.2036727237958629,2,E004,,0.05,ACCEPT_AUTOMATION
E004|C004,E004,0,gates_full_plus_experiment_gate,0.05,STOP,0,60.0,60.0,0.1666666666666666,0.3575530508633701,1.2036727237958629,2,E004,,0.05,ACCEPT_AUTOMATION
E004|C005,E004,0,gates_full_plus_experiment_gate,0.05,STOP,0,60.0,60.0,0.1666666666666666,0.332863534630585,1.2036727237958629,2,E004,,0.05,ACCEPT_AUTOMATION
E004|C006,E004,0,gates_full_plus_experiment_gate,0.05,CONTINUE,0,72.0,72.0,0.0,,,2,E004,,0.05,ACCEPT_AUTOMATION
E004|C007,E004,0,gates_full_plus_experiment_gate,0.05,CONTINUE,0,72.0,72.0,0.0,,,2,E004,,0.05,ACCEPT_AUTOMATION
E004|C008,E004,0,gates_full_plus_experiment_gate,0.05,CONTINUE,0,72.0,72.0,0.0,,,2,E004,,0.05,ACCEPT_AUTOMATION
E004|C009,E004,0,gates_full_plus_experiment_gate,0.05,STOP,0,60.0,60.0,0.1666666666666666,0.3910235222089419,1.2036727237958629,2,E004,,0.05,ACCEPT_AUTOMATION
E004|C010,E004,0,gates_full_plus_experiment_gate,0.05,CONTINUE,0,72.0,72.0,0.0,,,2,E004,,0.05,ACCEPT_AUTOMATION
E004|C011,E004,0,gates_full_plus_experiment_gate,0.05,CONTINUE,0,72.0,72.0,0.0,,,2,E004,,0.05,ACCEPT_AUTOMATION
E004|C012,E004,0,gates_full_plus_experiment_gate,0.05,STOP,0,60.0,60.0,0.1666666666666666,0.4439695324884286,1.2036727237958629,2,E004,,0.05,ACCEPT_AUTOMATION
E004|D001,E004,0,gates_full_plus_experiment_gate,0.05,CONTINUE,0,72.0,72.0,0.0,,,2,E004,,0.05,ACCEPT_AUTOMATION
E004|D002,E004,0,gates_full_plus_experiment_gate,0.05,CONTINUE,0,72.0,72.0,0.0,,,2,E004,,0.05,ACCEPT_AUTOMATION
E004|D003,E004,0,gates_full_plus_experiment_gate,0.05,STOP,0,60.0,60.0,0.1666666666666666,0.4700469240307844,1.2036727237958629,2,E004,,0.05,ACCEPT_AUTOMATION
E004|D004,E004,0,gates_full_plus_experiment_gate,0.05,CONTINUE,0,72.0,72.0,0.0,,,2,E004,,0.05,ACCEPT_AUTOMATION
E004|D005,E004,0,gates_full_plus_experiment_gate,0.05,CONTINUE,0,72.0,72.0,0.0,,,2,E004,,0.05,ACCEPT_AUTOMATION
E004|D006,E004,0,gates_full_plus_experiment_gate,0.05,CONTINUE,0,72.0,72.0,0.0,,,2,E004,,0.05,ACCEPT_AUTOMATION
E004|D007,E004,0,gates_full_plus_experiment_gate,0.05,CONTINUE,0,72.0,72.0,0.0,,,2,E004,,0.05,ACCEPT_AUTOMATION
E004|D008,E004,0,gates_full_plus_experiment_gate,0.05,STOP,0,60.0,60.0,0.1666666666666666,0.2799837371773711,1.2036727237958629,2,E004,,0.05,ACCEPT_AUTOMATION
E004|D009,E004,0,gates_full_plus_experiment_gate,0.05,CONTINUE,0,72.0,72.0,0.0,,,2,E004,,0.05,ACCEPT_AUTOMATION
E004|D010,E004,0,gates_full_plus_experiment_gate,0.05,STOP,0,60.0,60.0,0.1666666666666666,0.3900941968281877,1.2036727237958629,2,E004,,0.05,ACCEPT_AUTOMATION
E004|D011,E004,0,gates_full_plus_experiment_gate,0.05,CONTINUE,0,72.0,72.0,0.0,,,2,E004,,0.05,ACCEPT_AUTOMATION
E004|D012,E004,0,gates_full_plus_experiment_gate,0.05,CONTINUE,0,72.0,72.0,0.0,,,2,E004,,0.05,ACCEPT_AUTOMATION
E004|E001,E004,0,gates_full_plus_experiment_gate,0.05,CONTINUE,0,72.0,72.0,0.0,,,2,E004,,0.05,ACCEPT_AUTOMATION
E004|E002,E004,0,gates_full_plus_experiment_gate,0.05,CONTINUE,0,72.0,72.0,0.0,,,2,E004,,0.05,ACCEPT_AUTOMATION
E004|E003,E004,0,gates_full_plus_experiment_gate,0.05,CONTINUE,0,72.0,72.0,0.0,,,2,E004,,0.05,ACCEPT_AUTOMATION
E004|E004,E004,0,gates_full_plus_experiment_gate,0.05,CONTINUE,0,72.0,72.0,0.0,,,2,E004,,0.05,ACCEPT_AUTOMATION
E004|E005,E004,0,gates_full_plus_experiment_gate,0.05,STOP,0,60.0,60.0,0.1666666666666666,0.3245393939546931,1.2036727237958629,2,E004,,0.05,ACCEPT_AUTOMATION
E004|E006,E004,0,gates_full_plus_experiment_gate,0.05,STOP,0,60.0,60.0,0.1666666666666666,0.345563548989092,1.2036727237958629,2,E004,,0.05,ACCEPT_AUTOMATION
E004|E007,E004,0,gates_full_plus_experiment_gate,0.05,CONTINUE,0,72.0,72.0,0.0,,,2,E004,,0.05,ACCEPT_AUTOMATION
E004|E008,E004,0,gates_full_plus_experiment_gate,0.05,STOP,0,60.0,60.0,0.1666666666666666,0.3904574099467425,1.2036727237958629,2,E004,,0.05,ACCEPT_AUTOMATION
E004|E009,E004,0,gates_full_plus_experiment_gate,0.05,CONTINUE,0,72.0,72.0,0.0,,,2,E004,,0.05,ACCEPT_AUTOMATION
E004|E010,E004,0,gates_full_plus_experiment_gate,0.05,CONTINUE,0,72.0,72.0,0.0,,,2,E004,,0.05,ACCEPT_AUTOMATION
E004|E011,E004,0,gates_full_plus_experiment_gate,0.05,CONTINUE,0,72.0,72.0,0.0,,,2,E004,,0.05,ACCEPT_AUTOMATION
E004|E012,E004,0,gates_full_plus_experiment_gate,0.05,STOP,0,60.0,60.0,0.1666666666666666,0.4985783718618178,1.2036727237958629,2,E004,,0.05,ACCEPT_AUTOMATION
E004|F001,E004,0,gates_full_plus_experiment_gate,0.05,CONTINUE,0,72.0,72.0,0.0,,,2,E004,,0.05,ACCEPT_AUTOMATION
E004|F002,E004,0,gates_full_plus_experiment_gate,0.05,STOP,0,60.0,60.0,0.1666666666666666,0.4643357408537527,1.2036727237958629,2,E004,,0.05,ACCEPT_AUTOMATION
E004|F003,E004,0,gates_full_plus_experiment_gate,0.05,STOP,0,60.0,60.0,0.1666666666666666,0.2683960687460991,1.2036727237958629,2,E004,,0.05,ACCEPT_AUTOMATION
E004|F004,E004,0,gates_full_plus_experiment_gate,0.05,STOP,0,60.0,60.0,0.1666666666666666,0.3040437339545552,1.2036727237958629,2,E004,,0.05,ACCEPT_AUTOMATION
E004|F005,E004,0,gates_full_plus_experiment_gate,0.05,CONTINUE,0,72.0,72.0,0.0,,,2,E004,,0.05,ACCEPT_AUTOMATION
E004|F006,E004,0,gates_full_plus_experiment_gate,0.05,CONTINUE,0,72.0,72.0,0.0,,,2,E004,,0.05,ACCEPT_AUTOMATION
E004|F007,E004,0,gates_full_plus_experiment_gate,0.05,CONTINUE,0,72.0,72.0,0.0,,,2,E004,,0.05,ACCEPT_AUTOMATION
E004|F008,E004,0,gates_full_plus_experiment_gate,0.05,STOP,0,60.0,60.0,0.1666666666666666,0.2408175465827286,1.2036727237958629,2,E004,,0.05,ACCEPT_AUTOMATION
E004|F009,E004,0,gates_full_plus_experiment_gate,0.05,CONTINUE,0,72.0,72.0,0.0,,,2,E004,,0.05,ACCEPT_AUTOMATION
E004|F010,E004,0,gates_full_plus_experiment_gate,0.05,CONTINUE,0,72.0,72.0,0.0,,,2,E004,,0.05,ACCEPT_AUTOMATION
E004|F011,E004,0,gates_full_plus_experiment_gate,0.05,STOP,0,60.0,60.0,0.1666666666666666,0.3978301250506164,1.2036727237958629,2,E004,,0.05,ACCEPT_AUTOMATION
E004|F012,E004,0,gates_full_plus_experiment_gate,0.05,CONTINUE,0,72.0,72.0,0.0,,,2,E004,,0.05,ACCEPT_AUTOMATION
E004|G001,E004,0,gates_full_plus_experiment_gate,0.05,CONTINUE,0,72.0,72.0,0.0,,,2,E004,,0.05,ACCEPT_AUTOMATION
E004|G002,E004,0,gates_full_plus_experiment_gate,0.05,STOP,0,60.0,60.0,0.1666666666666666,0.4321197840490626,1.2036727237958629,2,E004,,0.05,ACCEPT_AUTOMATION
E004|G003,E004,0,gates_full_plus_experiment_gate,0.05,STOP,0,60.0,60.0,0.1666666666666666,0.2583888182169226,1.2036727237958629,2,E004,,0.05,ACCEPT_AUTOMATION
E004|G004,E004,0,gates_full_plus_experiment_gate,0.05,STOP,0,60.0,60.0,0.1666666666666666,0.3065672959211061,1.2036727237958629,2,E004,,0.05,ACCEPT_AUTOMATION
E004|G005,E004,0,gates_full_plus_experiment_gate,0.05,CONTINUE,0,72.0,72.0,0.0,,,2,E004,,0.05,ACCEPT_AUTOMATION
E004|G006,E004,0,gates_full_plus_experiment_gate,0.05,CONTINUE,0,72.0,72.0,0.0,,,2,E004,,0.05,ACCEPT_AUTOMATION
E004|G007,E004,0,gates_full_plus_experiment_gate,0.05,STOP,0,60.0,60.0,0.1666666666666666,0.4535224664520557,1.2036727237958629,2,E004,,0.05,ACCEPT_AUTOMATION
E004|G008,E004,0,gates_full_plus_experiment_gate,0.05,CONTINUE,0,72.0,72.0,0.0,,,2,E004,,0.05,ACCEPT_AUTOMATION
E004|G009,E004,0,gates_full_plus_experiment_gate,0.05,CONTINUE,0,72.0,72.0,0.0,,,2,E004,,0.05,ACCEPT_AUTOMATION
E004|G010,E004,0,gates_full_plus_experiment_gate,0.05,CONTINUE,0,72.0,72.0,0.0,,,2,E004,,0.05,ACCEPT_AUTOMATION
E004|G011,E004,0,gates_full_plus_experiment_gate,0.05,STOP,0,60.0,60.0,0.1666666666666666,0.4010304387483918,1.2036727237958629,2,E004,,0.05,ACCEPT_AUTOMATION
E004|G012,E004,0,gates_full_plus_experiment_gate,0.05,STOP,0,60.0,60.0,0.1666666666666666,0.4860994201546201,1.2036727237958629,2,E004,,0.05,ACCEPT_AUTOMATION
E004|H001,E004,0,gates_full_plus_experiment_gate,0.05,CONTINUE,0,72.0,72.0,0.0,,,2,E004,,0.05,ACCEPT_AUTOMATION
E004|H002,E004,0,gates_full_plus_experiment_gate,0.05,STOP,0,60.0,60.0,0.1666666666666666,0.4728052677603888,1.2036727237958629,2,E004,,0.05,ACCEPT_AUTOMATION
E004|H003,E004,0,gates_full_plus_experiment_gate,0.05,STOP,0,60.0,60.0,0.1666666666666666,0.5039774292561467,1.2036727237958629,2,E004,,0.05,ACCEPT_AUTOMATION
E004|H004,E004,0,gates_full_plus_experiment_gate,0.05,CONTINUE,0,72.0,72.0,0.0,,,2,E004,,0.05,ACCEPT_AUTOMATION
E004|H005,E004,0,gates_full_plus_experiment_gate,0.05,STOP,0,60.0,60.0,0.1666666666666666,0.4608620011585946,1.2036727237958629,2,E004,,0.05,ACCEPT_AUTOMATION
E004|H006,E004,0,gates_full_plus_experiment_gate,0.05,STOP,0,60.0,60.0,0.1666666666666666,0.6454047474084369,1.2036727237958629,2,E004,,0.05,ACCEPT_AUTOMATION
E004|H007,E004,0,gates_full_plus_experiment_gate,0.05,STOP,0,60.0,60.0,0.1666666666666666,0.711367483838256,1.2036727237958629,2,E004,,0.05,ACCEPT_AUTOMATION
E004|H008,E004,0,gates_full_plus_experiment_gate,0.05,STOP,0,60.0,60.0,0.1666666666666666,0.3832118045476598,1.2036727237958629,2,E004,,0.05,ACCEPT_AUTOMATION
E004|H009,E004,0,gates_full_plus_experiment_gate,0.05,STOP,0,60.0,60.0,0.1666666666666666,0.446455349298214,1.2036727237958629,2,E004,,0.05,ACCEPT_AUTOMATION
E004|H010,E004,0,gates_full_plus_experiment_gate,0.05,STOP,0,60.0,60.0,0.1666666666666666,0.4612342183163093,1.2036727237958629,2,E004,,0.05,ACCEPT_AUTOMATION
E004|H011,E004,0,gates_full_plus_experiment_gate,0.05,CONTINUE,0,72.0,72.0,0.0,,,2,E004,,0.05,ACCEPT_AUTOMATION
E004|H012,E004,0,gates_full_plus_experiment_gate,0.05,CONTINUE,0,72.0,72.0,0.0,,,2,E004,,0.05,ACCEPT_AUTOMATION
E005|A001,E005,0,gates_full_plus_experiment_gate,0.05,CONTINUE,0,72.0,72.0,0.0,,,3,E005,,0.05,ACCEPT_AUTOMATION
E005|A002,E005,0,gates_full_plus_experiment_gate,0.05,CONTINUE,0,72.0,72.0,0.0,,,3,E005,,0.05,ACCEPT_AUTOMATION
E005|A003,E005,0,gates_full_plus_experiment_gate,0.05,CONTINUE,0,72.0,72.0,0.0,,,3,E005,,0.05,ACCEPT_AUTOMATION
E005|A004,E005,0,gates_full_plus_experiment_gate,0.05,CONTINUE,0,72.0,72.0,0.0,,,3,E005,,0.05,ACCEPT_AUTOMATION
E005|A005,E005,0,gates_full_plus_experiment_gate,0.05,CONTINUE,0,72.0,72.0,0.0,,,3,E005,,0.05,ACCEPT_AUTOMATION
E005|A006,E005,0,gates_full_plus_experiment_gate,0.05,CONTINUE,0,72.0,72.0,0.0,,,3,E005,,0.05,ACCEPT_AUTOMATION
E005|A007,E005,0,gates_full_plus_experiment_gate,0.05,CONTINUE,0,72.0,72.0,0.0,,,3,E005,,0.05,ACCEPT_AUTOMATION
E005|A008,E005,0,gates_full_plus_experiment_gate,0.05,CONTINUE,0,72.0,72.0,0.0,,,3,E005,,0.05,ACCEPT_AUTOMATION
E005|A009,E005,0,gates_full_plus_experiment_gate,0.05,CONTINUE,0,72.0,72.0,0.0,,,3,E005,,0.05,ACCEPT_AUTOMATION
E005|A010,E005,0,gates_full_plus_experiment_gate,0.05,CONTINUE,0,72.0,72.0,0.0,,,3,E005,,0.05,ACCEPT_AUTOMATION
E005|A011,E005,0,gates_full_plus_experiment_gate,0.05,CONTINUE,0,72.0,72.0,0.0,,,3,E005,,0.05,ACCEPT_AUTOMATION
E005|A012,E005,0,gates_full_plus_experiment_gate,0.05,CONTINUE,0,72.0,72.0,0.0,,,3,E005,,0.05,ACCEPT_AUTOMATION
E005|B001,E005,1,gates_full_plus_experiment_gate,0.05,CONTINUE,1,72.0,72.0,0.0,,,3,E005,,0.05,ACCEPT_AUTOMATION
E005|B002,E005,1,gates_full_plus_experiment_gate,0.05,CONTINUE,1,72.0,72.0,0.0,,,3,E005,,0.05,ACCEPT_AUTOMATION
E005|B003,E005,0,gates_full_plus_experiment_gate,0.05,CONTINUE,0,72.0,72.0,0.0,,,3,E005,,0.05,ACCEPT_AUTOMATION
E005|B004,E005,0,gates_full_plus_experiment_gate,0.05,CONTINUE,0,72.0,72.0,0.0,,,3,E005,,0.05,ACCEPT_AUTOMATION
E005|B005,E005,1,gates_full_plus_experiment_gate,0.05,CONTINUE,1,72.0,72.0,0.0,,,3,E005,,0.05,ACCEPT_AUTOMATION
E005|B006,E005,1,gates_full_plus_experiment_gate,0.05,CONTINUE,1,72.0,72.0,0.0,,,3,E005,,0.05,ACCEPT_AUTOMATION
E005|B007,E005,0,gates_full_plus_experiment_gate,0.05,CONTINUE,0,72.0,72.0,0.0,,,3,E005,,0.05,ACCEPT_AUTOMATION
E005|B008,E005,1,gates_full_plus_experiment_gate,0.05,CONTINUE,1,72.0,72.0,0.0,,,3,E005,,0.05,ACCEPT_AUTOMATION
E005|B009,E005,1,gates_full_plus_experiment_gate,0.05,CONTINUE,1,72.0,72.0,0.0,,,3,E005,,0.05,ACCEPT_AUTOMATION
E005|B010,E005,1,gates_full_plus_experiment_gate,0.05,CONTINUE,1,72.0,72.0,0.0,,,3,E005,,0.05,ACCEPT_AUTOMATION
E005|B011,E005,1,gates_full_plus_experiment_gate,0.05,CONTINUE,1,72.0,72.0,0.0,,,3,E005,,0.05,ACCEPT_AUTOMATION
E005|B012,E005,1,gates_full_plus_experiment_gate,0.05,CONTINUE,1,72.0,72.0,0.0,,,3,E005,,0.05,ACCEPT_AUTOMATION
E005|C001,E005,1,gates_full_plus_experiment_gate,0.05,CONTINUE,1,72.0,72.0,0.0,,,3,E005,,0.05,ACCEPT_AUTOMATION
E005|C002,E005,1,gates_full_plus_experiment_gate,0.05,CONTINUE,1,72.0,72.0,0.0,,,3,E005,,0.05,ACCEPT_AUTOMATION
E005|C003,E005,0,gates_full_plus_experiment_gate,0.05,CONTINUE,0,72.0,72.0,0.0,,,3,E005,,0.05,ACCEPT_AUTOMATION
E005|C004,E005,1,gates_full_plus_experiment_gate,0.05,CONTINUE,1,72.0,72.0,0.0,,,3,E005,,0.05,ACCEPT_AUTOMATION
E005|C005,E005,1,gates_full_plus_experiment_gate,0.05,CONTINUE,1,72.0,72.0,0.0,,,3,E005,,0.05,ACCEPT_AUTOMATION
E005|C006,E005,1,gates_full_plus_experiment_gate,0.05,CONTINUE,1,72.0,72.0,0.0,,,3,E005,,0.05,ACCEPT_AUTOMATION
E005|C007,E005,1,gates_full_plus_experiment_gate,0.05,CONTINUE,1,72.0,72.0,0.0,,,3,E005,,0.05,ACCEPT_AUTOMATION
E005|C008,E005,1,gates_full_plus_experiment_gate,0.05,CONTINUE,1,72.0,72.0,0.0,,,3,E005,,0.05,ACCEPT_AUTOMATION
E005|C009,E005,1,gates_full_plus_experiment_gate,0.05,CONTINUE,1,72.0,72.0,0.0,,,3,E005,,0.05,ACCEPT_AUTOMATION
E005|C010,E005,0,gates_full_plus_experiment_gate,0.05,CONTINUE,0,72.0,72.0,0.0,,,3,E005,,0.05,ACCEPT_AUTOMATION
E005|C011,E005,1,gates_full_plus_experiment_gate,0.05,CONTINUE,1,72.0,72.0,0.0,,,3,E005,,0.05,ACCEPT_AUTOMATION
E005|D001,E005,0,gates_full_plus_experiment_gate,0.05,CONTINUE,0,72.0,72.0,0.0,,,3,E005,,0.05,ACCEPT_AUTOMATION
E005|D002,E005,0,gates_full_plus_experiment_gate,0.05,CONTINUE,0,72.0,72.0,0.0,,,3,E005,,0.05,ACCEPT_AUTOMATION
E005|D003,E005,0,gates_full_plus_experiment_gate,0.05,CONTINUE,0,72.0,72.0,0.0,,,3,E005,,0.05,ACCEPT_AUTOMATION
E005|D004,E005,1,gates_full_plus_experiment_gate,0.05,CONTINUE,1,72.0,72.0,0.0,,,3,E005,,0.05,ACCEPT_AUTOMATION
E005|D006,E005,1,gates_full_plus_experiment_gate,0.05,CONTINUE,1,72.0,72.0,0.0,,,3,E005,,0.05,ACCEPT_AUTOMATION
E005|D007,E005,0,gates_full_plus_experiment_gate,0.05,CONTINUE,0,72.0,72.0,0.0,,,3,E005,,0.05,ACCEPT_AUTOMATION
E005|D008,E005,0,gates_full_plus_experiment_gate,0.05,CONTINUE,0,72.0,72.0,0.0,,,3,E005,,0.05,ACCEPT_AUTOMATION
E005|D009,E005,1,gates_full_plus_experiment_gate,0.05,CONTINUE,1,72.0,72.0,0.0,,,3,E005,,0.05,ACCEPT_AUTOMATION
E005|D010,E005,1,gates_full_plus_experiment_gate,0.05,CONTINUE,1,72.0,72.0,0.0,,,3,E005,,0.05,ACCEPT_AUTOMATION
E005|D011,E005,1,gates_full_plus_experiment_gate,0.05,CONTINUE,1,72.0,72.0,0.0,,,3,E005,,0.05,ACCEPT_AUTOMATION
E005|D012,E005,0,gates_full_plus_experiment_gate,0.05,CONTINUE,0,72.0,72.0,0.0,,,3,E005,,0.05,ACCEPT_AUTOMATION
E005|E001,E005,0,gates_full_plus_experiment_gate,0.05,CONTINUE,0,72.0,72.0,0.0,,,3,E005,,0.05,ACCEPT_AUTOMATION
E005|E002,E005,0,gates_full_plus_experiment_gate,0.05,CONTINUE,0,72.0,72.0,0.0,,,3,E005,,0.05,ACCEPT_AUTOMATION
E005|E003,E005,1,gates_full_plus_experiment_gate,0.05,CONTINUE,1,72.0,72.0,0.0,,,3,E005,,0.05,ACCEPT_AUTOMATION
E005|E004,E005,1,gates_full_plus_experiment_gate,0.05,CONTINUE,1,72.0,72.0,0.0,,,3,E005,,0.05,ACCEPT_AUTOMATION
E005|E005,E005,1,gates_full_plus_experiment_gate,0.05,CONTINUE,1,72.0,72.0,0.0,,,3,E005,,0.05,ACCEPT_AUTOMATION
E005|E006,E005,1,gates_full_plus_experiment_gate,0.05,CONTINUE,1,72.0,72.0,0.0,,,3,E005,,0.05,ACCEPT_AUTOMATION
E005|E007,E005,1,gates_full_plus_experiment_gate,0.05,CONTINUE,1,72.0,72.0,0.0,,,3,E005,,0.05,ACCEPT_AUTOMATION
E005|E008,E005,0,gates_full_plus_experiment_gate,0.05,CONTINUE,0,72.0,72.0,0.0,,,3,E005,,0.05,ACCEPT_AUTOMATION
E005|E009,E005,1,gates_full_plus_experiment_gate,0.05,CONTINUE,1,72.0,72.0,0.0,,,3,E005,,0.05,ACCEPT_AUTOMATION
E005|E010,E005,1,gates_full_plus_experiment_gate,0.05,CONTINUE,1,72.0,72.0,0.0,,,3,E005,,0.05,ACCEPT_AUTOMATION
E005|E011,E005,0,gates_full_plus_experiment_gate,0.05,CONTINUE,0,72.0,72.0,0.0,,,3,E005,,0.05,ACCEPT_AUTOMATION
E005|E012,E005,1,gates_full_plus_experiment_gate,0.05,CONTINUE,1,72.0,72.0,0.0,,,3,E005,,0.05,ACCEPT_AUTOMATION
E005|F001,E005,0,gates_full_plus_experiment_gate,0.05,CONTINUE,0,72.0,72.0,0.0,,,3,E005,,0.05,ACCEPT_AUTOMATION
E005|F003,E005,0,gates_full_plus_experiment_gate,0.05,CONTINUE,0,72.0,72.0,0.0,,,3,E005,,0.05,ACCEPT_AUTOMATION
E005|F004,E005,1,gates_full_plus_experiment_gate,0.05,CONTINUE,1,72.0,72.0,0.0,,,3,E005,,0.05,ACCEPT_AUTOMATION
E005|F005,E005,1,gates_full_plus_experiment_gate,0.05,CONTINUE,1,72.0,72.0,0.0,,,3,E005,,0.05,ACCEPT_AUTOMATION
E005|F006,E005,1,gates_full_plus_experiment_gate,0.05,CONTINUE,1,72.0,72.0,0.0,,,3,E005,,0.05,ACCEPT_AUTOMATION
E005|F007,E005,0,gates_full_plus_experiment_gate,0.05,CONTINUE,0,72.0,72.0,0.0,,,3,E005,,0.05,ACCEPT_AUTOMATION
E005|F008,E005,0,gates_full_plus_experiment_gate,0.05,CONTINUE,0,72.0,72.0,0.0,,,3,E005,,0.05,ACCEPT_AUTOMATION
E005|F009,E005,0,gates_full_plus_experiment_gate,0.05,CONTINUE,0,72.0,72.0,0.0,,,3,E005,,0.05,ACCEPT_AUTOMATION
E005|F010,E005,0,gates_full_plus_experiment_gate,0.05,CONTINUE,0,72.0,72.0,0.0,,,3,E005,,0.05,ACCEPT_AUTOMATION
E005|F011,E005,0,gates_full_plus_experiment_gate,0.05,CONTINUE,0,72.0,72.0,0.0,,,3,E005,,0.05,ACCEPT_AUTOMATION
E005|F012,E005,0,gates_full_plus_experiment_gate,0.05,CONTINUE,0,72.0,72.0,0.0,,,3,E005,,0.05,ACCEPT_AUTOMATION
E005|G001,E005,0,gates_full_plus_experiment_gate,0.05,CONTINUE,0,72.0,72.0,0.0,,,3,E005,,0.05,ACCEPT_AUTOMATION
E005|G002,E005,0,gates_full_plus_experiment_gate,0.05,CONTINUE,0,72.0,72.0,0.0,,,3,E005,,0.05,ACCEPT_AUTOMATION
E005|G003,E005,1,gates_full_plus_experiment_gate,0.05,CONTINUE,1,72.0,72.0,0.0,,,3,E005,,0.05,ACCEPT_AUTOMATION
E005|G004,E005,0,gates_full_plus_experiment_gate,0.05,CONTINUE,0,72.0,72.0,0.0,,,3,E005,,0.05,ACCEPT_AUTOMATION
E005|G005,E005,0,gates_full_plus_experiment_gate,0.05,CONTINUE,0,72.0,72.0,0.0,,,3,E005,,0.05,ACCEPT_AUTOMATION
E005|G006,E005,0,gates_full_plus_experiment_gate,0.05,CONTINUE,0,72.0,72.0,0.0,,,3,E005,,0.05,ACCEPT_AUTOMATION
E005|G007,E005,0,gates_full_plus_experiment_gate,0.05,CONTINUE,0,72.0,72.0,0.0,,,3,E005,,0.05,ACCEPT_AUTOMATION
E005|G008,E005,1,gates_full_plus_experiment_gate,0.05,CONTINUE,1,72.0,72.0,0.0,,,3,E005,,0.05,ACCEPT_AUTOMATION
E005|G009,E005,0,gates_full_plus_experiment_gate,0.05,CONTINUE,0,72.0,72.0,0.0,,,3,E005,,0.05,ACCEPT_AUTOMATION
E005|G010,E005,1,gates_full_plus_experiment_gate,0.05,CONTINUE,1,72.0,72.0,0.0,,,3,E005,,0.05,ACCEPT_AUTOMATION
E005|G011,E005,0,gates_full_plus_experiment_gate,0.05,CONTINUE,0,72.0,72.0,0.0,,,3,E005,,0.05,ACCEPT_AUTOMATION
E005|G012,E005,1,gates_full_plus_experiment_gate,0.05,CONTINUE,1,72.0,72.0,0.0,,,3,E005,,0.05,ACCEPT_AUTOMATION
E005|H001,E005,0,gates_full_plus_experiment_gate,0.05,CONTINUE,0,72.0,72.0,0.0,,,3,E005,,0.05,ACCEPT_AUTOMATION
E005|H002,E005,0,gates_full_plus_experiment_gate,0.05,CONTINUE,0,72.0,72.0,0.0,,,3,E005,,0.05,ACCEPT_AUTOMATION
E005|H003,E005,0,gates_full_plus_experiment_gate,0.05,CONTINUE,0,72.0,72.0,0.0,,,3,E005,,0.05,ACCEPT_AUTOMATION
E005|H004,E005,0,gates_full_plus_experiment_gate,0.05,CONTINUE,0,72.0,72.0,0.0,,,3,E005,,0.05,ACCEPT_AUTOMATION
E005|H005,E005,0,gates_full_plus_experiment_gate,0.05,CONTINUE,0,72.0,72.0,0.0,,,3,E005,,0.05,ACCEPT_AUTOMATION
E005|H006,E005,0,gates_full_plus_experiment_gate,0.05,CONTINUE,0,72.0,72.0,0.0,,,3,E005,,0.05,ACCEPT_AUTOMATION
E005|H007,E005,0,gates_full_plus_experiment_gate,0.05,CONTINUE,0,72.0,72.0,0.0,,,3,E005,,0.05,ACCEPT_AUTOMATION
E005|H008,E005,0,gates_full_plus_experiment_gate,0.05,CONTINUE,0,72.0,72.0,0.0,,,3,E005,,0.05,ACCEPT_AUTOMATION
E005|H009,E005,0,gates_full_plus_experiment_gate,0.05,CONTINUE,0,72.0,72.0,0.0,,,3,E005,,0.05,ACCEPT_AUTOMATION
E005|H010,E005,0,gates_full_plus_experiment_gate,0.05,CONTINUE,0,72.0,72.0,0.0,,,3,E005,,0.05,ACCEPT_AUTOMATION
E005|H012,E005,0,gates_full_plus_experiment_gate,0.05,CONTINUE,0,72.0,72.0,0.0,,,3,E005,,0.05,ACCEPT_AUTOMATION
E006|A001,E006,1,gates_full_plus_experiment_gate,0.05,CONTINUE,1,72.0,72.0,0.0,,,4,E006,,0.05,ACCEPT_AUTOMATION
E006|A002,E006,1,gates_full_plus_experiment_gate,0.05,CONTINUE,1,72.0,72.0,0.0,,,4,E006,,0.05,ACCEPT_AUTOMATION
E006|A003,E006,1,gates_full_plus_experiment_gate,0.05,CONTINUE,1,72.0,72.0,0.0,,,4,E006,,0.05,ACCEPT_AUTOMATION
E006|A004,E006,1,gates_full_plus_experiment_gate,0.05,CONTINUE,1,72.0,72.0,0.0,,,4,E006,,0.05,ACCEPT_AUTOMATION
E006|A005,E006,1,gates_full_plus_experiment_gate,0.05,CONTINUE,1,72.0,72.0,0.0,,,4,E006,,0.05,ACCEPT_AUTOMATION
E006|A006,E006,1,gates_full_plus_experiment_gate,0.05,CONTINUE,1,72.0,72.0,0.0,,,4,E006,,0.05,ACCEPT_AUTOMATION
E006|A007,E006,1,gates_full_plus_experiment_gate,0.05,CONTINUE,1,72.0,72.0,0.0,,,4,E006,,0.05,ACCEPT_AUTOMATION
E006|A008,E006,1,gates_full_plus_experiment_gate,0.05,CONTINUE,1,72.0,72.0,0.0,,,4,E006,,0.05,ACCEPT_AUTOMATION
E006|A009,E006,1,gates_full_plus_experiment_gate,0.05,CONTINUE,1,72.0,72.0,0.0,,,4,E006,,0.05,ACCEPT_AUTOMATION
E006|A010,E006,0,gates_full_plus_experiment_gate,0.05,CONTINUE,0,72.0,72.0,0.0,,,4,E006,,0.05,ACCEPT_AUTOMATION
E006|A011,E006,1,gates_full_plus_experiment_gate,0.05,CONTINUE,1,72.0,72.0,0.0,,,4,E006,,0.05,ACCEPT_AUTOMATION
E006|B001,E006,1,gates_full_plus_experiment_gate,0.05,CONTINUE,1,72.0,72.0,0.0,,,4,E006,,0.05,ACCEPT_AUTOMATION
E006|B002,E006,1,gates_full_plus_experiment_gate,0.05,CONTINUE,1,72.0,72.0,0.0,,,4,E006,,0.05,ACCEPT_AUTOMATION
E006|B003,E006,1,gates_full_plus_experiment_gate,0.05,CONTINUE,1,72.0,72.0,0.0,,,4,E006,,0.05,ACCEPT_AUTOMATION
E006|B004,E006,1,gates_full_plus_experiment_gate,0.05,CONTINUE,1,72.0,72.0,0.0,,,4,E006,,0.05,ACCEPT_AUTOMATION
E006|B005,E006,1,gates_full_plus_experiment_gate,0.05,CONTINUE,1,72.0,72.0,0.0,,,4,E006,,0.05,ACCEPT_AUTOMATION
E006|B006,E006,1,gates_full_plus_experiment_gate,0.05,CONTINUE,1,72.0,72.0,0.0,,,4,E006,,0.05,ACCEPT_AUTOMATION
E006|B007,E006,1,gates_full_plus_experiment_gate,0.05,CONTINUE,1,72.0,72.0,0.0,,,4,E006,,0.05,ACCEPT_AUTOMATION
E006|B008,E006,1,gates_full_plus_experiment_gate,0.05,CONTINUE,1,72.0,72.0,0.0,,,4,E006,,0.05,ACCEPT_AUTOMATION
E006|B009,E006,0,gates_full_plus_experiment_gate,0.05,CONTINUE,0,72.0,72.0,0.0,,,4,E006,,0.05,ACCEPT_AUTOMATION
E006|B010,E006,0,gates_full_plus_experiment_gate,0.05,CONTINUE,0,72.0,72.0,0.0,,,4,E006,,0.05,ACCEPT_AUTOMATION
E006|B011,E006,1,gates_full_plus_experiment_gate,0.05,CONTINUE,1,72.0,72.0,0.0,,,4,E006,,0.05,ACCEPT_AUTOMATION
E006|B012,E006,1,gates_full_plus_experiment_gate,0.05,CONTINUE,1,72.0,72.0,0.0,,,4,E006,,0.05,ACCEPT_AUTOMATION
E006|C001,E006,0,gates_full_plus_experiment_gate,0.05,CONTINUE,0,72.0,72.0,0.0,,,4,E006,,0.05,ACCEPT_AUTOMATION
E006|C002,E006,0,gates_full_plus_experiment_gate,0.05,CONTINUE,0,72.0,72.0,0.0,,,4,E006,,0.05,ACCEPT_AUTOMATION
E006|C003,E006,0,gates_full_plus_experiment_gate,0.05,CONTINUE,0,72.0,72.0,0.0,,,4,E006,,0.05,ACCEPT_AUTOMATION
E006|C004,E006,0,gates_full_plus_experiment_gate,0.05,CONTINUE,0,72.0,72.0,0.0,,,4,E006,,0.05,ACCEPT_AUTOMATION
E006|C005,E006,0,gates_full_plus_experiment_gate,0.05,CONTINUE,0,72.0,72.0,0.0,,,4,E006,,0.05,ACCEPT_AUTOMATION
E006|C006,E006,0,gates_full_plus_experiment_gate,0.05,CONTINUE,0,72.0,72.0,0.0,,,4,E006,,0.05,ACCEPT_AUTOMATION
E006|C007,E006,0,gates_full_plus_experiment_gate,0.05,CONTINUE,0,72.0,72.0,0.0,,,4,E006,,0.05,ACCEPT_AUTOMATION
E006|C008,E006,0,gates_full_plus_experiment_gate,0.05,CONTINUE,0,72.0,72.0,0.0,,,4,E006,,0.05,ACCEPT_AUTOMATION
E006|C009,E006,0,gates_full_plus_experiment_gate,0.05,CONTINUE,0,72.0,72.0,0.0,,,4,E006,,0.05,ACCEPT_AUTOMATION
E006|C010,E006,0,gates_full_plus_experiment_gate,0.05,CONTINUE,0,72.0,72.0,0.0,,,4,E006,,0.05,ACCEPT_AUTOMATION
E006|C011,E006,0,gates_full_plus_experiment_gate,0.05,CONTINUE,0,72.0,72.0,0.0,,,4,E006,,0.05,ACCEPT_AUTOMATION
E006|C012,E006,0,gates_full_plus_experiment_gate,0.05,CONTINUE,0,72.0,72.0,0.0,,,4,E006,,0.05,ACCEPT_AUTOMATION
E006|D001,E006,0,gates_full_plus_experiment_gate,0.05,CONTINUE,0,72.0,72.0,0.0,,,4,E006,,0.05,ACCEPT_AUTOMATION
E006|D002,E006,0,gates_full_plus_experiment_gate,0.05,CONTINUE,0,72.0,72.0,0.0,,,4,E006,,0.05,ACCEPT_AUTOMATION
E006|D003,E006,0,gates_full_plus_experiment_gate,0.05,CONTINUE,0,72.0,72.0,0.0,,,4,E006,,0.05,ACCEPT_AUTOMATION
E006|D004,E006,0,gates_full_plus_experiment_gate,0.05,CONTINUE,0,72.0,72.0,0.0,,,4,E006,,0.05,ACCEPT_AUTOMATION
E006|D005,E006,0,gates_full_plus_experiment_gate,0.05,CONTINUE,0,72.0,72.0,0.0,,,4,E006,,0.05,ACCEPT_AUTOMATION
E006|D006,E006,0,gates_full_plus_experiment_gate,0.05,CONTINUE,0,72.0,72.0,0.0,,,4,E006,,0.05,ACCEPT_AUTOMATION
E006|D007,E006,0,gates_full_plus_experiment_gate,0.05,CONTINUE,0,72.0,72.0,0.0,,,4,E006,,0.05,ACCEPT_AUTOMATION
E006|D008,E006,0,gates_full_plus_experiment_gate,0.05,CONTINUE,0,72.0,72.0,0.0,,,4,E006,,0.05,ACCEPT_AUTOMATION
E006|D009,E006,0,gates_full_plus_experiment_gate,0.05,CONTINUE,0,72.0,72.0,0.0,,,4,E006,,0.05,ACCEPT_AUTOMATION
E006|D010,E006,0,gates_full_plus_experiment_gate,0.05,CONTINUE,0,72.0,72.0,0.0,,,4,E006,,0.05,ACCEPT_AUTOMATION
E006|D011,E006,0,gates_full_plus_experiment_gate,0.05,CONTINUE,0,72.0,72.0,0.0,,,4,E006,,0.05,ACCEPT_AUTOMATION
E006|D012,E006,0,gates_full_plus_experiment_gate,0.05,CONTINUE,0,72.0,72.0,0.0,,,4,E006,,0.05,ACCEPT_AUTOMATION
E006|E001,E006,1,gates_full_plus_experiment_gate,0.05,CONTINUE,1,72.0,72.0,0.0,,,4,E006,,0.05,ACCEPT_AUTOMATION
E006|E002,E006,1,gates_full_plus_experiment_gate,0.05,CONTINUE,1,72.0,72.0,0.0,,,4,E006,,0.05,ACCEPT_AUTOMATION
E006|E003,E006,1,gates_full_plus_experiment_gate,0.05,CONTINUE,1,72.0,72.0,0.0,,,4,E006,,0.05,ACCEPT_AUTOMATION
E006|E004,E006,1,gates_full_plus_experiment_gate,0.05,CONTINUE,1,72.0,72.0,0.0,,,4,E006,,0.05,ACCEPT_AUTOMATION
E006|E005,E006,1,gates_full_plus_experiment_gate,0.05,CONTINUE,1,72.0,72.0,0.0,,,4,E006,,0.05,ACCEPT_AUTOMATION
E006|E006,E006,0,gates_full_plus_experiment_gate,0.05,CONTINUE,0,72.0,72.0,0.0,,,4,E006,,0.05,ACCEPT_AUTOMATION
E006|E007,E006,1,gates_full_plus_experiment_gate,0.05,CONTINUE,1,72.0,72.0,0.0,,,4,E006,,0.05,ACCEPT_AUTOMATION
E006|E008,E006,1,gates_full_plus_experiment_gate,0.05,CONTINUE,1,72.0,72.0,0.0,,,4,E006,,0.05,ACCEPT_AUTOMATION
E006|E009,E006,1,gates_full_plus_experiment_gate,0.05,CONTINUE,1,72.0,72.0,0.0,,,4,E006,,0.05,ACCEPT_AUTOMATION
E006|E010,E006,1,gates_full_plus_experiment_gate,0.05,CONTINUE,1,72.0,72.0,0.0,,,4,E006,,0.05,ACCEPT_AUTOMATION
E006|E011,E006,1,gates_full_plus_experiment_gate,0.05,CONTINUE,1,72.0,72.0,0.0,,,4,E006,,0.05,ACCEPT_AUTOMATION
E006|E012,E006,1,gates_full_plus_experiment_gate,0.05,CONTINUE,1,72.0,72.0,0.0,,,4,E006,,0.05,ACCEPT_AUTOMATION
E006|F001,E006,1,gates_full_plus_experiment_gate,0.05,CONTINUE,1,72.0,72.0,0.0,,,4,E006,,0.05,ACCEPT_AUTOMATION
E006|F002,E006,1,gates_full_plus_experiment_gate,0.05,CONTINUE,1,72.0,72.0,0.0,,,4,E006,,0.05,ACCEPT_AUTOMATION
E006|F003,E006,1,gates_full_plus_experiment_gate,0.05,CONTINUE,1,72.0,72.0,0.0,,,4,E006,,0.05,ACCEPT_AUTOMATION
E006|F004,E006,1,gates_full_plus_experiment_gate,0.05,CONTINUE,1,72.0,72.0,0.0,,,4,E006,,0.05,ACCEPT_AUTOMATION
E006|F005,E006,1,gates_full_plus_experiment_gate,0.05,CONTINUE,1,72.0,72.0,0.0,,,4,E006,,0.05,ACCEPT_AUTOMATION
E006|F006,E006,1,gates_full_plus_experiment_gate,0.05,CONTINUE,1,72.0,72.0,0.0,,,4,E006,,0.05,ACCEPT_AUTOMATION
E006|F007,E006,1,gates_full_plus_experiment_gate,0.05,CONTINUE,1,72.0,72.0,0.0,,,4,E006,,0.05,ACCEPT_AUTOMATION
E006|F008,E006,1,gates_full_plus_experiment_gate,0.05,CONTINUE,1,72.0,72.0,0.0,,,4,E006,,0.05,ACCEPT_AUTOMATION
E006|F009,E006,1,gates_full_plus_experiment_gate,0.05,CONTINUE,1,72.0,72.0,0.0,,,4,E006,,0.05,ACCEPT_AUTOMATION
E006|F010,E006,1,gates_full_plus_experiment_gate,0.05,CONTINUE,1,72.0,72.0,0.0,,,4,E006,,0.05,ACCEPT_AUTOMATION
E006|F011,E006,1,gates_full_plus_experiment_gate,0.05,CONTINUE,1,72.0,72.0,0.0,,,4,E006,,0.05,ACCEPT_AUTOMATION
E006|F012,E006,1,gates_full_plus_experiment_gate,0.05,CONTINUE,1,72.0,72.0,0.0,,,4,E006,,0.05,ACCEPT_AUTOMATION
E006|G001,E006,1,gates_full_plus_experiment_gate,0.05,CONTINUE,1,72.0,72.0,0.0,,,4,E006,,0.05,ACCEPT_AUTOMATION
E006|G002,E006,1,gates_full_plus_experiment_gate,0.05,CONTINUE,1,72.0,72.0,0.0,,,4,E006,,0.05,ACCEPT_AUTOMATION
E006|G003,E006,1,gates_full_plus_experiment_gate,0.05,CONTINUE,1,72.0,72.0,0.0,,,4,E006,,0.05,ACCEPT_AUTOMATION
E006|G004,E006,1,gates_full_plus_experiment_gate,0.05,CONTINUE,1,72.0,72.0,0.0,,,4,E006,,0.05,ACCEPT_AUTOMATION
E006|G005,E006,1,gates_full_plus_experiment_gate,0.05,CONTINUE,1,72.0,72.0,0.0,,,4,E006,,0.05,ACCEPT_AUTOMATION
E006|G006,E006,1,gates_full_plus_experiment_gate,0.05,CONTINUE,1,72.0,72.0,0.0,,,4,E006,,0.05,ACCEPT_AUTOMATION
E006|G007,E006,1,gates_full_plus_experiment_gate,0.05,CONTINUE,1,72.0,72.0,0.0,,,4,E006,,0.05,ACCEPT_AUTOMATION
E006|G008,E006,1,gates_full_plus_experiment_gate,0.05,CONTINUE,1,72.0,72.0,0.0,,,4,E006,,0.05,ACCEPT_AUTOMATION
E006|G009,E006,1,gates_full_plus_experiment_gate,0.05,CONTINUE,1,72.0,72.0,0.0,,,4,E006,,0.05,ACCEPT_AUTOMATION
E006|G010,E006,1,gates_full_plus_experiment_gate,0.05,CONTINUE,1,72.0,72.0,0.0,,,4,E006,,0.05,ACCEPT_AUTOMATION
E006|G011,E006,1,gates_full_plus_experiment_gate,0.05,CONTINUE,1,72.0,72.0,0.0,,,4,E006,,0.05,ACCEPT_AUTOMATION
E006|G012,E006,1,gates_full_plus_experiment_gate,0.05,CONTINUE,1,72.0,72.0,0.0,,,4,E006,,0.05,ACCEPT_AUTOMATION
E006|H001,E006,1,gates_full_plus_experiment_gate,0.05,CONTINUE,1,72.0,72.0,0.0,,,4,E006,,0.05,ACCEPT_AUTOMATION
E006|H002,E006,0,gates_full_plus_experiment_gate,0.05,CONTINUE,0,72.0,72.0,0.0,,,4,E006,,0.05,ACCEPT_AUTOMATION
E006|H003,E006,1,gates_full_plus_experiment_gate,0.05,CONTINUE,1,72.0,72.0,0.0,,,4,E006,,0.05,ACCEPT_AUTOMATION
E006|H004,E006,1,gates_full_plus_experiment_gate,0.05,CONTINUE,1,72.0,72.0,0.0,,,4,E006,,0.05,ACCEPT_AUTOMATION
E006|H005,E006,1,gates_full_plus_experiment_gate,0.05,CONTINUE,1,72.0,72.0,0.0,,,4,E006,,0.05,ACCEPT_AUTOMATION
E006|H006,E006,0,gates_full_plus_experiment_gate,0.05,CONTINUE,0,72.0,72.0,0.0,,,4,E006,,0.05,ACCEPT_AUTOMATION
E006|H007,E006,1,gates_full_plus_experiment_gate,0.05,CONTINUE,1,72.0,72.0,0.0,,,4,E006,,0.05,ACCEPT_AUTOMATION
E006|H008,E006,1,gates_full_plus_experiment_gate,0.05,CONTINUE,1,72.0,72.0,0.0,,,4,E006,,0.05,ACCEPT_AUTOMATION
E006|H009,E006,0,gates_full_plus_experiment_gate,0.05,CONTINUE,0,72.0,72.0,0.0,,,4,E006,,0.05,ACCEPT_AUTOMATION
E006|H010,E006,1,gates_full_plus_experiment_gate,0.05,CONTINUE,1,72.0,72.0,0.0,,,4,E006,,0.05,ACCEPT_AUTOMATION
E006|H011,E006,1,gates_full_plus_experiment_gate,0.05,CONTINUE,1,72.0,72.0,0.0,,,4,E006,,0.05,ACCEPT_AUTOMATION
E006|H012,E006,1,gates_full_plus_experiment_gate,0.05,CONTINUE,1,72.0,72.0,0.0,,,4,E006,,0.05,ACCEPT_AUTOMATION
E007|A001,E007,1,gates_full_plus_experiment_gate,0.05,ABSTAIN,1,72.0,72.0,0.0,0.8004698508802128,0.7309106768641795,5,E007,,0.05,REFUSE_EARLY_STOPPING
E007|A002,E007,0,gates_full_plus_experiment_gate,0.05,ABSTAIN,0,72.0,72.0,0.0,,,5,E007,,0.05,REFUSE_EARLY_STOPPING
E007|A003,E007,1,gates_full_plus_experiment_gate,0.05,ABSTAIN,1,72.0,72.0,0.0,,,5,E007,,0.05,REFUSE_EARLY_STOPPING
E007|A004,E007,0,gates_full_plus_experiment_gate,0.05,ABSTAIN,0,72.0,72.0,0.0,,,5,E007,,0.05,REFUSE_EARLY_STOPPING
E007|A005,E007,0,gates_full_plus_experiment_gate,0.05,ABSTAIN,0,72.0,72.0,0.0,0.856177642091376,0.7184955881963357,5,E007,,0.05,REFUSE_EARLY_STOPPING
E007|A006,E007,0,gates_full_plus_experiment_gate,0.05,ABSTAIN,0,72.0,72.0,0.0,0.7060678896665048,0.7184955881963357,5,E007,,0.05,REFUSE_EARLY_STOPPING
E007|A007,E007,0,gates_full_plus_experiment_gate,0.05,ABSTAIN,0,72.0,72.0,0.0,0.7814217438851119,0.7054462221913815,5,E007,,0.05,REFUSE_EARLY_STOPPING
E007|A008,E007,0,gates_full_plus_experiment_gate,0.05,ABSTAIN,0,72.0,72.0,0.0,,,5,E007,,0.05,REFUSE_EARLY_STOPPING
E007|A009,E007,0,gates_full_plus_experiment_gate,0.05,ABSTAIN,0,72.0,72.0,0.0,0.6717138300209194,0.7309106768641795,5,E007,,0.05,REFUSE_EARLY_STOPPING
E007|A010,E007,1,gates_full_plus_experiment_gate,0.05,ABSTAIN,1,72.0,72.0,0.0,0.719309890013968,0.7309106768641795,5,E007,,0.05,REFUSE_EARLY_STOPPING
E007|A011,E007,1,gates_full_plus_experiment_gate,0.05,ABSTAIN,1,72.0,72.0,0.0,,,5,E007,,0.05,REFUSE_EARLY_STOPPING
E007|A012,E007,0,gates_full_plus_experiment_gate,0.05,ABSTAIN,0,72.0,72.0,0.0,,,5,E007,,0.05,REFUSE_EARLY_STOPPING
E007|B001,E007,0,gates_full_plus_experiment_gate,0.05,ABSTAIN,0,72.0,72.0,0.0,0.7670067173361468,0.7309106768641795,5,E007,,0.05,REFUSE_EARLY_STOPPING
E007|B002,E007,0,gates_full_plus_experiment_gate,0.05,ABSTAIN,0,72.0,72.0,0.0,0.7011844051023081,0.7309106768641795,5,E007,,0.05,REFUSE_EARLY_STOPPING
E007|B003,E007,0,gates_full_plus_experiment_gate,0.05,ABSTAIN,0,72.0,72.0,0.0,0.477322132409774,0.7309106768641795,5,E007,,0.05,REFUSE_EARLY_STOPPING
E007|B004,E007,0,gates_full_plus_experiment_gate,0.05,ABSTAIN,0,72.0,72.0,0.0,0.4182766763875862,0.7309106768641795,5,E007,,0.05,REFUSE_EARLY_STOPPING
E007|B005,E007,0,gates_full_plus_experiment_gate,0.05,ABSTAIN,0,72.0,72.0,0.0,0.5738708385676018,0.7054462221913815,5,E007,,0.05,REFUSE_EARLY_STOPPING
E007|B006,E007,0,gates_full_plus_experiment_gate,0.05,ABSTAIN,0,72.0,72.0,0.0,0.5609169689710892,0.7309106768641795,5,E007,,0.05,REFUSE_EARLY_STOPPING
E007|B007,E007,0,gates_full_plus_experiment_gate,0.05,ABSTAIN,0,72.0,72.0,0.0,0.4669874127824392,0.7309106768641795,5,E007,,0.05,REFUSE_EARLY_STOPPING
E007|B008,E007,0,gates_full_plus_experiment_gate,0.05,ABSTAIN,0,72.0,72.0,0.0,0.5264467854361429,0.7309106768641795,5,E007,,0.05,REFUSE_EARLY_STOPPING
E007|B009,E007,0,gates_full_plus_experiment_gate,0.05,ABSTAIN,0,72.0,72.0,0.0,0.5119289106969973,0.7309106768641795,5,E007,,0.05,REFUSE_EARLY_STOPPING
E007|B010,E007,0,gates_full_plus_experiment_gate,0.05,ABSTAIN,0,72.0,72.0,0.0,0.4982375850562782,0.7309106768641795,5,E007,,0.05,REFUSE_EARLY_STOPPING
E007|B011,E007,0,gates_full_plus_experiment_gate,0.05,ABSTAIN,0,72.0,72.0,0.0,0.5908948590563942,0.7309106768641795,5,E007,,0.05,REFUSE_EARLY_STOPPING
E007|B012,E007,0,gates_full_plus_experiment_gate,0.05,ABSTAIN,0,72.0,72.0,0.0,0.8156210918383587,0.7184955881963357,5,E007,,0.05,REFUSE_EARLY_STOPPING
E007|C001,E007,0,gates_full_plus_experiment_gate,0.05,ABSTAIN,0,72.0,72.0,0.0,1.153423969046205,0.7309106768641795,5,E007,,0.05,REFUSE_EARLY_STOPPING
E007|C002,E007,0,gates_full_plus_experiment_gate,0.05,ABSTAIN,0,72.0,72.0,0.0,0.4369338466725694,0.7309106768641795,5,E007,,0.05,REFUSE_EARLY_STOPPING
E007|C003,E007,0,gates_full_plus_experiment_gate,0.05,ABSTAIN,0,72.0,72.0,0.0,0.5071483004620142,0.7309106768641795,5,E007,,0.05,REFUSE_EARLY_STOPPING
E007|C004,E007,0,gates_full_plus_experiment_gate,0.05,ABSTAIN,0,72.0,72.0,0.0,0.6142752953133267,0.7309106768641795,5,E007,,0.05,REFUSE_EARLY_STOPPING
E007|C005,E007,0,gates_full_plus_experiment_gate,0.05,ABSTAIN,0,72.0,72.0,0.0,,,5,E007,,0.05,REFUSE_EARLY_STOPPING
E007|C006,E007,0,gates_full_plus_experiment_gate,0.05,ABSTAIN,0,72.0,72.0,0.0,0.4124350211754903,0.7309106768641795,5,E007,,0.05,REFUSE_EARLY_STOPPING
E007|C007,E007,0,gates_full_plus_experiment_gate,0.05,ABSTAIN,0,72.0,72.0,0.0,0.4268901009967805,0.7309106768641795,5,E007,,0.05,REFUSE_EARLY_STOPPING
E007|C008,E007,0,gates_full_plus_experiment_gate,0.05,ABSTAIN,0,72.0,72.0,0.0,0.4496529855556991,0.7309106768641795,5,E007,,0.05,REFUSE_EARLY_STOPPING
E007|C009,E007,0,gates_full_plus_experiment_gate,0.05,ABSTAIN,0,72.0,72.0,0.0,0.5015909624013589,0.7309106768641795,5,E007,,0.05,REFUSE_EARLY_STOPPING
E007|C010,E007,0,gates_full_plus_experiment_gate,0.05,ABSTAIN,0,72.0,72.0,0.0,0.5970343460239692,0.7309106768641795,5,E007,,0.05,REFUSE_EARLY_STOPPING
E007|C011,E007,0,gates_full_plus_experiment_gate,0.05,ABSTAIN,0,72.0,72.0,0.0,,,5,E007,,0.05,REFUSE_EARLY_STOPPING
E007|C012,E007,0,gates_full_plus_experiment_gate,0.05,ABSTAIN,0,72.0,72.0,0.0,0.6001976465717359,0.7184955881963357,5,E007,,0.05,REFUSE_EARLY_STOPPING
E007|D002,E007,1,gates_full_plus_experiment_gate,0.05,ABSTAIN,1,72.0,72.0,0.0,0.5320993982973523,0.7309106768641795,5,E007,,0.05,REFUSE_EARLY_STOPPING
E007|D003,E007,1,gates_full_plus_experiment_gate,0.05,ABSTAIN,1,72.0,72.0,0.0,0.6738738045116466,0.7054462221913815,5,E007,,0.05,REFUSE_EARLY_STOPPING
E007|D004,E007,0,gates_full_plus_experiment_gate,0.05,ABSTAIN,0,72.0,72.0,0.0,,,5,E007,,0.05,REFUSE_EARLY_STOPPING
E007|D005,E007,1,gates_full_plus_experiment_gate,0.05,ABSTAIN,1,72.0,72.0,0.0,0.8253896837577728,0.7054462221913815,5,E007,,0.05,REFUSE_EARLY_STOPPING
E007|D006,E007,1,gates_full_plus_experiment_gate,0.05,ABSTAIN,1,72.0,72.0,0.0,0.6793777476024042,0.7309106768641795,5,E007,,0.05,REFUSE_EARLY_STOPPING
E007|D007,E007,1,gates_full_plus_experiment_gate,0.05,ABSTAIN,1,72.0,72.0,0.0,0.7790290440532408,0.7054462221913815,5,E007,,0.05,REFUSE_EARLY_STOPPING
E007|D008,E007,1,gates_full_plus_experiment_gate,0.05,ABSTAIN,1,72.0,72.0,0.0,0.5736687242979566,0.7184955881963357,5,E007,,0.05,REFUSE_EARLY_STOPPING
E007|D009,E007,1,gates_full_plus_experiment_gate,0.05,ABSTAIN,1,72.0,72.0,0.0,0.4537031985161719,0.7309106768641795,5,E007,,0.05,REFUSE_EARLY_STOPPING
E007|D010,E007,1,gates_full_plus_experiment_gate,0.05,ABSTAIN,1,72.0,72.0,0.0,,,5,E007,,0.05,REFUSE_EARLY_STOPPING
E007|D011,E007,0,gates_full_plus_experiment_gate,0.05,ABSTAIN,0,72.0,72.0,0.0,,,5,E007,,0.05,REFUSE_EARLY_STOPPING
E007|D012,E007,1,gates_full_plus_experiment_gate,0.05,ABSTAIN,1,72.0,72.0,0.0,0.5815089293168199,0.7309106768641795,5,E007,,0.05,REFUSE_EARLY_STOPPING
E007|E001,E007,1,gates_full_plus_experiment_gate,0.05,ABSTAIN,1,72.0,72.0,0.0,1.0301222958630074,0.7054462221913815,5,E007,,0.05,REFUSE_EARLY_STOPPING
E007|E002,E007,1,gates_full_plus_experiment_gate,0.05,ABSTAIN,1,72.0,72.0,0.0,0.6183378409790369,0.7184955881963357,5,E007,,0.05,REFUSE_EARLY_STOPPING
E007|E003,E007,0,gates_full_plus_experiment_gate,0.05,ABSTAIN,0,72.0,72.0,0.0,0.7031300014891774,0.7184955881963357,5,E007,,0.05,REFUSE_EARLY_STOPPING
E007|E004,E007,1,gates_full_plus_experiment_gate,0.05,ABSTAIN,1,72.0,72.0,0.0,0.5118769111937448,0.7309106768641795,5,E007,,0.05,REFUSE_EARLY_STOPPING
E007|E005,E007,1,gates_full_plus_experiment_gate,0.05,ABSTAIN,1,72.0,72.0,0.0,0.5881519401693985,0.7184955881963357,5,E007,,0.05,REFUSE_EARLY_STOPPING
E007|E006,E007,1,gates_full_plus_experiment_gate,0.05,ABSTAIN,1,72.0,72.0,0.0,0.6584803842737721,0.7184955881963357,5,E007,,0.05,REFUSE_EARLY_STOPPING
E007|E007,E007,1,gates_full_plus_experiment_gate,0.05,ABSTAIN,1,72.0,72.0,0.0,0.6789455766443884,0.7054462221913815,5,E007,,0.05,REFUSE_EARLY_STOPPING
E007|E008,E007,1,gates_full_plus_experiment_gate,0.05,ABSTAIN,1,72.0,72.0,0.0,0.4896392308974274,0.7309106768641795,5,E007,,0.05,REFUSE_EARLY_STOPPING
E007|E009,E007,1,gates_full_plus_experiment_gate,0.05,ABSTAIN,1,72.0,72.0,0.0,0.6711539315287139,0.7184955881963357,5,E007,,0.05,REFUSE_EARLY_STOPPING
E007|E010,E007,1,gates_full_plus_experiment_gate,0.05,ABSTAIN,1,72.0,72.0,0.0,0.6044206452394814,0.7309106768641795,5,E007,,0.05,REFUSE_EARLY_STOPPING
E007|E011,E007,1,gates_full_plus_experiment_gate,0.05,ABSTAIN,1,72.0,72.0,0.0,0.6164524030113576,0.7309106768641795,5,E007,,0.05,REFUSE_EARLY_STOPPING
E007|E012,E007,1,gates_full_plus_experiment_gate,0.05,ABSTAIN,1,72.0,72.0,0.0,0.6548149110052203,0.7309106768641795,5,E007,,0.05,REFUSE_EARLY_STOPPING
E007|F002,E007,0,gates_full_plus_experiment_gate,0.05,ABSTAIN,0,72.0,72.0,0.0,0.723635684957142,0.7184955881963357,5,E007,,0.05,REFUSE_EARLY_STOPPING
E007|F003,E007,1,gates_full_plus_experiment_gate,0.05,ABSTAIN,1,72.0,72.0,0.0,0.7528531010871566,0.7184955881963357,5,E007,,0.05,REFUSE_EARLY_STOPPING
E007|F004,E007,1,gates_full_plus_experiment_gate,0.05,ABSTAIN,1,72.0,72.0,0.0,0.7673137312792173,0.7184955881963357,5,E007,,0.05,REFUSE_EARLY_STOPPING
E007|F005,E007,1,gates_full_plus_experiment_gate,0.05,ABSTAIN,1,72.0,72.0,0.0,1.0268362054481257,0.7184955881963357,5,E007,,0.05,REFUSE_EARLY_STOPPING
E007|F006,E007,1,gates_full_plus_experiment_gate,0.05,ABSTAIN,1,72.0,72.0,0.0,0.450045199306727,0.7309106768641795,5,E007,,0.05,REFUSE_EARLY_STOPPING
E007|F007,E007,1,gates_full_plus_experiment_gate,0.05,ABSTAIN,1,72.0,72.0,0.0,0.9536426284144832,0.7184955881963357,5,E007,,0.05,REFUSE_EARLY_STOPPING
E007|F008,E007,1,gates_full_plus_experiment_gate,0.05,ABSTAIN,1,72.0,72.0,0.0,0.5976924945784595,0.7184955881963357,5,E007,,0.05,REFUSE_EARLY_STOPPING
E007|F009,E007,1,gates_full_plus_experiment_gate,0.05,ABSTAIN,1,72.0,72.0,0.0,0.4453970276216254,0.7309106768641795,5,E007,,0.05,REFUSE_EARLY_STOPPING
E007|F010,E007,1,gates_full_plus_experiment_gate,0.05,ABSTAIN,1,72.0,72.0,0.0,0.8206144865425024,0.7184955881963357,5,E007,,0.05,REFUSE_EARLY_STOPPING
E007|F011,E007,1,gates_full_plus_experiment_gate,0.05,ABSTAIN,1,72.0,72.0,0.0,0.7608510765158788,0.7184955881963357,5,E007,,0.05,REFUSE_EARLY_STOPPING
E007|F012,E007,1,gates_full_plus_experiment_gate,0.05,ABSTAIN,1,72.0,72.0,0.0,0.9633295863368802,0.7184955881963357,5,E007,,0.05,REFUSE_EARLY_STOPPING
E007|G001,E007,0,gates_full_plus_experiment_gate,0.05,ABSTAIN,0,72.0,72.0,0.0,0.8106426302751774,0.7184955881963357,5,E007,,0.05,REFUSE_EARLY_STOPPING
E007|G002,E007,0,gates_full_plus_experiment_gate,0.05,ABSTAIN,0,72.0,72.0,0.0,0.6592883161417453,0.7309106768641795,5,E007,,0.05,REFUSE_EARLY_STOPPING
E007|G003,E007,0,gates_full_plus_experiment_gate,0.05,ABSTAIN,0,72.0,72.0,0.0,0.7304947963154437,0.7184955881963357,5,E007,,0.05,REFUSE_EARLY_STOPPING
E007|G004,E007,1,gates_full_plus_experiment_gate,0.05,ABSTAIN,1,72.0,72.0,0.0,0.8160058463925445,0.7184955881963357,5,E007,,0.05,REFUSE_EARLY_STOPPING
E007|G005,E007,0,gates_full_plus_experiment_gate,0.05,ABSTAIN,0,72.0,72.0,0.0,1.1801365187116486,0.7184955881963357,5,E007,,0.05,REFUSE_EARLY_STOPPING
E007|G006,E007,0,gates_full_plus_experiment_gate,0.05,ABSTAIN,0,72.0,72.0,0.0,0.7874748288765463,0.7184955881963357,5,E007,,0.05,REFUSE_EARLY_STOPPING
E007|G007,E007,1,gates_full_plus_experiment_gate,0.05,ABSTAIN,1,72.0,72.0,0.0,0.8024562707784515,0.7184955881963357,5,E007,,0.05,REFUSE_EARLY_STOPPING
E007|G008,E007,1,gates_full_plus_experiment_gate,0.05,ABSTAIN,1,72.0,72.0,0.0,,,5,E007,,0.05,REFUSE_EARLY_STOPPING
E007|G009,E007,1,gates_full_plus_experiment_gate,0.05,ABSTAIN,1,72.0,72.0,0.0,1.0228700734487464,0.7054462221913815,5,E007,,0.05,REFUSE_EARLY_STOPPING
E007|G011,E007,1,gates_full_plus_experiment_gate,0.05,ABSTAIN,1,72.0,72.0,0.0,0.6132357936824681,0.7309106768641795,5,E007,,0.05,REFUSE_EARLY_STOPPING
E007|G012,E007,0,gates_full_plus_experiment_gate,0.05,ABSTAIN,0,72.0,72.0,0.0,0.7882650542357659,0.7309106768641795,5,E007,,0.05,REFUSE_EARLY_STOPPING
E007|H001,E007,1,gates_full_plus_experiment_gate,0.05,ABSTAIN,1,72.0,72.0,0.0,1.0308688208111276,0.7054462221913815,5,E007,,0.05,REFUSE_EARLY_STOPPING
E007|H002,E007,1,gates_full_plus_experiment_gate,0.05,ABSTAIN,1,72.0,72.0,0.0,0.9443462900794756,0.7184955881963357,5,E007,,0.05,REFUSE_EARLY_STOPPING
E007|H003,E007,1,gates_full_plus_experiment_gate,0.05,ABSTAIN,1,72.0,72.0,0.0,0.8115988702422872,0.7309106768641795,5,E007,,0.05,REFUSE_EARLY_STOPPING
E007|H004,E007,0,gates_full_plus_experiment_gate,0.05,ABSTAIN,0,72.0,72.0,0.0,0.6387385718105879,0.7309106768641795,5,E007,,0.05,REFUSE_EARLY_STOPPING
E007|H005,E007,1,gates_full_plus_experiment_gate,0.05,ABSTAIN,1,72.0,72.0,0.0,0.6801280287745312,0.7309106768641795,5,E007,,0.05,REFUSE_EARLY_STOPPING
E007|H006,E007,0,gates_full_plus_experiment_gate,0.05,ABSTAIN,0,72.0,72.0,0.0,,,5,E007,,0.05,REFUSE_EARLY_STOPPING
E007|H007,E007,1,gates_full_plus_experiment_gate,0.05,ABSTAIN,1,72.0,72.0,0.0,0.6795585049919431,0.7309106768641795,5,E007,,0.05,REFUSE_EARLY_STOPPING
E007|H008,E007,0,gates_full_plus_experiment_gate,0.05,ABSTAIN,0,72.0,72.0,0.0,0.5620310094068354,0.7309106768641795,5,E007,,0.05,REFUSE_EARLY_STOPPING
E007|H009,E007,1,gates_full_plus_experiment_gate,0.05,ABSTAIN,1,72.0,72.0,0.0,0.9614289423998192,0.7309106768641795,5,E007,,0.05,REFUSE_EARLY_STOPPING
E007|H010,E007,0,gates_full_plus_experiment_gate,0.05,ABSTAIN,0,72.0,72.0,0.0,0.7027686319953984,0.7309106768641795,5,E007,,0.05,REFUSE_EARLY_STOPPING
E007|H011,E007,1,gates_full_plus_experiment_gate,0.05,ABSTAIN,1,72.0,72.0,0.0,0.8790222838150098,0.7309106768641795,5,E007,,0.05,REFUSE_EARLY_STOPPING
E007|H012,E007,1,gates_full_plus_experiment_gate,0.05,ABSTAIN,1,72.0,72.0,0.0,1.559528528728249,0.7309106768641795,5,E007,,0.05,REFUSE_EARLY_STOPPING
E008|A002,E008,1,gates_full_plus_experiment_gate,0.05,ABSTAIN,1,72.0,72.0,0.0,0.5849252606377653,0.7372796331579743,6,E008,,0.05,REFUSE_EARLY_STOPPING
E008|A003,E008,1,gates_full_plus_experiment_gate,0.05,ABSTAIN,1,72.0,72.0,0.0,0.5611073110301616,0.7329064685315791,6,E008,,0.05,REFUSE_EARLY_STOPPING
E008|A004,E008,1,gates_full_plus_experiment_gate,0.05,ABSTAIN,1,72.0,72.0,0.0,0.5129906261244574,0.7372796331579743,6,E008,,0.05,REFUSE_EARLY_STOPPING
E008|A005,E008,1,gates_full_plus_experiment_gate,0.05,ABSTAIN,1,72.0,72.0,0.0,0.410180860862296,0.7372796331579743,6,E008,,0.05,REFUSE_EARLY_STOPPING
E008|A006,E008,1,gates_full_plus_experiment_gate,0.05,ABSTAIN,1,72.0,72.0,0.0,,,6,E008,,0.05,REFUSE_EARLY_STOPPING
E008|A007,E008,0,gates_full_plus_experiment_gate,0.05,ABSTAIN,0,72.0,72.0,0.0,,,6,E008,,0.05,REFUSE_EARLY_STOPPING
E008|A008,E008,1,gates_full_plus_experiment_gate,0.05,ABSTAIN,1,72.0,72.0,0.0,0.6093445546239609,0.7372796331579743,6,E008,,0.05,REFUSE_EARLY_STOPPING
E008|A010,E008,1,gates_full_plus_experiment_gate,0.05,ABSTAIN,1,72.0,72.0,0.0,,,6,E008,,0.05,REFUSE_EARLY_STOPPING
E008|A011,E008,1,gates_full_plus_experiment_gate,0.05,ABSTAIN,1,72.0,72.0,0.0,0.3862887712149292,0.7372796331579743,6,E008,,0.05,REFUSE_EARLY_STOPPING
E008|A012,E008,0,gates_full_plus_experiment_gate,0.05,ABSTAIN,0,72.0,72.0,0.0,0.6523954096383239,0.7329064685315791,6,E008,,0.05,REFUSE_EARLY_STOPPING
E008|B001,E008,1,gates_full_plus_experiment_gate,0.05,ABSTAIN,1,72.0,72.0,0.0,0.5392991188123438,0.7372796331579743,6,E008,,0.05,REFUSE_EARLY_STOPPING
E008|B002,E008,1,gates_full_plus_experiment_gate,0.05,ABSTAIN,1,72.0,72.0,0.0,0.5007752646004147,0.7372796331579743,6,E008,,0.05,REFUSE_EARLY_STOPPING
E008|B003,E008,1,gates_full_plus_experiment_gate,0.05,ABSTAIN,1,72.0,72.0,0.0,,,6,E008,,0.05,REFUSE_EARLY_STOPPING
E008|B004,E008,1,gates_full_plus_experiment_gate,0.05,ABSTAIN,1,72.0,72.0,0.0,0.6336772161739436,0.7372796331579743,6,E008,,0.05,REFUSE_EARLY_STOPPING
E008|B005,E008,1,gates_full_plus_experiment_gate,0.05,ABSTAIN,1,72.0,72.0,0.0,,,6,E008,,0.05,REFUSE_EARLY_STOPPING
E008|B006,E008,1,gates_full_plus_experiment_gate,0.05,ABSTAIN,1,72.0,72.0,0.0,0.5773114266249465,0.7372796331579743,6,E008,,0.05,REFUSE_EARLY_STOPPING
E008|B007,E008,1,gates_full_plus_experiment_gate,0.05,ABSTAIN,1,72.0,72.0,0.0,0.3939048841750146,0.7372796331579743,6,E008,,0.05,REFUSE_EARLY_STOPPING
E008|B008,E008,1,gates_full_plus_experiment_gate,0.05,ABSTAIN,1,72.0,72.0,0.0,0.7291905035739146,0.7372796331579743,6,E008,,0.05,REFUSE_EARLY_STOPPING
E008|B009,E008,1,gates_full_plus_experiment_gate,0.05,ABSTAIN,1,72.0,72.0,0.0,0.4589147707174577,0.7372796331579743,6,E008,,0.05,REFUSE_EARLY_STOPPING
E008|B010,E008,1,gates_full_plus_experiment_gate,0.05,ABSTAIN,1,72.0,72.0,0.0,,,6,E008,,0.05,REFUSE_EARLY_STOPPING
E008|B011,E008,1,gates_full_plus_experiment_gate,0.05,ABSTAIN,1,72.0,72.0,0.0,0.4141927772241746,0.7329064685315791,6,E008,,0.05,REFUSE_EARLY_STOPPING
E008|B012,E008,1,gates_full_plus_experiment_gate,0.05,ABSTAIN,1,72.0,72.0,0.0,0.5696236322046526,0.7329064685315791,6,E008,,0.05,REFUSE_EARLY_STOPPING
E008|C001,E008,0,gates_full_plus_experiment_gate,0.05,ABSTAIN,0,72.0,72.0,0.0,,,6,E008,,0.05,REFUSE_EARLY_STOPPING
E008|C002,E008,1,gates_full_plus_experiment_gate,0.05,ABSTAIN,1,72.0,72.0,0.0,0.5356601436899671,0.7372796331579743,6,E008,,0.05,REFUSE_EARLY_STOPPING
E008|C003,E008,1,gates_full_plus_experiment_gate,0.05,ABSTAIN,1,72.0,72.0,0.0,0.5964696491609279,0.7329064685315791,6,E008,,0.05,REFUSE_EARLY_STOPPING
E008|C004,E008,1,gates_full_plus_experiment_gate,0.05,ABSTAIN,1,72.0,72.0,0.0,0.5350735539148854,0.7372796331579743,6,E008,,0.05,REFUSE_EARLY_STOPPING
E008|C005,E008,1,gates_full_plus_experiment_gate,0.05,ABSTAIN,1,72.0,72.0,0.0,0.6522730035360687,0.7329064685315791,6,E008,,0.05,REFUSE_EARLY_STOPPING
E008|C006,E008,1,gates_full_plus_experiment_gate,0.05,ABSTAIN,1,72.0,72.0,0.0,0.540014363871454,0.7372796331579743,6,E008,,0.05,REFUSE_EARLY_STOPPING
E008|C007,E008,1,gates_full_plus_experiment_gate,0.05,ABSTAIN,1,72.0,72.0,0.0,0.3935317969662457,0.7372796331579743,6,E008,,0.05,REFUSE_EARLY_STOPPING
E008|C008,E008,1,gates_full_plus_experiment_gate,0.05,ABSTAIN,1,72.0,72.0,0.0,0.6742676815891863,0.7372796331579743,6,E008,,0.05,REFUSE_EARLY_STOPPING
E008|C009,E008,1,gates_full_plus_experiment_gate,0.05,ABSTAIN,1,72.0,72.0,0.0,,,6,E008,,0.05,REFUSE_EARLY_STOPPING
E008|C010,E008,1,gates_full_plus_experiment_gate,0.05,ABSTAIN,1,72.0,72.0,0.0,0.5195517858709837,0.7372796331579743,6,E008,,0.05,REFUSE_EARLY_STOPPING
E008|C011,E008,1,gates_full_plus_experiment_gate,0.05,ABSTAIN,1,72.0,72.0,0.0,0.4389274182235208,0.7372796331579743,6,E008,,0.05,REFUSE_EARLY_STOPPING
E008|C012,E008,1,gates_full_plus_experiment_gate,0.05,ABSTAIN,1,72.0,72.0,0.0,0.4892577412090458,0.7372796331579743,6,E008,,0.05,REFUSE_EARLY_STOPPING
E008|D001,E008,1,gates_full_plus_experiment_gate,0.05,ABSTAIN,1,72.0,72.0,0.0,0.5302785938415013,0.7372796331579743,6,E008,,0.05,REFUSE_EARLY_STOPPING
E008|D002,E008,0,gates_full_plus_experiment_gate,0.05,ABSTAIN,0,72.0,72.0,0.0,0.4584732080357339,0.7329064685315791,6,E008,,0.05,REFUSE_EARLY_STOPPING
E008|D003,E008,1,gates_full_plus_experiment_gate,0.05,ABSTAIN,1,72.0,72.0,0.0,0.5875248158993268,0.7372796331579743,6,E008,,0.05,REFUSE_EARLY_STOPPING
E008|D004,E008,1,gates_full_plus_experiment_gate,0.05,ABSTAIN,1,72.0,72.0,0.0,0.582327464502605,0.7372796331579743,6,E008,,0.05,REFUSE_EARLY_STOPPING
E008|D006,E008,1,gates_full_plus_experiment_gate,0.05,ABSTAIN,1,72.0,72.0,0.0,0.707400133105039,0.7372796331579743,6,E008,,0.05,REFUSE_EARLY_STOPPING
E008|D007,E008,1,gates_full_plus_experiment_gate,0.05,ABSTAIN,1,72.0,72.0,0.0,0.49157451148992,0.7372796331579743,6,E008,,0.05,REFUSE_EARLY_STOPPING
E008|D008,E008,1,gates_full_plus_experiment_gate,0.05,ABSTAIN,1,72.0,72.0,0.0,0.5096865266551698,0.7372796331579743,6,E008,,0.05,REFUSE_EARLY_STOPPING
E008|D009,E008,0,gates_full_plus_experiment_gate,0.05,ABSTAIN,0,72.0,72.0,0.0,,,6,E008,,0.05,REFUSE_EARLY_STOPPING
E008|D010,E008,1,gates_full_plus_experiment_gate,0.05,ABSTAIN,1,72.0,72.0,0.0,0.573936503077151,0.7372796331579743,6,E008,,0.05,REFUSE_EARLY_STOPPING
E008|D011,E008,1,gates_full_plus_experiment_gate,0.05,ABSTAIN,1,72.0,72.0,0.0,,,6,E008,,0.05,REFUSE_EARLY_STOPPING
E008|D012,E008,1,gates_full_plus_experiment_gate,0.05,ABSTAIN,1,72.0,72.0,0.0,0.5233049969834893,0.7372796331579743,6,E008,,0.05,REFUSE_EARLY_STOPPING
E008|E001,E008,0,gates_full_plus_experiment_gate,0.05,ABSTAIN,0,72.0,72.0,0.0,0.4844759634170033,0.7329064685315791,6,E008,,0.05,REFUSE_EARLY_STOPPING
E008|E002,E008,0,gates_full_plus_experiment_gate,0.05,ABSTAIN,0,72.0,72.0,0.0,0.3913390734529375,0.7329064685315791,6,E008,,0.05,REFUSE_EARLY_STOPPING
E008|E003,E008,0,gates_full_plus_experiment_gate,0.05,ABSTAIN,0,72.0,72.0,0.0,0.403919658347707,0.7372796331579743,6,E008,,0.05,REFUSE_EARLY_STOPPING
E008|E004,E008,0,gates_full_plus_experiment_gate,0.05,ABSTAIN,0,72.0,72.0,0.0,0.2713134984226651,0.7372796331579743,6,E008,,0.05,REFUSE_EARLY_STOPPING
E008|E005,E008,0,gates_full_plus_experiment_gate,0.05,ABSTAIN,0,72.0,72.0,0.0,0.3085233243678893,0.7372796331579743,6,E008,,0.05,REFUSE_EARLY_STOPPING
E008|E006,E008,0,gates_full_plus_experiment_gate,0.05,ABSTAIN,0,72.0,72.0,0.0,0.4167040122163413,0.7372796331579743,6,E008,,0.05,REFUSE_EARLY_STOPPING
E008|E007,E008,0,gates_full_plus_experiment_gate,0.05,ABSTAIN,0,72.0,72.0,0.0,0.3594504668630199,0.7372796331579743,6,E008,,0.05,REFUSE_EARLY_STOPPING
E008|E008,E008,0,gates_full_plus_experiment_gate,0.05,ABSTAIN,0,72.0,72.0,0.0,0.2306166669633843,0.7372796331579743,6,E008,,0.05,REFUSE_EARLY_STOPPING
E008|E009,E008,0,gates_full_plus_experiment_gate,0.05,ABSTAIN,0,72.0,72.0,0.0,0.3698140914378028,0.7372796331579743,6,E008,,0.05,REFUSE_EARLY_STOPPING
E008|E010,E008,0,gates_full_plus_experiment_gate,0.05,ABSTAIN,0,72.0,72.0,0.0,0.3635020554545216,0.7372796331579743,6,E008,,0.05,REFUSE_EARLY_STOPPING
E008|E011,E008,0,gates_full_plus_experiment_gate,0.05,ABSTAIN,0,72.0,72.0,0.0,0.4439344083062206,0.7372796331579743,6,E008,,0.05,REFUSE_EARLY_STOPPING
E008|E012,E008,0,gates_full_plus_experiment_gate,0.05,ABSTAIN,0,72.0,72.0,0.0,0.3651234884253683,0.7372796331579743,6,E008,,0.05,REFUSE_EARLY_STOPPING
E008|F001,E008,0,gates_full_plus_experiment_gate,0.05,ABSTAIN,0,72.0,72.0,0.0,0.3085456965013453,0.7372796331579743,6,E008,,0.05,REFUSE_EARLY_STOPPING
E008|F002,E008,0,gates_full_plus_experiment_gate,0.05,ABSTAIN,0,72.0,72.0,0.0,0.4010471750826452,0.7372796331579743,6,E008,,0.05,REFUSE_EARLY_STOPPING
E008|F003,E008,0,gates_full_plus_experiment_gate,0.05,ABSTAIN,0,72.0,72.0,0.0,0.3642165863578786,0.7372796331579743,6,E008,,0.05,REFUSE_EARLY_STOPPING
E008|F004,E008,0,gates_full_plus_experiment_gate,0.05,ABSTAIN,0,72.0,72.0,0.0,0.3506541391838956,0.7372796331579743,6,E008,,0.05,REFUSE_EARLY_STOPPING
E008|F005,E008,0,gates_full_plus_experiment_gate,0.05,ABSTAIN,0,72.0,72.0,0.0,0.3317585178922538,0.7372796331579743,6,E008,,0.05,REFUSE_EARLY_STOPPING
E008|F006,E008,0,gates_full_plus_experiment_gate,0.05,ABSTAIN,0,72.0,72.0,0.0,0.3258246370839113,0.7372796331579743,6,E008,,0.05,REFUSE_EARLY_STOPPING
E008|F007,E008,0,gates_full_plus_experiment_gate,0.05,ABSTAIN,0,72.0,72.0,0.0,0.3721582511952221,0.7372796331579743,6,E008,,0.05,REFUSE_EARLY_STOPPING
E008|F008,E008,0,gates_full_plus_experiment_gate,0.05,ABSTAIN,0,72.0,72.0,0.0,0.4661185400642982,0.7372796331579743,6,E008,,0.05,REFUSE_EARLY_STOPPING
E008|F009,E008,0,gates_full_plus_experiment_gate,0.05,ABSTAIN,0,72.0,72.0,0.0,0.2823664288712197,0.7372796331579743,6,E008,,0.05,REFUSE_EARLY_STOPPING
E008|F010,E008,0,gates_full_plus_experiment_gate,0.05,ABSTAIN,0,72.0,72.0,0.0,0.4510675596320992,0.7329064685315791,6,E008,,0.05,REFUSE_EARLY_STOPPING
E008|F011,E008,0,gates_full_plus_experiment_gate,0.05,ABSTAIN,0,72.0,72.0,0.0,0.3068410200011994,0.7372796331579743,6,E008,,0.05,REFUSE_EARLY_STOPPING
E008|F012,E008,0,gates_full_plus_experiment_gate,0.05,ABSTAIN,0,72.0,72.0,0.0,0.3260389515016651,0.7372796331579743,6,E008,,0.05,REFUSE_EARLY_STOPPING
E008|G001,E008,1,gates_full_plus_experiment_gate,0.05,ABSTAIN,1,72.0,72.0,0.0,,,6,E008,,0.05,REFUSE_EARLY_STOPPING
E008|G002,E008,1,gates_full_plus_experiment_gate,0.05,ABSTAIN,1,72.0,72.0,0.0,0.6152902880524546,0.7372796331579743,6,E008,,0.05,REFUSE_EARLY_STOPPING
E008|G003,E008,1,gates_full_plus_experiment_gate,0.05,ABSTAIN,1,72.0,72.0,0.0,0.3283816036046244,0.7372796331579743,6,E008,,0.05,REFUSE_EARLY_STOPPING
E008|G004,E008,1,gates_full_plus_experiment_gate,0.05,ABSTAIN,1,72.0,72.0,0.0,0.5393704838487478,0.7329064685315791,6,E008,,0.05,REFUSE_EARLY_STOPPING
E008|G006,E008,1,gates_full_plus_experiment_gate,0.05,ABSTAIN,1,72.0,72.0,0.0,0.4072842297635468,0.7372796331579743,6,E008,,0.05,REFUSE_EARLY_STOPPING
E008|G007,E008,1,gates_full_plus_experiment_gate,0.05,ABSTAIN,1,72.0,72.0,0.0,0.4825635907919804,0.7372796331579743,6,E008,,0.05,REFUSE_EARLY_STOPPING
E008|G008,E008,1,gates_full_plus_experiment_gate,0.05,ABSTAIN,1,72.0,72.0,0.0,0.4537411010863489,0.7329064685315791,6,E008,,0.05,REFUSE_EARLY_STOPPING
E008|G009,E008,1,gates_full_plus_experiment_gate,0.05,ABSTAIN,1,72.0,72.0,0.0,0.5786842218646681,0.7372796331579743,6,E008,,0.05,REFUSE_EARLY_STOPPING
E008|G010,E008,1,gates_full_plus_experiment_gate,0.05,ABSTAIN,1,72.0,72.0,0.0,0.5076840054625554,0.7372796331579743,6,E008,,0.05,REFUSE_EARLY_STOPPING
E008|G011,E008,1,gates_full_plus_experiment_gate,0.05,ABSTAIN,1,72.0,72.0,0.0,0.5721665649522365,0.7372796331579743,6,E008,,0.05,REFUSE_EARLY_STOPPING
E008|G012,E008,1,gates_full_plus_experiment_gate,0.05,ABSTAIN,1,72.0,72.0,0.0,0.567321102358063,0.7329064685315791,6,E008,,0.05,REFUSE_EARLY_STOPPING
E008|H001,E008,1,gates_full_plus_experiment_gate,0.05,ABSTAIN,1,72.0,72.0,0.0,0.6862101529403891,0.7372796331579743,6,E008,,0.05,REFUSE_EARLY_STOPPING
E008|H002,E008,1,gates_full_plus_experiment_gate,0.05,ABSTAIN,1,72.0,72.0,0.0,,,6,E008,,0.05,REFUSE_EARLY_STOPPING
E008|H003,E008,1,gates_full_plus_experiment_gate,0.05,ABSTAIN,1,72.0,72.0,0.0,0.5646216655036237,0.7329064685315791,6,E008,,0.05,REFUSE_EARLY_STOPPING
E008|H004,E008,1,gates_full_plus_experiment_gate,0.05,ABSTAIN,1,72.0,72.0,0.0,0.7654418976835922,0.7329064685315791,6,E008,,0.05,REFUSE_EARLY_STOPPING
E008|H005,E008,1,gates_full_plus_experiment_gate,0.05,ABSTAIN,1,72.0,72.0,0.0,0.3924047761753035,0.7372796331579743,6,E008,,0.05,REFUSE_EARLY_STOPPING
E008|H007,E008,1,gates_full_plus_experiment_gate,0.05,ABSTAIN,1,72.0,72.0,0.0,,,6,E008,,0.05,REFUSE_EARLY_STOPPING
E008|H008,E008,0,gates_full_plus_experiment_gate,0.05,ABSTAIN,0,72.0,72.0,0.0,,,6,E008,,0.05,REFUSE_EARLY_STOPPING
E008|H009,E008,1,gates_full_plus_experiment_gate,0.05,ABSTAIN,1,72.0,72.0,0.0,0.7010627190229379,0.7329064685315791,6,E008,,0.05,REFUSE_EARLY_STOPPING
E008|H010,E008,1,gates_full_plus_experiment_gate,0.05,ABSTAIN,1,72.0,72.0,0.0,0.7553041447468143,0.7372796331579743,6,E008,,0.05,REFUSE_EARLY_STOPPING
E008|H011,E008,1,gates_full_plus_experiment_gate,0.05,ABSTAIN,1,72.0,72.0,0.0,0.5149738294765059,0.7372796331579743,6,E008,,0.05,REFUSE_EARLY_STOPPING
E008|H012,E008,1,gates_full_plus_experiment_gate,0.05,ABSTAIN,1,72.0,72.0,0.0,0.6998011777684825,0.7329064685315791,6,E008,,0.05,REFUSE_EARLY_STOPPING
E009|A001,E009,0,gates_full_plus_experiment_gate,0.05,STOP,0,48.0,48.0,0.3333333333333333,0.6901469556771795,0.7941642204819609,7,E009,,0.05,ACCEPT_AUTOMATION
E009|A002,E009,0,gates_full_plus_experiment_gate,0.05,STOP,0,48.0,48.0,0.3333333333333333,0.5230664641689804,0.7941642204819609,7,E009,,0.05,ACCEPT_AUTOMATION
E009|A003,E009,0,gates_full_plus_experiment_gate,0.05,STOP,0,48.0,48.0,0.3333333333333333,0.5575857945797448,0.7941642204819609,7,E009,,0.05,ACCEPT_AUTOMATION
E009|A004,E009,0,gates_full_plus_experiment_gate,0.05,STOP,0,48.0,48.0,0.3333333333333333,0.5084626144146775,0.7941642204819609,7,E009,,0.05,ACCEPT_AUTOMATION
E009|A005,E009,0,gates_full_plus_experiment_gate,0.05,STOP,0,60.0,60.0,0.1666666666666666,0.484168777552596,0.8595456197626635,7,E009,,0.05,ACCEPT_AUTOMATION
E009|A006,E009,0,gates_full_plus_experiment_gate,0.05,STOP,0,60.0,60.0,0.1666666666666666,0.4950416796326803,0.8595456197626635,7,E009,,0.05,ACCEPT_AUTOMATION
E009|A007,E009,0,gates_full_plus_experiment_gate,0.05,STOP,0,48.0,48.0,0.3333333333333333,0.4029556268872123,0.7941642204819609,7,E009,,0.05,ACCEPT_AUTOMATION
E009|A008,E009,0,gates_full_plus_experiment_gate,0.05,STOP,0,48.0,48.0,0.3333333333333333,0.4397541569607068,0.7941642204819609,7,E009,,0.05,ACCEPT_AUTOMATION
E009|A009,E009,0,gates_full_plus_experiment_gate,0.05,STOP,0,48.0,48.0,0.3333333333333333,0.5154468400384783,0.7941642204819609,7,E009,,0.05,ACCEPT_AUTOMATION
E009|A010,E009,0,gates_full_plus_experiment_gate,0.05,STOP,0,48.0,48.0,0.3333333333333333,0.3060649137957292,0.7941642204819609,7,E009,,0.05,ACCEPT_AUTOMATION
E009|A011,E009,0,gates_full_plus_experiment_gate,0.05,STOP,0,48.0,48.0,0.3333333333333333,0.589796157070343,0.7941642204819609,7,E009,,0.05,ACCEPT_AUTOMATION
E009|A012,E009,0,gates_full_plus_experiment_gate,0.05,STOP,0,48.0,48.0,0.3333333333333333,0.6152716636470138,0.7941642204819609,7,E009,,0.05,ACCEPT_AUTOMATION
E009|B003,E009,0,gates_full_plus_experiment_gate,0.05,STOP,0,60.0,60.0,0.1666666666666666,0.389153972968649,0.8595456197626635,7,E009,,0.05,ACCEPT_AUTOMATION
E009|B004,E009,0,gates_full_plus_experiment_gate,0.05,STOP,0,48.0,48.0,0.3333333333333333,0.4179517536830431,0.7941642204819609,7,E009,,0.05,ACCEPT_AUTOMATION
E009|B005,E009,0,gates_full_plus_experiment_gate,0.05,STOP,0,60.0,60.0,0.1666666666666666,0.3140641636062744,0.8595456197626635,7,E009,,0.05,ACCEPT_AUTOMATION
E009|B006,E009,0,gates_full_plus_experiment_gate,0.05,STOP,0,48.0,48.0,0.3333333333333333,0.2416426922853841,0.7941642204819609,7,E009,,0.05,ACCEPT_AUTOMATION
E009|B007,E009,0,gates_full_plus_experiment_gate,0.05,STOP,0,60.0,60.0,0.1666666666666666,0.3553708041061131,0.8595456197626635,7,E009,,0.05,ACCEPT_AUTOMATION
E009|B008,E009,0,gates_full_plus_experiment_gate,0.05,STOP,0,48.0,48.0,0.3333333333333333,0.4426758242930269,0.7941642204819609,7,E009,,0.05,ACCEPT_AUTOMATION
E009|B009,E009,0,gates_full_plus_experiment_gate,0.05,STOP,0,60.0,60.0,0.1666666666666666,0.4902646565161419,0.8595456197626635,7,E009,,0.05,ACCEPT_AUTOMATION
E009|B010,E009,0,gates_full_plus_experiment_gate,0.05,STOP,0,60.0,60.0,0.1666666666666666,0.4150788432898162,0.8595456197626635,7,E009,,0.05,ACCEPT_AUTOMATION
E009|B011,E009,0,gates_full_plus_experiment_gate,0.05,STOP,0,60.0,60.0,0.1666666666666666,0.4836251807312171,0.8595456197626635,7,E009,,0.05,ACCEPT_AUTOMATION
E009|B012,E009,0,gates_full_plus_experiment_gate,0.05,STOP,0,48.0,48.0,0.3333333333333333,0.5356898928837648,0.7941642204819609,7,E009,,0.05,ACCEPT_AUTOMATION
E009|C001,E009,0,gates_full_plus_experiment_gate,0.05,STOP,0,48.0,48.0,0.3333333333333333,0.5045411092923611,0.7941642204819609,7,E009,,0.05,ACCEPT_AUTOMATION
E009|C002,E009,0,gates_full_plus_experiment_gate,0.05,STOP,0,60.0,60.0,0.1666666666666666,0.3802712315391681,0.8595456197626635,7,E009,,0.05,ACCEPT_AUTOMATION
E009|C003,E009,0,gates_full_plus_experiment_gate,0.05,STOP,0,48.0,48.0,0.3333333333333333,0.5362210170208198,0.7941642204819609,7,E009,,0.05,ACCEPT_AUTOMATION
E009|C004,E009,0,gates_full_plus_experiment_gate,0.05,STOP,0,48.0,48.0,0.3333333333333333,0.352624094738077,0.7941642204819609,7,E009,,0.05,ACCEPT_AUTOMATION
E009|C005,E009,0,gates_full_plus_experiment_gate,0.05,STOP,0,60.0,60.0,0.1666666666666666,0.3625882895732034,0.8595456197626635,7,E009,,0.05,ACCEPT_AUTOMATION
E009|C006,E009,0,gates_full_plus_experiment_gate,0.05,STOP,0,60.0,60.0,0.1666666666666666,0.3498471542971997,0.8595456197626635,7,E009,,0.05,ACCEPT_AUTOMATION
E009|C007,E009,0,gates_full_plus_experiment_gate,0.05,STOP,0,48.0,48.0,0.3333333333333333,0.2634871262120565,0.7941642204819609,7,E009,,0.05,ACCEPT_AUTOMATION
E009|C008,E009,0,gates_full_plus_experiment_gate,0.05,STOP,0,48.0,48.0,0.3333333333333333,0.3713644747484131,0.7941642204819609,7,E009,,0.05,ACCEPT_AUTOMATION
E009|C009,E009,0,gates_full_plus_experiment_gate,0.05,STOP,0,60.0,60.0,0.1666666666666666,0.3252941786068176,0.8595456197626635,7,E009,,0.05,ACCEPT_AUTOMATION
E009|C010,E009,0,gates_full_plus_experiment_gate,0.05,STOP,0,60.0,60.0,0.1666666666666666,0.3113875535799221,0.8595456197626635,7,E009,,0.05,ACCEPT_AUTOMATION
E009|C011,E009,0,gates_full_plus_experiment_gate,0.05,STOP,0,48.0,48.0,0.3333333333333333,0.4352717830933272,0.7941642204819609,7,E009,,0.05,ACCEPT_AUTOMATION
E009|C012,E009,0,gates_full_plus_experiment_gate,0.05,STOP,0,60.0,60.0,0.1666666666666666,0.3913450195915867,0.8595456197626635,7,E009,,0.05,ACCEPT_AUTOMATION
E009|D002,E009,0,gates_full_plus_experiment_gate,0.05,STOP,0,48.0,48.0,0.3333333333333333,0.3423248533539608,0.7941642204819609,7,E009,,0.05,ACCEPT_AUTOMATION
E009|D003,E009,0,gates_full_plus_experiment_gate,0.05,STOP,0,60.0,60.0,0.1666666666666666,0.4739266747062494,0.8595456197626635,7,E009,,0.05,ACCEPT_AUTOMATION
E009|D004,E009,0,gates_full_plus_experiment_gate,0.05,STOP,0,48.0,48.0,0.3333333333333333,0.3497421095725485,0.7941642204819609,7,E009,,0.05,ACCEPT_AUTOMATION
E009|D005,E009,0,gates_full_plus_experiment_gate,0.05,STOP,0,48.0,48.0,0.3333333333333333,0.4781411582788799,0.7941642204819609,7,E009,,0.05,ACCEPT_AUTOMATION
E009|D006,E009,0,gates_full_plus_experiment_gate,0.05,STOP,0,48.0,48.0,0.3333333333333333,0.3605548020810354,0.7941642204819609,7,E009,,0.05,ACCEPT_AUTOMATION
E009|D007,E009,0,gates_full_plus_experiment_gate,0.05,STOP,0,48.0,48.0,0.3333333333333333,0.4500565504306745,0.7941642204819609,7,E009,,0.05,ACCEPT_AUTOMATION
E009|D008,E009,0,gates_full_plus_experiment_gate,0.05,STOP,0,60.0,60.0,0.1666666666666666,0.4242173548359668,0.8595456197626635,7,E009,,0.05,ACCEPT_AUTOMATION
E009|D009,E009,0,gates_full_plus_experiment_gate,0.05,STOP,0,48.0,48.0,0.3333333333333333,0.3514576295606541,0.7941642204819609,7,E009,,0.05,ACCEPT_AUTOMATION
E009|D010,E009,0,gates_full_plus_experiment_gate,0.05,STOP,0,48.0,48.0,0.3333333333333333,0.484285177597868,0.7941642204819609,7,E009,,0.05,ACCEPT_AUTOMATION
E009|D011,E009,0,gates_full_plus_experiment_gate,0.05,STOP,0,60.0,60.0,0.1666666666666666,0.4099389615326831,0.8595456197626635,7,E009,,0.05,ACCEPT_AUTOMATION
E009|D012,E009,0,gates_full_plus_experiment_gate,0.05,STOP,0,60.0,60.0,0.1666666666666666,0.4009399917443442,0.8595456197626635,7,E009,,0.05,ACCEPT_AUTOMATION
E009|E001,E009,0,gates_full_plus_experiment_gate,0.05,STOP,1,12.0,12.0,0.8333333333333334,0.5657561261951685,0.8406912098407324,7,E009,,0.05,ACCEPT_AUTOMATION
E009|E002,E009,0,gates_full_plus_experiment_gate,0.05,STOP,0,48.0,48.0,0.3333333333333333,0.5104554391382633,0.7941642204819609,7,E009,,0.05,ACCEPT_AUTOMATION
E009|E003,E009,0,gates_full_plus_experiment_gate,0.05,STOP,0,48.0,48.0,0.3333333333333333,0.6293090816998318,0.7941642204819609,7,E009,,0.05,ACCEPT_AUTOMATION
E009|E004,E009,0,gates_full_plus_experiment_gate,0.05,STOP,0,60.0,60.0,0.1666666666666666,0.4148761122055562,0.8595456197626635,7,E009,,0.05,ACCEPT_AUTOMATION
E009|E005,E009,0,gates_full_plus_experiment_gate,0.05,STOP,0,48.0,48.0,0.3333333333333333,0.2722093190551783,0.7941642204819609,7,E009,,0.05,ACCEPT_AUTOMATION
E009|E006,E009,0,gates_full_plus_experiment_gate,0.05,STOP,0,60.0,60.0,0.1666666666666666,0.4723541151616717,0.8595456197626635,7,E009,,0.05,ACCEPT_AUTOMATION
E009|E007,E009,0,gates_full_plus_experiment_gate,0.05,STOP,0,60.0,60.0,0.1666666666666666,0.3315504818006383,0.8595456197626635,7,E009,,0.05,ACCEPT_AUTOMATION
E009|E008,E009,0,gates_full_plus_experiment_gate,0.05,STOP,0,60.0,60.0,0.1666666666666666,0.5225204635786873,0.8595456197626635,7,E009,,0.05,ACCEPT_AUTOMATION
E009|E009,E009,0,gates_full_plus_experiment_gate,0.05,STOP,0,48.0,48.0,0.3333333333333333,0.4132776818878484,0.7941642204819609,7,E009,,0.05,ACCEPT_AUTOMATION
E009|E010,E009,0,gates_full_plus_experiment_gate,0.05,STOP,0,48.0,48.0,0.3333333333333333,0.3193068954740721,0.7941642204819609,7,E009,,0.05,ACCEPT_AUTOMATION
E009|E011,E009,0,gates_full_plus_experiment_gate,0.05,STOP,0,48.0,48.0,0.3333333333333333,0.3841380808086291,0.7941642204819609,7,E009,,0.05,ACCEPT_AUTOMATION
E009|E012,E009,0,gates_full_plus_experiment_gate,0.05,STOP,0,60.0,60.0,0.1666666666666666,0.5250101986751667,0.8595456197626635,7,E009,,0.05,ACCEPT_AUTOMATION
E009|F001,E009,0,gates_full_plus_experiment_gate,0.05,CONTINUE,0,72.0,72.0,0.0,,,7,E009,,0.05,ACCEPT_AUTOMATION
E009|F002,E009,0,gates_full_plus_experiment_gate,0.05,STOP,0,48.0,48.0,0.3333333333333333,0.3466370622133469,0.7941642204819609,7,E009,,0.05,ACCEPT_AUTOMATION
E009|F003,E009,0,gates_full_plus_experiment_gate,0.05,STOP,0,60.0,60.0,0.1666666666666666,0.5498243160916024,0.8595456197626635,7,E009,,0.05,ACCEPT_AUTOMATION
E009|F004,E009,0,gates_full_plus_experiment_gate,0.05,STOP,0,48.0,48.0,0.3333333333333333,0.4848508193127656,0.7941642204819609,7,E009,,0.05,ACCEPT_AUTOMATION
E009|F005,E009,0,gates_full_plus_experiment_gate,0.05,STOP,0,60.0,60.0,0.1666666666666666,0.4075798679301223,0.8595456197626635,7,E009,,0.05,ACCEPT_AUTOMATION
E009|F006,E009,0,gates_full_plus_experiment_gate,0.05,STOP,0,60.0,60.0,0.1666666666666666,0.3497365935743075,0.8595456197626635,7,E009,,0.05,ACCEPT_AUTOMATION
E009|F007,E009,0,gates_full_plus_experiment_gate,0.05,STOP,0,60.0,60.0,0.1666666666666666,0.3978475284818511,0.8595456197626635,7,E009,,0.05,ACCEPT_AUTOMATION
E009|F008,E009,0,gates_full_plus_experiment_gate,0.05,STOP,0,48.0,48.0,0.3333333333333333,0.3712246789825477,0.7941642204819609,7,E009,,0.05,ACCEPT_AUTOMATION
E009|F009,E009,0,gates_full_plus_experiment_gate,0.05,STOP,0,48.0,48.0,0.3333333333333333,0.4821245123691819,0.7941642204819609,7,E009,,0.05,ACCEPT_AUTOMATION
E009|F010,E009,0,gates_full_plus_experiment_gate,0.05,STOP,0,48.0,48.0,0.3333333333333333,0.3588601964175197,0.7941642204819609,7,E009,,0.05,ACCEPT_AUTOMATION
E009|F011,E009,0,gates_full_plus_experiment_gate,0.05,STOP,0,48.0,48.0,0.3333333333333333,0.3752760790525665,0.7941642204819609,7,E009,,0.05,ACCEPT_AUTOMATION
E009|F012,E009,0,gates_full_plus_experiment_gate,0.05,STOP,0,48.0,48.0,0.3333333333333333,0.4129715295685606,0.7941642204819609,7,E009,,0.05,ACCEPT_AUTOMATION
E009|G001,E009,0,gates_full_plus_experiment_gate,0.05,STOP,0,60.0,60.0,0.1666666666666666,0.7004638489575178,0.8595456197626635,7,E009,,0.05,ACCEPT_AUTOMATION
E009|G002,E009,0,gates_full_plus_experiment_gate,0.05,STOP,0,60.0,60.0,0.1666666666666666,0.4950465543247715,0.8595456197626635,7,E009,,0.05,ACCEPT_AUTOMATION
E009|G003,E009,0,gates_full_plus_experiment_gate,0.05,STOP,0,48.0,48.0,0.3333333333333333,0.568583714415485,0.7941642204819609,7,E009,,0.05,ACCEPT_AUTOMATION
E009|G004,E009,0,gates_full_plus_experiment_gate,0.05,STOP,0,48.0,48.0,0.3333333333333333,0.3714248790325151,0.7941642204819609,7,E009,,0.05,ACCEPT_AUTOMATION
E009|G005,E009,0,gates_full_plus_experiment_gate,0.05,STOP,0,60.0,60.0,0.1666666666666666,0.4725180768959531,0.8595456197626635,7,E009,,0.05,ACCEPT_AUTOMATION
E009|G006,E009,0,gates_full_plus_experiment_gate,0.05,STOP,0,48.0,48.0,0.3333333333333333,0.4159099813542921,0.7941642204819609,7,E009,,0.05,ACCEPT_AUTOMATION
E009|G007,E009,0,gates_full_plus_experiment_gate,0.05,STOP,1,12.0,12.0,0.8333333333333334,0.6689591811043928,0.8406912098407324,7,E009,,0.05,ACCEPT_AUTOMATION
E009|G008,E009,0,gates_full_plus_experiment_gate,0.05,STOP,0,60.0,60.0,0.1666666666666666,0.2797133668145655,0.8595456197626635,7,E009,,0.05,ACCEPT_AUTOMATION
E009|G009,E009,0,gates_full_plus_experiment_gate,0.05,STOP,0,60.0,60.0,0.1666666666666666,0.37692706053536,0.8595456197626635,7,E009,,0.05,ACCEPT_AUTOMATION
E009|G010,E009,0,gates_full_plus_experiment_gate,0.05,STOP,0,48.0,48.0,0.3333333333333333,0.5298486143053113,0.7941642204819609,7,E009,,0.05,ACCEPT_AUTOMATION
E009|G011,E009,0,gates_full_plus_experiment_gate,0.05,STOP,0,60.0,60.0,0.1666666666666666,0.4096949823055025,0.8595456197626635,7,E009,,0.05,ACCEPT_AUTOMATION
E009|G012,E009,0,gates_full_plus_experiment_gate,0.05,STOP,0,48.0,48.0,0.3333333333333333,0.549400306970068,0.7941642204819609,7,E009,,0.05,ACCEPT_AUTOMATION
E009|H001,E009,0,gates_full_plus_experiment_gate,0.05,STOP,0,60.0,60.0,0.1666666666666666,0.6119915746282981,0.8595456197626635,7,E009,,0.05,ACCEPT_AUTOMATION
E009|H002,E009,0,gates_full_plus_experiment_gate,0.05,ABSTAIN,0,72.0,72.0,0.0,0.8775797067087476,0.7941642204819609,7,E009,,0.05,ACCEPT_AUTOMATION
E009|H003,E009,0,gates_full_plus_experiment_gate,0.05,STOP,0,48.0,48.0,0.3333333333333333,0.6211817037936862,0.7941642204819609,7,E009,,0.05,ACCEPT_AUTOMATION
E009|H004,E009,0,gates_full_plus_experiment_gate,0.05,STOP,0,60.0,60.0,0.1666666666666666,0.6609528422132595,0.8595456197626635,7,E009,,0.05,ACCEPT_AUTOMATION
E009|H005,E009,0,gates_full_plus_experiment_gate,0.05,STOP,0,48.0,48.0,0.3333333333333333,0.7393050109343008,0.7941642204819609,7,E009,,0.05,ACCEPT_AUTOMATION
E009|H006,E009,0,gates_full_plus_experiment_gate,0.05,STOP,0,48.0,48.0,0.3333333333333333,0.6351389954695776,0.7941642204819609,7,E009,,0.05,ACCEPT_AUTOMATION
E009|H007,E009,0,gates_full_plus_experiment_gate,0.05,STOP,0,48.0,48.0,0.3333333333333333,0.4302180360866942,0.7941642204819609,7,E009,,0.05,ACCEPT_AUTOMATION
E009|H008,E009,0,gates_full_plus_experiment_gate,0.05,STOP,0,48.0,48.0,0.3333333333333333,0.463663253830856,0.7941642204819609,7,E009,,0.05,ACCEPT_AUTOMATION
E009|H009,E009,0,gates_full_plus_experiment_gate,0.05,STOP,0,48.0,48.0,0.3333333333333333,0.6294645800407507,0.7941642204819609,7,E009,,0.05,ACCEPT_AUTOMATION
E010|A001,E010,0,gates_full_plus_experiment_gate,0.05,CONTINUE,0,72.0,72.0,0.0,,,8,E010,,0.05,ACCEPT_AUTOMATION
E010|A002,E010,1,gates_full_plus_experiment_gate,0.05,CONTINUE,1,72.0,72.0,0.0,,,8,E010,,0.05,ACCEPT_AUTOMATION
E010|A003,E010,1,gates_full_plus_experiment_gate,0.05,CONTINUE,1,72.0,72.0,0.0,,,8,E010,,0.05,ACCEPT_AUTOMATION
E010|A004,E010,1,gates_full_plus_experiment_gate,0.05,STOP,1,60.0,60.0,0.1666666666666666,0.6635328990697249,0.8978476794157808,8,E010,,0.05,ACCEPT_AUTOMATION
E010|A005,E010,1,gates_full_plus_experiment_gate,0.05,CONTINUE,1,72.0,72.0,0.0,,,8,E010,,0.05,ACCEPT_AUTOMATION
E010|A006,E010,1,gates_full_plus_experiment_gate,0.05,STOP,1,60.0,60.0,0.1666666666666666,0.5398008251759846,0.8978476794157808,8,E010,,0.05,ACCEPT_AUTOMATION
E010|A007,E010,0,gates_full_plus_experiment_gate,0.05,CONTINUE,0,72.0,72.0,0.0,,,8,E010,,0.05,ACCEPT_AUTOMATION
E010|A008,E010,1,gates_full_plus_experiment_gate,0.05,CONTINUE,1,72.0,72.0,0.0,,,8,E010,,0.05,ACCEPT_AUTOMATION
E010|A009,E010,1,gates_full_plus_experiment_gate,0.05,STOP,1,60.0,60.0,0.1666666666666666,0.4904109737814476,0.8978476794157808,8,E010,,0.05,ACCEPT_AUTOMATION
E010|A010,E010,1,gates_full_plus_experiment_gate,0.05,STOP,1,60.0,60.0,0.1666666666666666,0.5657885375929587,0.8978476794157808,8,E010,,0.05,ACCEPT_AUTOMATION
E010|A011,E010,0,gates_full_plus_experiment_gate,0.05,CONTINUE,0,72.0,72.0,0.0,,,8,E010,,0.05,ACCEPT_AUTOMATION
E010|A012,E010,1,gates_full_plus_experiment_gate,0.05,CONTINUE,1,72.0,72.0,0.0,,,8,E010,,0.05,ACCEPT_AUTOMATION
E010|B001,E010,1,gates_full_plus_experiment_gate,0.05,CONTINUE,1,72.0,72.0,0.0,,,8,E010,,0.05,ACCEPT_AUTOMATION
E010|B002,E010,1,gates_full_plus_experiment_gate,0.05,CONTINUE,1,72.0,72.0,0.0,,,8,E010,,0.05,ACCEPT_AUTOMATION
E010|B003,E010,1,gates_full_plus_experiment_gate,0.05,STOP,1,60.0,60.0,0.1666666666666666,0.4976276039604176,0.8978476794157808,8,E010,,0.05,ACCEPT_AUTOMATION
E010|B004,E010,1,gates_full_plus_experiment_gate,0.05,STOP,1,60.0,60.0,0.1666666666666666,0.7334430787733363,0.8978476794157808,8,E010,,0.05,ACCEPT_AUTOMATION
E010|B005,E010,1,gates_full_plus_experiment_gate,0.05,CONTINUE,1,72.0,72.0,0.0,,,8,E010,,0.05,ACCEPT_AUTOMATION
E010|B006,E010,1,gates_full_plus_experiment_gate,0.05,CONTINUE,1,72.0,72.0,0.0,,,8,E010,,0.05,ACCEPT_AUTOMATION
E010|B007,E010,1,gates_full_plus_experiment_gate,0.05,STOP,1,60.0,60.0,0.1666666666666666,0.5583502976024134,0.8978476794157808,8,E010,,0.05,ACCEPT_AUTOMATION
E010|B008,E010,1,gates_full_plus_experiment_gate,0.05,CONTINUE,1,72.0,72.0,0.0,,,8,E010,,0.05,ACCEPT_AUTOMATION
E010|B009,E010,1,gates_full_plus_experiment_gate,0.05,CONTINUE,1,72.0,72.0,0.0,,,8,E010,,0.05,ACCEPT_AUTOMATION
E010|B010,E010,1,gates_full_plus_experiment_gate,0.05,CONTINUE,1,72.0,72.0,0.0,,,8,E010,,0.05,ACCEPT_AUTOMATION
E010|B011,E010,1,gates_full_plus_experiment_gate,0.05,CONTINUE,1,72.0,72.0,0.0,,,8,E010,,0.05,ACCEPT_AUTOMATION
E010|B012,E010,1,gates_full_plus_experiment_gate,0.05,STOP,1,60.0,60.0,0.1666666666666666,0.5080501206918079,0.8978476794157808,8,E010,,0.05,ACCEPT_AUTOMATION
E010|C001,E010,1,gates_full_plus_experiment_gate,0.05,STOP,1,60.0,60.0,0.1666666666666666,0.6155065360829539,0.8978476794157808,8,E010,,0.05,ACCEPT_AUTOMATION
E010|C002,E010,1,gates_full_plus_experiment_gate,0.05,CONTINUE,1,72.0,72.0,0.0,,,8,E010,,0.05,ACCEPT_AUTOMATION
E010|C003,E010,1,gates_full_plus_experiment_gate,0.05,STOP,1,60.0,60.0,0.1666666666666666,0.6709097450181845,0.8978476794157808,8,E010,,0.05,ACCEPT_AUTOMATION
E010|C004,E010,1,gates_full_plus_experiment_gate,0.05,CONTINUE,1,72.0,72.0,0.0,,,8,E010,,0.05,ACCEPT_AUTOMATION
E010|C005,E010,1,gates_full_plus_experiment_gate,0.05,STOP,1,60.0,60.0,0.1666666666666666,0.4488492122130974,0.8978476794157808,8,E010,,0.05,ACCEPT_AUTOMATION
E010|C006,E010,1,gates_full_plus_experiment_gate,0.05,CONTINUE,1,72.0,72.0,0.0,,,8,E010,,0.05,ACCEPT_AUTOMATION
E010|C007,E010,1,gates_full_plus_experiment_gate,0.05,STOP,1,60.0,60.0,0.1666666666666666,0.6161683813117942,0.8978476794157808,8,E010,,0.05,ACCEPT_AUTOMATION
E010|C008,E010,1,gates_full_plus_experiment_gate,0.05,STOP,1,60.0,60.0,0.1666666666666666,0.4722067659823009,0.8978476794157808,8,E010,,0.05,ACCEPT_AUTOMATION
E010|C009,E010,1,gates_full_plus_experiment_gate,0.05,STOP,1,60.0,60.0,0.1666666666666666,0.5945636029919388,0.8978476794157808,8,E010,,0.05,ACCEPT_AUTOMATION
E010|C010,E010,1,gates_full_plus_experiment_gate,0.05,CONTINUE,1,72.0,72.0,0.0,,,8,E010,,0.05,ACCEPT_AUTOMATION
E010|C011,E010,0,gates_full_plus_experiment_gate,0.05,CONTINUE,0,72.0,72.0,0.0,,,8,E010,,0.05,ACCEPT_AUTOMATION
E010|C012,E010,1,gates_full_plus_experiment_gate,0.05,STOP,1,60.0,60.0,0.1666666666666666,0.586714291283593,0.8978476794157808,8,E010,,0.05,ACCEPT_AUTOMATION
E010|D001,E010,1,gates_full_plus_experiment_gate,0.05,STOP,1,60.0,60.0,0.1666666666666666,0.6467899421212819,0.8978476794157808,8,E010,,0.05,ACCEPT_AUTOMATION
E010|D002,E010,0,gates_full_plus_experiment_gate,0.05,CONTINUE,0,72.0,72.0,0.0,,,8,E010,,0.05,ACCEPT_AUTOMATION
E010|D003,E010,1,gates_full_plus_experiment_gate,0.05,STOP,1,60.0,60.0,0.1666666666666666,0.5289030955856373,0.8978476794157808,8,E010,,0.05,ACCEPT_AUTOMATION
E010|D004,E010,1,gates_full_plus_experiment_gate,0.05,CONTINUE,1,72.0,72.0,0.0,,,8,E010,,0.05,ACCEPT_AUTOMATION
E010|D005,E010,0,gates_full_plus_experiment_gate,0.05,CONTINUE,0,72.0,72.0,0.0,,,8,E010,,0.05,ACCEPT_AUTOMATION
E010|D006,E010,1,gates_full_plus_experiment_gate,0.05,STOP,1,60.0,60.0,0.1666666666666666,0.4654988077541103,0.8978476794157808,8,E010,,0.05,ACCEPT_AUTOMATION
E010|D007,E010,1,gates_full_plus_experiment_gate,0.05,STOP,1,60.0,60.0,0.1666666666666666,0.5316595949272701,0.8978476794157808,8,E010,,0.05,ACCEPT_AUTOMATION
E010|D008,E010,1,gates_full_plus_experiment_gate,0.05,CONTINUE,1,72.0,72.0,0.0,,,8,E010,,0.05,ACCEPT_AUTOMATION
E010|D009,E010,1,gates_full_plus_experiment_gate,0.05,STOP,1,60.0,60.0,0.1666666666666666,0.6215192745444691,0.8978476794157808,8,E010,,0.05,ACCEPT_AUTOMATION
E010|D010,E010,1,gates_full_plus_experiment_gate,0.05,STOP,1,60.0,60.0,0.1666666666666666,0.5333940217991825,0.8978476794157808,8,E010,,0.05,ACCEPT_AUTOMATION
E010|D011,E010,1,gates_full_plus_experiment_gate,0.05,CONTINUE,1,72.0,72.0,0.0,,,8,E010,,0.05,ACCEPT_AUTOMATION
E010|D012,E010,1,gates_full_plus_experiment_gate,0.05,CONTINUE,1,72.0,72.0,0.0,,,8,E010,,0.05,ACCEPT_AUTOMATION
E010|E001,E010,0,gates_full_plus_experiment_gate,0.05,CONTINUE,0,72.0,72.0,0.0,,,8,E010,,0.05,ACCEPT_AUTOMATION
E010|E002,E010,0,gates_full_plus_experiment_gate,0.05,CONTINUE,0,72.0,72.0,0.0,,,8,E010,,0.05,ACCEPT_AUTOMATION
E010|E003,E010,0,gates_full_plus_experiment_gate,0.05,CONTINUE,0,72.0,72.0,0.0,,,8,E010,,0.05,ACCEPT_AUTOMATION
E010|E004,E010,0,gates_full_plus_experiment_gate,0.05,CONTINUE,0,72.0,72.0,0.0,,,8,E010,,0.05,ACCEPT_AUTOMATION
E010|E005,E010,0,gates_full_plus_experiment_gate,0.05,CONTINUE,0,72.0,72.0,0.0,,,8,E010,,0.05,ACCEPT_AUTOMATION
E010|E006,E010,0,gates_full_plus_experiment_gate,0.05,CONTINUE,0,72.0,72.0,0.0,,,8,E010,,0.05,ACCEPT_AUTOMATION
E010|E007,E010,0,gates_full_plus_experiment_gate,0.05,CONTINUE,0,72.0,72.0,0.0,,,8,E010,,0.05,ACCEPT_AUTOMATION
E010|E008,E010,0,gates_full_plus_experiment_gate,0.05,CONTINUE,0,72.0,72.0,0.0,,,8,E010,,0.05,ACCEPT_AUTOMATION
E010|E009,E010,0,gates_full_plus_experiment_gate,0.05,CONTINUE,0,72.0,72.0,0.0,,,8,E010,,0.05,ACCEPT_AUTOMATION
E010|E011,E010,1,gates_full_plus_experiment_gate,0.05,CONTINUE,1,72.0,72.0,0.0,,,8,E010,,0.05,ACCEPT_AUTOMATION
E010|E012,E010,0,gates_full_plus_experiment_gate,0.05,CONTINUE,0,72.0,72.0,0.0,,,8,E010,,0.05,ACCEPT_AUTOMATION
E010|F001,E010,0,gates_full_plus_experiment_gate,0.05,CONTINUE,0,72.0,72.0,0.0,,,8,E010,,0.05,ACCEPT_AUTOMATION
E010|F002,E010,0,gates_full_plus_experiment_gate,0.05,CONTINUE,0,72.0,72.0,0.0,,,8,E010,,0.05,ACCEPT_AUTOMATION
E010|F003,E010,0,gates_full_plus_experiment_gate,0.05,CONTINUE,0,72.0,72.0,0.0,,,8,E010,,0.05,ACCEPT_AUTOMATION
E010|F004,E010,0,gates_full_plus_experiment_gate,0.05,CONTINUE,0,72.0,72.0,0.0,,,8,E010,,0.05,ACCEPT_AUTOMATION
E010|F005,E010,0,gates_full_plus_experiment_gate,0.05,CONTINUE,0,72.0,72.0,0.0,,,8,E010,,0.05,ACCEPT_AUTOMATION
E010|F006,E010,0,gates_full_plus_experiment_gate,0.05,CONTINUE,0,72.0,72.0,0.0,,,8,E010,,0.05,ACCEPT_AUTOMATION
E010|F007,E010,0,gates_full_plus_experiment_gate,0.05,CONTINUE,0,72.0,72.0,0.0,,,8,E010,,0.05,ACCEPT_AUTOMATION
E010|F008,E010,0,gates_full_plus_experiment_gate,0.05,CONTINUE,0,72.0,72.0,0.0,,,8,E010,,0.05,ACCEPT_AUTOMATION
E010|F009,E010,0,gates_full_plus_experiment_gate,0.05,CONTINUE,0,72.0,72.0,0.0,,,8,E010,,0.05,ACCEPT_AUTOMATION
E010|F010,E010,0,gates_full_plus_experiment_gate,0.05,CONTINUE,0,72.0,72.0,0.0,,,8,E010,,0.05,ACCEPT_AUTOMATION
E010|F011,E010,0,gates_full_plus_experiment_gate,0.05,CONTINUE,0,72.0,72.0,0.0,,,8,E010,,0.05,ACCEPT_AUTOMATION
E010|F012,E010,0,gates_full_plus_experiment_gate,0.05,CONTINUE,0,72.0,72.0,0.0,,,8,E010,,0.05,ACCEPT_AUTOMATION
E010|G002,E010,0,gates_full_plus_experiment_gate,0.05,STOP,0,60.0,60.0,0.1666666666666666,0.4601460753719466,0.8978476794157808,8,E010,,0.05,ACCEPT_AUTOMATION
E010|G003,E010,0,gates_full_plus_experiment_gate,0.05,CONTINUE,0,72.0,72.0,0.0,,,8,E010,,0.05,ACCEPT_AUTOMATION
E010|G004,E010,0,gates_full_plus_experiment_gate,0.05,STOP,0,60.0,60.0,0.1666666666666666,0.3409838222269871,0.8978476794157808,8,E010,,0.05,ACCEPT_AUTOMATION
E010|G005,E010,0,gates_full_plus_experiment_gate,0.05,CONTINUE,0,72.0,72.0,0.0,,,8,E010,,0.05,ACCEPT_AUTOMATION
E010|G006,E010,0,gates_full_plus_experiment_gate,0.05,CONTINUE,0,72.0,72.0,0.0,,,8,E010,,0.05,ACCEPT_AUTOMATION
E010|G008,E010,0,gates_full_plus_experiment_gate,0.05,CONTINUE,0,72.0,72.0,0.0,,,8,E010,,0.05,ACCEPT_AUTOMATION
E010|G009,E010,0,gates_full_plus_experiment_gate,0.05,CONTINUE,0,72.0,72.0,0.0,,,8,E010,,0.05,ACCEPT_AUTOMATION
E010|G010,E010,0,gates_full_plus_experiment_gate,0.05,CONTINUE,0,72.0,72.0,0.0,,,8,E010,,0.05,ACCEPT_AUTOMATION
E010|G011,E010,0,gates_full_plus_experiment_gate,0.05,STOP,0,60.0,60.0,0.1666666666666666,0.2976325089324985,0.8978476794157808,8,E010,,0.05,ACCEPT_AUTOMATION
E010|G012,E010,0,gates_full_plus_experiment_gate,0.05,STOP,0,60.0,60.0,0.1666666666666666,0.3067691942948692,0.8978476794157808,8,E010,,0.05,ACCEPT_AUTOMATION
E010|H002,E010,0,gates_full_plus_experiment_gate,0.05,STOP,0,60.0,60.0,0.1666666666666666,0.5221132511840988,0.8978476794157808,8,E010,,0.05,ACCEPT_AUTOMATION
E010|H003,E010,0,gates_full_plus_experiment_gate,0.05,STOP,0,60.0,60.0,0.1666666666666666,0.5844058709823579,0.8978476794157808,8,E010,,0.05,ACCEPT_AUTOMATION
E010|H004,E010,0,gates_full_plus_experiment_gate,0.05,STOP,0,60.0,60.0,0.1666666666666666,0.4335044051062056,0.8978476794157808,8,E010,,0.05,ACCEPT_AUTOMATION
E010|H005,E010,0,gates_full_plus_experiment_gate,0.05,STOP,0,60.0,60.0,0.1666666666666666,0.6488617787664819,0.8978476794157808,8,E010,,0.05,ACCEPT_AUTOMATION
E010|H006,E010,0,gates_full_plus_experiment_gate,0.05,CONTINUE,0,72.0,72.0,0.0,,,8,E010,,0.05,ACCEPT_AUTOMATION
E010|H007,E010,0,gates_full_plus_experiment_gate,0.05,STOP,0,60.0,60.0,0.1666666666666666,0.4733364494493263,0.8978476794157808,8,E010,,0.05,ACCEPT_AUTOMATION
E010|H008,E010,0,gates_full_plus_experiment_gate,0.05,STOP,0,60.0,60.0,0.1666666666666666,0.4895398305066021,0.8978476794157808,8,E010,,0.05,ACCEPT_AUTOMATION
E010|H009,E010,0,gates_full_plus_experiment_gate,0.05,CONTINUE,0,72.0,72.0,0.0,,,8,E010,,0.05,ACCEPT_AUTOMATION
E010|H010,E010,0,gates_full_plus_experiment_gate,0.05,STOP,0,60.0,60.0,0.1666666666666666,0.6251668788588781,0.8978476794157808,8,E010,,0.05,ACCEPT_AUTOMATION
E010|H011,E010,0,gates_full_plus_experiment_gate,0.05,STOP,0,60.0,60.0,0.1666666666666666,0.394802805772677,0.8978476794157808,8,E010,,0.05,ACCEPT_AUTOMATION
E010|H012,E010,0,gates_full_plus_experiment_gate,0.05,STOP,0,60.0,60.0,0.1666666666666666,0.7583219666381967,0.8978476794157808,8,E010,,0.05,ACCEPT_AUTOMATION
E011|A001,E011,0,gates_full_plus_experiment_gate,0.05,STOP,0,48.0,48.0,0.3333333333333333,0.5239338424189132,0.7829474954426766,9,E011,,0.05,ACCEPT_AUTOMATION
E011|A003,E011,0,gates_full_plus_experiment_gate,0.05,STOP,0,48.0,48.0,0.3333333333333333,0.5653106622981631,0.7829474954426766,9,E011,,0.05,ACCEPT_AUTOMATION
E011|A004,E011,0,gates_full_plus_experiment_gate,0.05,STOP,0,48.0,48.0,0.3333333333333333,0.5178991316837132,0.7829474954426766,9,E011,,0.05,ACCEPT_AUTOMATION
E011|A005,E011,0,gates_full_plus_experiment_gate,0.05,STOP,0,48.0,48.0,0.3333333333333333,0.4750801250601605,0.7829474954426766,9,E011,,0.05,ACCEPT_AUTOMATION
E011|A006,E011,0,gates_full_plus_experiment_gate,0.05,CONTINUE,0,72.0,72.0,0.0,,,9,E011,,0.05,ACCEPT_AUTOMATION
E011|A007,E011,0,gates_full_plus_experiment_gate,0.05,STOP,0,48.0,48.0,0.3333333333333333,0.4222092045666864,0.7829474954426766,9,E011,,0.05,ACCEPT_AUTOMATION
E011|A008,E011,0,gates_full_plus_experiment_gate,0.05,STOP,0,48.0,48.0,0.3333333333333333,0.3825584952920376,0.7829474954426766,9,E011,,0.05,ACCEPT_AUTOMATION
E011|A009,E011,0,gates_full_plus_experiment_gate,0.05,CONTINUE,0,72.0,72.0,0.0,,,9,E011,,0.05,ACCEPT_AUTOMATION
E011|A010,E011,0,gates_full_plus_experiment_gate,0.05,STOP,0,48.0,48.0,0.3333333333333333,0.4817370687988223,0.7829474954426766,9,E011,,0.05,ACCEPT_AUTOMATION
E011|A011,E011,0,gates_full_plus_experiment_gate,0.05,STOP,0,48.0,48.0,0.3333333333333333,0.4606148988908964,0.7829474954426766,9,E011,,0.05,ACCEPT_AUTOMATION
E011|A012,E011,0,gates_full_plus_experiment_gate,0.05,STOP,0,48.0,48.0,0.3333333333333333,0.5910504736680193,0.7829474954426766,9,E011,,0.05,ACCEPT_AUTOMATION
E011|B001,E011,0,gates_full_plus_experiment_gate,0.05,STOP,0,48.0,48.0,0.3333333333333333,0.6466823572219897,0.7829474954426766,9,E011,,0.05,ACCEPT_AUTOMATION
E011|B002,E011,0,gates_full_plus_experiment_gate,0.05,STOP,0,48.0,48.0,0.3333333333333333,0.4216198478760047,0.7829474954426766,9,E011,,0.05,ACCEPT_AUTOMATION
E011|B003,E011,0,gates_full_plus_experiment_gate,0.05,STOP,0,48.0,48.0,0.3333333333333333,0.3525632620156214,0.7829474954426766,9,E011,,0.05,ACCEPT_AUTOMATION
E011|B004,E011,0,gates_full_plus_experiment_gate,0.05,STOP,0,48.0,48.0,0.3333333333333333,0.4155150783251383,0.7829474954426766,9,E011,,0.05,ACCEPT_AUTOMATION
E011|B005,E011,0,gates_full_plus_experiment_gate,0.05,CONTINUE,0,72.0,72.0,0.0,,,9,E011,,0.05,ACCEPT_AUTOMATION
E011|B006,E011,0,gates_full_plus_experiment_gate,0.05,STOP,0,48.0,48.0,0.3333333333333333,0.3944977339687898,0.7829474954426766,9,E011,,0.05,ACCEPT_AUTOMATION
E011|B007,E011,0,gates_full_plus_experiment_gate,0.05,STOP,0,48.0,48.0,0.3333333333333333,0.3752984778777017,0.7829474954426766,9,E011,,0.05,ACCEPT_AUTOMATION
E011|B008,E011,0,gates_full_plus_experiment_gate,0.05,STOP,0,48.0,48.0,0.3333333333333333,0.4076709723954862,0.7829474954426766,9,E011,,0.05,ACCEPT_AUTOMATION
E011|B009,E011,0,gates_full_plus_experiment_gate,0.05,STOP,0,48.0,48.0,0.3333333333333333,0.4991076563669037,0.7829474954426766,9,E011,,0.05,ACCEPT_AUTOMATION
E011|B010,E011,0,gates_full_plus_experiment_gate,0.05,STOP,0,48.0,48.0,0.3333333333333333,0.3006480331116984,0.7829474954426766,9,E011,,0.05,ACCEPT_AUTOMATION
E011|B011,E011,0,gates_full_plus_experiment_gate,0.05,STOP,0,48.0,48.0,0.3333333333333333,0.3888694964593446,0.7829474954426766,9,E011,,0.05,ACCEPT_AUTOMATION
E011|B012,E011,0,gates_full_plus_experiment_gate,0.05,CONTINUE,0,72.0,72.0,0.0,,,9,E011,,0.05,ACCEPT_AUTOMATION
E011|C002,E011,0,gates_full_plus_experiment_gate,0.05,CONTINUE,0,72.0,72.0,0.0,,,9,E011,,0.05,ACCEPT_AUTOMATION
E011|C003,E011,1,gates_full_plus_experiment_gate,0.05,CONTINUE,1,72.0,72.0,0.0,,,9,E011,,0.05,ACCEPT_AUTOMATION
E011|C004,E011,1,gates_full_plus_experiment_gate,0.05,CONTINUE,1,72.0,72.0,0.0,,,9,E011,,0.05,ACCEPT_AUTOMATION
E011|C005,E011,1,gates_full_plus_experiment_gate,0.05,CONTINUE,1,72.0,72.0,0.0,,,9,E011,,0.05,ACCEPT_AUTOMATION
E011|C006,E011,1,gates_full_plus_experiment_gate,0.05,CONTINUE,1,72.0,72.0,0.0,,,9,E011,,0.05,ACCEPT_AUTOMATION
E011|C007,E011,1,gates_full_plus_experiment_gate,0.05,CONTINUE,1,72.0,72.0,0.0,,,9,E011,,0.05,ACCEPT_AUTOMATION
E011|C008,E011,1,gates_full_plus_experiment_gate,0.05,CONTINUE,1,72.0,72.0,0.0,,,9,E011,,0.05,ACCEPT_AUTOMATION
E011|C009,E011,1,gates_full_plus_experiment_gate,0.05,CONTINUE,1,72.0,72.0,0.0,,,9,E011,,0.05,ACCEPT_AUTOMATION
E011|C010,E011,1,gates_full_plus_experiment_gate,0.05,CONTINUE,1,72.0,72.0,0.0,,,9,E011,,0.05,ACCEPT_AUTOMATION
E011|C011,E011,1,gates_full_plus_experiment_gate,0.05,CONTINUE,1,72.0,72.0,0.0,,,9,E011,,0.05,ACCEPT_AUTOMATION
E011|D002,E011,1,gates_full_plus_experiment_gate,0.05,CONTINUE,1,72.0,72.0,0.0,,,9,E011,,0.05,ACCEPT_AUTOMATION
E011|D003,E011,1,gates_full_plus_experiment_gate,0.05,CONTINUE,1,72.0,72.0,0.0,,,9,E011,,0.05,ACCEPT_AUTOMATION
E011|D004,E011,1,gates_full_plus_experiment_gate,0.05,STOP,1,48.0,48.0,0.3333333333333333,0.5649992320743449,0.7829474954426766,9,E011,,0.05,ACCEPT_AUTOMATION
E011|D006,E011,1,gates_full_plus_experiment_gate,0.05,CONTINUE,1,72.0,72.0,0.0,,,9,E011,,0.05,ACCEPT_AUTOMATION
E011|D007,E011,1,gates_full_plus_experiment_gate,0.05,CONTINUE,1,72.0,72.0,0.0,,,9,E011,,0.05,ACCEPT_AUTOMATION
E011|D008,E011,1,gates_full_plus_experiment_gate,0.05,CONTINUE,1,72.0,72.0,0.0,,,9,E011,,0.05,ACCEPT_AUTOMATION
E011|D009,E011,0,gates_full_plus_experiment_gate,0.05,CONTINUE,0,72.0,72.0,0.0,,,9,E011,,0.05,ACCEPT_AUTOMATION
E011|D010,E011,1,gates_full_plus_experiment_gate,0.05,CONTINUE,1,72.0,72.0,0.0,,,9,E011,,0.05,ACCEPT_AUTOMATION
E011|D011,E011,1,gates_full_plus_experiment_gate,0.05,CONTINUE,1,72.0,72.0,0.0,,,9,E011,,0.05,ACCEPT_AUTOMATION
E011|D012,E011,0,gates_full_plus_experiment_gate,0.05,CONTINUE,0,72.0,72.0,0.0,,,9,E011,,0.05,ACCEPT_AUTOMATION
E011|E001,E011,1,gates_full_plus_experiment_gate,0.05,STOP,1,48.0,48.0,0.3333333333333333,0.4214236701452056,0.7829474954426766,9,E011,,0.05,ACCEPT_AUTOMATION
E011|E002,E011,1,gates_full_plus_experiment_gate,0.05,STOP,1,48.0,48.0,0.3333333333333333,0.5198479079456848,0.7829474954426766,9,E011,,0.05,ACCEPT_AUTOMATION
E011|E003,E011,1,gates_full_plus_experiment_gate,0.05,CONTINUE,1,72.0,72.0,0.0,,,9,E011,,0.05,ACCEPT_AUTOMATION
E011|E004,E011,1,gates_full_plus_experiment_gate,0.05,CONTINUE,1,72.0,72.0,0.0,,,9,E011,,0.05,ACCEPT_AUTOMATION
E011|E005,E011,1,gates_full_plus_experiment_gate,0.05,CONTINUE,1,72.0,72.0,0.0,,,9,E011,,0.05,ACCEPT_AUTOMATION
E011|E006,E011,1,gates_full_plus_experiment_gate,0.05,CONTINUE,1,72.0,72.0,0.0,,,9,E011,,0.05,ACCEPT_AUTOMATION
E011|E007,E011,1,gates_full_plus_experiment_gate,0.05,CONTINUE,1,72.0,72.0,0.0,,,9,E011,,0.05,ACCEPT_AUTOMATION
E011|E008,E011,1,gates_full_plus_experiment_gate,0.05,CONTINUE,1,72.0,72.0,0.0,,,9,E011,,0.05,ACCEPT_AUTOMATION
E011|E009,E011,1,gates_full_plus_experiment_gate,0.05,CONTINUE,1,72.0,72.0,0.0,,,9,E011,,0.05,ACCEPT_AUTOMATION
E011|E010,E011,1,gates_full_plus_experiment_gate,0.05,CONTINUE,1,72.0,72.0,0.0,,,9,E011,,0.05,ACCEPT_AUTOMATION
E011|E011,E011,1,gates_full_plus_experiment_gate,0.05,STOP,1,48.0,48.0,0.3333333333333333,0.4837442443949621,0.7829474954426766,9,E011,,0.05,ACCEPT_AUTOMATION
E011|E012,E011,1,gates_full_plus_experiment_gate,0.05,CONTINUE,1,72.0,72.0,0.0,,,9,E011,,0.05,ACCEPT_AUTOMATION
E011|F001,E011,1,gates_full_plus_experiment_gate,0.05,CONTINUE,1,72.0,72.0,0.0,,,9,E011,,0.05,ACCEPT_AUTOMATION
E011|F002,E011,1,gates_full_plus_experiment_gate,0.05,CONTINUE,1,72.0,72.0,0.0,,,9,E011,,0.05,ACCEPT_AUTOMATION
E011|F003,E011,1,gates_full_plus_experiment_gate,0.05,CONTINUE,1,72.0,72.0,0.0,,,9,E011,,0.05,ACCEPT_AUTOMATION
E011|F004,E011,1,gates_full_plus_experiment_gate,0.05,CONTINUE,1,72.0,72.0,0.0,,,9,E011,,0.05,ACCEPT_AUTOMATION
E011|F005,E011,1,gates_full_plus_experiment_gate,0.05,CONTINUE,1,72.0,72.0,0.0,,,9,E011,,0.05,ACCEPT_AUTOMATION
E011|F006,E011,1,gates_full_plus_experiment_gate,0.05,CONTINUE,1,72.0,72.0,0.0,,,9,E011,,0.05,ACCEPT_AUTOMATION
E011|F007,E011,1,gates_full_plus_experiment_gate,0.05,CONTINUE,1,72.0,72.0,0.0,,,9,E011,,0.05,ACCEPT_AUTOMATION
E011|F008,E011,1,gates_full_plus_experiment_gate,0.05,CONTINUE,1,72.0,72.0,0.0,,,9,E011,,0.05,ACCEPT_AUTOMATION
E011|F009,E011,1,gates_full_plus_experiment_gate,0.05,CONTINUE,1,72.0,72.0,0.0,,,9,E011,,0.05,ACCEPT_AUTOMATION
E011|F010,E011,1,gates_full_plus_experiment_gate,0.05,CONTINUE,1,72.0,72.0,0.0,,,9,E011,,0.05,ACCEPT_AUTOMATION
E011|F011,E011,1,gates_full_plus_experiment_gate,0.05,CONTINUE,1,72.0,72.0,0.0,,,9,E011,,0.05,ACCEPT_AUTOMATION
E011|F012,E011,1,gates_full_plus_experiment_gate,0.05,STOP,1,48.0,48.0,0.3333333333333333,0.5302184199378659,0.7829474954426766,9,E011,,0.05,ACCEPT_AUTOMATION
E011|G002,E011,1,gates_full_plus_experiment_gate,0.05,CONTINUE,1,72.0,72.0,0.0,,,9,E011,,0.05,ACCEPT_AUTOMATION
E011|G003,E011,1,gates_full_plus_experiment_gate,0.05,CONTINUE,1,72.0,72.0,0.0,,,9,E011,,0.05,ACCEPT_AUTOMATION
E011|G004,E011,1,gates_full_plus_experiment_gate,0.05,CONTINUE,1,72.0,72.0,0.0,,,9,E011,,0.05,ACCEPT_AUTOMATION
E011|G005,E011,0,gates_full_plus_experiment_gate,0.05,CONTINUE,0,72.0,72.0,0.0,,,9,E011,,0.05,ACCEPT_AUTOMATION
E011|G006,E011,0,gates_full_plus_experiment_gate,0.05,CONTINUE,0,72.0,72.0,0.0,,,9,E011,,0.05,ACCEPT_AUTOMATION
E011|G007,E011,1,gates_full_plus_experiment_gate,0.05,CONTINUE,1,72.0,72.0,0.0,,,9,E011,,0.05,ACCEPT_AUTOMATION
E011|G008,E011,1,gates_full_plus_experiment_gate,0.05,CONTINUE,1,72.0,72.0,0.0,,,9,E011,,0.05,ACCEPT_AUTOMATION
E011|G009,E011,0,gates_full_plus_experiment_gate,0.05,CONTINUE,0,72.0,72.0,0.0,,,9,E011,,0.05,ACCEPT_AUTOMATION
E011|G010,E011,1,gates_full_plus_experiment_gate,0.05,CONTINUE,1,72.0,72.0,0.0,,,9,E011,,0.05,ACCEPT_AUTOMATION
E011|G011,E011,1,gates_full_plus_experiment_gate,0.05,CONTINUE,1,72.0,72.0,0.0,,,9,E011,,0.05,ACCEPT_AUTOMATION
E011|G012,E011,0,gates_full_plus_experiment_gate,0.05,CONTINUE,0,72.0,72.0,0.0,,,9,E011,,0.05,ACCEPT_AUTOMATION
E011|H001,E011,1,gates_full_plus_experiment_gate,0.05,ABSTAIN,1,72.0,72.0,0.0,1.0352574272180617,0.7829474954426766,9,E011,,0.05,ACCEPT_AUTOMATION
E011|H002,E011,1,gates_full_plus_experiment_gate,0.05,CONTINUE,1,72.0,72.0,0.0,,,9,E011,,0.05,ACCEPT_AUTOMATION
E011|H003,E011,1,gates_full_plus_experiment_gate,0.05,CONTINUE,1,72.0,72.0,0.0,,,9,E011,,0.05,ACCEPT_AUTOMATION
E011|H004,E011,1,gates_full_plus_experiment_gate,0.05,CONTINUE,1,72.0,72.0,0.0,,,9,E011,,0.05,ACCEPT_AUTOMATION
E011|H005,E011,1,gates_full_plus_experiment_gate,0.05,CONTINUE,1,72.0,72.0,0.0,,,9,E011,,0.05,ACCEPT_AUTOMATION
E011|H006,E011,0,gates_full_plus_experiment_gate,0.05,CONTINUE,0,72.0,72.0,0.0,,,9,E011,,0.05,ACCEPT_AUTOMATION
E011|H007,E011,1,gates_full_plus_experiment_gate,0.05,CONTINUE,1,72.0,72.0,0.0,,,9,E011,,0.05,ACCEPT_AUTOMATION
E011|H008,E011,1,gates_full_plus_experiment_gate,0.05,CONTINUE,1,72.0,72.0,0.0,,,9,E011,,0.05,ACCEPT_AUTOMATION
E011|H009,E011,1,gates_full_plus_experiment_gate,0.05,CONTINUE,1,72.0,72.0,0.0,,,9,E011,,0.05,ACCEPT_AUTOMATION
E011|H010,E011,0,gates_full_plus_experiment_gate,0.05,CONTINUE,0,72.0,72.0,0.0,,,9,E011,,0.05,ACCEPT_AUTOMATION
E011|H011,E011,1,gates_full_plus_experiment_gate,0.05,CONTINUE,1,72.0,72.0,0.0,,,9,E011,,0.05,ACCEPT_AUTOMATION
E011|H012,E011,0,gates_full_plus_experiment_gate,0.05,CONTINUE,0,72.0,72.0,0.0,,,9,E011,,0.05,ACCEPT_AUTOMATION
E012|A001,E012,1,gates_full_plus_experiment_gate,0.05,CONTINUE,1,72.0,72.0,0.0,,,10,E012,,0.05,ACCEPT_AUTOMATION
E012|A002,E012,1,gates_full_plus_experiment_gate,0.05,STOP,1,48.0,48.0,0.3333333333333333,0.6652266646424009,1.059575716456073,10,E012,,0.05,ACCEPT_AUTOMATION
E012|A003,E012,1,gates_full_plus_experiment_gate,0.05,CONTINUE,1,72.0,72.0,0.0,,,10,E012,,0.05,ACCEPT_AUTOMATION
E012|A004,E012,1,gates_full_plus_experiment_gate,0.05,CONTINUE,1,72.0,72.0,0.0,,,10,E012,,0.05,ACCEPT_AUTOMATION
E012|A005,E012,0,gates_full_plus_experiment_gate,0.05,CONTINUE,0,72.0,72.0,0.0,,,10,E012,,0.05,ACCEPT_AUTOMATION
E012|A006,E012,1,gates_full_plus_experiment_gate,0.05,CONTINUE,1,72.0,72.0,0.0,,,10,E012,,0.05,ACCEPT_AUTOMATION
E012|A007,E012,1,gates_full_plus_experiment_gate,0.05,CONTINUE,1,72.0,72.0,0.0,,,10,E012,,0.05,ACCEPT_AUTOMATION
E012|A008,E012,1,gates_full_plus_experiment_gate,0.05,STOP,1,48.0,48.0,0.3333333333333333,0.6455118686183449,1.059575716456073,10,E012,,0.05,ACCEPT_AUTOMATION
E012|A009,E012,1,gates_full_plus_experiment_gate,0.05,CONTINUE,1,72.0,72.0,0.0,,,10,E012,,0.05,ACCEPT_AUTOMATION
E012|A010,E012,1,gates_full_plus_experiment_gate,0.05,STOP,1,48.0,48.0,0.3333333333333333,0.4122609252768704,1.059575716456073,10,E012,,0.05,ACCEPT_AUTOMATION
E012|A011,E012,1,gates_full_plus_experiment_gate,0.05,CONTINUE,1,72.0,72.0,0.0,,,10,E012,,0.05,ACCEPT_AUTOMATION
E012|B001,E012,1,gates_full_plus_experiment_gate,0.05,STOP,1,48.0,48.0,0.3333333333333333,0.4682352796989593,1.059575716456073,10,E012,,0.05,ACCEPT_AUTOMATION
E012|B002,E012,1,gates_full_plus_experiment_gate,0.05,STOP,1,48.0,48.0,0.3333333333333333,0.4337290860041461,1.059575716456073,10,E012,,0.05,ACCEPT_AUTOMATION
E012|B003,E012,1,gates_full_plus_experiment_gate,0.05,STOP,1,48.0,48.0,0.3333333333333333,0.6138253299014232,1.059575716456073,10,E012,,0.05,ACCEPT_AUTOMATION
E012|B004,E012,1,gates_full_plus_experiment_gate,0.05,STOP,1,48.0,48.0,0.3333333333333333,0.5704800063080818,1.059575716456073,10,E012,,0.05,ACCEPT_AUTOMATION
E012|B005,E012,1,gates_full_plus_experiment_gate,0.05,STOP,1,48.0,48.0,0.3333333333333333,0.5668718608731522,1.059575716456073,10,E012,,0.05,ACCEPT_AUTOMATION
E012|B008,E012,1,gates_full_plus_experiment_gate,0.05,CONTINUE,1,72.0,72.0,0.0,,,10,E012,,0.05,ACCEPT_AUTOMATION
E012|B009,E012,1,gates_full_plus_experiment_gate,0.05,CONTINUE,1,72.0,72.0,0.0,,,10,E012,,0.05,ACCEPT_AUTOMATION
E012|B010,E012,1,gates_full_plus_experiment_gate,0.05,STOP,1,48.0,48.0,0.3333333333333333,0.6859622322933497,1.059575716456073,10,E012,,0.05,ACCEPT_AUTOMATION
E012|B011,E012,1,gates_full_plus_experiment_gate,0.05,CONTINUE,1,72.0,72.0,0.0,,,10,E012,,0.05,ACCEPT_AUTOMATION
E012|C001,E012,1,gates_full_plus_experiment_gate,0.05,CONTINUE,1,72.0,72.0,0.0,,,10,E012,,0.05,ACCEPT_AUTOMATION
E012|C002,E012,0,gates_full_plus_experiment_gate,0.05,CONTINUE,0,72.0,72.0,0.0,,,10,E012,,0.05,ACCEPT_AUTOMATION
E012|C003,E012,1,gates_full_plus_experiment_gate,0.05,STOP,1,48.0,48.0,0.3333333333333333,0.5930695476446456,1.059575716456073,10,E012,,0.05,ACCEPT_AUTOMATION
E012|C004,E012,0,gates_full_plus_experiment_gate,0.05,STOP,1,48.0,48.0,0.3333333333333333,0.6761345093359193,1.059575716456073,10,E012,,0.05,ACCEPT_AUTOMATION
E012|C005,E012,1,gates_full_plus_experiment_gate,0.05,STOP,1,48.0,48.0,0.3333333333333333,0.5414971166189485,1.059575716456073,10,E012,,0.05,ACCEPT_AUTOMATION
E012|C006,E012,1,gates_full_plus_experiment_gate,0.05,STOP,1,48.0,48.0,0.3333333333333333,0.5432098375322617,1.059575716456073,10,E012,,0.05,ACCEPT_AUTOMATION
E012|C007,E012,0,gates_full_plus_experiment_gate,0.05,STOP,1,48.0,48.0,0.3333333333333333,0.5273935589669163,1.059575716456073,10,E012,,0.05,ACCEPT_AUTOMATION
E012|C008,E012,0,gates_full_plus_experiment_gate,0.05,STOP,1,48.0,48.0,0.3333333333333333,0.3970408910599331,1.059575716456073,10,E012,,0.05,ACCEPT_AUTOMATION
E012|C009,E012,1,gates_full_plus_experiment_gate,0.05,CONTINUE,1,72.0,72.0,0.0,,,10,E012,,0.05,ACCEPT_AUTOMATION
E012|C010,E012,0,gates_full_plus_experiment_gate,0.05,CONTINUE,0,72.0,72.0,0.0,,,10,E012,,0.05,ACCEPT_AUTOMATION
E012|C011,E012,0,gates_full_plus_experiment_gate,0.05,CONTINUE,0,72.0,72.0,0.0,,,10,E012,,0.05,ACCEPT_AUTOMATION
E012|D002,E012,1,gates_full_plus_experiment_gate,0.05,CONTINUE,1,72.0,72.0,0.0,,,10,E012,,0.05,ACCEPT_AUTOMATION
E012|D003,E012,1,gates_full_plus_experiment_gate,0.05,CONTINUE,1,72.0,72.0,0.0,,,10,E012,,0.05,ACCEPT_AUTOMATION
E012|D004,E012,0,gates_full_plus_experiment_gate,0.05,STOP,1,48.0,48.0,0.3333333333333333,0.4972698230623353,1.059575716456073,10,E012,,0.05,ACCEPT_AUTOMATION
E012|D005,E012,1,gates_full_plus_experiment_gate,0.05,STOP,1,48.0,48.0,0.3333333333333333,0.5275170793157977,1.059575716456073,10,E012,,0.05,ACCEPT_AUTOMATION
E012|D006,E012,1,gates_full_plus_experiment_gate,0.05,STOP,1,48.0,48.0,0.3333333333333333,0.5065206104695348,1.059575716456073,10,E012,,0.05,ACCEPT_AUTOMATION
E012|D007,E012,1,gates_full_plus_experiment_gate,0.05,CONTINUE,1,72.0,72.0,0.0,,,10,E012,,0.05,ACCEPT_AUTOMATION
E012|D008,E012,0,gates_full_plus_experiment_gate,0.05,STOP,1,48.0,48.0,0.3333333333333333,0.6452014482226957,1.059575716456073,10,E012,,0.05,ACCEPT_AUTOMATION
E012|D009,E012,1,gates_full_plus_experiment_gate,0.05,STOP,1,48.0,48.0,0.3333333333333333,0.5765699360781323,1.059575716456073,10,E012,,0.05,ACCEPT_AUTOMATION
E012|D010,E012,0,gates_full_plus_experiment_gate,0.05,CONTINUE,0,72.0,72.0,0.0,,,10,E012,,0.05,ACCEPT_AUTOMATION
E012|D011,E012,0,gates_full_plus_experiment_gate,0.05,CONTINUE,0,72.0,72.0,0.0,,,10,E012,,0.05,ACCEPT_AUTOMATION
E012|E002,E012,0,gates_full_plus_experiment_gate,0.05,STOP,0,48.0,48.0,0.3333333333333333,0.50620862849424,1.059575716456073,10,E012,,0.05,ACCEPT_AUTOMATION
E012|E003,E012,0,gates_full_plus_experiment_gate,0.05,STOP,0,48.0,48.0,0.3333333333333333,0.5548383825985124,1.059575716456073,10,E012,,0.05,ACCEPT_AUTOMATION
E012|E004,E012,0,gates_full_plus_experiment_gate,0.05,STOP,0,60.0,60.0,0.1666666666666666,0.3191052241636448,1.0527116455985737,10,E012,,0.05,ACCEPT_AUTOMATION
E012|E005,E012,0,gates_full_plus_experiment_gate,0.05,CONTINUE,0,72.0,72.0,0.0,,,10,E012,,0.05,ACCEPT_AUTOMATION
E012|E006,E012,0,gates_full_plus_experiment_gate,0.05,CONTINUE,0,72.0,72.0,0.0,,,10,E012,,0.05,ACCEPT_AUTOMATION
E012|E007,E012,0,gates_full_plus_experiment_gate,0.05,STOP,0,60.0,60.0,0.1666666666666666,0.4174365522346276,1.0527116455985737,10,E012,,0.05,ACCEPT_AUTOMATION
E012|E008,E012,0,gates_full_plus_experiment_gate,0.05,STOP,0,60.0,60.0,0.1666666666666666,0.3897564960268819,1.0527116455985737,10,E012,,0.05,ACCEPT_AUTOMATION
E012|E009,E012,0,gates_full_plus_experiment_gate,0.05,STOP,0,48.0,48.0,0.3333333333333333,0.4715501172007488,1.059575716456073,10,E012,,0.05,ACCEPT_AUTOMATION
E012|E010,E012,0,gates_full_plus_experiment_gate,0.05,CONTINUE,0,72.0,72.0,0.0,,,10,E012,,0.05,ACCEPT_AUTOMATION
E012|E011,E012,0,gates_full_plus_experiment_gate,0.05,CONTINUE,0,72.0,72.0,0.0,,,10,E012,,0.05,ACCEPT_AUTOMATION
E012|F002,E012,0,gates_full_plus_experiment_gate,0.05,STOP,0,48.0,48.0,0.3333333333333333,0.4056801746931639,1.059575716456073,10,E012,,0.05,ACCEPT_AUTOMATION
E012|F003,E012,0,gates_full_plus_experiment_gate,0.05,STOP,0,48.0,48.0,0.3333333333333333,0.6261403234409683,1.059575716456073,10,E012,,0.05,ACCEPT_AUTOMATION
E012|F004,E012,0,gates_full_plus_experiment_gate,0.05,STOP,0,48.0,48.0,0.3333333333333333,0.614452231400852,1.059575716456073,10,E012,,0.05,ACCEPT_AUTOMATION
E012|F005,E012,0,gates_full_plus_experiment_gate,0.05,STOP,0,48.0,48.0,0.3333333333333333,0.4788753768458381,1.059575716456073,10,E012,,0.05,ACCEPT_AUTOMATION
E012|F006,E012,0,gates_full_plus_experiment_gate,0.05,STOP,0,60.0,60.0,0.1666666666666666,0.4956149596154885,1.0527116455985737,10,E012,,0.05,ACCEPT_AUTOMATION
E012|F007,E012,0,gates_full_plus_experiment_gate,0.05,STOP,0,48.0,48.0,0.3333333333333333,0.5522686662958359,1.059575716456073,10,E012,,0.05,ACCEPT_AUTOMATION
E012|F008,E012,0,gates_full_plus_experiment_gate,0.05,STOP,0,48.0,48.0,0.3333333333333333,0.3737254249758896,1.059575716456073,10,E012,,0.05,ACCEPT_AUTOMATION
E012|F009,E012,0,gates_full_plus_experiment_gate,0.05,STOP,0,48.0,48.0,0.3333333333333333,0.4935548912263814,1.059575716456073,10,E012,,0.05,ACCEPT_AUTOMATION
E012|F010,E012,0,gates_full_plus_experiment_gate,0.05,CONTINUE,0,72.0,72.0,0.0,,,10,E012,,0.05,ACCEPT_AUTOMATION
E012|F011,E012,0,gates_full_plus_experiment_gate,0.05,STOP,0,48.0,48.0,0.3333333333333333,0.6541348714392383,1.059575716456073,10,E012,,0.05,ACCEPT_AUTOMATION
E012|G001,E012,1,gates_full_plus_experiment_gate,0.05,CONTINUE,1,72.0,72.0,0.0,,,10,E012,,0.05,ACCEPT_AUTOMATION
E012|G002,E012,0,gates_full_plus_experiment_gate,0.05,CONTINUE,0,72.0,72.0,0.0,,,10,E012,,0.05,ACCEPT_AUTOMATION
E012|G003,E012,1,gates_full_plus_experiment_gate,0.05,STOP,1,48.0,48.0,0.3333333333333333,0.6869871573734211,1.059575716456073,10,E012,,0.05,ACCEPT_AUTOMATION
E012|G004,E012,1,gates_full_plus_experiment_gate,0.05,STOP,1,48.0,48.0,0.3333333333333333,0.7356710319073084,1.059575716456073,10,E012,,0.05,ACCEPT_AUTOMATION
E012|G005,E012,1,gates_full_plus_experiment_gate,0.05,CONTINUE,1,72.0,72.0,0.0,,,10,E012,,0.05,ACCEPT_AUTOMATION
E012|G007,E012,0,gates_full_plus_experiment_gate,0.05,STOP,1,48.0,48.0,0.3333333333333333,0.6610517895240264,1.059575716456073,10,E012,,0.05,ACCEPT_AUTOMATION
E012|G008,E012,1,gates_full_plus_experiment_gate,0.05,STOP,1,60.0,60.0,0.1666666666666666,0.7044026068540389,1.0527116455985737,10,E012,,0.05,ACCEPT_AUTOMATION
E012|G009,E012,1,gates_full_plus_experiment_gate,0.05,STOP,1,48.0,48.0,0.3333333333333333,0.6045641411066537,1.059575716456073,10,E012,,0.05,ACCEPT_AUTOMATION
E012|G011,E012,0,gates_full_plus_experiment_gate,0.05,CONTINUE,0,72.0,72.0,0.0,,,10,E012,,0.05,ACCEPT_AUTOMATION
E012|H002,E012,0,gates_full_plus_experiment_gate,0.05,CONTINUE,0,72.0,72.0,0.0,,,10,E012,,0.05,ACCEPT_AUTOMATION
E012|H003,E012,1,gates_full_plus_experiment_gate,0.05,CONTINUE,1,72.0,72.0,0.0,,,10,E012,,0.05,ACCEPT_AUTOMATION
E012|H005,E012,1,gates_full_plus_experiment_gate,0.05,STOP,1,48.0,48.0,0.3333333333333333,0.864787542753167,1.059575716456073,10,E012,,0.05,ACCEPT_AUTOMATION
E012|H006,E012,1,gates_full_plus_experiment_gate,0.05,CONTINUE,1,72.0,72.0,0.0,,,10,E012,,0.05,ACCEPT_AUTOMATION
E012|H009,E012,1,gates_full_plus_experiment_gate,0.05,CONTINUE,1,72.0,72.0,0.0,,,10,E012,,0.05,ACCEPT_AUTOMATION
E012|H010,E012,1,gates_full_plus_experiment_gate,0.05,STOP,1,48.0,48.0,0.3333333333333333,0.6518957134331573,1.059575716456073,10,E012,,0.05,ACCEPT_AUTOMATION
E012|H011,E012,1,gates_full_plus_experiment_gate,0.05,STOP,1,48.0,48.0,0.3333333333333333,0.7399825567418192,1.059575716456073,10,E012,,0.05,ACCEPT_AUTOMATION
E001|A001,E001,1,gates_full_plus_experiment_gate,0.1,STOP,1,24.0,24.0,0.6666666666666666,0.8914917092032802,0.905424054961272,0,E001,,0.1,ACCEPT_AUTOMATION
E001|A002,E001,1,gates_full_plus_experiment_gate,0.1,STOP,1,24.0,24.0,0.6666666666666666,0.7752690460367567,0.905424054961272,0,E001,,0.1,ACCEPT_AUTOMATION
E001|A003,E001,1,gates_full_plus_experiment_gate,0.1,ABSTAIN,1,72.0,72.0,0.0,0.9926421292063384,0.905424054961272,0,E001,,0.1,ACCEPT_AUTOMATION
E001|A004,E001,0,gates_full_plus_experiment_gate,0.1,ABSTAIN,1,72.0,72.0,0.0,1.029976073358615,0.905424054961272,0,E001,,0.1,ACCEPT_AUTOMATION
E001|A005,E001,1,gates_full_plus_experiment_gate,0.1,STOP,1,24.0,24.0,0.6666666666666666,0.5115261845738729,0.905424054961272,0,E001,,0.1,ACCEPT_AUTOMATION
E001|A006,E001,1,gates_full_plus_experiment_gate,0.1,ABSTAIN,1,72.0,72.0,0.0,1.0575704220341633,0.905424054961272,0,E001,,0.1,ACCEPT_AUTOMATION
E001|A007,E001,1,gates_full_plus_experiment_gate,0.1,STOP,1,24.0,24.0,0.6666666666666666,0.6753236173354704,0.905424054961272,0,E001,,0.1,ACCEPT_AUTOMATION
E001|A008,E001,1,gates_full_plus_experiment_gate,0.1,ABSTAIN,1,72.0,72.0,0.0,1.114273898074729,0.905424054961272,0,E001,,0.1,ACCEPT_AUTOMATION
E001|A009,E001,1,gates_full_plus_experiment_gate,0.1,STOP,1,24.0,24.0,0.6666666666666666,0.6114520887128605,0.905424054961272,0,E001,,0.1,ACCEPT_AUTOMATION
E001|A010,E001,1,gates_full_plus_experiment_gate,0.1,STOP,1,24.0,24.0,0.6666666666666666,0.827770207103887,0.905424054961272,0,E001,,0.1,ACCEPT_AUTOMATION
E001|A011,E001,1,gates_full_plus_experiment_gate,0.1,STOP,1,60.0,60.0,0.1666666666666666,0.5628100795267899,1.030455421845376,0,E001,,0.1,ACCEPT_AUTOMATION
E001|B001,E001,1,gates_full_plus_experiment_gate,0.1,ABSTAIN,1,72.0,72.0,0.0,1.0959081398798791,0.905424054961272,0,E001,,0.1,ACCEPT_AUTOMATION
E001|B002,E001,1,gates_full_plus_experiment_gate,0.1,STOP,1,24.0,24.0,0.6666666666666666,0.8520298558733737,0.905424054961272,0,E001,,0.1,ACCEPT_AUTOMATION
E001|B003,E001,1,gates_full_plus_experiment_gate,0.1,STOP,1,24.0,24.0,0.6666666666666666,0.7642891609660606,0.905424054961272,0,E001,,0.1,ACCEPT_AUTOMATION
E001|B004,E001,1,gates_full_plus_experiment_gate,0.1,ABSTAIN,1,72.0,72.0,0.0,1.019801256208635,0.905424054961272,0,E001,,0.1,ACCEPT_AUTOMATION
E001|B005,E001,1,gates_full_plus_experiment_gate,0.1,STOP,1,24.0,24.0,0.6666666666666666,0.5175073431176626,0.905424054961272,0,E001,,0.1,ACCEPT_AUTOMATION
E001|B006,E001,1,gates_full_plus_experiment_gate,0.1,STOP,1,24.0,24.0,0.6666666666666666,0.8106335992172313,0.905424054961272,0,E001,,0.1,ACCEPT_AUTOMATION
E001|B007,E001,1,gates_full_plus_experiment_gate,0.1,STOP,1,24.0,24.0,0.6666666666666666,0.9039729054514396,0.905424054961272,0,E001,,0.1,ACCEPT_AUTOMATION
E001|B008,E001,1,gates_full_plus_experiment_gate,0.1,STOP,1,24.0,24.0,0.6666666666666666,0.9004916966854165,0.905424054961272,0,E001,,0.1,ACCEPT_AUTOMATION
E001|B009,E001,1,gates_full_plus_experiment_gate,0.1,ABSTAIN,1,72.0,72.0,0.0,1.1012676774921717,0.905424054961272,0,E001,,0.1,ACCEPT_AUTOMATION
E001|B010,E001,0,gates_full_plus_experiment_gate,0.1,STOP,1,24.0,24.0,0.6666666666666666,0.6088909476617256,0.905424054961272,0,E001,,0.1,ACCEPT_AUTOMATION
E001|B011,E001,1,gates_full_plus_experiment_gate,0.1,ABSTAIN,1,72.0,72.0,0.0,1.129221095063136,0.905424054961272,0,E001,,0.1,ACCEPT_AUTOMATION
E001|C001,E001,1,gates_full_plus_experiment_gate,0.1,STOP,1,24.0,24.0,0.6666666666666666,0.7010708538719812,0.905424054961272,0,E001,,0.1,ACCEPT_AUTOMATION
E001|C002,E001,1,gates_full_plus_experiment_gate,0.1,STOP,1,24.0,24.0,0.6666666666666666,0.8584122073007547,0.905424054961272,0,E001,,0.1,ACCEPT_AUTOMATION
E001|C003,E001,1,gates_full_plus_experiment_gate,0.1,STOP,1,60.0,60.0,0.1666666666666666,0.5404200532614427,1.030455421845376,0,E001,,0.1,ACCEPT_AUTOMATION
E001|C004,E001,0,gates_full_plus_experiment_gate,0.1,STOP,0,24.0,24.0,0.6666666666666666,0.4807605342618844,0.905424054961272,0,E001,,0.1,ACCEPT_AUTOMATION
E001|C005,E001,0,gates_full_plus_experiment_gate,0.1,STOP,0,24.0,24.0,0.6666666666666666,0.5203286349469777,0.905424054961272,0,E001,,0.1,ACCEPT_AUTOMATION
E001|C006,E001,0,gates_full_plus_experiment_gate,0.1,STOP,0,24.0,24.0,0.6666666666666666,0.4519952731143818,0.905424054961272,0,E001,,0.1,ACCEPT_AUTOMATION
E001|C007,E001,0,gates_full_plus_experiment_gate,0.1,STOP,0,24.0,24.0,0.6666666666666666,0.8524883007641196,0.905424054961272,0,E001,,0.1,ACCEPT_AUTOMATION
E001|C008,E001,0,gates_full_plus_experiment_gate,0.1,STOP,0,24.0,24.0,0.6666666666666666,0.5026617391779342,0.905424054961272,0,E001,,0.1,ACCEPT_AUTOMATION
E001|C009,E001,0,gates_full_plus_experiment_gate,0.1,STOP,1,24.0,24.0,0.6666666666666666,0.7323452429573167,0.905424054961272,0,E001,,0.1,ACCEPT_AUTOMATION
E001|C010,E001,0,gates_full_plus_experiment_gate,0.1,STOP,1,24.0,24.0,0.6666666666666666,0.6165708354479369,0.905424054961272,0,E001,,0.1,ACCEPT_AUTOMATION
E001|C011,E001,0,gates_full_plus_experiment_gate,0.1,STOP,1,24.0,24.0,0.6666666666666666,0.7969856066733834,0.905424054961272,0,E001,,0.1,ACCEPT_AUTOMATION
E001|D001,E001,0,gates_full_plus_experiment_gate,0.1,STOP,0,48.0,48.0,0.3333333333333333,0.6011110799767255,1.0413458502321375,0,E001,,0.1,ACCEPT_AUTOMATION
E001|D002,E001,0,gates_full_plus_experiment_gate,0.1,STOP,0,60.0,60.0,0.1666666666666666,0.6724984282572217,1.030455421845376,0,E001,,0.1,ACCEPT_AUTOMATION
E001|D003,E001,0,gates_full_plus_experiment_gate,0.1,STOP,0,24.0,24.0,0.6666666666666666,0.5978202355529044,0.905424054961272,0,E001,,0.1,ACCEPT_AUTOMATION
E001|D004,E001,0,gates_full_plus_experiment_gate,0.1,STOP,0,24.0,24.0,0.6666666666666666,0.5729186721507639,0.905424054961272,0,E001,,0.1,ACCEPT_AUTOMATION
E001|D005,E001,0,gates_full_plus_experiment_gate,0.1,STOP,0,24.0,24.0,0.6666666666666666,0.3970964401722419,0.905424054961272,0,E001,,0.1,ACCEPT_AUTOMATION
E001|D006,E001,0,gates_full_plus_experiment_gate,0.1,STOP,0,24.0,24.0,0.6666666666666666,0.4476596415856959,0.905424054961272,0,E001,,0.1,ACCEPT_AUTOMATION
E001|D007,E001,0,gates_full_plus_experiment_gate,0.1,ABSTAIN,0,72.0,72.0,0.0,1.0117474507497308,0.905424054961272,0,E001,,0.1,ACCEPT_AUTOMATION
E001|D008,E001,0,gates_full_plus_experiment_gate,0.1,STOP,0,24.0,24.0,0.6666666666666666,0.3951384696373726,0.905424054961272,0,E001,,0.1,ACCEPT_AUTOMATION
E001|D009,E001,0,gates_full_plus_experiment_gate,0.1,STOP,0,24.0,24.0,0.6666666666666666,0.4129735079523104,0.905424054961272,0,E001,,0.1,ACCEPT_AUTOMATION
E001|D010,E001,0,gates_full_plus_experiment_gate,0.1,STOP,0,24.0,24.0,0.6666666666666666,0.4654255081968352,0.905424054961272,0,E001,,0.1,ACCEPT_AUTOMATION
E001|D011,E001,0,gates_full_plus_experiment_gate,0.1,STOP,0,48.0,48.0,0.3333333333333333,0.4834472182662617,1.0413458502321375,0,E001,,0.1,ACCEPT_AUTOMATION
E001|E001,E001,0,gates_full_plus_experiment_gate,0.1,STOP,0,24.0,24.0,0.6666666666666666,0.7311222479440334,0.905424054961272,0,E001,,0.1,ACCEPT_AUTOMATION
E001|E002,E001,0,gates_full_plus_experiment_gate,0.1,ABSTAIN,0,72.0,72.0,0.0,0.9337722634803646,0.905424054961272,0,E001,,0.1,ACCEPT_AUTOMATION
E001|E003,E001,0,gates_full_plus_experiment_gate,0.1,STOP,0,24.0,24.0,0.6666666666666666,0.507318835778904,0.905424054961272,0,E001,,0.1,ACCEPT_AUTOMATION
E001|E004,E001,0,gates_full_plus_experiment_gate,0.1,STOP,0,24.0,24.0,0.6666666666666666,0.4994436033831542,0.905424054961272,0,E001,,0.1,ACCEPT_AUTOMATION
E001|E005,E001,0,gates_full_plus_experiment_gate,0.1,STOP,0,24.0,24.0,0.6666666666666666,0.3821361101077307,0.905424054961272,0,E001,,0.1,ACCEPT_AUTOMATION
E001|E006,E001,0,gates_full_plus_experiment_gate,0.1,STOP,0,48.0,48.0,0.3333333333333333,0.5802958729673884,1.0413458502321375,0,E001,,0.1,ACCEPT_AUTOMATION
E001|E007,E001,0,gates_full_plus_experiment_gate,0.1,STOP,0,24.0,24.0,0.6666666666666666,0.5131113657176105,0.905424054961272,0,E001,,0.1,ACCEPT_AUTOMATION
E001|E008,E001,0,gates_full_plus_experiment_gate,0.1,STOP,0,24.0,24.0,0.6666666666666666,0.4075155661320719,0.905424054961272,0,E001,,0.1,ACCEPT_AUTOMATION
E001|E009,E001,0,gates_full_plus_experiment_gate,0.1,STOP,0,24.0,24.0,0.6666666666666666,0.5958598930518519,0.905424054961272,0,E001,,0.1,ACCEPT_AUTOMATION
E001|E010,E001,0,gates_full_plus_experiment_gate,0.1,STOP,0,24.0,24.0,0.6666666666666666,0.5015914118570104,0.905424054961272,0,E001,,0.1,ACCEPT_AUTOMATION
E001|E011,E001,0,gates_full_plus_experiment_gate,0.1,STOP,1,24.0,24.0,0.6666666666666666,0.5926511069557261,0.905424054961272,0,E001,,0.1,ACCEPT_AUTOMATION
E001|F001,E001,1,gates_full_plus_experiment_gate,0.1,STOP,1,24.0,24.0,0.6666666666666666,0.5873143033937799,0.905424054961272,0,E001,,0.1,ACCEPT_AUTOMATION
E001|F002,E001,1,gates_full_plus_experiment_gate,0.1,STOP,1,24.0,24.0,0.6666666666666666,0.5148877254365118,0.905424054961272,0,E001,,0.1,ACCEPT_AUTOMATION
E001|F003,E001,1,gates_full_plus_experiment_gate,0.1,STOP,1,48.0,48.0,0.3333333333333333,0.6347634792364246,1.0413458502321375,0,E001,,0.1,ACCEPT_AUTOMATION
E001|F004,E001,1,gates_full_plus_experiment_gate,0.1,STOP,1,48.0,48.0,0.3333333333333333,0.609244596545097,1.0413458502321375,0,E001,,0.1,ACCEPT_AUTOMATION
E001|F005,E001,1,gates_full_plus_experiment_gate,0.1,STOP,1,24.0,24.0,0.6666666666666666,0.779512758337251,0.905424054961272,0,E001,,0.1,ACCEPT_AUTOMATION
E001|F006,E001,1,gates_full_plus_experiment_gate,0.1,STOP,1,48.0,48.0,0.3333333333333333,0.4616410389279018,1.0413458502321375,0,E001,,0.1,ACCEPT_AUTOMATION
E001|F007,E001,1,gates_full_plus_experiment_gate,0.1,ABSTAIN,1,72.0,72.0,0.0,0.9760924753601664,0.905424054961272,0,E001,,0.1,ACCEPT_AUTOMATION
E001|F008,E001,1,gates_full_plus_experiment_gate,0.1,STOP,1,24.0,24.0,0.6666666666666666,0.8638593377480268,0.905424054961272,0,E001,,0.1,ACCEPT_AUTOMATION
E001|F009,E001,1,gates_full_plus_experiment_gate,0.1,STOP,1,24.0,24.0,0.6666666666666666,0.5520249402830119,0.905424054961272,0,E001,,0.1,ACCEPT_AUTOMATION
E001|F010,E001,0,gates_full_plus_experiment_gate,0.1,STOP,0,24.0,24.0,0.6666666666666666,0.8245223523396391,0.905424054961272,0,E001,,0.1,ACCEPT_AUTOMATION
E001|F011,E001,0,gates_full_plus_experiment_gate,0.1,STOP,0,24.0,24.0,0.6666666666666666,0.4769166151563562,0.905424054961272,0,E001,,0.1,ACCEPT_AUTOMATION
E001|G001,E001,0,gates_full_plus_experiment_gate,0.1,STOP,0,24.0,24.0,0.6666666666666666,0.5428349255740474,0.905424054961272,0,E001,,0.1,ACCEPT_AUTOMATION
E001|G002,E001,0,gates_full_plus_experiment_gate,0.1,STOP,0,24.0,24.0,0.6666666666666666,0.526687513482065,0.905424054961272,0,E001,,0.1,ACCEPT_AUTOMATION
E001|G003,E001,0,gates_full_plus_experiment_gate,0.1,STOP,0,24.0,24.0,0.6666666666666666,0.5665363924587472,0.905424054961272,0,E001,,0.1,ACCEPT_AUTOMATION
E001|G004,E001,0,gates_full_plus_experiment_gate,0.1,STOP,0,24.0,24.0,0.6666666666666666,0.5240457546356837,0.905424054961272,0,E001,,0.1,ACCEPT_AUTOMATION
E001|G005,E001,0,gates_full_plus_experiment_gate,0.1,STOP,0,24.0,24.0,0.6666666666666666,0.5979637794515974,0.905424054961272,0,E001,,0.1,ACCEPT_AUTOMATION
E001|G006,E001,0,gates_full_plus_experiment_gate,0.1,STOP,0,24.0,24.0,0.6666666666666666,0.4597525067454641,0.905424054961272,0,E001,,0.1,ACCEPT_AUTOMATION
E001|G007,E001,0,gates_full_plus_experiment_gate,0.1,STOP,0,24.0,24.0,0.6666666666666666,0.5015577310024264,0.905424054961272,0,E001,,0.1,ACCEPT_AUTOMATION
E001|G008,E001,0,gates_full_plus_experiment_gate,0.1,STOP,0,24.0,24.0,0.6666666666666666,0.6776582769446804,0.905424054961272,0,E001,,0.1,ACCEPT_AUTOMATION
E001|G009,E001,0,gates_full_plus_experiment_gate,0.1,STOP,0,24.0,24.0,0.6666666666666666,0.5113187811732544,0.905424054961272,0,E001,,0.1,ACCEPT_AUTOMATION
E001|G010,E001,0,gates_full_plus_experiment_gate,0.1,STOP,0,24.0,24.0,0.6666666666666666,0.6170417139319694,0.905424054961272,0,E001,,0.1,ACCEPT_AUTOMATION
E001|G011,E001,0,gates_full_plus_experiment_gate,0.1,STOP,0,24.0,24.0,0.6666666666666666,0.6524137778985111,0.905424054961272,0,E001,,0.1,ACCEPT_AUTOMATION
E001|H001,E001,0,gates_full_plus_experiment_gate,0.1,STOP,0,24.0,24.0,0.6666666666666666,0.7585017477167764,0.905424054961272,0,E001,,0.1,ACCEPT_AUTOMATION
E001|H002,E001,0,gates_full_plus_experiment_gate,0.1,STOP,0,24.0,24.0,0.6666666666666666,0.7411024748218301,0.905424054961272,0,E001,,0.1,ACCEPT_AUTOMATION
E001|H003,E001,0,gates_full_plus_experiment_gate,0.1,STOP,0,24.0,24.0,0.6666666666666666,0.7454513231228432,0.905424054961272,0,E001,,0.1,ACCEPT_AUTOMATION
E002|A001,E002,0,gates_full_plus_experiment_gate,0.1,CONTINUE,0,72.0,72.0,0.0,,,1,E002,,0.1,ACCEPT_AUTOMATION
E002|A002,E002,0,gates_full_plus_experiment_gate,0.1,STOP,0,60.0,60.0,0.1666666666666666,0.8615619889320028,1.2076823371803267,1,E002,,0.1,ACCEPT_AUTOMATION
E002|A003,E002,0,gates_full_plus_experiment_gate,0.1,STOP,0,60.0,60.0,0.1666666666666666,0.9005343764270274,1.2076823371803267,1,E002,,0.1,ACCEPT_AUTOMATION
E002|A004,E002,0,gates_full_plus_experiment_gate,0.1,CONTINUE,0,72.0,72.0,0.0,,,1,E002,,0.1,ACCEPT_AUTOMATION
E002|A005,E002,0,gates_full_plus_experiment_gate,0.1,STOP,0,60.0,60.0,0.1666666666666666,0.550987267229698,1.2076823371803267,1,E002,,0.1,ACCEPT_AUTOMATION
E002|A006,E002,0,gates_full_plus_experiment_gate,0.1,STOP,0,60.0,60.0,0.1666666666666666,0.975529667071571,1.2076823371803267,1,E002,,0.1,ACCEPT_AUTOMATION
E002|A007,E002,0,gates_full_plus_experiment_gate,0.1,STOP,0,60.0,60.0,0.1666666666666666,0.5835601791357581,1.2076823371803267,1,E002,,0.1,ACCEPT_AUTOMATION
E002|A008,E002,0,gates_full_plus_experiment_gate,0.1,CONTINUE,0,72.0,72.0,0.0,,,1,E002,,0.1,ACCEPT_AUTOMATION
E002|A009,E002,0,gates_full_plus_experiment_gate,0.1,STOP,0,60.0,60.0,0.1666666666666666,0.5983131313316485,1.2076823371803267,1,E002,,0.1,ACCEPT_AUTOMATION
E002|A011,E002,0,gates_full_plus_experiment_gate,0.1,STOP,0,60.0,60.0,0.1666666666666666,1.0538075651347245,1.2076823371803267,1,E002,,0.1,ACCEPT_AUTOMATION
E002|A012,E002,0,gates_full_plus_experiment_gate,0.1,CONTINUE,0,72.0,72.0,0.0,,,1,E002,,0.1,ACCEPT_AUTOMATION
E002|B001,E002,0,gates_full_plus_experiment_gate,0.1,CONTINUE,0,72.0,72.0,0.0,,,1,E002,,0.1,ACCEPT_AUTOMATION
E002|B002,E002,0,gates_full_plus_experiment_gate,0.1,CONTINUE,0,72.0,72.0,0.0,,,1,E002,,0.1,ACCEPT_AUTOMATION
E002|B003,E002,0,gates_full_plus_experiment_gate,0.1,STOP,0,60.0,60.0,0.1666666666666666,0.6388431811415446,1.2076823371803267,1,E002,,0.1,ACCEPT_AUTOMATION
E002|B004,E002,0,gates_full_plus_experiment_gate,0.1,STOP,0,60.0,60.0,0.1666666666666666,0.7499087826634641,1.2076823371803267,1,E002,,0.1,ACCEPT_AUTOMATION
E002|B005,E002,0,gates_full_plus_experiment_gate,0.1,CONTINUE,0,72.0,72.0,0.0,,,1,E002,,0.1,ACCEPT_AUTOMATION
E002|B006,E002,0,gates_full_plus_experiment_gate,0.1,CONTINUE,0,72.0,72.0,0.0,,,1,E002,,0.1,ACCEPT_AUTOMATION
E002|B007,E002,0,gates_full_plus_experiment_gate,0.1,CONTINUE,0,72.0,72.0,0.0,,,1,E002,,0.1,ACCEPT_AUTOMATION
E002|B008,E002,0,gates_full_plus_experiment_gate,0.1,STOP,0,60.0,60.0,0.1666666666666666,0.7649866177638638,1.2076823371803267,1,E002,,0.1,ACCEPT_AUTOMATION
E002|B009,E002,0,gates_full_plus_experiment_gate,0.1,STOP,0,60.0,60.0,0.1666666666666666,0.6448658785585972,1.2076823371803267,1,E002,,0.1,ACCEPT_AUTOMATION
E002|B010,E002,0,gates_full_plus_experiment_gate,0.1,CONTINUE,0,72.0,72.0,0.0,,,1,E002,,0.1,ACCEPT_AUTOMATION
E002|B011,E002,0,gates_full_plus_experiment_gate,0.1,CONTINUE,0,72.0,72.0,0.0,,,1,E002,,0.1,ACCEPT_AUTOMATION
E002|B012,E002,1,gates_full_plus_experiment_gate,0.1,CONTINUE,1,72.0,72.0,0.0,,,1,E002,,0.1,ACCEPT_AUTOMATION
E002|C001,E002,0,gates_full_plus_experiment_gate,0.1,CONTINUE,0,72.0,72.0,0.0,,,1,E002,,0.1,ACCEPT_AUTOMATION
E002|C002,E002,0,gates_full_plus_experiment_gate,0.1,STOP,0,60.0,60.0,0.1666666666666666,0.9497548206752892,1.2076823371803267,1,E002,,0.1,ACCEPT_AUTOMATION
E002|C003,E002,0,gates_full_plus_experiment_gate,0.1,CONTINUE,0,72.0,72.0,0.0,,,1,E002,,0.1,ACCEPT_AUTOMATION
E002|C004,E002,0,gates_full_plus_experiment_gate,0.1,STOP,0,60.0,60.0,0.1666666666666666,0.5273246916065774,1.2076823371803267,1,E002,,0.1,ACCEPT_AUTOMATION
E002|C005,E002,0,gates_full_plus_experiment_gate,0.1,CONTINUE,0,72.0,72.0,0.0,,,1,E002,,0.1,ACCEPT_AUTOMATION
E002|C006,E002,0,gates_full_plus_experiment_gate,0.1,STOP,0,60.0,60.0,0.1666666666666666,0.9952271627835086,1.2076823371803267,1,E002,,0.1,ACCEPT_AUTOMATION
E002|C007,E002,0,gates_full_plus_experiment_gate,0.1,CONTINUE,0,72.0,72.0,0.0,,,1,E002,,0.1,ACCEPT_AUTOMATION
E002|C008,E002,0,gates_full_plus_experiment_gate,0.1,CONTINUE,0,72.0,72.0,0.0,,,1,E002,,0.1,ACCEPT_AUTOMATION
E002|C009,E002,1,gates_full_plus_experiment_gate,0.1,STOP,0,60.0,60.0,0.1666666666666666,0.6503853249075942,1.2076823371803267,1,E002,,0.1,ACCEPT_AUTOMATION
E002|C010,E002,0,gates_full_plus_experiment_gate,0.1,CONTINUE,0,72.0,72.0,0.0,,,1,E002,,0.1,ACCEPT_AUTOMATION
E002|C011,E002,0,gates_full_plus_experiment_gate,0.1,CONTINUE,0,72.0,72.0,0.0,,,1,E002,,0.1,ACCEPT_AUTOMATION
E002|C012,E002,1,gates_full_plus_experiment_gate,0.1,CONTINUE,1,72.0,72.0,0.0,,,1,E002,,0.1,ACCEPT_AUTOMATION
E002|D001,E002,1,gates_full_plus_experiment_gate,0.1,CONTINUE,1,72.0,72.0,0.0,,,1,E002,,0.1,ACCEPT_AUTOMATION
E002|D002,E002,1,gates_full_plus_experiment_gate,0.1,CONTINUE,1,72.0,72.0,0.0,,,1,E002,,0.1,ACCEPT_AUTOMATION
E002|D003,E002,1,gates_full_plus_experiment_gate,0.1,CONTINUE,1,72.0,72.0,0.0,,,1,E002,,0.1,ACCEPT_AUTOMATION
E002|D004,E002,1,gates_full_plus_experiment_gate,0.1,CONTINUE,1,72.0,72.0,0.0,,,1,E002,,0.1,ACCEPT_AUTOMATION
E002|D005,E002,1,gates_full_plus_experiment_gate,0.1,STOP,1,60.0,60.0,0.1666666666666666,0.7324267988211032,1.2076823371803267,1,E002,,0.1,ACCEPT_AUTOMATION
E002|D006,E002,0,gates_full_plus_experiment_gate,0.1,CONTINUE,0,72.0,72.0,0.0,,,1,E002,,0.1,ACCEPT_AUTOMATION
E002|D007,E002,1,gates_full_plus_experiment_gate,0.1,CONTINUE,1,72.0,72.0,0.0,,,1,E002,,0.1,ACCEPT_AUTOMATION
E002|D008,E002,1,gates_full_plus_experiment_gate,0.1,CONTINUE,1,72.0,72.0,0.0,,,1,E002,,0.1,ACCEPT_AUTOMATION
E002|D009,E002,1,gates_full_plus_experiment_gate,0.1,STOP,1,60.0,60.0,0.1666666666666666,0.679702136993381,1.2076823371803267,1,E002,,0.1,ACCEPT_AUTOMATION
E002|D010,E002,1,gates_full_plus_experiment_gate,0.1,CONTINUE,1,72.0,72.0,0.0,,,1,E002,,0.1,ACCEPT_AUTOMATION
E002|D011,E002,1,gates_full_plus_experiment_gate,0.1,CONTINUE,1,72.0,72.0,0.0,,,1,E002,,0.1,ACCEPT_AUTOMATION
E002|D012,E002,1,gates_full_plus_experiment_gate,0.1,CONTINUE,1,72.0,72.0,0.0,,,1,E002,,0.1,ACCEPT_AUTOMATION
E002|E001,E002,0,gates_full_plus_experiment_gate,0.1,STOP,0,60.0,60.0,0.1666666666666666,0.9546724742421916,1.2076823371803267,1,E002,,0.1,ACCEPT_AUTOMATION
E002|E002,E002,0,gates_full_plus_experiment_gate,0.1,ABSTAIN,0,72.0,72.0,0.0,1.4123399341128178,1.2076823371803267,1,E002,,0.1,ACCEPT_AUTOMATION
E002|E003,E002,0,gates_full_plus_experiment_gate,0.1,CONTINUE,0,72.0,72.0,0.0,,,1,E002,,0.1,ACCEPT_AUTOMATION
E002|E004,E002,1,gates_full_plus_experiment_gate,0.1,ABSTAIN,0,72.0,72.0,0.0,3.9949209902462,1.2076823371803267,1,E002,,0.1,ACCEPT_AUTOMATION
E002|E005,E002,0,gates_full_plus_experiment_gate,0.1,CONTINUE,0,72.0,72.0,0.0,,,1,E002,,0.1,ACCEPT_AUTOMATION
E002|E006,E002,0,gates_full_plus_experiment_gate,0.1,STOP,0,60.0,60.0,0.1666666666666666,0.8012532238480993,1.2076823371803267,1,E002,,0.1,ACCEPT_AUTOMATION
E002|E007,E002,0,gates_full_plus_experiment_gate,0.1,STOP,0,60.0,60.0,0.1666666666666666,0.9565423811317252,1.2076823371803267,1,E002,,0.1,ACCEPT_AUTOMATION
E002|E008,E002,1,gates_full_plus_experiment_gate,0.1,STOP,1,60.0,60.0,0.1666666666666666,0.8752770949425048,1.2076823371803267,1,E002,,0.1,ACCEPT_AUTOMATION
E002|E009,E002,1,gates_full_plus_experiment_gate,0.1,STOP,0,60.0,60.0,0.1666666666666666,0.9155224819592532,1.2076823371803267,1,E002,,0.1,ACCEPT_AUTOMATION
E002|E010,E002,1,gates_full_plus_experiment_gate,0.1,CONTINUE,1,72.0,72.0,0.0,,,1,E002,,0.1,ACCEPT_AUTOMATION
E002|E011,E002,1,gates_full_plus_experiment_gate,0.1,CONTINUE,1,72.0,72.0,0.0,,,1,E002,,0.1,ACCEPT_AUTOMATION
E002|E012,E002,1,gates_full_plus_experiment_gate,0.1,CONTINUE,1,72.0,72.0,0.0,,,1,E002,,0.1,ACCEPT_AUTOMATION
E002|F001,E002,0,gates_full_plus_experiment_gate,0.1,STOP,0,60.0,60.0,0.1666666666666666,0.5102754185187904,1.2076823371803267,1,E002,,0.1,ACCEPT_AUTOMATION
E002|F002,E002,0,gates_full_plus_experiment_gate,0.1,CONTINUE,0,72.0,72.0,0.0,,,1,E002,,0.1,ACCEPT_AUTOMATION
E002|F003,E002,0,gates_full_plus_experiment_gate,0.1,CONTINUE,0,72.0,72.0,0.0,,,1,E002,,0.1,ACCEPT_AUTOMATION
E002|F004,E002,0,gates_full_plus_experiment_gate,0.1,CONTINUE,0,72.0,72.0,0.0,,,1,E002,,0.1,ACCEPT_AUTOMATION
E002|F005,E002,0,gates_full_plus_experiment_gate,0.1,STOP,0,60.0,60.0,0.1666666666666666,0.9089715732282784,1.2076823371803267,1,E002,,0.1,ACCEPT_AUTOMATION
E002|F006,E002,0,gates_full_plus_experiment_gate,0.1,STOP,0,60.0,60.0,0.1666666666666666,0.6547785333947438,1.2076823371803267,1,E002,,0.1,ACCEPT_AUTOMATION
E002|F007,E002,0,gates_full_plus_experiment_gate,0.1,STOP,0,60.0,60.0,0.1666666666666666,0.5080025852541983,1.2076823371803267,1,E002,,0.1,ACCEPT_AUTOMATION
E002|F008,E002,0,gates_full_plus_experiment_gate,0.1,STOP,0,60.0,60.0,0.1666666666666666,0.6740623760647217,1.2076823371803267,1,E002,,0.1,ACCEPT_AUTOMATION
E002|F009,E002,0,gates_full_plus_experiment_gate,0.1,CONTINUE,0,72.0,72.0,0.0,,,1,E002,,0.1,ACCEPT_AUTOMATION
E002|F010,E002,0,gates_full_plus_experiment_gate,0.1,ABSTAIN,0,72.0,72.0,0.0,2.108366257026948,1.2076823371803267,1,E002,,0.1,ACCEPT_AUTOMATION
E002|F011,E002,0,gates_full_plus_experiment_gate,0.1,STOP,0,60.0,60.0,0.1666666666666666,0.782864581477565,1.2076823371803267,1,E002,,0.1,ACCEPT_AUTOMATION
E002|F012,E002,0,gates_full_plus_experiment_gate,0.1,STOP,0,60.0,60.0,0.1666666666666666,0.992765425284922,1.2076823371803267,1,E002,,0.1,ACCEPT_AUTOMATION
E002|G001,E002,0,gates_full_plus_experiment_gate,0.1,CONTINUE,0,72.0,72.0,0.0,,,1,E002,,0.1,ACCEPT_AUTOMATION
E002|G002,E002,0,gates_full_plus_experiment_gate,0.1,CONTINUE,0,72.0,72.0,0.0,,,1,E002,,0.1,ACCEPT_AUTOMATION
E002|G003,E002,0,gates_full_plus_experiment_gate,0.1,CONTINUE,0,72.0,72.0,0.0,,,1,E002,,0.1,ACCEPT_AUTOMATION
E002|G004,E002,0,gates_full_plus_experiment_gate,0.1,STOP,0,60.0,60.0,0.1666666666666666,0.8753469615610943,1.2076823371803267,1,E002,,0.1,ACCEPT_AUTOMATION
E002|G005,E002,0,gates_full_plus_experiment_gate,0.1,STOP,0,60.0,60.0,0.1666666666666666,0.6251290453543155,1.2076823371803267,1,E002,,0.1,ACCEPT_AUTOMATION
E002|G006,E002,0,gates_full_plus_experiment_gate,0.1,CONTINUE,0,72.0,72.0,0.0,,,1,E002,,0.1,ACCEPT_AUTOMATION
E002|G007,E002,0,gates_full_plus_experiment_gate,0.1,STOP,0,60.0,60.0,0.1666666666666666,0.7109172161834172,1.2076823371803267,1,E002,,0.1,ACCEPT_AUTOMATION
E002|G008,E002,0,gates_full_plus_experiment_gate,0.1,CONTINUE,0,72.0,72.0,0.0,,,1,E002,,0.1,ACCEPT_AUTOMATION
E002|G009,E002,0,gates_full_plus_experiment_gate,0.1,CONTINUE,0,72.0,72.0,0.0,,,1,E002,,0.1,ACCEPT_AUTOMATION
E002|G010,E002,0,gates_full_plus_experiment_gate,0.1,STOP,0,60.0,60.0,0.1666666666666666,0.7076698925038076,1.2076823371803267,1,E002,,0.1,ACCEPT_AUTOMATION
E002|G011,E002,0,gates_full_plus_experiment_gate,0.1,CONTINUE,0,72.0,72.0,0.0,,,1,E002,,0.1,ACCEPT_AUTOMATION
E002|G012,E002,0,gates_full_plus_experiment_gate,0.1,CONTINUE,0,72.0,72.0,0.0,,,1,E002,,0.1,ACCEPT_AUTOMATION
E002|H001,E002,1,gates_full_plus_experiment_gate,0.1,CONTINUE,1,72.0,72.0,0.0,,,1,E002,,0.1,ACCEPT_AUTOMATION
E002|H002,E002,0,gates_full_plus_experiment_gate,0.1,CONTINUE,0,72.0,72.0,0.0,,,1,E002,,0.1,ACCEPT_AUTOMATION
E002|H004,E002,0,gates_full_plus_experiment_gate,0.1,CONTINUE,0,72.0,72.0,0.0,,,1,E002,,0.1,ACCEPT_AUTOMATION
E002|H005,E002,0,gates_full_plus_experiment_gate,0.1,STOP,0,60.0,60.0,0.1666666666666666,0.7793155121957572,1.2076823371803267,1,E002,,0.1,ACCEPT_AUTOMATION
E002|H006,E002,0,gates_full_plus_experiment_gate,0.1,STOP,0,60.0,60.0,0.1666666666666666,0.605730337739292,1.2076823371803267,1,E002,,0.1,ACCEPT_AUTOMATION
E002|H007,E002,0,gates_full_plus_experiment_gate,0.1,STOP,0,60.0,60.0,0.1666666666666666,0.846261297978565,1.2076823371803267,1,E002,,0.1,ACCEPT_AUTOMATION
E002|H008,E002,0,gates_full_plus_experiment_gate,0.1,CONTINUE,0,72.0,72.0,0.0,,,1,E002,,0.1,ACCEPT_AUTOMATION
E002|H009,E002,0,gates_full_plus_experiment_gate,0.1,STOP,0,60.0,60.0,0.1666666666666666,0.9379514551697656,1.2076823371803267,1,E002,,0.1,ACCEPT_AUTOMATION
E002|H010,E002,0,gates_full_plus_experiment_gate,0.1,STOP,0,60.0,60.0,0.1666666666666666,1.19655054228059,1.2076823371803267,1,E002,,0.1,ACCEPT_AUTOMATION
E004|A001,E004,0,gates_full_plus_experiment_gate,0.1,ABSTAIN,0,72.0,72.0,0.0,0.4513959781733108,1.2036727237958629,2,E004,,0.1,REFUSE_EARLY_STOPPING
E004|A002,E004,0,gates_full_plus_experiment_gate,0.1,ABSTAIN,0,72.0,72.0,0.0,0.4414998642415107,1.2036727237958629,2,E004,,0.1,REFUSE_EARLY_STOPPING
E004|A003,E004,0,gates_full_plus_experiment_gate,0.1,ABSTAIN,0,72.0,72.0,0.0,0.282314500469884,1.2036727237958629,2,E004,,0.1,REFUSE_EARLY_STOPPING
E004|A004,E004,0,gates_full_plus_experiment_gate,0.1,ABSTAIN,0,72.0,72.0,0.0,0.4213737893799658,1.2036727237958629,2,E004,,0.1,REFUSE_EARLY_STOPPING
E004|A005,E004,0,gates_full_plus_experiment_gate,0.1,ABSTAIN,0,72.0,72.0,0.0,0.3593657789416642,1.2036727237958629,2,E004,,0.1,REFUSE_EARLY_STOPPING
E004|A006,E004,0,gates_full_plus_experiment_gate,0.1,ABSTAIN,0,72.0,72.0,0.0,0.5156145829959538,1.2036727237958629,2,E004,,0.1,REFUSE_EARLY_STOPPING
E004|A007,E004,0,gates_full_plus_experiment_gate,0.1,ABSTAIN,0,72.0,72.0,0.0,0.378828751070799,1.2036727237958629,2,E004,,0.1,REFUSE_EARLY_STOPPING
E004|A008,E004,0,gates_full_plus_experiment_gate,0.1,ABSTAIN,0,72.0,72.0,0.0,0.3773304427343469,1.2036727237958629,2,E004,,0.1,REFUSE_EARLY_STOPPING
E004|A009,E004,0,gates_full_plus_experiment_gate,0.1,ABSTAIN,0,72.0,72.0,0.0,0.278310010197884,1.2036727237958629,2,E004,,0.1,REFUSE_EARLY_STOPPING
E004|A010,E004,0,gates_full_plus_experiment_gate,0.1,ABSTAIN,0,72.0,72.0,0.0,0.6626012532624983,1.2036727237958629,2,E004,,0.1,REFUSE_EARLY_STOPPING
E004|A011,E004,0,gates_full_plus_experiment_gate,0.1,ABSTAIN,0,72.0,72.0,0.0,0.5263625371815932,1.2036727237958629,2,E004,,0.1,REFUSE_EARLY_STOPPING
E004|A012,E004,0,gates_full_plus_experiment_gate,0.1,ABSTAIN,0,72.0,72.0,0.0,0.3253185263504625,1.2036727237958629,2,E004,,0.1,REFUSE_EARLY_STOPPING
E004|B001,E004,0,gates_full_plus_experiment_gate,0.1,ABSTAIN,0,72.0,72.0,0.0,0.6390914736679336,1.2036727237958629,2,E004,,0.1,REFUSE_EARLY_STOPPING
E004|B002,E004,0,gates_full_plus_experiment_gate,0.1,ABSTAIN,0,72.0,72.0,0.0,0.353351011397814,1.2036727237958629,2,E004,,0.1,REFUSE_EARLY_STOPPING
E004|B003,E004,0,gates_full_plus_experiment_gate,0.1,ABSTAIN,0,72.0,72.0,0.0,0.5002774750131688,1.2036727237958629,2,E004,,0.1,REFUSE_EARLY_STOPPING
E004|B004,E004,0,gates_full_plus_experiment_gate,0.1,ABSTAIN,0,72.0,72.0,0.0,0.3558773816629076,1.2036727237958629,2,E004,,0.1,REFUSE_EARLY_STOPPING
E004|B005,E004,0,gates_full_plus_experiment_gate,0.1,ABSTAIN,0,72.0,72.0,0.0,0.3280908361427353,1.2036727237958629,2,E004,,0.1,REFUSE_EARLY_STOPPING
E004|B006,E004,0,gates_full_plus_experiment_gate,0.1,ABSTAIN,0,72.0,72.0,0.0,0.2372939319794519,1.2036727237958629,2,E004,,0.1,REFUSE_EARLY_STOPPING
E004|B007,E004,0,gates_full_plus_experiment_gate,0.1,ABSTAIN,0,72.0,72.0,0.0,0.2988031790667479,1.2036727237958629,2,E004,,0.1,REFUSE_EARLY_STOPPING
E004|B008,E004,0,gates_full_plus_experiment_gate,0.1,ABSTAIN,0,72.0,72.0,0.0,0.488228458284553,1.2036727237958629,2,E004,,0.1,REFUSE_EARLY_STOPPING
E004|B009,E004,0,gates_full_plus_experiment_gate,0.1,ABSTAIN,0,72.0,72.0,0.0,0.2891771320295796,1.2036727237958629,2,E004,,0.1,REFUSE_EARLY_STOPPING
E004|B010,E004,0,gates_full_plus_experiment_gate,0.1,ABSTAIN,0,72.0,72.0,0.0,,,2,E004,,0.1,REFUSE_EARLY_STOPPING
E004|B011,E004,0,gates_full_plus_experiment_gate,0.1,ABSTAIN,0,72.0,72.0,0.0,0.5188075434876055,1.2036727237958629,2,E004,,0.1,REFUSE_EARLY_STOPPING
E004|B012,E004,0,gates_full_plus_experiment_gate,0.1,ABSTAIN,0,72.0,72.0,0.0,0.4370890255988309,1.2036727237958629,2,E004,,0.1,REFUSE_EARLY_STOPPING
E004|C001,E004,0,gates_full_plus_experiment_gate,0.1,ABSTAIN,0,72.0,72.0,0.0,0.4435491318256126,1.2036727237958629,2,E004,,0.1,REFUSE_EARLY_STOPPING
E004|C002,E004,0,gates_full_plus_experiment_gate,0.1,ABSTAIN,0,72.0,72.0,0.0,0.3582024832479184,1.2036727237958629,2,E004,,0.1,REFUSE_EARLY_STOPPING
E004|C003,E004,0,gates_full_plus_experiment_gate,0.1,ABSTAIN,0,72.0,72.0,0.0,0.2612047421380863,1.2036727237958629,2,E004,,0.1,REFUSE_EARLY_STOPPING
E004|C004,E004,0,gates_full_plus_experiment_gate,0.1,ABSTAIN,0,72.0,72.0,0.0,0.3575530508633701,1.2036727237958629,2,E004,,0.1,REFUSE_EARLY_STOPPING
E004|C005,E004,0,gates_full_plus_experiment_gate,0.1,ABSTAIN,0,72.0,72.0,0.0,0.332863534630585,1.2036727237958629,2,E004,,0.1,REFUSE_EARLY_STOPPING
E004|C006,E004,0,gates_full_plus_experiment_gate,0.1,ABSTAIN,0,72.0,72.0,0.0,,,2,E004,,0.1,REFUSE_EARLY_STOPPING
E004|C007,E004,0,gates_full_plus_experiment_gate,0.1,ABSTAIN,0,72.0,72.0,0.0,0.470832971840874,1.2036727237958629,2,E004,,0.1,REFUSE_EARLY_STOPPING
E004|C008,E004,0,gates_full_plus_experiment_gate,0.1,ABSTAIN,0,72.0,72.0,0.0,0.3192226768024106,1.2036727237958629,2,E004,,0.1,REFUSE_EARLY_STOPPING
E004|C009,E004,0,gates_full_plus_experiment_gate,0.1,ABSTAIN,0,72.0,72.0,0.0,0.3910235222089419,1.2036727237958629,2,E004,,0.1,REFUSE_EARLY_STOPPING
E004|C010,E004,0,gates_full_plus_experiment_gate,0.1,ABSTAIN,0,72.0,72.0,0.0,0.3973342645911719,1.2036727237958629,2,E004,,0.1,REFUSE_EARLY_STOPPING
E004|C011,E004,0,gates_full_plus_experiment_gate,0.1,ABSTAIN,0,72.0,72.0,0.0,,,2,E004,,0.1,REFUSE_EARLY_STOPPING
E004|C012,E004,0,gates_full_plus_experiment_gate,0.1,ABSTAIN,0,72.0,72.0,0.0,0.4439695324884286,1.2036727237958629,2,E004,,0.1,REFUSE_EARLY_STOPPING
E004|D001,E004,0,gates_full_plus_experiment_gate,0.1,ABSTAIN,0,72.0,72.0,0.0,0.3235475459798584,1.2036727237958629,2,E004,,0.1,REFUSE_EARLY_STOPPING
E004|D002,E004,0,gates_full_plus_experiment_gate,0.1,ABSTAIN,0,72.0,72.0,0.0,0.3540772792250756,1.2036727237958629,2,E004,,0.1,REFUSE_EARLY_STOPPING
E004|D003,E004,0,gates_full_plus_experiment_gate,0.1,ABSTAIN,0,72.0,72.0,0.0,0.4700469240307844,1.2036727237958629,2,E004,,0.1,REFUSE_EARLY_STOPPING
E004|D004,E004,0,gates_full_plus_experiment_gate,0.1,ABSTAIN,0,72.0,72.0,0.0,0.2903522548914234,1.2036727237958629,2,E004,,0.1,REFUSE_EARLY_STOPPING
E004|D005,E004,0,gates_full_plus_experiment_gate,0.1,ABSTAIN,0,72.0,72.0,0.0,,,2,E004,,0.1,REFUSE_EARLY_STOPPING
E004|D006,E004,0,gates_full_plus_experiment_gate,0.1,ABSTAIN,0,72.0,72.0,0.0,0.2700578108440675,1.2036727237958629,2,E004,,0.1,REFUSE_EARLY_STOPPING
E004|D007,E004,0,gates_full_plus_experiment_gate,0.1,ABSTAIN,0,72.0,72.0,0.0,,,2,E004,,0.1,REFUSE_EARLY_STOPPING
E004|D008,E004,0,gates_full_plus_experiment_gate,0.1,ABSTAIN,0,72.0,72.0,0.0,0.2799837371773711,1.2036727237958629,2,E004,,0.1,REFUSE_EARLY_STOPPING
E004|D009,E004,0,gates_full_plus_experiment_gate,0.1,ABSTAIN,0,72.0,72.0,0.0,,,2,E004,,0.1,REFUSE_EARLY_STOPPING
E004|D010,E004,0,gates_full_plus_experiment_gate,0.1,ABSTAIN,0,72.0,72.0,0.0,0.3900941968281877,1.2036727237958629,2,E004,,0.1,REFUSE_EARLY_STOPPING
E004|D011,E004,0,gates_full_plus_experiment_gate,0.1,ABSTAIN,0,72.0,72.0,0.0,,,2,E004,,0.1,REFUSE_EARLY_STOPPING
E004|D012,E004,0,gates_full_plus_experiment_gate,0.1,ABSTAIN,0,72.0,72.0,0.0,,,2,E004,,0.1,REFUSE_EARLY_STOPPING
E004|E001,E004,0,gates_full_plus_experiment_gate,0.1,ABSTAIN,0,72.0,72.0,0.0,,,2,E004,,0.1,REFUSE_EARLY_STOPPING
E004|E002,E004,0,gates_full_plus_experiment_gate,0.1,ABSTAIN,0,72.0,72.0,0.0,,,2,E004,,0.1,REFUSE_EARLY_STOPPING
E004|E003,E004,0,gates_full_plus_experiment_gate,0.1,ABSTAIN,0,72.0,72.0,0.0,,,2,E004,,0.1,REFUSE_EARLY_STOPPING
E004|E004,E004,0,gates_full_plus_experiment_gate,0.1,ABSTAIN,0,72.0,72.0,0.0,,,2,E004,,0.1,REFUSE_EARLY_STOPPING
E004|E005,E004,0,gates_full_plus_experiment_gate,0.1,ABSTAIN,0,72.0,72.0,0.0,0.3245393939546931,1.2036727237958629,2,E004,,0.1,REFUSE_EARLY_STOPPING
E004|E006,E004,0,gates_full_plus_experiment_gate,0.1,ABSTAIN,0,72.0,72.0,0.0,0.345563548989092,1.2036727237958629,2,E004,,0.1,REFUSE_EARLY_STOPPING
E004|E007,E004,0,gates_full_plus_experiment_gate,0.1,ABSTAIN,0,72.0,72.0,0.0,,,2,E004,,0.1,REFUSE_EARLY_STOPPING
E004|E008,E004,0,gates_full_plus_experiment_gate,0.1,ABSTAIN,0,72.0,72.0,0.0,0.3904574099467425,1.2036727237958629,2,E004,,0.1,REFUSE_EARLY_STOPPING
E004|E009,E004,0,gates_full_plus_experiment_gate,0.1,ABSTAIN,0,72.0,72.0,0.0,,,2,E004,,0.1,REFUSE_EARLY_STOPPING
E004|E010,E004,0,gates_full_plus_experiment_gate,0.1,ABSTAIN,0,72.0,72.0,0.0,,,2,E004,,0.1,REFUSE_EARLY_STOPPING
E004|E011,E004,0,gates_full_plus_experiment_gate,0.1,ABSTAIN,0,72.0,72.0,0.0,,,2,E004,,0.1,REFUSE_EARLY_STOPPING
E004|E012,E004,0,gates_full_plus_experiment_gate,0.1,ABSTAIN,0,72.0,72.0,0.0,0.4985783718618178,1.2036727237958629,2,E004,,0.1,REFUSE_EARLY_STOPPING
E004|F001,E004,0,gates_full_plus_experiment_gate,0.1,ABSTAIN,0,72.0,72.0,0.0,0.3977489989344205,1.2036727237958629,2,E004,,0.1,REFUSE_EARLY_STOPPING
E004|F002,E004,0,gates_full_plus_experiment_gate,0.1,ABSTAIN,0,72.0,72.0,0.0,0.4643357408537527,1.2036727237958629,2,E004,,0.1,REFUSE_EARLY_STOPPING
E004|F003,E004,0,gates_full_plus_experiment_gate,0.1,ABSTAIN,0,72.0,72.0,0.0,0.2683960687460991,1.2036727237958629,2,E004,,0.1,REFUSE_EARLY_STOPPING
E004|F004,E004,0,gates_full_plus_experiment_gate,0.1,ABSTAIN,0,72.0,72.0,0.0,0.3040437339545552,1.2036727237958629,2,E004,,0.1,REFUSE_EARLY_STOPPING
E004|F005,E004,0,gates_full_plus_experiment_gate,0.1,ABSTAIN,0,72.0,72.0,0.0,,,2,E004,,0.1,REFUSE_EARLY_STOPPING
E004|F006,E004,0,gates_full_plus_experiment_gate,0.1,ABSTAIN,0,72.0,72.0,0.0,0.3455271264096458,1.2036727237958629,2,E004,,0.1,REFUSE_EARLY_STOPPING
E004|F007,E004,0,gates_full_plus_experiment_gate,0.1,ABSTAIN,0,72.0,72.0,0.0,0.327255904943117,1.2036727237958629,2,E004,,0.1,REFUSE_EARLY_STOPPING
E004|F008,E004,0,gates_full_plus_experiment_gate,0.1,ABSTAIN,0,72.0,72.0,0.0,0.2408175465827286,1.2036727237958629,2,E004,,0.1,REFUSE_EARLY_STOPPING
E004|F009,E004,0,gates_full_plus_experiment_gate,0.1,ABSTAIN,0,72.0,72.0,0.0,,,2,E004,,0.1,REFUSE_EARLY_STOPPING
E004|F010,E004,0,gates_full_plus_experiment_gate,0.1,ABSTAIN,0,72.0,72.0,0.0,0.3985602757267314,1.2036727237958629,2,E004,,0.1,REFUSE_EARLY_STOPPING
E004|F011,E004,0,gates_full_plus_experiment_gate,0.1,ABSTAIN,0,72.0,72.0,0.0,0.3978301250506164,1.2036727237958629,2,E004,,0.1,REFUSE_EARLY_STOPPING
E004|F012,E004,0,gates_full_plus_experiment_gate,0.1,ABSTAIN,0,72.0,72.0,0.0,,,2,E004,,0.1,REFUSE_EARLY_STOPPING
E004|G001,E004,0,gates_full_plus_experiment_gate,0.1,ABSTAIN,0,72.0,72.0,0.0,0.3970495289614016,1.2036727237958629,2,E004,,0.1,REFUSE_EARLY_STOPPING
E004|G002,E004,0,gates_full_plus_experiment_gate,0.1,ABSTAIN,0,72.0,72.0,0.0,0.4321197840490626,1.2036727237958629,2,E004,,0.1,REFUSE_EARLY_STOPPING
E004|G003,E004,0,gates_full_plus_experiment_gate,0.1,ABSTAIN,0,72.0,72.0,0.0,0.2583888182169226,1.2036727237958629,2,E004,,0.1,REFUSE_EARLY_STOPPING
E004|G004,E004,0,gates_full_plus_experiment_gate,0.1,ABSTAIN,0,72.0,72.0,0.0,0.3065672959211061,1.2036727237958629,2,E004,,0.1,REFUSE_EARLY_STOPPING
E004|G005,E004,0,gates_full_plus_experiment_gate,0.1,ABSTAIN,0,72.0,72.0,0.0,0.3787765371856197,1.2036727237958629,2,E004,,0.1,REFUSE_EARLY_STOPPING
E004|G006,E004,0,gates_full_plus_experiment_gate,0.1,ABSTAIN,0,72.0,72.0,0.0,0.3191897431699482,1.2036727237958629,2,E004,,0.1,REFUSE_EARLY_STOPPING
E004|G007,E004,0,gates_full_plus_experiment_gate,0.1,ABSTAIN,0,72.0,72.0,0.0,0.4535224664520557,1.2036727237958629,2,E004,,0.1,REFUSE_EARLY_STOPPING
E004|G008,E004,0,gates_full_plus_experiment_gate,0.1,ABSTAIN,0,72.0,72.0,0.0,0.3565049707141246,1.2036727237958629,2,E004,,0.1,REFUSE_EARLY_STOPPING
E004|G009,E004,0,gates_full_plus_experiment_gate,0.1,ABSTAIN,0,72.0,72.0,0.0,,,2,E004,,0.1,REFUSE_EARLY_STOPPING
E004|G010,E004,0,gates_full_plus_experiment_gate,0.1,ABSTAIN,0,72.0,72.0,0.0,,,2,E004,,0.1,REFUSE_EARLY_STOPPING
E004|G011,E004,0,gates_full_plus_experiment_gate,0.1,ABSTAIN,0,72.0,72.0,0.0,0.4010304387483918,1.2036727237958629,2,E004,,0.1,REFUSE_EARLY_STOPPING
E004|G012,E004,0,gates_full_plus_experiment_gate,0.1,ABSTAIN,0,72.0,72.0,0.0,0.4860994201546201,1.2036727237958629,2,E004,,0.1,REFUSE_EARLY_STOPPING
E004|H001,E004,0,gates_full_plus_experiment_gate,0.1,ABSTAIN,0,72.0,72.0,0.0,,,2,E004,,0.1,REFUSE_EARLY_STOPPING
E004|H002,E004,0,gates_full_plus_experiment_gate,0.1,ABSTAIN,0,72.0,72.0,0.0,0.4728052677603888,1.2036727237958629,2,E004,,0.1,REFUSE_EARLY_STOPPING
E004|H003,E004,0,gates_full_plus_experiment_gate,0.1,ABSTAIN,0,72.0,72.0,0.0,0.5039774292561467,1.2036727237958629,2,E004,,0.1,REFUSE_EARLY_STOPPING
E004|H004,E004,0,gates_full_plus_experiment_gate,0.1,ABSTAIN,0,72.0,72.0,0.0,0.4912736561728305,1.2036727237958629,2,E004,,0.1,REFUSE_EARLY_STOPPING
E004|H005,E004,0,gates_full_plus_experiment_gate,0.1,ABSTAIN,0,72.0,72.0,0.0,0.4608620011585946,1.2036727237958629,2,E004,,0.1,REFUSE_EARLY_STOPPING
E004|H006,E004,0,gates_full_plus_experiment_gate,0.1,ABSTAIN,0,72.0,72.0,0.0,0.6454047474084369,1.2036727237958629,2,E004,,0.1,REFUSE_EARLY_STOPPING
E004|H007,E004,0,gates_full_plus_experiment_gate,0.1,ABSTAIN,0,72.0,72.0,0.0,0.711367483838256,1.2036727237958629,2,E004,,0.1,REFUSE_EARLY_STOPPING
E004|H008,E004,0,gates_full_plus_experiment_gate,0.1,ABSTAIN,0,72.0,72.0,0.0,0.3832118045476598,1.2036727237958629,2,E004,,0.1,REFUSE_EARLY_STOPPING
E004|H009,E004,0,gates_full_plus_experiment_gate,0.1,ABSTAIN,0,72.0,72.0,0.0,0.446455349298214,1.2036727237958629,2,E004,,0.1,REFUSE_EARLY_STOPPING
E004|H010,E004,0,gates_full_plus_experiment_gate,0.1,ABSTAIN,0,72.0,72.0,0.0,0.4612342183163093,1.2036727237958629,2,E004,,0.1,REFUSE_EARLY_STOPPING
E004|H011,E004,0,gates_full_plus_experiment_gate,0.1,ABSTAIN,0,72.0,72.0,0.0,,,2,E004,,0.1,REFUSE_EARLY_STOPPING
E004|H012,E004,0,gates_full_plus_experiment_gate,0.1,ABSTAIN,0,72.0,72.0,0.0,,,2,E004,,0.1,REFUSE_EARLY_STOPPING
E005|A001,E005,0,gates_full_plus_experiment_gate,0.1,ABSTAIN,0,72.0,72.0,0.0,,,3,E005,,0.1,REFUSE_EARLY_STOPPING
E005|A002,E005,0,gates_full_plus_experiment_gate,0.1,ABSTAIN,0,72.0,72.0,0.0,,,3,E005,,0.1,REFUSE_EARLY_STOPPING
E005|A003,E005,0,gates_full_plus_experiment_gate,0.1,ABSTAIN,0,72.0,72.0,0.0,,,3,E005,,0.1,REFUSE_EARLY_STOPPING
E005|A004,E005,0,gates_full_plus_experiment_gate,0.1,ABSTAIN,0,72.0,72.0,0.0,,,3,E005,,0.1,REFUSE_EARLY_STOPPING
E005|A005,E005,0,gates_full_plus_experiment_gate,0.1,ABSTAIN,0,72.0,72.0,0.0,,,3,E005,,0.1,REFUSE_EARLY_STOPPING
E005|A006,E005,0,gates_full_plus_experiment_gate,0.1,ABSTAIN,0,72.0,72.0,0.0,,,3,E005,,0.1,REFUSE_EARLY_STOPPING
E005|A007,E005,0,gates_full_plus_experiment_gate,0.1,ABSTAIN,0,72.0,72.0,0.0,,,3,E005,,0.1,REFUSE_EARLY_STOPPING
E005|A008,E005,0,gates_full_plus_experiment_gate,0.1,ABSTAIN,0,72.0,72.0,0.0,,,3,E005,,0.1,REFUSE_EARLY_STOPPING
E005|A009,E005,0,gates_full_plus_experiment_gate,0.1,ABSTAIN,0,72.0,72.0,0.0,,,3,E005,,0.1,REFUSE_EARLY_STOPPING
E005|A010,E005,0,gates_full_plus_experiment_gate,0.1,ABSTAIN,0,72.0,72.0,0.0,,,3,E005,,0.1,REFUSE_EARLY_STOPPING
E005|A011,E005,0,gates_full_plus_experiment_gate,0.1,ABSTAIN,0,72.0,72.0,0.0,,,3,E005,,0.1,REFUSE_EARLY_STOPPING
E005|A012,E005,0,gates_full_plus_experiment_gate,0.1,ABSTAIN,0,72.0,72.0,0.0,,,3,E005,,0.1,REFUSE_EARLY_STOPPING
E005|B001,E005,1,gates_full_plus_experiment_gate,0.1,ABSTAIN,1,72.0,72.0,0.0,,,3,E005,,0.1,REFUSE_EARLY_STOPPING
E005|B002,E005,1,gates_full_plus_experiment_gate,0.1,ABSTAIN,1,72.0,72.0,0.0,,,3,E005,,0.1,REFUSE_EARLY_STOPPING
E005|B003,E005,0,gates_full_plus_experiment_gate,0.1,ABSTAIN,0,72.0,72.0,0.0,,,3,E005,,0.1,REFUSE_EARLY_STOPPING
E005|B004,E005,0,gates_full_plus_experiment_gate,0.1,ABSTAIN,0,72.0,72.0,0.0,,,3,E005,,0.1,REFUSE_EARLY_STOPPING
E005|B005,E005,1,gates_full_plus_experiment_gate,0.1,ABSTAIN,1,72.0,72.0,0.0,,,3,E005,,0.1,REFUSE_EARLY_STOPPING
E005|B006,E005,1,gates_full_plus_experiment_gate,0.1,ABSTAIN,1,72.0,72.0,0.0,,,3,E005,,0.1,REFUSE_EARLY_STOPPING
E005|B007,E005,0,gates_full_plus_experiment_gate,0.1,ABSTAIN,0,72.0,72.0,0.0,,,3,E005,,0.1,REFUSE_EARLY_STOPPING
E005|B008,E005,1,gates_full_plus_experiment_gate,0.1,ABSTAIN,1,72.0,72.0,0.0,,,3,E005,,0.1,REFUSE_EARLY_STOPPING
E005|B009,E005,1,gates_full_plus_experiment_gate,0.1,ABSTAIN,1,72.0,72.0,0.0,,,3,E005,,0.1,REFUSE_EARLY_STOPPING
E005|B010,E005,1,gates_full_plus_experiment_gate,0.1,ABSTAIN,1,72.0,72.0,0.0,,,3,E005,,0.1,REFUSE_EARLY_STOPPING
E005|B011,E005,1,gates_full_plus_experiment_gate,0.1,ABSTAIN,1,72.0,72.0,0.0,,,3,E005,,0.1,REFUSE_EARLY_STOPPING
E005|B012,E005,1,gates_full_plus_experiment_gate,0.1,ABSTAIN,1,72.0,72.0,0.0,,,3,E005,,0.1,REFUSE_EARLY_STOPPING
E005|C001,E005,1,gates_full_plus_experiment_gate,0.1,ABSTAIN,1,72.0,72.0,0.0,,,3,E005,,0.1,REFUSE_EARLY_STOPPING
E005|C002,E005,1,gates_full_plus_experiment_gate,0.1,ABSTAIN,1,72.0,72.0,0.0,,,3,E005,,0.1,REFUSE_EARLY_STOPPING
E005|C003,E005,0,gates_full_plus_experiment_gate,0.1,ABSTAIN,0,72.0,72.0,0.0,,,3,E005,,0.1,REFUSE_EARLY_STOPPING
E005|C004,E005,1,gates_full_plus_experiment_gate,0.1,ABSTAIN,1,72.0,72.0,0.0,,,3,E005,,0.1,REFUSE_EARLY_STOPPING
E005|C005,E005,1,gates_full_plus_experiment_gate,0.1,ABSTAIN,1,72.0,72.0,0.0,,,3,E005,,0.1,REFUSE_EARLY_STOPPING
E005|C006,E005,1,gates_full_plus_experiment_gate,0.1,ABSTAIN,1,72.0,72.0,0.0,,,3,E005,,0.1,REFUSE_EARLY_STOPPING
E005|C007,E005,1,gates_full_plus_experiment_gate,0.1,ABSTAIN,1,72.0,72.0,0.0,,,3,E005,,0.1,REFUSE_EARLY_STOPPING
E005|C008,E005,1,gates_full_plus_experiment_gate,0.1,ABSTAIN,1,72.0,72.0,0.0,,,3,E005,,0.1,REFUSE_EARLY_STOPPING
E005|C009,E005,1,gates_full_plus_experiment_gate,0.1,ABSTAIN,1,72.0,72.0,0.0,,,3,E005,,0.1,REFUSE_EARLY_STOPPING
E005|C010,E005,0,gates_full_plus_experiment_gate,0.1,ABSTAIN,0,72.0,72.0,0.0,,,3,E005,,0.1,REFUSE_EARLY_STOPPING
E005|C011,E005,1,gates_full_plus_experiment_gate,0.1,ABSTAIN,1,72.0,72.0,0.0,,,3,E005,,0.1,REFUSE_EARLY_STOPPING
E005|D001,E005,0,gates_full_plus_experiment_gate,0.1,ABSTAIN,0,72.0,72.0,0.0,,,3,E005,,0.1,REFUSE_EARLY_STOPPING
E005|D002,E005,0,gates_full_plus_experiment_gate,0.1,ABSTAIN,0,72.0,72.0,0.0,,,3,E005,,0.1,REFUSE_EARLY_STOPPING
E005|D003,E005,0,gates_full_plus_experiment_gate,0.1,ABSTAIN,0,72.0,72.0,0.0,,,3,E005,,0.1,REFUSE_EARLY_STOPPING
E005|D004,E005,1,gates_full_plus_experiment_gate,0.1,ABSTAIN,1,72.0,72.0,0.0,,,3,E005,,0.1,REFUSE_EARLY_STOPPING
E005|D006,E005,1,gates_full_plus_experiment_gate,0.1,ABSTAIN,1,72.0,72.0,0.0,,,3,E005,,0.1,REFUSE_EARLY_STOPPING
E005|D007,E005,0,gates_full_plus_experiment_gate,0.1,ABSTAIN,0,72.0,72.0,0.0,,,3,E005,,0.1,REFUSE_EARLY_STOPPING
E005|D008,E005,0,gates_full_plus_experiment_gate,0.1,ABSTAIN,0,72.0,72.0,0.0,,,3,E005,,0.1,REFUSE_EARLY_STOPPING
E005|D009,E005,1,gates_full_plus_experiment_gate,0.1,ABSTAIN,1,72.0,72.0,0.0,,,3,E005,,0.1,REFUSE_EARLY_STOPPING
E005|D010,E005,1,gates_full_plus_experiment_gate,0.1,ABSTAIN,1,72.0,72.0,0.0,,,3,E005,,0.1,REFUSE_EARLY_STOPPING
E005|D011,E005,1,gates_full_plus_experiment_gate,0.1,ABSTAIN,1,72.0,72.0,0.0,,,3,E005,,0.1,REFUSE_EARLY_STOPPING
E005|D012,E005,0,gates_full_plus_experiment_gate,0.1,ABSTAIN,0,72.0,72.0,0.0,,,3,E005,,0.1,REFUSE_EARLY_STOPPING
E005|E001,E005,0,gates_full_plus_experiment_gate,0.1,ABSTAIN,0,72.0,72.0,0.0,,,3,E005,,0.1,REFUSE_EARLY_STOPPING
E005|E002,E005,0,gates_full_plus_experiment_gate,0.1,ABSTAIN,0,72.0,72.0,0.0,,,3,E005,,0.1,REFUSE_EARLY_STOPPING
E005|E003,E005,1,gates_full_plus_experiment_gate,0.1,ABSTAIN,1,72.0,72.0,0.0,,,3,E005,,0.1,REFUSE_EARLY_STOPPING
E005|E004,E005,1,gates_full_plus_experiment_gate,0.1,ABSTAIN,1,72.0,72.0,0.0,,,3,E005,,0.1,REFUSE_EARLY_STOPPING
E005|E005,E005,1,gates_full_plus_experiment_gate,0.1,ABSTAIN,1,72.0,72.0,0.0,,,3,E005,,0.1,REFUSE_EARLY_STOPPING
E005|E006,E005,1,gates_full_plus_experiment_gate,0.1,ABSTAIN,1,72.0,72.0,0.0,,,3,E005,,0.1,REFUSE_EARLY_STOPPING
E005|E007,E005,1,gates_full_plus_experiment_gate,0.1,ABSTAIN,1,72.0,72.0,0.0,,,3,E005,,0.1,REFUSE_EARLY_STOPPING
E005|E008,E005,0,gates_full_plus_experiment_gate,0.1,ABSTAIN,0,72.0,72.0,0.0,,,3,E005,,0.1,REFUSE_EARLY_STOPPING
E005|E009,E005,1,gates_full_plus_experiment_gate,0.1,ABSTAIN,1,72.0,72.0,0.0,,,3,E005,,0.1,REFUSE_EARLY_STOPPING
E005|E010,E005,1,gates_full_plus_experiment_gate,0.1,ABSTAIN,1,72.0,72.0,0.0,,,3,E005,,0.1,REFUSE_EARLY_STOPPING
E005|E011,E005,0,gates_full_plus_experiment_gate,0.1,ABSTAIN,0,72.0,72.0,0.0,,,3,E005,,0.1,REFUSE_EARLY_STOPPING
E005|E012,E005,1,gates_full_plus_experiment_gate,0.1,ABSTAIN,1,72.0,72.0,0.0,,,3,E005,,0.1,REFUSE_EARLY_STOPPING
E005|F001,E005,0,gates_full_plus_experiment_gate,0.1,ABSTAIN,0,72.0,72.0,0.0,,,3,E005,,0.1,REFUSE_EARLY_STOPPING
E005|F003,E005,0,gates_full_plus_experiment_gate,0.1,ABSTAIN,0,72.0,72.0,0.0,,,3,E005,,0.1,REFUSE_EARLY_STOPPING
E005|F004,E005,1,gates_full_plus_experiment_gate,0.1,ABSTAIN,1,72.0,72.0,0.0,,,3,E005,,0.1,REFUSE_EARLY_STOPPING
E005|F005,E005,1,gates_full_plus_experiment_gate,0.1,ABSTAIN,1,72.0,72.0,0.0,,,3,E005,,0.1,REFUSE_EARLY_STOPPING
E005|F006,E005,1,gates_full_plus_experiment_gate,0.1,ABSTAIN,1,72.0,72.0,0.0,,,3,E005,,0.1,REFUSE_EARLY_STOPPING
E005|F007,E005,0,gates_full_plus_experiment_gate,0.1,ABSTAIN,0,72.0,72.0,0.0,,,3,E005,,0.1,REFUSE_EARLY_STOPPING
E005|F008,E005,0,gates_full_plus_experiment_gate,0.1,ABSTAIN,0,72.0,72.0,0.0,,,3,E005,,0.1,REFUSE_EARLY_STOPPING
E005|F009,E005,0,gates_full_plus_experiment_gate,0.1,ABSTAIN,0,72.0,72.0,0.0,,,3,E005,,0.1,REFUSE_EARLY_STOPPING
E005|F010,E005,0,gates_full_plus_experiment_gate,0.1,ABSTAIN,0,72.0,72.0,0.0,,,3,E005,,0.1,REFUSE_EARLY_STOPPING
E005|F011,E005,0,gates_full_plus_experiment_gate,0.1,ABSTAIN,0,72.0,72.0,0.0,,,3,E005,,0.1,REFUSE_EARLY_STOPPING
E005|F012,E005,0,gates_full_plus_experiment_gate,0.1,ABSTAIN,0,72.0,72.0,0.0,,,3,E005,,0.1,REFUSE_EARLY_STOPPING
E005|G001,E005,0,gates_full_plus_experiment_gate,0.1,ABSTAIN,0,72.0,72.0,0.0,,,3,E005,,0.1,REFUSE_EARLY_STOPPING
E005|G002,E005,0,gates_full_plus_experiment_gate,0.1,ABSTAIN,0,72.0,72.0,0.0,,,3,E005,,0.1,REFUSE_EARLY_STOPPING
E005|G003,E005,1,gates_full_plus_experiment_gate,0.1,ABSTAIN,1,72.0,72.0,0.0,,,3,E005,,0.1,REFUSE_EARLY_STOPPING
E005|G004,E005,0,gates_full_plus_experiment_gate,0.1,ABSTAIN,0,72.0,72.0,0.0,,,3,E005,,0.1,REFUSE_EARLY_STOPPING
E005|G005,E005,0,gates_full_plus_experiment_gate,0.1,ABSTAIN,0,72.0,72.0,0.0,,,3,E005,,0.1,REFUSE_EARLY_STOPPING
E005|G006,E005,0,gates_full_plus_experiment_gate,0.1,ABSTAIN,0,72.0,72.0,0.0,,,3,E005,,0.1,REFUSE_EARLY_STOPPING
E005|G007,E005,0,gates_full_plus_experiment_gate,0.1,ABSTAIN,0,72.0,72.0,0.0,,,3,E005,,0.1,REFUSE_EARLY_STOPPING
E005|G008,E005,1,gates_full_plus_experiment_gate,0.1,ABSTAIN,1,72.0,72.0,0.0,,,3,E005,,0.1,REFUSE_EARLY_STOPPING
E005|G009,E005,0,gates_full_plus_experiment_gate,0.1,ABSTAIN,0,72.0,72.0,0.0,,,3,E005,,0.1,REFUSE_EARLY_STOPPING
E005|G010,E005,1,gates_full_plus_experiment_gate,0.1,ABSTAIN,1,72.0,72.0,0.0,,,3,E005,,0.1,REFUSE_EARLY_STOPPING
E005|G011,E005,0,gates_full_plus_experiment_gate,0.1,ABSTAIN,0,72.0,72.0,0.0,,,3,E005,,0.1,REFUSE_EARLY_STOPPING
E005|G012,E005,1,gates_full_plus_experiment_gate,0.1,ABSTAIN,1,72.0,72.0,0.0,,,3,E005,,0.1,REFUSE_EARLY_STOPPING
E005|H001,E005,0,gates_full_plus_experiment_gate,0.1,ABSTAIN,0,72.0,72.0,0.0,,,3,E005,,0.1,REFUSE_EARLY_STOPPING
E005|H002,E005,0,gates_full_plus_experiment_gate,0.1,ABSTAIN,0,72.0,72.0,0.0,,,3,E005,,0.1,REFUSE_EARLY_STOPPING
E005|H003,E005,0,gates_full_plus_experiment_gate,0.1,ABSTAIN,0,72.0,72.0,0.0,,,3,E005,,0.1,REFUSE_EARLY_STOPPING
E005|H004,E005,0,gates_full_plus_experiment_gate,0.1,ABSTAIN,0,72.0,72.0,0.0,,,3,E005,,0.1,REFUSE_EARLY_STOPPING
E005|H005,E005,0,gates_full_plus_experiment_gate,0.1,ABSTAIN,0,72.0,72.0,0.0,,,3,E005,,0.1,REFUSE_EARLY_STOPPING
E005|H006,E005,0,gates_full_plus_experiment_gate,0.1,ABSTAIN,0,72.0,72.0,0.0,,,3,E005,,0.1,REFUSE_EARLY_STOPPING
E005|H007,E005,0,gates_full_plus_experiment_gate,0.1,ABSTAIN,0,72.0,72.0,0.0,,,3,E005,,0.1,REFUSE_EARLY_STOPPING
E005|H008,E005,0,gates_full_plus_experiment_gate,0.1,ABSTAIN,0,72.0,72.0,0.0,,,3,E005,,0.1,REFUSE_EARLY_STOPPING
E005|H009,E005,0,gates_full_plus_experiment_gate,0.1,ABSTAIN,0,72.0,72.0,0.0,,,3,E005,,0.1,REFUSE_EARLY_STOPPING
E005|H010,E005,0,gates_full_plus_experiment_gate,0.1,ABSTAIN,0,72.0,72.0,0.0,,,3,E005,,0.1,REFUSE_EARLY_STOPPING
E005|H012,E005,0,gates_full_plus_experiment_gate,0.1,ABSTAIN,0,72.0,72.0,0.0,,,3,E005,,0.1,REFUSE_EARLY_STOPPING
E006|A001,E006,1,gates_full_plus_experiment_gate,0.1,ABSTAIN,1,72.0,72.0,0.0,,,4,E006,,0.1,REFUSE_EARLY_STOPPING
E006|A002,E006,1,gates_full_plus_experiment_gate,0.1,ABSTAIN,1,72.0,72.0,0.0,,,4,E006,,0.1,REFUSE_EARLY_STOPPING
E006|A003,E006,1,gates_full_plus_experiment_gate,0.1,ABSTAIN,1,72.0,72.0,0.0,,,4,E006,,0.1,REFUSE_EARLY_STOPPING
E006|A004,E006,1,gates_full_plus_experiment_gate,0.1,ABSTAIN,1,72.0,72.0,0.0,,,4,E006,,0.1,REFUSE_EARLY_STOPPING
E006|A005,E006,1,gates_full_plus_experiment_gate,0.1,ABSTAIN,1,72.0,72.0,0.0,,,4,E006,,0.1,REFUSE_EARLY_STOPPING
E006|A006,E006,1,gates_full_plus_experiment_gate,0.1,ABSTAIN,1,72.0,72.0,0.0,,,4,E006,,0.1,REFUSE_EARLY_STOPPING
E006|A007,E006,1,gates_full_plus_experiment_gate,0.1,ABSTAIN,1,72.0,72.0,0.0,,,4,E006,,0.1,REFUSE_EARLY_STOPPING
E006|A008,E006,1,gates_full_plus_experiment_gate,0.1,ABSTAIN,1,72.0,72.0,0.0,,,4,E006,,0.1,REFUSE_EARLY_STOPPING
E006|A009,E006,1,gates_full_plus_experiment_gate,0.1,ABSTAIN,1,72.0,72.0,0.0,,,4,E006,,0.1,REFUSE_EARLY_STOPPING
E006|A010,E006,0,gates_full_plus_experiment_gate,0.1,ABSTAIN,0,72.0,72.0,0.0,,,4,E006,,0.1,REFUSE_EARLY_STOPPING
E006|A011,E006,1,gates_full_plus_experiment_gate,0.1,ABSTAIN,1,72.0,72.0,0.0,,,4,E006,,0.1,REFUSE_EARLY_STOPPING
E006|B001,E006,1,gates_full_plus_experiment_gate,0.1,ABSTAIN,1,72.0,72.0,0.0,,,4,E006,,0.1,REFUSE_EARLY_STOPPING
E006|B002,E006,1,gates_full_plus_experiment_gate,0.1,ABSTAIN,1,72.0,72.0,0.0,,,4,E006,,0.1,REFUSE_EARLY_STOPPING
E006|B003,E006,1,gates_full_plus_experiment_gate,0.1,ABSTAIN,1,72.0,72.0,0.0,,,4,E006,,0.1,REFUSE_EARLY_STOPPING
E006|B004,E006,1,gates_full_plus_experiment_gate,0.1,ABSTAIN,1,72.0,72.0,0.0,,,4,E006,,0.1,REFUSE_EARLY_STOPPING
E006|B005,E006,1,gates_full_plus_experiment_gate,0.1,ABSTAIN,1,72.0,72.0,0.0,,,4,E006,,0.1,REFUSE_EARLY_STOPPING
E006|B006,E006,1,gates_full_plus_experiment_gate,0.1,ABSTAIN,1,72.0,72.0,0.0,,,4,E006,,0.1,REFUSE_EARLY_STOPPING
E006|B007,E006,1,gates_full_plus_experiment_gate,0.1,ABSTAIN,1,72.0,72.0,0.0,,,4,E006,,0.1,REFUSE_EARLY_STOPPING
E006|B008,E006,1,gates_full_plus_experiment_gate,0.1,ABSTAIN,1,72.0,72.0,0.0,,,4,E006,,0.1,REFUSE_EARLY_STOPPING
E006|B009,E006,0,gates_full_plus_experiment_gate,0.1,ABSTAIN,0,72.0,72.0,0.0,,,4,E006,,0.1,REFUSE_EARLY_STOPPING
E006|B010,E006,0,gates_full_plus_experiment_gate,0.1,ABSTAIN,0,72.0,72.0,0.0,,,4,E006,,0.1,REFUSE_EARLY_STOPPING
E006|B011,E006,1,gates_full_plus_experiment_gate,0.1,ABSTAIN,1,72.0,72.0,0.0,,,4,E006,,0.1,REFUSE_EARLY_STOPPING
E006|B012,E006,1,gates_full_plus_experiment_gate,0.1,ABSTAIN,1,72.0,72.0,0.0,,,4,E006,,0.1,REFUSE_EARLY_STOPPING
E006|C001,E006,0,gates_full_plus_experiment_gate,0.1,ABSTAIN,0,72.0,72.0,0.0,,,4,E006,,0.1,REFUSE_EARLY_STOPPING
E006|C002,E006,0,gates_full_plus_experiment_gate,0.1,ABSTAIN,0,72.0,72.0,0.0,,,4,E006,,0.1,REFUSE_EARLY_STOPPING
E006|C003,E006,0,gates_full_plus_experiment_gate,0.1,ABSTAIN,0,72.0,72.0,0.0,,,4,E006,,0.1,REFUSE_EARLY_STOPPING
E006|C004,E006,0,gates_full_plus_experiment_gate,0.1,ABSTAIN,0,72.0,72.0,0.0,,,4,E006,,0.1,REFUSE_EARLY_STOPPING
E006|C005,E006,0,gates_full_plus_experiment_gate,0.1,ABSTAIN,0,72.0,72.0,0.0,,,4,E006,,0.1,REFUSE_EARLY_STOPPING
E006|C006,E006,0,gates_full_plus_experiment_gate,0.1,ABSTAIN,0,72.0,72.0,0.0,,,4,E006,,0.1,REFUSE_EARLY_STOPPING
E006|C007,E006,0,gates_full_plus_experiment_gate,0.1,ABSTAIN,0,72.0,72.0,0.0,,,4,E006,,0.1,REFUSE_EARLY_STOPPING
E006|C008,E006,0,gates_full_plus_experiment_gate,0.1,ABSTAIN,0,72.0,72.0,0.0,,,4,E006,,0.1,REFUSE_EARLY_STOPPING
E006|C009,E006,0,gates_full_plus_experiment_gate,0.1,ABSTAIN,0,72.0,72.0,0.0,,,4,E006,,0.1,REFUSE_EARLY_STOPPING
E006|C010,E006,0,gates_full_plus_experiment_gate,0.1,ABSTAIN,0,72.0,72.0,0.0,,,4,E006,,0.1,REFUSE_EARLY_STOPPING
E006|C011,E006,0,gates_full_plus_experiment_gate,0.1,ABSTAIN,0,72.0,72.0,0.0,,,4,E006,,0.1,REFUSE_EARLY_STOPPING
E006|C012,E006,0,gates_full_plus_experiment_gate,0.1,ABSTAIN,0,72.0,72.0,0.0,,,4,E006,,0.1,REFUSE_EARLY_STOPPING
E006|D001,E006,0,gates_full_plus_experiment_gate,0.1,ABSTAIN,0,72.0,72.0,0.0,,,4,E006,,0.1,REFUSE_EARLY_STOPPING
E006|D002,E006,0,gates_full_plus_experiment_gate,0.1,ABSTAIN,0,72.0,72.0,0.0,,,4,E006,,0.1,REFUSE_EARLY_STOPPING
E006|D003,E006,0,gates_full_plus_experiment_gate,0.1,ABSTAIN,0,72.0,72.0,0.0,,,4,E006,,0.1,REFUSE_EARLY_STOPPING
E006|D004,E006,0,gates_full_plus_experiment_gate,0.1,ABSTAIN,0,72.0,72.0,0.0,,,4,E006,,0.1,REFUSE_EARLY_STOPPING
E006|D005,E006,0,gates_full_plus_experiment_gate,0.1,ABSTAIN,0,72.0,72.0,0.0,,,4,E006,,0.1,REFUSE_EARLY_STOPPING
E006|D006,E006,0,gates_full_plus_experiment_gate,0.1,ABSTAIN,0,72.0,72.0,0.0,,,4,E006,,0.1,REFUSE_EARLY_STOPPING
E006|D007,E006,0,gates_full_plus_experiment_gate,0.1,ABSTAIN,0,72.0,72.0,0.0,,,4,E006,,0.1,REFUSE_EARLY_STOPPING
E006|D008,E006,0,gates_full_plus_experiment_gate,0.1,ABSTAIN,0,72.0,72.0,0.0,,,4,E006,,0.1,REFUSE_EARLY_STOPPING
E006|D009,E006,0,gates_full_plus_experiment_gate,0.1,ABSTAIN,0,72.0,72.0,0.0,,,4,E006,,0.1,REFUSE_EARLY_STOPPING
E006|D010,E006,0,gates_full_plus_experiment_gate,0.1,ABSTAIN,0,72.0,72.0,0.0,,,4,E006,,0.1,REFUSE_EARLY_STOPPING
E006|D011,E006,0,gates_full_plus_experiment_gate,0.1,ABSTAIN,0,72.0,72.0,0.0,,,4,E006,,0.1,REFUSE_EARLY_STOPPING
E006|D012,E006,0,gates_full_plus_experiment_gate,0.1,ABSTAIN,0,72.0,72.0,0.0,,,4,E006,,0.1,REFUSE_EARLY_STOPPING
E006|E001,E006,1,gates_full_plus_experiment_gate,0.1,ABSTAIN,1,72.0,72.0,0.0,,,4,E006,,0.1,REFUSE_EARLY_STOPPING
E006|E002,E006,1,gates_full_plus_experiment_gate,0.1,ABSTAIN,1,72.0,72.0,0.0,,,4,E006,,0.1,REFUSE_EARLY_STOPPING
E006|E003,E006,1,gates_full_plus_experiment_gate,0.1,ABSTAIN,1,72.0,72.0,0.0,,,4,E006,,0.1,REFUSE_EARLY_STOPPING
E006|E004,E006,1,gates_full_plus_experiment_gate,0.1,ABSTAIN,1,72.0,72.0,0.0,,,4,E006,,0.1,REFUSE_EARLY_STOPPING
E006|E005,E006,1,gates_full_plus_experiment_gate,0.1,ABSTAIN,1,72.0,72.0,0.0,,,4,E006,,0.1,REFUSE_EARLY_STOPPING
E006|E006,E006,0,gates_full_plus_experiment_gate,0.1,ABSTAIN,0,72.0,72.0,0.0,,,4,E006,,0.1,REFUSE_EARLY_STOPPING
E006|E007,E006,1,gates_full_plus_experiment_gate,0.1,ABSTAIN,1,72.0,72.0,0.0,,,4,E006,,0.1,REFUSE_EARLY_STOPPING
E006|E008,E006,1,gates_full_plus_experiment_gate,0.1,ABSTAIN,1,72.0,72.0,0.0,,,4,E006,,0.1,REFUSE_EARLY_STOPPING
E006|E009,E006,1,gates_full_plus_experiment_gate,0.1,ABSTAIN,1,72.0,72.0,0.0,,,4,E006,,0.1,REFUSE_EARLY_STOPPING
E006|E010,E006,1,gates_full_plus_experiment_gate,0.1,ABSTAIN,1,72.0,72.0,0.0,,,4,E006,,0.1,REFUSE_EARLY_STOPPING
E006|E011,E006,1,gates_full_plus_experiment_gate,0.1,ABSTAIN,1,72.0,72.0,0.0,,,4,E006,,0.1,REFUSE_EARLY_STOPPING
E006|E012,E006,1,gates_full_plus_experiment_gate,0.1,ABSTAIN,1,72.0,72.0,0.0,,,4,E006,,0.1,REFUSE_EARLY_STOPPING
E006|F001,E006,1,gates_full_plus_experiment_gate,0.1,ABSTAIN,1,72.0,72.0,0.0,,,4,E006,,0.1,REFUSE_EARLY_STOPPING
E006|F002,E006,1,gates_full_plus_experiment_gate,0.1,ABSTAIN,1,72.0,72.0,0.0,,,4,E006,,0.1,REFUSE_EARLY_STOPPING
E006|F003,E006,1,gates_full_plus_experiment_gate,0.1,ABSTAIN,1,72.0,72.0,0.0,,,4,E006,,0.1,REFUSE_EARLY_STOPPING
E006|F004,E006,1,gates_full_plus_experiment_gate,0.1,ABSTAIN,1,72.0,72.0,0.0,,,4,E006,,0.1,REFUSE_EARLY_STOPPING
E006|F005,E006,1,gates_full_plus_experiment_gate,0.1,ABSTAIN,1,72.0,72.0,0.0,,,4,E006,,0.1,REFUSE_EARLY_STOPPING
E006|F006,E006,1,gates_full_plus_experiment_gate,0.1,ABSTAIN,1,72.0,72.0,0.0,,,4,E006,,0.1,REFUSE_EARLY_STOPPING
E006|F007,E006,1,gates_full_plus_experiment_gate,0.1,ABSTAIN,1,72.0,72.0,0.0,,,4,E006,,0.1,REFUSE_EARLY_STOPPING
E006|F008,E006,1,gates_full_plus_experiment_gate,0.1,ABSTAIN,1,72.0,72.0,0.0,,,4,E006,,0.1,REFUSE_EARLY_STOPPING
E006|F009,E006,1,gates_full_plus_experiment_gate,0.1,ABSTAIN,1,72.0,72.0,0.0,,,4,E006,,0.1,REFUSE_EARLY_STOPPING
E006|F010,E006,1,gates_full_plus_experiment_gate,0.1,ABSTAIN,1,72.0,72.0,0.0,,,4,E006,,0.1,REFUSE_EARLY_STOPPING
E006|F011,E006,1,gates_full_plus_experiment_gate,0.1,ABSTAIN,1,72.0,72.0,0.0,,,4,E006,,0.1,REFUSE_EARLY_STOPPING
E006|F012,E006,1,gates_full_plus_experiment_gate,0.1,ABSTAIN,1,72.0,72.0,0.0,,,4,E006,,0.1,REFUSE_EARLY_STOPPING
E006|G001,E006,1,gates_full_plus_experiment_gate,0.1,ABSTAIN,1,72.0,72.0,0.0,,,4,E006,,0.1,REFUSE_EARLY_STOPPING
E006|G002,E006,1,gates_full_plus_experiment_gate,0.1,ABSTAIN,1,72.0,72.0,0.0,,,4,E006,,0.1,REFUSE_EARLY_STOPPING
E006|G003,E006,1,gates_full_plus_experiment_gate,0.1,ABSTAIN,1,72.0,72.0,0.0,,,4,E006,,0.1,REFUSE_EARLY_STOPPING
E006|G004,E006,1,gates_full_plus_experiment_gate,0.1,ABSTAIN,1,72.0,72.0,0.0,,,4,E006,,0.1,REFUSE_EARLY_STOPPING
E006|G005,E006,1,gates_full_plus_experiment_gate,0.1,ABSTAIN,1,72.0,72.0,0.0,,,4,E006,,0.1,REFUSE_EARLY_STOPPING
E006|G006,E006,1,gates_full_plus_experiment_gate,0.1,ABSTAIN,1,72.0,72.0,0.0,,,4,E006,,0.1,REFUSE_EARLY_STOPPING
E006|G007,E006,1,gates_full_plus_experiment_gate,0.1,ABSTAIN,1,72.0,72.0,0.0,,,4,E006,,0.1,REFUSE_EARLY_STOPPING
E006|G008,E006,1,gates_full_plus_experiment_gate,0.1,ABSTAIN,1,72.0,72.0,0.0,,,4,E006,,0.1,REFUSE_EARLY_STOPPING
E006|G009,E006,1,gates_full_plus_experiment_gate,0.1,ABSTAIN,1,72.0,72.0,0.0,,,4,E006,,0.1,REFUSE_EARLY_STOPPING
E006|G010,E006,1,gates_full_plus_experiment_gate,0.1,ABSTAIN,1,72.0,72.0,0.0,,,4,E006,,0.1,REFUSE_EARLY_STOPPING
E006|G011,E006,1,gates_full_plus_experiment_gate,0.1,ABSTAIN,1,72.0,72.0,0.0,,,4,E006,,0.1,REFUSE_EARLY_STOPPING
E006|G012,E006,1,gates_full_plus_experiment_gate,0.1,ABSTAIN,1,72.0,72.0,0.0,,,4,E006,,0.1,REFUSE_EARLY_STOPPING
E006|H001,E006,1,gates_full_plus_experiment_gate,0.1,ABSTAIN,1,72.0,72.0,0.0,,,4,E006,,0.1,REFUSE_EARLY_STOPPING
E006|H002,E006,0,gates_full_plus_experiment_gate,0.1,ABSTAIN,0,72.0,72.0,0.0,,,4,E006,,0.1,REFUSE_EARLY_STOPPING
E006|H003,E006,1,gates_full_plus_experiment_gate,0.1,ABSTAIN,1,72.0,72.0,0.0,,,4,E006,,0.1,REFUSE_EARLY_STOPPING
E006|H004,E006,1,gates_full_plus_experiment_gate,0.1,ABSTAIN,1,72.0,72.0,0.0,,,4,E006,,0.1,REFUSE_EARLY_STOPPING
E006|H005,E006,1,gates_full_plus_experiment_gate,0.1,ABSTAIN,1,72.0,72.0,0.0,,,4,E006,,0.1,REFUSE_EARLY_STOPPING
E006|H006,E006,0,gates_full_plus_experiment_gate,0.1,ABSTAIN,0,72.0,72.0,0.0,,,4,E006,,0.1,REFUSE_EARLY_STOPPING
E006|H007,E006,1,gates_full_plus_experiment_gate,0.1,ABSTAIN,1,72.0,72.0,0.0,,,4,E006,,0.1,REFUSE_EARLY_STOPPING
E006|H008,E006,1,gates_full_plus_experiment_gate,0.1,ABSTAIN,1,72.0,72.0,0.0,,,4,E006,,0.1,REFUSE_EARLY_STOPPING
E006|H009,E006,0,gates_full_plus_experiment_gate,0.1,ABSTAIN,0,72.0,72.0,0.0,,,4,E006,,0.1,REFUSE_EARLY_STOPPING
E006|H010,E006,1,gates_full_plus_experiment_gate,0.1,ABSTAIN,1,72.0,72.0,0.0,,,4,E006,,0.1,REFUSE_EARLY_STOPPING
E006|H011,E006,1,gates_full_plus_experiment_gate,0.1,ABSTAIN,1,72.0,72.0,0.0,,,4,E006,,0.1,REFUSE_EARLY_STOPPING
E006|H012,E006,1,gates_full_plus_experiment_gate,0.1,ABSTAIN,1,72.0,72.0,0.0,,,4,E006,,0.1,REFUSE_EARLY_STOPPING
E007|A001,E007,1,gates_full_plus_experiment_gate,0.1,ABSTAIN,0,72.0,72.0,0.0,0.8004698508802128,0.7309106768641795,5,E007,,0.1,ACCEPT_AUTOMATION
E007|A002,E007,0,gates_full_plus_experiment_gate,0.1,STOP,0,48.0,48.0,0.3333333333333333,0.7153989894608015,0.7184955881963357,5,E007,,0.1,ACCEPT_AUTOMATION
E007|A003,E007,1,gates_full_plus_experiment_gate,0.1,STOP,0,24.0,24.0,0.6666666666666666,0.5544252216023762,0.7309106768641795,5,E007,,0.1,ACCEPT_AUTOMATION
E007|A004,E007,0,gates_full_plus_experiment_gate,0.1,ABSTAIN,0,72.0,72.0,0.0,0.7799216737731586,0.7054462221913815,5,E007,,0.1,ACCEPT_AUTOMATION
E007|A005,E007,0,gates_full_plus_experiment_gate,0.1,STOP,1,24.0,24.0,0.6666666666666666,0.6350484433563568,0.7309106768641795,5,E007,,0.1,ACCEPT_AUTOMATION
E007|A006,E007,0,gates_full_plus_experiment_gate,0.1,STOP,0,24.0,24.0,0.6666666666666666,0.5972571639926111,0.7309106768641795,5,E007,,0.1,ACCEPT_AUTOMATION
E007|A007,E007,0,gates_full_plus_experiment_gate,0.1,STOP,1,24.0,24.0,0.6666666666666666,0.5995603384007475,0.7309106768641795,5,E007,,0.1,ACCEPT_AUTOMATION
E007|A008,E007,0,gates_full_plus_experiment_gate,0.1,ABSTAIN,1,72.0,72.0,0.0,0.7570243356230179,0.7184955881963357,5,E007,,0.1,ACCEPT_AUTOMATION
E007|A009,E007,0,gates_full_plus_experiment_gate,0.1,STOP,1,24.0,24.0,0.6666666666666666,0.6717138300209194,0.7309106768641795,5,E007,,0.1,ACCEPT_AUTOMATION
E007|A010,E007,1,gates_full_plus_experiment_gate,0.1,STOP,1,24.0,24.0,0.6666666666666666,0.719309890013968,0.7309106768641795,5,E007,,0.1,ACCEPT_AUTOMATION
E007|A011,E007,1,gates_full_plus_experiment_gate,0.1,ABSTAIN,0,72.0,72.0,0.0,0.903371765847962,0.7184955881963357,5,E007,,0.1,ACCEPT_AUTOMATION
E007|A012,E007,0,gates_full_plus_experiment_gate,0.1,ABSTAIN,0,72.0,72.0,0.0,0.7844738858434637,0.7054462221913815,5,E007,,0.1,ACCEPT_AUTOMATION
E007|B001,E007,0,gates_full_plus_experiment_gate,0.1,ABSTAIN,0,72.0,72.0,0.0,0.7670067173361468,0.7309106768641795,5,E007,,0.1,ACCEPT_AUTOMATION
E007|B002,E007,0,gates_full_plus_experiment_gate,0.1,STOP,0,24.0,24.0,0.6666666666666666,0.7011844051023081,0.7309106768641795,5,E007,,0.1,ACCEPT_AUTOMATION
E007|B003,E007,0,gates_full_plus_experiment_gate,0.1,STOP,0,24.0,24.0,0.6666666666666666,0.477322132409774,0.7309106768641795,5,E007,,0.1,ACCEPT_AUTOMATION
E007|B004,E007,0,gates_full_plus_experiment_gate,0.1,STOP,0,24.0,24.0,0.6666666666666666,0.4182766763875862,0.7309106768641795,5,E007,,0.1,ACCEPT_AUTOMATION
E007|B005,E007,0,gates_full_plus_experiment_gate,0.1,STOP,0,24.0,24.0,0.6666666666666666,0.5275461455946797,0.7309106768641795,5,E007,,0.1,ACCEPT_AUTOMATION
E007|B006,E007,0,gates_full_plus_experiment_gate,0.1,STOP,0,24.0,24.0,0.6666666666666666,0.5609169689710892,0.7309106768641795,5,E007,,0.1,ACCEPT_AUTOMATION
E007|B007,E007,0,gates_full_plus_experiment_gate,0.1,STOP,0,24.0,24.0,0.6666666666666666,0.4669874127824392,0.7309106768641795,5,E007,,0.1,ACCEPT_AUTOMATION
E007|B008,E007,0,gates_full_plus_experiment_gate,0.1,STOP,0,24.0,24.0,0.6666666666666666,0.5264467854361429,0.7309106768641795,5,E007,,0.1,ACCEPT_AUTOMATION
E007|B009,E007,0,gates_full_plus_experiment_gate,0.1,STOP,0,24.0,24.0,0.6666666666666666,0.5119289106969973,0.7309106768641795,5,E007,,0.1,ACCEPT_AUTOMATION
E007|B010,E007,0,gates_full_plus_experiment_gate,0.1,STOP,0,24.0,24.0,0.6666666666666666,0.4982375850562782,0.7309106768641795,5,E007,,0.1,ACCEPT_AUTOMATION
E007|B011,E007,0,gates_full_plus_experiment_gate,0.1,STOP,0,24.0,24.0,0.6666666666666666,0.5908948590563942,0.7309106768641795,5,E007,,0.1,ACCEPT_AUTOMATION
E007|B012,E007,0,gates_full_plus_experiment_gate,0.1,STOP,1,36.0,36.0,0.5,0.7478007692512141,0.7619514546630725,5,E007,,0.1,ACCEPT_AUTOMATION
E007|C001,E007,0,gates_full_plus_experiment_gate,0.1,ABSTAIN,1,72.0,72.0,0.0,1.153423969046205,0.7309106768641795,5,E007,,0.1,ACCEPT_AUTOMATION
E007|C002,E007,0,gates_full_plus_experiment_gate,0.1,STOP,0,24.0,24.0,0.6666666666666666,0.4369338466725694,0.7309106768641795,5,E007,,0.1,ACCEPT_AUTOMATION
E007|C003,E007,0,gates_full_plus_experiment_gate,0.1,STOP,0,24.0,24.0,0.6666666666666666,0.5071483004620142,0.7309106768641795,5,E007,,0.1,ACCEPT_AUTOMATION
E007|C004,E007,0,gates_full_plus_experiment_gate,0.1,STOP,0,24.0,24.0,0.6666666666666666,0.6142752953133267,0.7309106768641795,5,E007,,0.1,ACCEPT_AUTOMATION
E007|C005,E007,0,gates_full_plus_experiment_gate,0.1,ABSTAIN,0,72.0,72.0,0.0,0.7459093974970541,0.7184955881963357,5,E007,,0.1,ACCEPT_AUTOMATION
E007|C006,E007,0,gates_full_plus_experiment_gate,0.1,STOP,0,24.0,24.0,0.6666666666666666,0.4124350211754903,0.7309106768641795,5,E007,,0.1,ACCEPT_AUTOMATION
E007|C007,E007,0,gates_full_plus_experiment_gate,0.1,STOP,0,24.0,24.0,0.6666666666666666,0.4268901009967805,0.7309106768641795,5,E007,,0.1,ACCEPT_AUTOMATION
E007|C008,E007,0,gates_full_plus_experiment_gate,0.1,STOP,0,24.0,24.0,0.6666666666666666,0.4496529855556991,0.7309106768641795,5,E007,,0.1,ACCEPT_AUTOMATION
E007|C009,E007,0,gates_full_plus_experiment_gate,0.1,STOP,0,24.0,24.0,0.6666666666666666,0.5015909624013589,0.7309106768641795,5,E007,,0.1,ACCEPT_AUTOMATION
E007|C010,E007,0,gates_full_plus_experiment_gate,0.1,STOP,0,24.0,24.0,0.6666666666666666,0.5970343460239692,0.7309106768641795,5,E007,,0.1,ACCEPT_AUTOMATION
E007|C011,E007,0,gates_full_plus_experiment_gate,0.1,STOP,0,48.0,48.0,0.3333333333333333,0.6932353947261497,0.7184955881963357,5,E007,,0.1,ACCEPT_AUTOMATION
E007|C012,E007,0,gates_full_plus_experiment_gate,0.1,STOP,0,48.0,48.0,0.3333333333333333,0.6001976465717359,0.7184955881963357,5,E007,,0.1,ACCEPT_AUTOMATION
E007|D002,E007,1,gates_full_plus_experiment_gate,0.1,STOP,1,24.0,24.0,0.6666666666666666,0.5320993982973523,0.7309106768641795,5,E007,,0.1,ACCEPT_AUTOMATION
E007|D003,E007,1,gates_full_plus_experiment_gate,0.1,STOP,1,48.0,48.0,0.3333333333333333,0.6609926915361852,0.7184955881963357,5,E007,,0.1,ACCEPT_AUTOMATION
E007|D004,E007,0,gates_full_plus_experiment_gate,0.1,STOP,0,48.0,48.0,0.3333333333333333,0.6110882825199649,0.7184955881963357,5,E007,,0.1,ACCEPT_AUTOMATION
E007|D005,E007,1,gates_full_plus_experiment_gate,0.1,ABSTAIN,1,72.0,72.0,0.0,0.8253896837577728,0.7054462221913815,5,E007,,0.1,ACCEPT_AUTOMATION
E007|D006,E007,1,gates_full_plus_experiment_gate,0.1,STOP,1,24.0,24.0,0.6666666666666666,0.6793777476024042,0.7309106768641795,5,E007,,0.1,ACCEPT_AUTOMATION
E007|D007,E007,1,gates_full_plus_experiment_gate,0.1,ABSTAIN,1,72.0,72.0,0.0,0.7790290440532408,0.7054462221913815,5,E007,,0.1,ACCEPT_AUTOMATION
E007|D008,E007,1,gates_full_plus_experiment_gate,0.1,STOP,0,48.0,48.0,0.3333333333333333,0.5736687242979566,0.7184955881963357,5,E007,,0.1,ACCEPT_AUTOMATION
E007|D009,E007,1,gates_full_plus_experiment_gate,0.1,STOP,1,24.0,24.0,0.6666666666666666,0.4537031985161719,0.7309106768641795,5,E007,,0.1,ACCEPT_AUTOMATION
E007|D010,E007,1,gates_full_plus_experiment_gate,0.1,STOP,0,48.0,48.0,0.3333333333333333,0.6343516163611523,0.7184955881963357,5,E007,,0.1,ACCEPT_AUTOMATION
E007|D011,E007,0,gates_full_plus_experiment_gate,0.1,STOP,1,24.0,24.0,0.6666666666666666,0.519390055329791,0.7309106768641795,5,E007,,0.1,ACCEPT_AUTOMATION
E007|D012,E007,1,gates_full_plus_experiment_gate,0.1,STOP,1,24.0,24.0,0.6666666666666666,0.5815089293168199,0.7309106768641795,5,E007,,0.1,ACCEPT_AUTOMATION
E007|E001,E007,1,gates_full_plus_experiment_gate,0.1,STOP,1,24.0,24.0,0.6666666666666666,0.6521280732003184,0.7309106768641795,5,E007,,0.1,ACCEPT_AUTOMATION
E007|E002,E007,1,gates_full_plus_experiment_gate,0.1,STOP,0,24.0,24.0,0.6666666666666666,0.5028812377980092,0.7309106768641795,5,E007,,0.1,ACCEPT_AUTOMATION
E007|E003,E007,0,gates_full_plus_experiment_gate,0.1,STOP,0,48.0,48.0,0.3333333333333333,0.7031300014891774,0.7184955881963357,5,E007,,0.1,ACCEPT_AUTOMATION
E007|E004,E007,1,gates_full_plus_experiment_gate,0.1,STOP,0,24.0,24.0,0.6666666666666666,0.5118769111937448,0.7309106768641795,5,E007,,0.1,ACCEPT_AUTOMATION
E007|E005,E007,1,gates_full_plus_experiment_gate,0.1,STOP,0,48.0,48.0,0.3333333333333333,0.5881519401693985,0.7184955881963357,5,E007,,0.1,ACCEPT_AUTOMATION
E007|E006,E007,1,gates_full_plus_experiment_gate,0.1,STOP,0,48.0,48.0,0.3333333333333333,0.6584803842737721,0.7184955881963357,5,E007,,0.1,ACCEPT_AUTOMATION
E007|E007,E007,1,gates_full_plus_experiment_gate,0.1,STOP,1,48.0,48.0,0.3333333333333333,0.6617287699368719,0.7184955881963357,5,E007,,0.1,ACCEPT_AUTOMATION
E007|E008,E007,1,gates_full_plus_experiment_gate,0.1,STOP,1,24.0,24.0,0.6666666666666666,0.4896392308974274,0.7309106768641795,5,E007,,0.1,ACCEPT_AUTOMATION
E007|E009,E007,1,gates_full_plus_experiment_gate,0.1,STOP,0,36.0,36.0,0.5,0.6450673306502078,0.7619514546630725,5,E007,,0.1,ACCEPT_AUTOMATION
E007|E010,E007,1,gates_full_plus_experiment_gate,0.1,STOP,1,24.0,24.0,0.6666666666666666,0.6044206452394814,0.7309106768641795,5,E007,,0.1,ACCEPT_AUTOMATION
E007|E011,E007,1,gates_full_plus_experiment_gate,0.1,STOP,1,24.0,24.0,0.6666666666666666,0.6164524030113576,0.7309106768641795,5,E007,,0.1,ACCEPT_AUTOMATION
E007|E012,E007,1,gates_full_plus_experiment_gate,0.1,STOP,1,24.0,24.0,0.6666666666666666,0.6548149110052203,0.7309106768641795,5,E007,,0.1,ACCEPT_AUTOMATION
E007|F002,E007,0,gates_full_plus_experiment_gate,0.1,STOP,0,24.0,24.0,0.6666666666666666,0.5508763299959444,0.7309106768641795,5,E007,,0.1,ACCEPT_AUTOMATION
E007|F003,E007,1,gates_full_plus_experiment_gate,0.1,STOP,0,24.0,24.0,0.6666666666666666,0.511017854267288,0.7309106768641795,5,E007,,0.1,ACCEPT_AUTOMATION
E007|F004,E007,1,gates_full_plus_experiment_gate,0.1,STOP,0,24.0,24.0,0.6666666666666666,0.5497968495608563,0.7309106768641795,5,E007,,0.1,ACCEPT_AUTOMATION
E007|F005,E007,1,gates_full_plus_experiment_gate,0.1,ABSTAIN,0,72.0,72.0,0.0,0.8725378480728133,0.7619514546630725,5,E007,,0.1,ACCEPT_AUTOMATION
E007|F006,E007,1,gates_full_plus_experiment_gate,0.1,STOP,0,24.0,24.0,0.6666666666666666,0.450045199306727,0.7309106768641795,5,E007,,0.1,ACCEPT_AUTOMATION
E007|F007,E007,1,gates_full_plus_experiment_gate,0.1,ABSTAIN,0,72.0,72.0,0.0,0.9091396697961682,0.7619514546630725,5,E007,,0.1,ACCEPT_AUTOMATION
E007|F008,E007,1,gates_full_plus_experiment_gate,0.1,STOP,0,48.0,48.0,0.3333333333333333,0.5976924945784595,0.7184955881963357,5,E007,,0.1,ACCEPT_AUTOMATION
E007|F009,E007,1,gates_full_plus_experiment_gate,0.1,STOP,0,24.0,24.0,0.6666666666666666,0.4453970276216254,0.7309106768641795,5,E007,,0.1,ACCEPT_AUTOMATION
E007|F010,E007,1,gates_full_plus_experiment_gate,0.1,ABSTAIN,1,72.0,72.0,0.0,0.8206144865425024,0.7184955881963357,5,E007,,0.1,ACCEPT_AUTOMATION
E007|F011,E007,1,gates_full_plus_experiment_gate,0.1,STOP,0,36.0,36.0,0.5,0.7206627978964846,0.7619514546630725,5,E007,,0.1,ACCEPT_AUTOMATION
E007|F012,E007,1,gates_full_plus_experiment_gate,0.1,ABSTAIN,0,72.0,72.0,0.0,0.7311903398004244,0.7309106768641795,5,E007,,0.1,ACCEPT_AUTOMATION
E007|G001,E007,0,gates_full_plus_experiment_gate,0.1,ABSTAIN,0,72.0,72.0,0.0,0.769041921591301,0.7619514546630725,5,E007,,0.1,ACCEPT_AUTOMATION
E007|G002,E007,0,gates_full_plus_experiment_gate,0.1,STOP,0,24.0,24.0,0.6666666666666666,0.6592883161417453,0.7309106768641795,5,E007,,0.1,ACCEPT_AUTOMATION
E007|G003,E007,0,gates_full_plus_experiment_gate,0.1,ABSTAIN,0,72.0,72.0,0.0,0.7304947963154437,0.7184955881963357,5,E007,,0.1,ACCEPT_AUTOMATION
E007|G004,E007,1,gates_full_plus_experiment_gate,0.1,ABSTAIN,0,72.0,72.0,0.0,0.7794938883392688,0.7619514546630725,5,E007,,0.1,ACCEPT_AUTOMATION
E007|G005,E007,0,gates_full_plus_experiment_gate,0.1,ABSTAIN,0,72.0,72.0,0.0,1.1801365187116486,0.7184955881963357,5,E007,,0.1,ACCEPT_AUTOMATION
E007|G006,E007,0,gates_full_plus_experiment_gate,0.1,STOP,0,24.0,24.0,0.6666666666666666,0.5779782100574674,0.7309106768641795,5,E007,,0.1,ACCEPT_AUTOMATION
E007|G007,E007,1,gates_full_plus_experiment_gate,0.1,STOP,0,24.0,24.0,0.6666666666666666,0.6362304146220125,0.7309106768641795,5,E007,,0.1,ACCEPT_AUTOMATION
E007|G008,E007,1,gates_full_plus_experiment_gate,0.1,STOP,0,36.0,36.0,0.5,0.75203647517057,0.7619514546630725,5,E007,,0.1,ACCEPT_AUTOMATION
E007|G009,E007,1,gates_full_plus_experiment_gate,0.1,ABSTAIN,1,72.0,72.0,0.0,0.9892384949486474,0.7184955881963357,5,E007,,0.1,ACCEPT_AUTOMATION
E007|G011,E007,1,gates_full_plus_experiment_gate,0.1,STOP,0,24.0,24.0,0.6666666666666666,0.6132357936824681,0.7309106768641795,5,E007,,0.1,ACCEPT_AUTOMATION
E007|G012,E007,0,gates_full_plus_experiment_gate,0.1,ABSTAIN,1,72.0,72.0,0.0,0.7882650542357659,0.7309106768641795,5,E007,,0.1,ACCEPT_AUTOMATION
E007|H001,E007,1,gates_full_plus_experiment_gate,0.1,ABSTAIN,1,72.0,72.0,0.0,1.0198755279019407,0.7184955881963357,5,E007,,0.1,ACCEPT_AUTOMATION
E007|H002,E007,1,gates_full_plus_experiment_gate,0.1,STOP,0,24.0,24.0,0.6666666666666666,0.6271908921073172,0.7309106768641795,5,E007,,0.1,ACCEPT_AUTOMATION
E007|H003,E007,1,gates_full_plus_experiment_gate,0.1,ABSTAIN,1,72.0,72.0,0.0,0.8115988702422872,0.7309106768641795,5,E007,,0.1,ACCEPT_AUTOMATION
E007|H004,E007,0,gates_full_plus_experiment_gate,0.1,STOP,1,24.0,24.0,0.6666666666666666,0.6387385718105879,0.7309106768641795,5,E007,,0.1,ACCEPT_AUTOMATION
E007|H005,E007,1,gates_full_plus_experiment_gate,0.1,STOP,1,24.0,24.0,0.6666666666666666,0.6801280287745312,0.7309106768641795,5,E007,,0.1,ACCEPT_AUTOMATION
E007|H006,E007,0,gates_full_plus_experiment_gate,0.1,ABSTAIN,0,72.0,72.0,0.0,0.8584090358452453,0.7619514546630725,5,E007,,0.1,ACCEPT_AUTOMATION
E007|H007,E007,1,gates_full_plus_experiment_gate,0.1,STOP,1,24.0,24.0,0.6666666666666666,0.6795585049919431,0.7309106768641795,5,E007,,0.1,ACCEPT_AUTOMATION
E007|H008,E007,0,gates_full_plus_experiment_gate,0.1,STOP,1,24.0,24.0,0.6666666666666666,0.5620310094068354,0.7309106768641795,5,E007,,0.1,ACCEPT_AUTOMATION
E007|H009,E007,1,gates_full_plus_experiment_gate,0.1,ABSTAIN,1,72.0,72.0,0.0,0.9614289423998192,0.7309106768641795,5,E007,,0.1,ACCEPT_AUTOMATION
E007|H010,E007,0,gates_full_plus_experiment_gate,0.1,STOP,1,24.0,24.0,0.6666666666666666,0.7027686319953984,0.7309106768641795,5,E007,,0.1,ACCEPT_AUTOMATION
E007|H011,E007,1,gates_full_plus_experiment_gate,0.1,ABSTAIN,1,72.0,72.0,0.0,0.8790222838150098,0.7309106768641795,5,E007,,0.1,ACCEPT_AUTOMATION
E007|H012,E007,1,gates_full_plus_experiment_gate,0.1,ABSTAIN,0,72.0,72.0,0.0,1.559528528728249,0.7309106768641795,5,E007,,0.1,ACCEPT_AUTOMATION
E008|A002,E008,1,gates_full_plus_experiment_gate,0.1,STOP,1,48.0,48.0,0.3333333333333333,0.5980618890983339,0.7329064685315791,6,E008,,0.1,ACCEPT_AUTOMATION
E008|A003,E008,1,gates_full_plus_experiment_gate,0.1,STOP,1,24.0,24.0,0.6666666666666666,0.6556565476583835,0.7402232288922954,6,E008,,0.1,ACCEPT_AUTOMATION
E008|A004,E008,1,gates_full_plus_experiment_gate,0.1,STOP,1,48.0,48.0,0.3333333333333333,0.5316500426224845,0.7329064685315791,6,E008,,0.1,ACCEPT_AUTOMATION
E008|A005,E008,1,gates_full_plus_experiment_gate,0.1,STOP,1,48.0,48.0,0.3333333333333333,0.5625837820983065,0.7329064685315791,6,E008,,0.1,ACCEPT_AUTOMATION
E008|A006,E008,1,gates_full_plus_experiment_gate,0.1,CONTINUE,1,72.0,72.0,0.0,,,6,E008,,0.1,ACCEPT_AUTOMATION
E008|A007,E008,0,gates_full_plus_experiment_gate,0.1,CONTINUE,0,72.0,72.0,0.0,,,6,E008,,0.1,ACCEPT_AUTOMATION
E008|A008,E008,1,gates_full_plus_experiment_gate,0.1,STOP,1,48.0,48.0,0.3333333333333333,0.6165516354458327,0.7329064685315791,6,E008,,0.1,ACCEPT_AUTOMATION
E008|A010,E008,1,gates_full_plus_experiment_gate,0.1,STOP,1,60.0,60.0,0.1666666666666666,0.5420995000894117,0.7372796331579743,6,E008,,0.1,ACCEPT_AUTOMATION
E008|A011,E008,1,gates_full_plus_experiment_gate,0.1,STOP,1,60.0,60.0,0.1666666666666666,0.3862887712149292,0.7372796331579743,6,E008,,0.1,ACCEPT_AUTOMATION
E008|A012,E008,0,gates_full_plus_experiment_gate,0.1,STOP,1,48.0,48.0,0.3333333333333333,0.6523954096383239,0.7329064685315791,6,E008,,0.1,ACCEPT_AUTOMATION
E008|B001,E008,1,gates_full_plus_experiment_gate,0.1,STOP,1,60.0,60.0,0.1666666666666666,0.5392991188123438,0.7372796331579743,6,E008,,0.1,ACCEPT_AUTOMATION
E008|B002,E008,1,gates_full_plus_experiment_gate,0.1,STOP,1,60.0,60.0,0.1666666666666666,0.5007752646004147,0.7372796331579743,6,E008,,0.1,ACCEPT_AUTOMATION
E008|B003,E008,1,gates_full_plus_experiment_gate,0.1,CONTINUE,1,72.0,72.0,0.0,,,6,E008,,0.1,ACCEPT_AUTOMATION
E008|B004,E008,1,gates_full_plus_experiment_gate,0.1,STOP,1,60.0,60.0,0.1666666666666666,0.6336772161739436,0.7372796331579743,6,E008,,0.1,ACCEPT_AUTOMATION
E008|B005,E008,1,gates_full_plus_experiment_gate,0.1,CONTINUE,1,72.0,72.0,0.0,,,6,E008,,0.1,ACCEPT_AUTOMATION
E008|B006,E008,1,gates_full_plus_experiment_gate,0.1,STOP,1,48.0,48.0,0.3333333333333333,0.5387122291758779,0.7329064685315791,6,E008,,0.1,ACCEPT_AUTOMATION
E008|B007,E008,1,gates_full_plus_experiment_gate,0.1,STOP,1,60.0,60.0,0.1666666666666666,0.3939048841750146,0.7372796331579743,6,E008,,0.1,ACCEPT_AUTOMATION
E008|B008,E008,1,gates_full_plus_experiment_gate,0.1,ABSTAIN,1,72.0,72.0,0.0,0.743382549878827,0.7329064685315791,6,E008,,0.1,ACCEPT_AUTOMATION
E008|B009,E008,1,gates_full_plus_experiment_gate,0.1,STOP,1,48.0,48.0,0.3333333333333333,0.4742458009625214,0.7329064685315791,6,E008,,0.1,ACCEPT_AUTOMATION
E008|B010,E008,1,gates_full_plus_experiment_gate,0.1,STOP,1,60.0,60.0,0.1666666666666666,0.5568804679528787,0.7372796331579743,6,E008,,0.1,ACCEPT_AUTOMATION
E008|B011,E008,1,gates_full_plus_experiment_gate,0.1,STOP,1,48.0,48.0,0.3333333333333333,0.4141927772241746,0.7329064685315791,6,E008,,0.1,ACCEPT_AUTOMATION
E008|B012,E008,1,gates_full_plus_experiment_gate,0.1,STOP,1,48.0,48.0,0.3333333333333333,0.5696236322046526,0.7329064685315791,6,E008,,0.1,ACCEPT_AUTOMATION
E008|C001,E008,0,gates_full_plus_experiment_gate,0.1,STOP,1,60.0,60.0,0.1666666666666666,0.6177969776930746,0.7372796331579743,6,E008,,0.1,ACCEPT_AUTOMATION
E008|C002,E008,1,gates_full_plus_experiment_gate,0.1,STOP,1,60.0,60.0,0.1666666666666666,0.5356601436899671,0.7372796331579743,6,E008,,0.1,ACCEPT_AUTOMATION
E008|C003,E008,1,gates_full_plus_experiment_gate,0.1,STOP,1,48.0,48.0,0.3333333333333333,0.5964696491609279,0.7329064685315791,6,E008,,0.1,ACCEPT_AUTOMATION
E008|C004,E008,1,gates_full_plus_experiment_gate,0.1,STOP,1,60.0,60.0,0.1666666666666666,0.5350735539148854,0.7372796331579743,6,E008,,0.1,ACCEPT_AUTOMATION
E008|C005,E008,1,gates_full_plus_experiment_gate,0.1,STOP,1,48.0,48.0,0.3333333333333333,0.6522730035360687,0.7329064685315791,6,E008,,0.1,ACCEPT_AUTOMATION
E008|C006,E008,1,gates_full_plus_experiment_gate,0.1,STOP,1,48.0,48.0,0.3333333333333333,0.5156425960868909,0.7329064685315791,6,E008,,0.1,ACCEPT_AUTOMATION
E008|C007,E008,1,gates_full_plus_experiment_gate,0.1,STOP,1,60.0,60.0,0.1666666666666666,0.3935317969662457,0.7372796331579743,6,E008,,0.1,ACCEPT_AUTOMATION
E008|C008,E008,1,gates_full_plus_experiment_gate,0.1,STOP,1,60.0,60.0,0.1666666666666666,0.6742676815891863,0.7372796331579743,6,E008,,0.1,ACCEPT_AUTOMATION
E008|C009,E008,1,gates_full_plus_experiment_gate,0.1,CONTINUE,1,72.0,72.0,0.0,,,6,E008,,0.1,ACCEPT_AUTOMATION
E008|C010,E008,1,gates_full_plus_experiment_gate,0.1,STOP,1,60.0,60.0,0.1666666666666666,0.5195517858709837,0.7372796331579743,6,E008,,0.1,ACCEPT_AUTOMATION
E008|C011,E008,1,gates_full_plus_experiment_gate,0.1,STOP,1,60.0,60.0,0.1666666666666666,0.4389274182235208,0.7372796331579743,6,E008,,0.1,ACCEPT_AUTOMATION
E008|C012,E008,1,gates_full_plus_experiment_gate,0.1,STOP,1,60.0,60.0,0.1666666666666666,0.4892577412090458,0.7372796331579743,6,E008,,0.1,ACCEPT_AUTOMATION
E008|D001,E008,1,gates_full_plus_experiment_gate,0.1,STOP,1,60.0,60.0,0.1666666666666666,0.5302785938415013,0.7372796331579743,6,E008,,0.1,ACCEPT_AUTOMATION
E008|D002,E008,0,gates_full_plus_experiment_gate,0.1,STOP,1,48.0,48.0,0.3333333333333333,0.4584732080357339,0.7329064685315791,6,E008,,0.1,ACCEPT_AUTOMATION
E008|D003,E008,1,gates_full_plus_experiment_gate,0.1,STOP,1,24.0,24.0,0.6666666666666666,0.657891855636975,0.7402232288922954,6,E008,,0.1,ACCEPT_AUTOMATION
E008|D004,E008,1,gates_full_plus_experiment_gate,0.1,STOP,1,60.0,60.0,0.1666666666666666,0.582327464502605,0.7372796331579743,6,E008,,0.1,ACCEPT_AUTOMATION
E008|D006,E008,1,gates_full_plus_experiment_gate,0.1,STOP,1,60.0,60.0,0.1666666666666666,0.707400133105039,0.7372796331579743,6,E008,,0.1,ACCEPT_AUTOMATION
E008|D007,E008,1,gates_full_plus_experiment_gate,0.1,STOP,1,60.0,60.0,0.1666666666666666,0.49157451148992,0.7372796331579743,6,E008,,0.1,ACCEPT_AUTOMATION
E008|D008,E008,1,gates_full_plus_experiment_gate,0.1,STOP,1,48.0,48.0,0.3333333333333333,0.4436931658452905,0.7329064685315791,6,E008,,0.1,ACCEPT_AUTOMATION
E008|D009,E008,0,gates_full_plus_experiment_gate,0.1,CONTINUE,0,72.0,72.0,0.0,,,6,E008,,0.1,ACCEPT_AUTOMATION
E008|D010,E008,1,gates_full_plus_experiment_gate,0.1,STOP,1,60.0,60.0,0.1666666666666666,0.573936503077151,0.7372796331579743,6,E008,,0.1,ACCEPT_AUTOMATION
E008|D011,E008,1,gates_full_plus_experiment_gate,0.1,STOP,1,60.0,60.0,0.1666666666666666,0.5462157643438479,0.7372796331579743,6,E008,,0.1,ACCEPT_AUTOMATION
E008|D012,E008,1,gates_full_plus_experiment_gate,0.1,STOP,1,60.0,60.0,0.1666666666666666,0.5233049969834893,0.7372796331579743,6,E008,,0.1,ACCEPT_AUTOMATION
E008|E001,E008,0,gates_full_plus_experiment_gate,0.1,STOP,0,24.0,24.0,0.6666666666666666,0.4282851388237826,0.7402232288922954,6,E008,,0.1,ACCEPT_AUTOMATION
E008|E002,E008,0,gates_full_plus_experiment_gate,0.1,STOP,0,24.0,24.0,0.6666666666666666,0.5109300486748325,0.7402232288922954,6,E008,,0.1,ACCEPT_AUTOMATION
E008|E003,E008,0,gates_full_plus_experiment_gate,0.1,STOP,0,24.0,24.0,0.6666666666666666,0.3863221949838157,0.7402232288922954,6,E008,,0.1,ACCEPT_AUTOMATION
E008|E004,E008,0,gates_full_plus_experiment_gate,0.1,STOP,0,24.0,24.0,0.6666666666666666,0.4440632508659223,0.7402232288922954,6,E008,,0.1,ACCEPT_AUTOMATION
E008|E005,E008,0,gates_full_plus_experiment_gate,0.1,STOP,0,24.0,24.0,0.6666666666666666,0.41237583149533,0.7402232288922954,6,E008,,0.1,ACCEPT_AUTOMATION
E008|E006,E008,0,gates_full_plus_experiment_gate,0.1,STOP,0,24.0,24.0,0.6666666666666666,0.5394269999588661,0.7402232288922954,6,E008,,0.1,ACCEPT_AUTOMATION
E008|E007,E008,0,gates_full_plus_experiment_gate,0.1,STOP,0,24.0,24.0,0.6666666666666666,0.4289458638199231,0.7402232288922954,6,E008,,0.1,ACCEPT_AUTOMATION
E008|E008,E008,0,gates_full_plus_experiment_gate,0.1,STOP,0,24.0,24.0,0.6666666666666666,0.3327493871652913,0.7402232288922954,6,E008,,0.1,ACCEPT_AUTOMATION
E008|E009,E008,0,gates_full_plus_experiment_gate,0.1,STOP,0,24.0,24.0,0.6666666666666666,0.5171435462571259,0.7402232288922954,6,E008,,0.1,ACCEPT_AUTOMATION
E008|E010,E008,0,gates_full_plus_experiment_gate,0.1,STOP,0,24.0,24.0,0.6666666666666666,0.4198376808191815,0.7402232288922954,6,E008,,0.1,ACCEPT_AUTOMATION
E008|E011,E008,0,gates_full_plus_experiment_gate,0.1,STOP,0,24.0,24.0,0.6666666666666666,0.5000431682840902,0.7402232288922954,6,E008,,0.1,ACCEPT_AUTOMATION
E008|E012,E008,0,gates_full_plus_experiment_gate,0.1,STOP,0,24.0,24.0,0.6666666666666666,0.4749220178507474,0.7402232288922954,6,E008,,0.1,ACCEPT_AUTOMATION
E008|F001,E008,0,gates_full_plus_experiment_gate,0.1,STOP,0,24.0,24.0,0.6666666666666666,0.584921454075556,0.7402232288922954,6,E008,,0.1,ACCEPT_AUTOMATION
E008|F002,E008,0,gates_full_plus_experiment_gate,0.1,STOP,0,24.0,24.0,0.6666666666666666,0.5263779385892001,0.7402232288922954,6,E008,,0.1,ACCEPT_AUTOMATION
E008|F003,E008,0,gates_full_plus_experiment_gate,0.1,STOP,0,24.0,24.0,0.6666666666666666,0.3951398459257007,0.7402232288922954,6,E008,,0.1,ACCEPT_AUTOMATION
E008|F004,E008,0,gates_full_plus_experiment_gate,0.1,STOP,0,24.0,24.0,0.6666666666666666,0.4423866761632528,0.7402232288922954,6,E008,,0.1,ACCEPT_AUTOMATION
E008|F005,E008,0,gates_full_plus_experiment_gate,0.1,STOP,0,24.0,24.0,0.6666666666666666,0.3576171291054586,0.7402232288922954,6,E008,,0.1,ACCEPT_AUTOMATION
E008|F006,E008,0,gates_full_plus_experiment_gate,0.1,STOP,0,24.0,24.0,0.6666666666666666,0.4076735383444758,0.7402232288922954,6,E008,,0.1,ACCEPT_AUTOMATION
E008|F007,E008,0,gates_full_plus_experiment_gate,0.1,STOP,0,60.0,60.0,0.1666666666666666,0.3721582511952221,0.7372796331579743,6,E008,,0.1,ACCEPT_AUTOMATION
E008|F008,E008,0,gates_full_plus_experiment_gate,0.1,STOP,0,24.0,24.0,0.6666666666666666,0.5989902002627593,0.7402232288922954,6,E008,,0.1,ACCEPT_AUTOMATION
E008|F009,E008,0,gates_full_plus_experiment_gate,0.1,STOP,0,24.0,24.0,0.6666666666666666,0.4149898034094128,0.7402232288922954,6,E008,,0.1,ACCEPT_AUTOMATION
E008|F010,E008,0,gates_full_plus_experiment_gate,0.1,STOP,0,24.0,24.0,0.6666666666666666,0.561745104999739,0.7402232288922954,6,E008,,0.1,ACCEPT_AUTOMATION
E008|F011,E008,0,gates_full_plus_experiment_gate,0.1,STOP,0,24.0,24.0,0.6666666666666666,0.462460960204966,0.7402232288922954,6,E008,,0.1,ACCEPT_AUTOMATION
E008|F012,E008,0,gates_full_plus_experiment_gate,0.1,STOP,0,24.0,24.0,0.6666666666666666,0.5385050755911078,0.7402232288922954,6,E008,,0.1,ACCEPT_AUTOMATION
E008|G001,E008,1,gates_full_plus_experiment_gate,0.1,ABSTAIN,0,72.0,72.0,0.0,0.7890909886037383,0.7372796331579743,6,E008,,0.1,ACCEPT_AUTOMATION
E008|G002,E008,1,gates_full_plus_experiment_gate,0.1,STOP,1,60.0,60.0,0.1666666666666666,0.6152902880524546,0.7372796331579743,6,E008,,0.1,ACCEPT_AUTOMATION
E008|G003,E008,1,gates_full_plus_experiment_gate,0.1,STOP,1,60.0,60.0,0.1666666666666666,0.3283816036046244,0.7372796331579743,6,E008,,0.1,ACCEPT_AUTOMATION
E008|G004,E008,1,gates_full_plus_experiment_gate,0.1,STOP,1,48.0,48.0,0.3333333333333333,0.5393704838487478,0.7329064685315791,6,E008,,0.1,ACCEPT_AUTOMATION
E008|G006,E008,1,gates_full_plus_experiment_gate,0.1,STOP,1,48.0,48.0,0.3333333333333333,0.5830293160559296,0.7329064685315791,6,E008,,0.1,ACCEPT_AUTOMATION
E008|G007,E008,1,gates_full_plus_experiment_gate,0.1,STOP,1,60.0,60.0,0.1666666666666666,0.4825635907919804,0.7372796331579743,6,E008,,0.1,ACCEPT_AUTOMATION
E008|G008,E008,1,gates_full_plus_experiment_gate,0.1,STOP,1,48.0,48.0,0.3333333333333333,0.4537411010863489,0.7329064685315791,6,E008,,0.1,ACCEPT_AUTOMATION
E008|G009,E008,1,gates_full_plus_experiment_gate,0.1,STOP,1,48.0,48.0,0.3333333333333333,0.6407983831420541,0.7329064685315791,6,E008,,0.1,ACCEPT_AUTOMATION
E008|G010,E008,1,gates_full_plus_experiment_gate,0.1,STOP,1,60.0,60.0,0.1666666666666666,0.5076840054625554,0.7372796331579743,6,E008,,0.1,ACCEPT_AUTOMATION
E008|G011,E008,1,gates_full_plus_experiment_gate,0.1,STOP,1,48.0,48.0,0.3333333333333333,0.4446496348175342,0.7329064685315791,6,E008,,0.1,ACCEPT_AUTOMATION
E008|G012,E008,1,gates_full_plus_experiment_gate,0.1,STOP,1,48.0,48.0,0.3333333333333333,0.567321102358063,0.7329064685315791,6,E008,,0.1,ACCEPT_AUTOMATION
E008|H001,E008,1,gates_full_plus_experiment_gate,0.1,STOP,1,60.0,60.0,0.1666666666666666,0.6862101529403891,0.7372796331579743,6,E008,,0.1,ACCEPT_AUTOMATION
E008|H002,E008,1,gates_full_plus_experiment_gate,0.1,CONTINUE,1,72.0,72.0,0.0,,,6,E008,,0.1,ACCEPT_AUTOMATION
E008|H003,E008,1,gates_full_plus_experiment_gate,0.1,STOP,1,48.0,48.0,0.3333333333333333,0.5646216655036237,0.7329064685315791,6,E008,,0.1,ACCEPT_AUTOMATION
E008|H004,E008,1,gates_full_plus_experiment_gate,0.1,ABSTAIN,1,72.0,72.0,0.0,0.7654418976835922,0.7329064685315791,6,E008,,0.1,ACCEPT_AUTOMATION
E008|H005,E008,1,gates_full_plus_experiment_gate,0.1,STOP,1,60.0,60.0,0.1666666666666666,0.3924047761753035,0.7372796331579743,6,E008,,0.1,ACCEPT_AUTOMATION
E008|H007,E008,1,gates_full_plus_experiment_gate,0.1,CONTINUE,1,72.0,72.0,0.0,,,6,E008,,0.1,ACCEPT_AUTOMATION
E008|H008,E008,0,gates_full_plus_experiment_gate,0.1,STOP,0,60.0,60.0,0.1666666666666666,0.692870700130472,0.7372796331579743,6,E008,,0.1,ACCEPT_AUTOMATION
E008|H009,E008,1,gates_full_plus_experiment_gate,0.1,STOP,1,48.0,48.0,0.3333333333333333,0.7010627190229379,0.7329064685315791,6,E008,,0.1,ACCEPT_AUTOMATION
E008|H010,E008,1,gates_full_plus_experiment_gate,0.1,STOP,1,48.0,48.0,0.3333333333333333,0.6939127593769958,0.7329064685315791,6,E008,,0.1,ACCEPT_AUTOMATION
E008|H011,E008,1,gates_full_plus_experiment_gate,0.1,STOP,1,60.0,60.0,0.1666666666666666,0.5149738294765059,0.7372796331579743,6,E008,,0.1,ACCEPT_AUTOMATION
E008|H012,E008,1,gates_full_plus_experiment_gate,0.1,STOP,1,48.0,48.0,0.3333333333333333,0.6998011777684825,0.7329064685315791,6,E008,,0.1,ACCEPT_AUTOMATION
E009|A001,E009,0,gates_full_plus_experiment_gate,0.1,STOP,0,48.0,48.0,0.3333333333333333,0.6901469556771795,0.7941642204819609,7,E009,,0.1,ACCEPT_AUTOMATION
E009|A002,E009,0,gates_full_plus_experiment_gate,0.1,STOP,1,12.0,12.0,0.8333333333333334,0.5886776454736155,0.8406912098407324,7,E009,,0.1,ACCEPT_AUTOMATION
E009|A003,E009,0,gates_full_plus_experiment_gate,0.1,STOP,0,48.0,48.0,0.3333333333333333,0.5575857945797448,0.7941642204819609,7,E009,,0.1,ACCEPT_AUTOMATION
E009|A004,E009,0,gates_full_plus_experiment_gate,0.1,STOP,1,12.0,12.0,0.8333333333333334,0.6083993952105453,0.8406912098407324,7,E009,,0.1,ACCEPT_AUTOMATION
E009|A005,E009,0,gates_full_plus_experiment_gate,0.1,STOP,1,12.0,12.0,0.8333333333333334,0.4877731531163377,0.8406912098407324,7,E009,,0.1,ACCEPT_AUTOMATION
E009|A006,E009,0,gates_full_plus_experiment_gate,0.1,STOP,0,48.0,48.0,0.3333333333333333,0.5316304396512538,0.7941642204819609,7,E009,,0.1,ACCEPT_AUTOMATION
E009|A007,E009,0,gates_full_plus_experiment_gate,0.1,STOP,0,48.0,48.0,0.3333333333333333,0.4029556268872123,0.7941642204819609,7,E009,,0.1,ACCEPT_AUTOMATION
E009|A008,E009,0,gates_full_plus_experiment_gate,0.1,STOP,1,12.0,12.0,0.8333333333333334,0.4456048453399041,0.8406912098407324,7,E009,,0.1,ACCEPT_AUTOMATION
E009|A009,E009,0,gates_full_plus_experiment_gate,0.1,STOP,0,48.0,48.0,0.3333333333333333,0.5154468400384783,0.7941642204819609,7,E009,,0.1,ACCEPT_AUTOMATION
E009|A010,E009,0,gates_full_plus_experiment_gate,0.1,STOP,0,48.0,48.0,0.3333333333333333,0.3060649137957292,0.7941642204819609,7,E009,,0.1,ACCEPT_AUTOMATION
E009|A011,E009,0,gates_full_plus_experiment_gate,0.1,STOP,0,12.0,12.0,0.8333333333333334,0.5351217215578313,0.8406912098407324,7,E009,,0.1,ACCEPT_AUTOMATION
E009|A012,E009,0,gates_full_plus_experiment_gate,0.1,STOP,0,48.0,48.0,0.3333333333333333,0.6152716636470138,0.7941642204819609,7,E009,,0.1,ACCEPT_AUTOMATION
E009|B003,E009,0,gates_full_plus_experiment_gate,0.1,STOP,1,12.0,12.0,0.8333333333333334,0.6225495012308473,0.8406912098407324,7,E009,,0.1,ACCEPT_AUTOMATION
E009|B004,E009,0,gates_full_plus_experiment_gate,0.1,STOP,0,48.0,48.0,0.3333333333333333,0.4179517536830431,0.7941642204819609,7,E009,,0.1,ACCEPT_AUTOMATION
E009|B005,E009,0,gates_full_plus_experiment_gate,0.1,STOP,0,48.0,48.0,0.3333333333333333,0.3149754460463084,0.7941642204819609,7,E009,,0.1,ACCEPT_AUTOMATION
E009|B006,E009,0,gates_full_plus_experiment_gate,0.1,STOP,0,24.0,24.0,0.6666666666666666,0.420695966854106,0.8251423027988203,7,E009,,0.1,ACCEPT_AUTOMATION
E009|B007,E009,0,gates_full_plus_experiment_gate,0.1,STOP,0,12.0,12.0,0.8333333333333334,0.4099715548310808,0.8406912098407324,7,E009,,0.1,ACCEPT_AUTOMATION
E009|B008,E009,0,gates_full_plus_experiment_gate,0.1,STOP,1,12.0,12.0,0.8333333333333334,0.5237732136367697,0.8406912098407324,7,E009,,0.1,ACCEPT_AUTOMATION
E009|B009,E009,0,gates_full_plus_experiment_gate,0.1,STOP,0,48.0,48.0,0.3333333333333333,0.5790448087680049,0.7941642204819609,7,E009,,0.1,ACCEPT_AUTOMATION
E009|B010,E009,0,gates_full_plus_experiment_gate,0.1,STOP,0,48.0,48.0,0.3333333333333333,0.4780624274855374,0.7941642204819609,7,E009,,0.1,ACCEPT_AUTOMATION
E009|B011,E009,0,gates_full_plus_experiment_gate,0.1,ABSTAIN,0,72.0,72.0,0.0,1.0034486943507257,0.8406912098407324,7,E009,,0.1,ACCEPT_AUTOMATION
E009|B012,E009,0,gates_full_plus_experiment_gate,0.1,STOP,0,48.0,48.0,0.3333333333333333,0.5356898928837648,0.7941642204819609,7,E009,,0.1,ACCEPT_AUTOMATION
E009|C001,E009,0,gates_full_plus_experiment_gate,0.1,STOP,0,48.0,48.0,0.3333333333333333,0.5045411092923611,0.7941642204819609,7,E009,,0.1,ACCEPT_AUTOMATION
E009|C002,E009,0,gates_full_plus_experiment_gate,0.1,STOP,0,24.0,24.0,0.6666666666666666,0.5362202940492398,0.8251423027988203,7,E009,,0.1,ACCEPT_AUTOMATION
E009|C003,E009,0,gates_full_plus_experiment_gate,0.1,STOP,0,12.0,12.0,0.8333333333333334,0.6526683810081642,0.8406912098407324,7,E009,,0.1,ACCEPT_AUTOMATION
E009|C004,E009,0,gates_full_plus_experiment_gate,0.1,STOP,0,48.0,48.0,0.3333333333333333,0.352624094738077,0.7941642204819609,7,E009,,0.1,ACCEPT_AUTOMATION
E009|C005,E009,0,gates_full_plus_experiment_gate,0.1,STOP,0,60.0,60.0,0.1666666666666666,0.3625882895732034,0.8595456197626635,7,E009,,0.1,ACCEPT_AUTOMATION
E009|C006,E009,0,gates_full_plus_experiment_gate,0.1,STOP,0,60.0,60.0,0.1666666666666666,0.3498471542971997,0.8595456197626635,7,E009,,0.1,ACCEPT_AUTOMATION
E009|C007,E009,0,gates_full_plus_experiment_gate,0.1,STOP,0,48.0,48.0,0.3333333333333333,0.2634871262120565,0.7941642204819609,7,E009,,0.1,ACCEPT_AUTOMATION
E009|C008,E009,0,gates_full_plus_experiment_gate,0.1,STOP,0,48.0,48.0,0.3333333333333333,0.3713644747484131,0.7941642204819609,7,E009,,0.1,ACCEPT_AUTOMATION
E009|C009,E009,0,gates_full_plus_experiment_gate,0.1,STOP,0,48.0,48.0,0.3333333333333333,0.3680065668125231,0.7941642204819609,7,E009,,0.1,ACCEPT_AUTOMATION
E009|C010,E009,0,gates_full_plus_experiment_gate,0.1,STOP,0,60.0,60.0,0.1666666666666666,0.3113875535799221,0.8595456197626635,7,E009,,0.1,ACCEPT_AUTOMATION
E009|C011,E009,0,gates_full_plus_experiment_gate,0.1,STOP,0,48.0,48.0,0.3333333333333333,0.4352717830933272,0.7941642204819609,7,E009,,0.1,ACCEPT_AUTOMATION
E009|C012,E009,0,gates_full_plus_experiment_gate,0.1,STOP,0,60.0,60.0,0.1666666666666666,0.3913450195915867,0.8595456197626635,7,E009,,0.1,ACCEPT_AUTOMATION
E009|D002,E009,0,gates_full_plus_experiment_gate,0.1,STOP,0,48.0,48.0,0.3333333333333333,0.3423248533539608,0.7941642204819609,7,E009,,0.1,ACCEPT_AUTOMATION
E009|D003,E009,0,gates_full_plus_experiment_gate,0.1,STOP,0,12.0,12.0,0.8333333333333334,0.5337759748912109,0.8406912098407324,7,E009,,0.1,ACCEPT_AUTOMATION
E009|D004,E009,0,gates_full_plus_experiment_gate,0.1,STOP,0,48.0,48.0,0.3333333333333333,0.3497421095725485,0.7941642204819609,7,E009,,0.1,ACCEPT_AUTOMATION
E009|D005,E009,0,gates_full_plus_experiment_gate,0.1,STOP,0,48.0,48.0,0.3333333333333333,0.4781411582788799,0.7941642204819609,7,E009,,0.1,ACCEPT_AUTOMATION
E009|D006,E009,0,gates_full_plus_experiment_gate,0.1,STOP,0,48.0,48.0,0.3333333333333333,0.3605548020810354,0.7941642204819609,7,E009,,0.1,ACCEPT_AUTOMATION
E009|D007,E009,0,gates_full_plus_experiment_gate,0.1,STOP,0,12.0,12.0,0.8333333333333334,0.4268944576809836,0.8406912098407324,7,E009,,0.1,ACCEPT_AUTOMATION
E009|D008,E009,0,gates_full_plus_experiment_gate,0.1,STOP,0,48.0,48.0,0.3333333333333333,0.5304531010015228,0.7941642204819609,7,E009,,0.1,ACCEPT_AUTOMATION
E009|D009,E009,0,gates_full_plus_experiment_gate,0.1,STOP,0,48.0,48.0,0.3333333333333333,0.3514576295606541,0.7941642204819609,7,E009,,0.1,ACCEPT_AUTOMATION
E009|D010,E009,0,gates_full_plus_experiment_gate,0.1,STOP,0,48.0,48.0,0.3333333333333333,0.484285177597868,0.7941642204819609,7,E009,,0.1,ACCEPT_AUTOMATION
E009|D011,E009,0,gates_full_plus_experiment_gate,0.1,STOP,0,48.0,48.0,0.3333333333333333,0.4346827994800875,0.7941642204819609,7,E009,,0.1,ACCEPT_AUTOMATION
E009|D012,E009,0,gates_full_plus_experiment_gate,0.1,STOP,0,60.0,60.0,0.1666666666666666,0.4009399917443442,0.8595456197626635,7,E009,,0.1,ACCEPT_AUTOMATION
E009|E001,E009,0,gates_full_plus_experiment_gate,0.1,STOP,1,12.0,12.0,0.8333333333333334,0.5657561261951685,0.8406912098407324,7,E009,,0.1,ACCEPT_AUTOMATION
E009|E002,E009,0,gates_full_plus_experiment_gate,0.1,STOP,0,48.0,48.0,0.3333333333333333,0.5104554391382633,0.7941642204819609,7,E009,,0.1,ACCEPT_AUTOMATION
E009|E003,E009,0,gates_full_plus_experiment_gate,0.1,STOP,0,48.0,48.0,0.3333333333333333,0.6293090816998318,0.7941642204819609,7,E009,,0.1,ACCEPT_AUTOMATION
E009|E004,E009,0,gates_full_plus_experiment_gate,0.1,STOP,0,48.0,48.0,0.3333333333333333,0.4508556229491584,0.7941642204819609,7,E009,,0.1,ACCEPT_AUTOMATION
E009|E005,E009,0,gates_full_plus_experiment_gate,0.1,STOP,0,12.0,12.0,0.8333333333333334,0.4266655837536435,0.8406912098407324,7,E009,,0.1,ACCEPT_AUTOMATION
E009|E006,E009,0,gates_full_plus_experiment_gate,0.1,STOP,0,60.0,60.0,0.1666666666666666,0.4723541151616717,0.8595456197626635,7,E009,,0.1,ACCEPT_AUTOMATION
E009|E007,E009,0,gates_full_plus_experiment_gate,0.1,STOP,0,60.0,60.0,0.1666666666666666,0.3315504818006383,0.8595456197626635,7,E009,,0.1,ACCEPT_AUTOMATION
E009|E008,E009,0,gates_full_plus_experiment_gate,0.1,STOP,0,60.0,60.0,0.1666666666666666,0.5225204635786873,0.8595456197626635,7,E009,,0.1,ACCEPT_AUTOMATION
E009|E009,E009,0,gates_full_plus_experiment_gate,0.1,STOP,0,24.0,24.0,0.6666666666666666,0.4927886256562233,0.8251423027988203,7,E009,,0.1,ACCEPT_AUTOMATION
E009|E010,E009,0,gates_full_plus_experiment_gate,0.1,STOP,0,48.0,48.0,0.3333333333333333,0.3193068954740721,0.7941642204819609,7,E009,,0.1,ACCEPT_AUTOMATION
E009|E011,E009,0,gates_full_plus_experiment_gate,0.1,STOP,1,12.0,12.0,0.8333333333333334,0.4381790319719355,0.8406912098407324,7,E009,,0.1,ACCEPT_AUTOMATION
E009|E012,E009,0,gates_full_plus_experiment_gate,0.1,STOP,0,48.0,48.0,0.3333333333333333,0.6340942902061959,0.7941642204819609,7,E009,,0.1,ACCEPT_AUTOMATION
E009|F001,E009,0,gates_full_plus_experiment_gate,0.1,STOP,1,60.0,60.0,0.1666666666666666,0.7173848405930777,0.8595456197626635,7,E009,,0.1,ACCEPT_AUTOMATION
E009|F002,E009,0,gates_full_plus_experiment_gate,0.1,STOP,0,48.0,48.0,0.3333333333333333,0.3466370622133469,0.7941642204819609,7,E009,,0.1,ACCEPT_AUTOMATION
E009|F003,E009,0,gates_full_plus_experiment_gate,0.1,STOP,0,60.0,60.0,0.1666666666666666,0.5498243160916024,0.8595456197626635,7,E009,,0.1,ACCEPT_AUTOMATION
E009|F004,E009,0,gates_full_plus_experiment_gate,0.1,STOP,0,48.0,48.0,0.3333333333333333,0.4848508193127656,0.7941642204819609,7,E009,,0.1,ACCEPT_AUTOMATION
E009|F005,E009,0,gates_full_plus_experiment_gate,0.1,STOP,0,48.0,48.0,0.3333333333333333,0.4806658034363866,0.7941642204819609,7,E009,,0.1,ACCEPT_AUTOMATION
E009|F006,E009,0,gates_full_plus_experiment_gate,0.1,STOP,0,12.0,12.0,0.8333333333333334,0.4329716892858664,0.8406912098407324,7,E009,,0.1,ACCEPT_AUTOMATION
E009|F007,E009,0,gates_full_plus_experiment_gate,0.1,STOP,0,48.0,48.0,0.3333333333333333,0.4089095466985271,0.7941642204819609,7,E009,,0.1,ACCEPT_AUTOMATION
E009|F008,E009,0,gates_full_plus_experiment_gate,0.1,STOP,0,48.0,48.0,0.3333333333333333,0.3712246789825477,0.7941642204819609,7,E009,,0.1,ACCEPT_AUTOMATION
E009|F009,E009,0,gates_full_plus_experiment_gate,0.1,STOP,0,48.0,48.0,0.3333333333333333,0.4821245123691819,0.7941642204819609,7,E009,,0.1,ACCEPT_AUTOMATION
E009|F010,E009,0,gates_full_plus_experiment_gate,0.1,STOP,0,48.0,48.0,0.3333333333333333,0.3588601964175197,0.7941642204819609,7,E009,,0.1,ACCEPT_AUTOMATION
E009|F011,E009,0,gates_full_plus_experiment_gate,0.1,STOP,1,12.0,12.0,0.8333333333333334,0.3893147478772582,0.8406912098407324,7,E009,,0.1,ACCEPT_AUTOMATION
E009|F012,E009,0,gates_full_plus_experiment_gate,0.1,STOP,0,48.0,48.0,0.3333333333333333,0.4129715295685606,0.7941642204819609,7,E009,,0.1,ACCEPT_AUTOMATION
E009|G001,E009,0,gates_full_plus_experiment_gate,0.1,STOP,0,60.0,60.0,0.1666666666666666,0.7004638489575178,0.8595456197626635,7,E009,,0.1,ACCEPT_AUTOMATION
E009|G002,E009,0,gates_full_plus_experiment_gate,0.1,STOP,0,60.0,60.0,0.1666666666666666,0.4950465543247715,0.8595456197626635,7,E009,,0.1,ACCEPT_AUTOMATION
E009|G003,E009,0,gates_full_plus_experiment_gate,0.1,STOP,0,48.0,48.0,0.3333333333333333,0.568583714415485,0.7941642204819609,7,E009,,0.1,ACCEPT_AUTOMATION
E009|G004,E009,0,gates_full_plus_experiment_gate,0.1,STOP,0,48.0,48.0,0.3333333333333333,0.3714248790325151,0.7941642204819609,7,E009,,0.1,ACCEPT_AUTOMATION
E009|G005,E009,0,gates_full_plus_experiment_gate,0.1,STOP,0,48.0,48.0,0.3333333333333333,0.4892517491561498,0.7941642204819609,7,E009,,0.1,ACCEPT_AUTOMATION
E009|G006,E009,0,gates_full_plus_experiment_gate,0.1,STOP,0,24.0,24.0,0.6666666666666666,0.453436724538778,0.8251423027988203,7,E009,,0.1,ACCEPT_AUTOMATION
E009|G007,E009,0,gates_full_plus_experiment_gate,0.1,STOP,1,12.0,12.0,0.8333333333333334,0.6689591811043928,0.8406912098407324,7,E009,,0.1,ACCEPT_AUTOMATION
E009|G008,E009,0,gates_full_plus_experiment_gate,0.1,STOP,0,24.0,24.0,0.6666666666666666,0.4688402670505381,0.8251423027988203,7,E009,,0.1,ACCEPT_AUTOMATION
E009|G009,E009,0,gates_full_plus_experiment_gate,0.1,STOP,0,48.0,48.0,0.3333333333333333,0.4682993105062047,0.7941642204819609,7,E009,,0.1,ACCEPT_AUTOMATION
E009|G010,E009,0,gates_full_plus_experiment_gate,0.1,STOP,0,48.0,48.0,0.3333333333333333,0.5298486143053113,0.7941642204819609,7,E009,,0.1,ACCEPT_AUTOMATION
E009|G011,E009,0,gates_full_plus_experiment_gate,0.1,STOP,0,60.0,60.0,0.1666666666666666,0.4096949823055025,0.8595456197626635,7,E009,,0.1,ACCEPT_AUTOMATION
E009|G012,E009,0,gates_full_plus_experiment_gate,0.1,STOP,0,12.0,12.0,0.8333333333333334,0.5236180806746843,0.8406912098407324,7,E009,,0.1,ACCEPT_AUTOMATION
E009|H001,E009,0,gates_full_plus_experiment_gate,0.1,STOP,0,48.0,48.0,0.3333333333333333,0.6030374867447297,0.7941642204819609,7,E009,,0.1,ACCEPT_AUTOMATION
E009|H002,E009,0,gates_full_plus_experiment_gate,0.1,ABSTAIN,0,72.0,72.0,0.0,0.8775797067087476,0.7941642204819609,7,E009,,0.1,ACCEPT_AUTOMATION
E009|H003,E009,0,gates_full_plus_experiment_gate,0.1,STOP,0,24.0,24.0,0.6666666666666666,0.6157056761810231,0.8251423027988203,7,E009,,0.1,ACCEPT_AUTOMATION
E009|H004,E009,0,gates_full_plus_experiment_gate,0.1,STOP,0,60.0,60.0,0.1666666666666666,0.6609528422132595,0.8595456197626635,7,E009,,0.1,ACCEPT_AUTOMATION
E009|H005,E009,0,gates_full_plus_experiment_gate,0.1,STOP,0,24.0,24.0,0.6666666666666666,0.6339831289836136,0.8251423027988203,7,E009,,0.1,ACCEPT_AUTOMATION
E009|H006,E009,0,gates_full_plus_experiment_gate,0.1,STOP,0,48.0,48.0,0.3333333333333333,0.6351389954695776,0.7941642204819609,7,E009,,0.1,ACCEPT_AUTOMATION
E009|H007,E009,0,gates_full_plus_experiment_gate,0.1,STOP,0,24.0,24.0,0.6666666666666666,0.5188187231846152,0.8251423027988203,7,E009,,0.1,ACCEPT_AUTOMATION
E009|H008,E009,0,gates_full_plus_experiment_gate,0.1,STOP,0,24.0,24.0,0.6666666666666666,0.4901586309553424,0.8251423027988203,7,E009,,0.1,ACCEPT_AUTOMATION
E009|H009,E009,0,gates_full_plus_experiment_gate,0.1,STOP,0,12.0,12.0,0.8333333333333334,0.5937702371951309,0.8406912098407324,7,E009,,0.1,ACCEPT_AUTOMATION
E010|A001,E010,0,gates_full_plus_experiment_gate,0.1,ABSTAIN,0,72.0,72.0,0.0,,,8,E010,,0.1,REFUSE_EARLY_STOPPING
E010|A002,E010,1,gates_full_plus_experiment_gate,0.1,ABSTAIN,1,72.0,72.0,0.0,,,8,E010,,0.1,REFUSE_EARLY_STOPPING
E010|A003,E010,1,gates_full_plus_experiment_gate,0.1,ABSTAIN,1,72.0,72.0,0.0,0.5769458532510044,0.8978476794157808,8,E010,,0.1,REFUSE_EARLY_STOPPING
E010|A004,E010,1,gates_full_plus_experiment_gate,0.1,ABSTAIN,1,72.0,72.0,0.0,0.6635328990697249,0.8978476794157808,8,E010,,0.1,REFUSE_EARLY_STOPPING
E010|A005,E010,1,gates_full_plus_experiment_gate,0.1,ABSTAIN,1,72.0,72.0,0.0,,,8,E010,,0.1,REFUSE_EARLY_STOPPING
E010|A006,E010,1,gates_full_plus_experiment_gate,0.1,ABSTAIN,1,72.0,72.0,0.0,0.5398008251759846,0.8978476794157808,8,E010,,0.1,REFUSE_EARLY_STOPPING
E010|A007,E010,0,gates_full_plus_experiment_gate,0.1,ABSTAIN,0,72.0,72.0,0.0,,,8,E010,,0.1,REFUSE_EARLY_STOPPING
E010|A008,E010,1,gates_full_plus_experiment_gate,0.1,ABSTAIN,1,72.0,72.0,0.0,,,8,E010,,0.1,REFUSE_EARLY_STOPPING
E010|A009,E010,1,gates_full_plus_experiment_gate,0.1,ABSTAIN,1,72.0,72.0,0.0,0.4904109737814476,0.8978476794157808,8,E010,,0.1,REFUSE_EARLY_STOPPING
E010|A010,E010,1,gates_full_plus_experiment_gate,0.1,ABSTAIN,1,72.0,72.0,0.0,0.5657885375929587,0.8978476794157808,8,E010,,0.1,REFUSE_EARLY_STOPPING
E010|A011,E010,0,gates_full_plus_experiment_gate,0.1,ABSTAIN,0,72.0,72.0,0.0,,,8,E010,,0.1,REFUSE_EARLY_STOPPING
E010|A012,E010,1,gates_full_plus_experiment_gate,0.1,ABSTAIN,1,72.0,72.0,0.0,,,8,E010,,0.1,REFUSE_EARLY_STOPPING
E010|B001,E010,1,gates_full_plus_experiment_gate,0.1,ABSTAIN,1,72.0,72.0,0.0,,,8,E010,,0.1,REFUSE_EARLY_STOPPING
E010|B002,E010,1,gates_full_plus_experiment_gate,0.1,ABSTAIN,1,72.0,72.0,0.0,0.5559820655495501,0.8978476794157808,8,E010,,0.1,REFUSE_EARLY_STOPPING
E010|B003,E010,1,gates_full_plus_experiment_gate,0.1,ABSTAIN,1,72.0,72.0,0.0,0.4976276039604176,0.8978476794157808,8,E010,,0.1,REFUSE_EARLY_STOPPING
E010|B004,E010,1,gates_full_plus_experiment_gate,0.1,ABSTAIN,1,72.0,72.0,0.0,0.7334430787733363,0.8978476794157808,8,E010,,0.1,REFUSE_EARLY_STOPPING
E010|B005,E010,1,gates_full_plus_experiment_gate,0.1,ABSTAIN,1,72.0,72.0,0.0,,,8,E010,,0.1,REFUSE_EARLY_STOPPING
E010|B006,E010,1,gates_full_plus_experiment_gate,0.1,ABSTAIN,1,72.0,72.0,0.0,,,8,E010,,0.1,REFUSE_EARLY_STOPPING
E010|B007,E010,1,gates_full_plus_experiment_gate,0.1,ABSTAIN,1,72.0,72.0,0.0,0.5583502976024134,0.8978476794157808,8,E010,,0.1,REFUSE_EARLY_STOPPING
E010|B008,E010,1,gates_full_plus_experiment_gate,0.1,ABSTAIN,1,72.0,72.0,0.0,,,8,E010,,0.1,REFUSE_EARLY_STOPPING
E010|B009,E010,1,gates_full_plus_experiment_gate,0.1,ABSTAIN,1,72.0,72.0,0.0,0.6037436356028135,0.8978476794157808,8,E010,,0.1,REFUSE_EARLY_STOPPING
E010|B010,E010,1,gates_full_plus_experiment_gate,0.1,ABSTAIN,1,72.0,72.0,0.0,,,8,E010,,0.1,REFUSE_EARLY_STOPPING
E010|B011,E010,1,gates_full_plus_experiment_gate,0.1,ABSTAIN,1,72.0,72.0,0.0,,,8,E010,,0.1,REFUSE_EARLY_STOPPING
E010|B012,E010,1,gates_full_plus_experiment_gate,0.1,ABSTAIN,1,72.0,72.0,0.0,0.5080501206918079,0.8978476794157808,8,E010,,0.1,REFUSE_EARLY_STOPPING
E010|C001,E010,1,gates_full_plus_experiment_gate,0.1,ABSTAIN,1,72.0,72.0,0.0,0.6155065360829539,0.8978476794157808,8,E010,,0.1,REFUSE_EARLY_STOPPING
E010|C002,E010,1,gates_full_plus_experiment_gate,0.1,ABSTAIN,1,72.0,72.0,0.0,,,8,E010,,0.1,REFUSE_EARLY_STOPPING
E010|C003,E010,1,gates_full_plus_experiment_gate,0.1,ABSTAIN,1,72.0,72.0,0.0,0.6709097450181845,0.8978476794157808,8,E010,,0.1,REFUSE_EARLY_STOPPING
E010|C004,E010,1,gates_full_plus_experiment_gate,0.1,ABSTAIN,1,72.0,72.0,0.0,,,8,E010,,0.1,REFUSE_EARLY_STOPPING
E010|C005,E010,1,gates_full_plus_experiment_gate,0.1,ABSTAIN,1,72.0,72.0,0.0,0.4488492122130974,0.8978476794157808,8,E010,,0.1,REFUSE_EARLY_STOPPING
E010|C006,E010,1,gates_full_plus_experiment_gate,0.1,ABSTAIN,1,72.0,72.0,0.0,,,8,E010,,0.1,REFUSE_EARLY_STOPPING
E010|C007,E010,1,gates_full_plus_experiment_gate,0.1,ABSTAIN,1,72.0,72.0,0.0,0.6161683813117942,0.8978476794157808,8,E010,,0.1,REFUSE_EARLY_STOPPING
E010|C008,E010,1,gates_full_plus_experiment_gate,0.1,ABSTAIN,1,72.0,72.0,0.0,0.4722067659823009,0.8978476794157808,8,E010,,0.1,REFUSE_EARLY_STOPPING
E010|C009,E010,1,gates_full_plus_experiment_gate,0.1,ABSTAIN,1,72.0,72.0,0.0,0.5945636029919388,0.8978476794157808,8,E010,,0.1,REFUSE_EARLY_STOPPING
E010|C010,E010,1,gates_full_plus_experiment_gate,0.1,ABSTAIN,1,72.0,72.0,0.0,,,8,E010,,0.1,REFUSE_EARLY_STOPPING
E010|C011,E010,0,gates_full_plus_experiment_gate,0.1,ABSTAIN,0,72.0,72.0,0.0,,,8,E010,,0.1,REFUSE_EARLY_STOPPING
E010|C012,E010,1,gates_full_plus_experiment_gate,0.1,ABSTAIN,1,72.0,72.0,0.0,0.586714291283593,0.8978476794157808,8,E010,,0.1,REFUSE_EARLY_STOPPING
E010|D001,E010,1,gates_full_plus_experiment_gate,0.1,ABSTAIN,1,72.0,72.0,0.0,0.6467899421212819,0.8978476794157808,8,E010,,0.1,REFUSE_EARLY_STOPPING
E010|D002,E010,0,gates_full_plus_experiment_gate,0.1,ABSTAIN,0,72.0,72.0,0.0,,,8,E010,,0.1,REFUSE_EARLY_STOPPING
E010|D003,E010,1,gates_full_plus_experiment_gate,0.1,ABSTAIN,1,72.0,72.0,0.0,0.5289030955856373,0.8978476794157808,8,E010,,0.1,REFUSE_EARLY_STOPPING
E010|D004,E010,1,gates_full_plus_experiment_gate,0.1,ABSTAIN,1,72.0,72.0,0.0,,,8,E010,,0.1,REFUSE_EARLY_STOPPING
E010|D005,E010,0,gates_full_plus_experiment_gate,0.1,ABSTAIN,0,72.0,72.0,0.0,,,8,E010,,0.1,REFUSE_EARLY_STOPPING
E010|D006,E010,1,gates_full_plus_experiment_gate,0.1,ABSTAIN,1,72.0,72.0,0.0,0.4654988077541103,0.8978476794157808,8,E010,,0.1,REFUSE_EARLY_STOPPING
E010|D007,E010,1,gates_full_plus_experiment_gate,0.1,ABSTAIN,1,72.0,72.0,0.0,0.5316595949272701,0.8978476794157808,8,E010,,0.1,REFUSE_EARLY_STOPPING
E010|D008,E010,1,gates_full_plus_experiment_gate,0.1,ABSTAIN,1,72.0,72.0,0.0,,,8,E010,,0.1,REFUSE_EARLY_STOPPING
E010|D009,E010,1,gates_full_plus_experiment_gate,0.1,ABSTAIN,1,72.0,72.0,0.0,0.6215192745444691,0.8978476794157808,8,E010,,0.1,REFUSE_EARLY_STOPPING
E010|D010,E010,1,gates_full_plus_experiment_gate,0.1,ABSTAIN,1,72.0,72.0,0.0,0.5333940217991825,0.8978476794157808,8,E010,,0.1,REFUSE_EARLY_STOPPING
E010|D011,E010,1,gates_full_plus_experiment_gate,0.1,ABSTAIN,1,72.0,72.0,0.0,,,8,E010,,0.1,REFUSE_EARLY_STOPPING
E010|D012,E010,1,gates_full_plus_experiment_gate,0.1,ABSTAIN,1,72.0,72.0,0.0,,,8,E010,,0.1,REFUSE_EARLY_STOPPING
E010|E001,E010,0,gates_full_plus_experiment_gate,0.1,ABSTAIN,0,72.0,72.0,0.0,,,8,E010,,0.1,REFUSE_EARLY_STOPPING
E010|E002,E010,0,gates_full_plus_experiment_gate,0.1,ABSTAIN,0,72.0,72.0,0.0,,,8,E010,,0.1,REFUSE_EARLY_STOPPING
E010|E003,E010,0,gates_full_plus_experiment_gate,0.1,ABSTAIN,0,72.0,72.0,0.0,,,8,E010,,0.1,REFUSE_EARLY_STOPPING
E010|E004,E010,0,gates_full_plus_experiment_gate,0.1,ABSTAIN,0,72.0,72.0,0.0,,,8,E010,,0.1,REFUSE_EARLY_STOPPING
E010|E005,E010,0,gates_full_plus_experiment_gate,0.1,ABSTAIN,0,72.0,72.0,0.0,,,8,E010,,0.1,REFUSE_EARLY_STOPPING
E010|E006,E010,0,gates_full_plus_experiment_gate,0.1,ABSTAIN,0,72.0,72.0,0.0,,,8,E010,,0.1,REFUSE_EARLY_STOPPING
E010|E007,E010,0,gates_full_plus_experiment_gate,0.1,ABSTAIN,0,72.0,72.0,0.0,,,8,E010,,0.1,REFUSE_EARLY_STOPPING
E010|E008,E010,0,gates_full_plus_experiment_gate,0.1,ABSTAIN,0,72.0,72.0,0.0,,,8,E010,,0.1,REFUSE_EARLY_STOPPING
E010|E009,E010,0,gates_full_plus_experiment_gate,0.1,ABSTAIN,0,72.0,72.0,0.0,,,8,E010,,0.1,REFUSE_EARLY_STOPPING
E010|E011,E010,1,gates_full_plus_experiment_gate,0.1,ABSTAIN,1,72.0,72.0,0.0,,,8,E010,,0.1,REFUSE_EARLY_STOPPING
E010|E012,E010,0,gates_full_plus_experiment_gate,0.1,ABSTAIN,0,72.0,72.0,0.0,,,8,E010,,0.1,REFUSE_EARLY_STOPPING
E010|F001,E010,0,gates_full_plus_experiment_gate,0.1,ABSTAIN,0,72.0,72.0,0.0,,,8,E010,,0.1,REFUSE_EARLY_STOPPING
E010|F002,E010,0,gates_full_plus_experiment_gate,0.1,ABSTAIN,0,72.0,72.0,0.0,,,8,E010,,0.1,REFUSE_EARLY_STOPPING
E010|F003,E010,0,gates_full_plus_experiment_gate,0.1,ABSTAIN,0,72.0,72.0,0.0,,,8,E010,,0.1,REFUSE_EARLY_STOPPING
E010|F004,E010,0,gates_full_plus_experiment_gate,0.1,ABSTAIN,0,72.0,72.0,0.0,,,8,E010,,0.1,REFUSE_EARLY_STOPPING
E010|F005,E010,0,gates_full_plus_experiment_gate,0.1,ABSTAIN,0,72.0,72.0,0.0,,,8,E010,,0.1,REFUSE_EARLY_STOPPING
E010|F006,E010,0,gates_full_plus_experiment_gate,0.1,ABSTAIN,0,72.0,72.0,0.0,,,8,E010,,0.1,REFUSE_EARLY_STOPPING
E010|F007,E010,0,gates_full_plus_experiment_gate,0.1,ABSTAIN,0,72.0,72.0,0.0,,,8,E010,,0.1,REFUSE_EARLY_STOPPING
E010|F008,E010,0,gates_full_plus_experiment_gate,0.1,ABSTAIN,0,72.0,72.0,0.0,,,8,E010,,0.1,REFUSE_EARLY_STOPPING
E010|F009,E010,0,gates_full_plus_experiment_gate,0.1,ABSTAIN,0,72.0,72.0,0.0,,,8,E010,,0.1,REFUSE_EARLY_STOPPING
E010|F010,E010,0,gates_full_plus_experiment_gate,0.1,ABSTAIN,0,72.0,72.0,0.0,,,8,E010,,0.1,REFUSE_EARLY_STOPPING
E010|F011,E010,0,gates_full_plus_experiment_gate,0.1,ABSTAIN,0,72.0,72.0,0.0,,,8,E010,,0.1,REFUSE_EARLY_STOPPING
E010|F012,E010,0,gates_full_plus_experiment_gate,0.1,ABSTAIN,0,72.0,72.0,0.0,,,8,E010,,0.1,REFUSE_EARLY_STOPPING
E010|G002,E010,0,gates_full_plus_experiment_gate,0.1,ABSTAIN,0,72.0,72.0,0.0,0.4601460753719466,0.8978476794157808,8,E010,,0.1,REFUSE_EARLY_STOPPING
E010|G003,E010,0,gates_full_plus_experiment_gate,0.1,ABSTAIN,0,72.0,72.0,0.0,0.6469719068230976,0.8978476794157808,8,E010,,0.1,REFUSE_EARLY_STOPPING
E010|G004,E010,0,gates_full_plus_experiment_gate,0.1,ABSTAIN,0,72.0,72.0,0.0,0.3409838222269871,0.8978476794157808,8,E010,,0.1,REFUSE_EARLY_STOPPING
E010|G005,E010,0,gates_full_plus_experiment_gate,0.1,ABSTAIN,0,72.0,72.0,0.0,0.5259700608628748,0.8978476794157808,8,E010,,0.1,REFUSE_EARLY_STOPPING
E010|G006,E010,0,gates_full_plus_experiment_gate,0.1,ABSTAIN,0,72.0,72.0,0.0,,,8,E010,,0.1,REFUSE_EARLY_STOPPING
E010|G008,E010,0,gates_full_plus_experiment_gate,0.1,ABSTAIN,0,72.0,72.0,0.0,0.3961119163407459,0.8978476794157808,8,E010,,0.1,REFUSE_EARLY_STOPPING
E010|G009,E010,0,gates_full_plus_experiment_gate,0.1,ABSTAIN,0,72.0,72.0,0.0,,,8,E010,,0.1,REFUSE_EARLY_STOPPING
E010|G010,E010,0,gates_full_plus_experiment_gate,0.1,ABSTAIN,0,72.0,72.0,0.0,0.3149130493982783,0.8978476794157808,8,E010,,0.1,REFUSE_EARLY_STOPPING
E010|G011,E010,0,gates_full_plus_experiment_gate,0.1,ABSTAIN,0,72.0,72.0,0.0,0.2976325089324985,0.8978476794157808,8,E010,,0.1,REFUSE_EARLY_STOPPING
E010|G012,E010,0,gates_full_plus_experiment_gate,0.1,ABSTAIN,0,72.0,72.0,0.0,0.3067691942948692,0.8978476794157808,8,E010,,0.1,REFUSE_EARLY_STOPPING
E010|H002,E010,0,gates_full_plus_experiment_gate,0.1,ABSTAIN,0,72.0,72.0,0.0,0.5221132511840988,0.8978476794157808,8,E010,,0.1,REFUSE_EARLY_STOPPING
E010|H003,E010,0,gates_full_plus_experiment_gate,0.1,ABSTAIN,0,72.0,72.0,0.0,0.5844058709823579,0.8978476794157808,8,E010,,0.1,REFUSE_EARLY_STOPPING
E010|H004,E010,0,gates_full_plus_experiment_gate,0.1,ABSTAIN,0,72.0,72.0,0.0,0.4335044051062056,0.8978476794157808,8,E010,,0.1,REFUSE_EARLY_STOPPING
E010|H005,E010,0,gates_full_plus_experiment_gate,0.1,ABSTAIN,0,72.0,72.0,0.0,0.6488617787664819,0.8978476794157808,8,E010,,0.1,REFUSE_EARLY_STOPPING
E010|H006,E010,0,gates_full_plus_experiment_gate,0.1,ABSTAIN,0,72.0,72.0,0.0,0.3913243533161473,0.8978476794157808,8,E010,,0.1,REFUSE_EARLY_STOPPING
E010|H007,E010,0,gates_full_plus_experiment_gate,0.1,ABSTAIN,0,72.0,72.0,0.0,0.4733364494493263,0.8978476794157808,8,E010,,0.1,REFUSE_EARLY_STOPPING
E010|H008,E010,0,gates_full_plus_experiment_gate,0.1,ABSTAIN,0,72.0,72.0,0.0,0.4895398305066021,0.8978476794157808,8,E010,,0.1,REFUSE_EARLY_STOPPING
E010|H009,E010,0,gates_full_plus_experiment_gate,0.1,ABSTAIN,0,72.0,72.0,0.0,0.4379140499606548,0.8978476794157808,8,E010,,0.1,REFUSE_EARLY_STOPPING
E010|H010,E010,0,gates_full_plus_experiment_gate,0.1,ABSTAIN,0,72.0,72.0,0.0,0.6251668788588781,0.8978476794157808,8,E010,,0.1,REFUSE_EARLY_STOPPING
E010|H011,E010,0,gates_full_plus_experiment_gate,0.1,ABSTAIN,0,72.0,72.0,0.0,0.394802805772677,0.8978476794157808,8,E010,,0.1,REFUSE_EARLY_STOPPING
E010|H012,E010,0,gates_full_plus_experiment_gate,0.1,ABSTAIN,0,72.0,72.0,0.0,0.7583219666381967,0.8978476794157808,8,E010,,0.1,REFUSE_EARLY_STOPPING
E011|A001,E011,0,gates_full_plus_experiment_gate,0.1,STOP,0,48.0,48.0,0.3333333333333333,0.5239338424189132,0.7829474954426766,9,E011,,0.1,ACCEPT_AUTOMATION
E011|A003,E011,0,gates_full_plus_experiment_gate,0.1,STOP,0,48.0,48.0,0.3333333333333333,0.5653106622981631,0.7829474954426766,9,E011,,0.1,ACCEPT_AUTOMATION
E011|A004,E011,0,gates_full_plus_experiment_gate,0.1,STOP,0,48.0,48.0,0.3333333333333333,0.5178991316837132,0.7829474954426766,9,E011,,0.1,ACCEPT_AUTOMATION
E011|A005,E011,0,gates_full_plus_experiment_gate,0.1,STOP,0,48.0,48.0,0.3333333333333333,0.4750801250601605,0.7829474954426766,9,E011,,0.1,ACCEPT_AUTOMATION
E011|A006,E011,0,gates_full_plus_experiment_gate,0.1,STOP,0,60.0,60.0,0.1666666666666666,0.4025628523488704,0.8295760630116642,9,E011,,0.1,ACCEPT_AUTOMATION
E011|A007,E011,0,gates_full_plus_experiment_gate,0.1,STOP,0,48.0,48.0,0.3333333333333333,0.4222092045666864,0.7829474954426766,9,E011,,0.1,ACCEPT_AUTOMATION
E011|A008,E011,0,gates_full_plus_experiment_gate,0.1,STOP,0,48.0,48.0,0.3333333333333333,0.3825584952920376,0.7829474954426766,9,E011,,0.1,ACCEPT_AUTOMATION
E011|A009,E011,0,gates_full_plus_experiment_gate,0.1,STOP,0,60.0,60.0,0.1666666666666666,0.2969591248317993,0.8295760630116642,9,E011,,0.1,ACCEPT_AUTOMATION
E011|A010,E011,0,gates_full_plus_experiment_gate,0.1,STOP,0,48.0,48.0,0.3333333333333333,0.4817370687988223,0.7829474954426766,9,E011,,0.1,ACCEPT_AUTOMATION
E011|A011,E011,0,gates_full_plus_experiment_gate,0.1,STOP,0,48.0,48.0,0.3333333333333333,0.4606148988908964,0.7829474954426766,9,E011,,0.1,ACCEPT_AUTOMATION
E011|A012,E011,0,gates_full_plus_experiment_gate,0.1,STOP,0,48.0,48.0,0.3333333333333333,0.5910504736680193,0.7829474954426766,9,E011,,0.1,ACCEPT_AUTOMATION
E011|B001,E011,0,gates_full_plus_experiment_gate,0.1,STOP,0,48.0,48.0,0.3333333333333333,0.6466823572219897,0.7829474954426766,9,E011,,0.1,ACCEPT_AUTOMATION
E011|B002,E011,0,gates_full_plus_experiment_gate,0.1,STOP,0,48.0,48.0,0.3333333333333333,0.4216198478760047,0.7829474954426766,9,E011,,0.1,ACCEPT_AUTOMATION
E011|B003,E011,0,gates_full_plus_experiment_gate,0.1,STOP,0,48.0,48.0,0.3333333333333333,0.3525632620156214,0.7829474954426766,9,E011,,0.1,ACCEPT_AUTOMATION
E011|B004,E011,0,gates_full_plus_experiment_gate,0.1,STOP,0,48.0,48.0,0.3333333333333333,0.4155150783251383,0.7829474954426766,9,E011,,0.1,ACCEPT_AUTOMATION
E011|B005,E011,0,gates_full_plus_experiment_gate,0.1,STOP,0,60.0,60.0,0.1666666666666666,0.4180020963287827,0.8295760630116642,9,E011,,0.1,ACCEPT_AUTOMATION
E011|B006,E011,0,gates_full_plus_experiment_gate,0.1,STOP,0,48.0,48.0,0.3333333333333333,0.3944977339687898,0.7829474954426766,9,E011,,0.1,ACCEPT_AUTOMATION
E011|B007,E011,0,gates_full_plus_experiment_gate,0.1,STOP,0,48.0,48.0,0.3333333333333333,0.3752984778777017,0.7829474954426766,9,E011,,0.1,ACCEPT_AUTOMATION
E011|B008,E011,0,gates_full_plus_experiment_gate,0.1,STOP,0,48.0,48.0,0.3333333333333333,0.4076709723954862,0.7829474954426766,9,E011,,0.1,ACCEPT_AUTOMATION
E011|B009,E011,0,gates_full_plus_experiment_gate,0.1,STOP,0,48.0,48.0,0.3333333333333333,0.4991076563669037,0.7829474954426766,9,E011,,0.1,ACCEPT_AUTOMATION
E011|B010,E011,0,gates_full_plus_experiment_gate,0.1,STOP,0,48.0,48.0,0.3333333333333333,0.3006480331116984,0.7829474954426766,9,E011,,0.1,ACCEPT_AUTOMATION
E011|B011,E011,0,gates_full_plus_experiment_gate,0.1,STOP,0,48.0,48.0,0.3333333333333333,0.3888694964593446,0.7829474954426766,9,E011,,0.1,ACCEPT_AUTOMATION
E011|B012,E011,0,gates_full_plus_experiment_gate,0.1,STOP,0,60.0,60.0,0.1666666666666666,0.3940241527058204,0.8295760630116642,9,E011,,0.1,ACCEPT_AUTOMATION
E011|C002,E011,0,gates_full_plus_experiment_gate,0.1,STOP,1,48.0,48.0,0.3333333333333333,0.3912753991714676,0.7829474954426766,9,E011,,0.1,ACCEPT_AUTOMATION
E011|C003,E011,1,gates_full_plus_experiment_gate,0.1,CONTINUE,1,72.0,72.0,0.0,,,9,E011,,0.1,ACCEPT_AUTOMATION
E011|C004,E011,1,gates_full_plus_experiment_gate,0.1,STOP,1,60.0,60.0,0.1666666666666666,0.4641335242534811,0.8295760630116642,9,E011,,0.1,ACCEPT_AUTOMATION
E011|C005,E011,1,gates_full_plus_experiment_gate,0.1,STOP,1,60.0,60.0,0.1666666666666666,0.473878073705109,0.8295760630116642,9,E011,,0.1,ACCEPT_AUTOMATION
E011|C006,E011,1,gates_full_plus_experiment_gate,0.1,STOP,1,60.0,60.0,0.1666666666666666,0.4664690789140266,0.8295760630116642,9,E011,,0.1,ACCEPT_AUTOMATION
E011|C007,E011,1,gates_full_plus_experiment_gate,0.1,CONTINUE,1,72.0,72.0,0.0,,,9,E011,,0.1,ACCEPT_AUTOMATION
E011|C008,E011,1,gates_full_plus_experiment_gate,0.1,CONTINUE,1,72.0,72.0,0.0,,,9,E011,,0.1,ACCEPT_AUTOMATION
E011|C009,E011,1,gates_full_plus_experiment_gate,0.1,STOP,1,60.0,60.0,0.1666666666666666,0.4019118526868899,0.8295760630116642,9,E011,,0.1,ACCEPT_AUTOMATION
E011|C010,E011,1,gates_full_plus_experiment_gate,0.1,STOP,1,60.0,60.0,0.1666666666666666,0.4483707414381968,0.8295760630116642,9,E011,,0.1,ACCEPT_AUTOMATION
E011|C011,E011,1,gates_full_plus_experiment_gate,0.1,STOP,1,48.0,48.0,0.3333333333333333,0.3353690621208058,0.7829474954426766,9,E011,,0.1,ACCEPT_AUTOMATION
E011|D002,E011,1,gates_full_plus_experiment_gate,0.1,STOP,1,60.0,60.0,0.1666666666666666,0.4392360125579199,0.8295760630116642,9,E011,,0.1,ACCEPT_AUTOMATION
E011|D003,E011,1,gates_full_plus_experiment_gate,0.1,CONTINUE,1,72.0,72.0,0.0,,,9,E011,,0.1,ACCEPT_AUTOMATION
E011|D004,E011,1,gates_full_plus_experiment_gate,0.1,STOP,1,48.0,48.0,0.3333333333333333,0.5649992320743449,0.7829474954426766,9,E011,,0.1,ACCEPT_AUTOMATION
E011|D006,E011,1,gates_full_plus_experiment_gate,0.1,CONTINUE,1,72.0,72.0,0.0,,,9,E011,,0.1,ACCEPT_AUTOMATION
E011|D007,E011,1,gates_full_plus_experiment_gate,0.1,CONTINUE,1,72.0,72.0,0.0,,,9,E011,,0.1,ACCEPT_AUTOMATION
E011|D008,E011,1,gates_full_plus_experiment_gate,0.1,CONTINUE,1,72.0,72.0,0.0,,,9,E011,,0.1,ACCEPT_AUTOMATION
E011|D009,E011,0,gates_full_plus_experiment_gate,0.1,CONTINUE,0,72.0,72.0,0.0,,,9,E011,,0.1,ACCEPT_AUTOMATION
E011|D010,E011,1,gates_full_plus_experiment_gate,0.1,CONTINUE,1,72.0,72.0,0.0,,,9,E011,,0.1,ACCEPT_AUTOMATION
E011|D011,E011,1,gates_full_plus_experiment_gate,0.1,STOP,1,60.0,60.0,0.1666666666666666,0.6065966630529994,0.8295760630116642,9,E011,,0.1,ACCEPT_AUTOMATION
E011|D012,E011,0,gates_full_plus_experiment_gate,0.1,CONTINUE,0,72.0,72.0,0.0,,,9,E011,,0.1,ACCEPT_AUTOMATION
E011|E001,E011,1,gates_full_plus_experiment_gate,0.1,STOP,1,48.0,48.0,0.3333333333333333,0.4214236701452056,0.7829474954426766,9,E011,,0.1,ACCEPT_AUTOMATION
E011|E002,E011,1,gates_full_plus_experiment_gate,0.1,STOP,1,48.0,48.0,0.3333333333333333,0.5198479079456848,0.7829474954426766,9,E011,,0.1,ACCEPT_AUTOMATION
E011|E003,E011,1,gates_full_plus_experiment_gate,0.1,STOP,1,60.0,60.0,0.1666666666666666,0.4813981671291346,0.8295760630116642,9,E011,,0.1,ACCEPT_AUTOMATION
E011|E004,E011,1,gates_full_plus_experiment_gate,0.1,CONTINUE,1,72.0,72.0,0.0,,,9,E011,,0.1,ACCEPT_AUTOMATION
E011|E005,E011,1,gates_full_plus_experiment_gate,0.1,CONTINUE,1,72.0,72.0,0.0,,,9,E011,,0.1,ACCEPT_AUTOMATION
E011|E006,E011,1,gates_full_plus_experiment_gate,0.1,STOP,1,60.0,60.0,0.1666666666666666,0.5402282372745408,0.8295760630116642,9,E011,,0.1,ACCEPT_AUTOMATION
E011|E007,E011,1,gates_full_plus_experiment_gate,0.1,CONTINUE,1,72.0,72.0,0.0,,,9,E011,,0.1,ACCEPT_AUTOMATION
E011|E008,E011,1,gates_full_plus_experiment_gate,0.1,CONTINUE,1,72.0,72.0,0.0,,,9,E011,,0.1,ACCEPT_AUTOMATION
E011|E009,E011,1,gates_full_plus_experiment_gate,0.1,STOP,1,60.0,60.0,0.1666666666666666,0.5155830350694381,0.8295760630116642,9,E011,,0.1,ACCEPT_AUTOMATION
E011|E010,E011,1,gates_full_plus_experiment_gate,0.1,STOP,1,60.0,60.0,0.1666666666666666,0.6238118774636339,0.8295760630116642,9,E011,,0.1,ACCEPT_AUTOMATION
E011|E011,E011,1,gates_full_plus_experiment_gate,0.1,STOP,1,48.0,48.0,0.3333333333333333,0.4837442443949621,0.7829474954426766,9,E011,,0.1,ACCEPT_AUTOMATION
E011|E012,E011,1,gates_full_plus_experiment_gate,0.1,STOP,1,60.0,60.0,0.1666666666666666,0.6410969865538021,0.8295760630116642,9,E011,,0.1,ACCEPT_AUTOMATION
E011|F001,E011,1,gates_full_plus_experiment_gate,0.1,ABSTAIN,1,72.0,72.0,0.0,0.893392764366802,0.8295760630116642,9,E011,,0.1,ACCEPT_AUTOMATION
E011|F002,E011,1,gates_full_plus_experiment_gate,0.1,STOP,1,60.0,60.0,0.1666666666666666,0.36840829863163,0.8295760630116642,9,E011,,0.1,ACCEPT_AUTOMATION
E011|F003,E011,1,gates_full_plus_experiment_gate,0.1,STOP,1,60.0,60.0,0.1666666666666666,0.512097103880582,0.8295760630116642,9,E011,,0.1,ACCEPT_AUTOMATION
E011|F004,E011,1,gates_full_plus_experiment_gate,0.1,STOP,1,60.0,60.0,0.1666666666666666,0.6675272495823001,0.8295760630116642,9,E011,,0.1,ACCEPT_AUTOMATION
E011|F005,E011,1,gates_full_plus_experiment_gate,0.1,STOP,1,48.0,48.0,0.3333333333333333,0.506225866841424,0.7829474954426766,9,E011,,0.1,ACCEPT_AUTOMATION
E011|F006,E011,1,gates_full_plus_experiment_gate,0.1,STOP,1,60.0,60.0,0.1666666666666666,0.4491800874473274,0.8295760630116642,9,E011,,0.1,ACCEPT_AUTOMATION
E011|F007,E011,1,gates_full_plus_experiment_gate,0.1,CONTINUE,1,72.0,72.0,0.0,,,9,E011,,0.1,ACCEPT_AUTOMATION
E011|F008,E011,1,gates_full_plus_experiment_gate,0.1,STOP,1,60.0,60.0,0.1666666666666666,0.593504241581146,0.8295760630116642,9,E011,,0.1,ACCEPT_AUTOMATION
E011|F009,E011,1,gates_full_plus_experiment_gate,0.1,CONTINUE,1,72.0,72.0,0.0,,,9,E011,,0.1,ACCEPT_AUTOMATION
E011|F010,E011,1,gates_full_plus_experiment_gate,0.1,CONTINUE,1,72.0,72.0,0.0,,,9,E011,,0.1,ACCEPT_AUTOMATION
E011|F011,E011,1,gates_full_plus_experiment_gate,0.1,STOP,1,60.0,60.0,0.1666666666666666,0.4445766544071302,0.8295760630116642,9,E011,,0.1,ACCEPT_AUTOMATION
E011|F012,E011,1,gates_full_plus_experiment_gate,0.1,STOP,1,48.0,48.0,0.3333333333333333,0.5302184199378659,0.7829474954426766,9,E011,,0.1,ACCEPT_AUTOMATION
E011|G002,E011,1,gates_full_plus_experiment_gate,0.1,CONTINUE,1,72.0,72.0,0.0,,,9,E011,,0.1,ACCEPT_AUTOMATION
E011|G003,E011,1,gates_full_plus_experiment_gate,0.1,CONTINUE,1,72.0,72.0,0.0,,,9,E011,,0.1,ACCEPT_AUTOMATION
E011|G004,E011,1,gates_full_plus_experiment_gate,0.1,CONTINUE,1,72.0,72.0,0.0,,,9,E011,,0.1,ACCEPT_AUTOMATION
E011|G005,E011,0,gates_full_plus_experiment_gate,0.1,CONTINUE,0,72.0,72.0,0.0,,,9,E011,,0.1,ACCEPT_AUTOMATION
E011|G006,E011,0,gates_full_plus_experiment_gate,0.1,CONTINUE,0,72.0,72.0,0.0,,,9,E011,,0.1,ACCEPT_AUTOMATION
E011|G007,E011,1,gates_full_plus_experiment_gate,0.1,CONTINUE,1,72.0,72.0,0.0,,,9,E011,,0.1,ACCEPT_AUTOMATION
E011|G008,E011,1,gates_full_plus_experiment_gate,0.1,CONTINUE,1,72.0,72.0,0.0,,,9,E011,,0.1,ACCEPT_AUTOMATION
E011|G009,E011,0,gates_full_plus_experiment_gate,0.1,CONTINUE,0,72.0,72.0,0.0,,,9,E011,,0.1,ACCEPT_AUTOMATION
E011|G010,E011,1,gates_full_plus_experiment_gate,0.1,CONTINUE,1,72.0,72.0,0.0,,,9,E011,,0.1,ACCEPT_AUTOMATION
E011|G011,E011,1,gates_full_plus_experiment_gate,0.1,STOP,1,60.0,60.0,0.1666666666666666,0.4029683137755655,0.8295760630116642,9,E011,,0.1,ACCEPT_AUTOMATION
E011|G012,E011,0,gates_full_plus_experiment_gate,0.1,CONTINUE,0,72.0,72.0,0.0,,,9,E011,,0.1,ACCEPT_AUTOMATION
E011|H001,E011,1,gates_full_plus_experiment_gate,0.1,ABSTAIN,1,72.0,72.0,0.0,1.0352574272180617,0.7829474954426766,9,E011,,0.1,ACCEPT_AUTOMATION
E011|H002,E011,1,gates_full_plus_experiment_gate,0.1,CONTINUE,1,72.0,72.0,0.0,,,9,E011,,0.1,ACCEPT_AUTOMATION
E011|H003,E011,1,gates_full_plus_experiment_gate,0.1,STOP,1,60.0,60.0,0.1666666666666666,0.6700394746799758,0.8295760630116642,9,E011,,0.1,ACCEPT_AUTOMATION
E011|H004,E011,1,gates_full_plus_experiment_gate,0.1,CONTINUE,1,72.0,72.0,0.0,,,9,E011,,0.1,ACCEPT_AUTOMATION
E011|H005,E011,1,gates_full_plus_experiment_gate,0.1,CONTINUE,1,72.0,72.0,0.0,,,9,E011,,0.1,ACCEPT_AUTOMATION
E011|H006,E011,0,gates_full_plus_experiment_gate,0.1,CONTINUE,0,72.0,72.0,0.0,,,9,E011,,0.1,ACCEPT_AUTOMATION
E011|H007,E011,1,gates_full_plus_experiment_gate,0.1,CONTINUE,1,72.0,72.0,0.0,,,9,E011,,0.1,ACCEPT_AUTOMATION
E011|H008,E011,1,gates_full_plus_experiment_gate,0.1,CONTINUE,1,72.0,72.0,0.0,,,9,E011,,0.1,ACCEPT_AUTOMATION
E011|H009,E011,1,gates_full_plus_experiment_gate,0.1,CONTINUE,1,72.0,72.0,0.0,,,9,E011,,0.1,ACCEPT_AUTOMATION
E011|H010,E011,0,gates_full_plus_experiment_gate,0.1,STOP,0,60.0,60.0,0.1666666666666666,0.6421661612646694,0.8295760630116642,9,E011,,0.1,ACCEPT_AUTOMATION
E011|H011,E011,1,gates_full_plus_experiment_gate,0.1,CONTINUE,1,72.0,72.0,0.0,,,9,E011,,0.1,ACCEPT_AUTOMATION
E011|H012,E011,0,gates_full_plus_experiment_gate,0.1,CONTINUE,0,72.0,72.0,0.0,,,9,E011,,0.1,ACCEPT_AUTOMATION
E012|A001,E012,1,gates_full_plus_experiment_gate,0.1,STOP,1,60.0,60.0,0.1666666666666666,0.5276950455531415,1.0527116455985737,10,E012,,0.1,ACCEPT_AUTOMATION
E012|A002,E012,1,gates_full_plus_experiment_gate,0.1,STOP,1,24.0,24.0,0.6666666666666666,0.8103273315206421,1.0753537060463887,10,E012,,0.1,ACCEPT_AUTOMATION
E012|A003,E012,1,gates_full_plus_experiment_gate,0.1,CONTINUE,1,72.0,72.0,0.0,,,10,E012,,0.1,ACCEPT_AUTOMATION
E012|A004,E012,1,gates_full_plus_experiment_gate,0.1,STOP,1,24.0,24.0,0.6666666666666666,0.7717819858553588,1.0753537060463887,10,E012,,0.1,ACCEPT_AUTOMATION
E012|A005,E012,0,gates_full_plus_experiment_gate,0.1,STOP,0,24.0,24.0,0.6666666666666666,0.708578023089897,1.0753537060463887,10,E012,,0.1,ACCEPT_AUTOMATION
E012|A006,E012,1,gates_full_plus_experiment_gate,0.1,STOP,1,24.0,24.0,0.6666666666666666,0.7248414422634417,1.0753537060463887,10,E012,,0.1,ACCEPT_AUTOMATION
E012|A007,E012,1,gates_full_plus_experiment_gate,0.1,STOP,1,24.0,24.0,0.6666666666666666,0.5764324915989171,1.0753537060463887,10,E012,,0.1,ACCEPT_AUTOMATION
E012|A008,E012,1,gates_full_plus_experiment_gate,0.1,STOP,1,24.0,24.0,0.6666666666666666,0.7667375478554558,1.0753537060463887,10,E012,,0.1,ACCEPT_AUTOMATION
E012|A009,E012,1,gates_full_plus_experiment_gate,0.1,STOP,1,60.0,60.0,0.1666666666666666,0.8401118175012342,1.0527116455985737,10,E012,,0.1,ACCEPT_AUTOMATION
E012|A010,E012,1,gates_full_plus_experiment_gate,0.1,STOP,1,24.0,24.0,0.6666666666666666,0.635337738675621,1.0753537060463887,10,E012,,0.1,ACCEPT_AUTOMATION
E012|A011,E012,1,gates_full_plus_experiment_gate,0.1,STOP,1,24.0,24.0,0.6666666666666666,0.8992420266402471,1.0753537060463887,10,E012,,0.1,ACCEPT_AUTOMATION
E012|B001,E012,1,gates_full_plus_experiment_gate,0.1,STOP,1,24.0,24.0,0.6666666666666666,0.705439237907211,1.0753537060463887,10,E012,,0.1,ACCEPT_AUTOMATION
E012|B002,E012,1,gates_full_plus_experiment_gate,0.1,STOP,1,48.0,48.0,0.3333333333333333,0.4337290860041461,1.059575716456073,10,E012,,0.1,ACCEPT_AUTOMATION
E012|B003,E012,1,gates_full_plus_experiment_gate,0.1,STOP,1,24.0,24.0,0.6666666666666666,0.5384732760294079,1.0753537060463887,10,E012,,0.1,ACCEPT_AUTOMATION
E012|B004,E012,1,gates_full_plus_experiment_gate,0.1,STOP,1,24.0,24.0,0.6666666666666666,0.5647512564238921,1.0753537060463887,10,E012,,0.1,ACCEPT_AUTOMATION
E012|B005,E012,1,gates_full_plus_experiment_gate,0.1,STOP,1,24.0,24.0,0.6666666666666666,0.6296081682825193,1.0753537060463887,10,E012,,0.1,ACCEPT_AUTOMATION
E012|B008,E012,1,gates_full_plus_experiment_gate,0.1,STOP,1,24.0,24.0,0.6666666666666666,0.6441307570950765,1.0753537060463887,10,E012,,0.1,ACCEPT_AUTOMATION
E012|B009,E012,1,gates_full_plus_experiment_gate,0.1,STOP,0,24.0,24.0,0.6666666666666666,0.721459468320068,1.0753537060463887,10,E012,,0.1,ACCEPT_AUTOMATION
E012|B010,E012,1,gates_full_plus_experiment_gate,0.1,STOP,1,24.0,24.0,0.6666666666666666,0.7984781159726008,1.0753537060463887,10,E012,,0.1,ACCEPT_AUTOMATION
E012|B011,E012,1,gates_full_plus_experiment_gate,0.1,STOP,1,48.0,48.0,0.3333333333333333,0.5487542935356149,1.059575716456073,10,E012,,0.1,ACCEPT_AUTOMATION
E012|C001,E012,1,gates_full_plus_experiment_gate,0.1,ABSTAIN,1,72.0,72.0,0.0,1.4182859342524483,1.0753537060463887,10,E012,,0.1,ACCEPT_AUTOMATION
E012|C002,E012,0,gates_full_plus_experiment_gate,0.1,CONTINUE,0,72.0,72.0,0.0,,,10,E012,,0.1,ACCEPT_AUTOMATION
E012|C003,E012,1,gates_full_plus_experiment_gate,0.1,STOP,1,24.0,24.0,0.6666666666666666,0.7362687813417808,1.0753537060463887,10,E012,,0.1,ACCEPT_AUTOMATION
E012|C004,E012,0,gates_full_plus_experiment_gate,0.1,STOP,1,24.0,24.0,0.6666666666666666,0.6026243611266243,1.0753537060463887,10,E012,,0.1,ACCEPT_AUTOMATION
E012|C005,E012,1,gates_full_plus_experiment_gate,0.1,STOP,1,48.0,48.0,0.3333333333333333,0.5414971166189485,1.059575716456073,10,E012,,0.1,ACCEPT_AUTOMATION
E012|C006,E012,1,gates_full_plus_experiment_gate,0.1,STOP,1,24.0,24.0,0.6666666666666666,0.5766344529168077,1.0753537060463887,10,E012,,0.1,ACCEPT_AUTOMATION
E012|C007,E012,0,gates_full_plus_experiment_gate,0.1,STOP,1,24.0,24.0,0.6666666666666666,0.5714553923026259,1.0753537060463887,10,E012,,0.1,ACCEPT_AUTOMATION
E012|C008,E012,0,gates_full_plus_experiment_gate,0.1,STOP,1,24.0,24.0,0.6666666666666666,0.636838789924834,1.0753537060463887,10,E012,,0.1,ACCEPT_AUTOMATION
E012|C009,E012,1,gates_full_plus_experiment_gate,0.1,STOP,1,24.0,24.0,0.6666666666666666,0.6834920432958684,1.0753537060463887,10,E012,,0.1,ACCEPT_AUTOMATION
E012|C010,E012,0,gates_full_plus_experiment_gate,0.1,STOP,1,24.0,24.0,0.6666666666666666,0.8134524878348991,1.0753537060463887,10,E012,,0.1,ACCEPT_AUTOMATION
E012|C011,E012,0,gates_full_plus_experiment_gate,0.1,STOP,0,24.0,24.0,0.6666666666666666,1.0213191274967015,1.0753537060463887,10,E012,,0.1,ACCEPT_AUTOMATION
E012|D002,E012,1,gates_full_plus_experiment_gate,0.1,STOP,1,24.0,24.0,0.6666666666666666,0.566192239174816,1.0753537060463887,10,E012,,0.1,ACCEPT_AUTOMATION
E012|D003,E012,1,gates_full_plus_experiment_gate,0.1,STOP,1,24.0,24.0,0.6666666666666666,0.6648391965109802,1.0753537060463887,10,E012,,0.1,ACCEPT_AUTOMATION
E012|D004,E012,0,gates_full_plus_experiment_gate,0.1,STOP,1,48.0,48.0,0.3333333333333333,0.4972698230623353,1.059575716456073,10,E012,,0.1,ACCEPT_AUTOMATION
E012|D005,E012,1,gates_full_plus_experiment_gate,0.1,STOP,1,24.0,24.0,0.6666666666666666,0.7118675799822454,1.0753537060463887,10,E012,,0.1,ACCEPT_AUTOMATION
E012|D006,E012,1,gates_full_plus_experiment_gate,0.1,STOP,1,24.0,24.0,0.6666666666666666,0.6233617469643823,1.0753537060463887,10,E012,,0.1,ACCEPT_AUTOMATION
E012|D007,E012,1,gates_full_plus_experiment_gate,0.1,STOP,1,48.0,48.0,0.3333333333333333,0.6439846235027588,1.059575716456073,10,E012,,0.1,ACCEPT_AUTOMATION
E012|D008,E012,0,gates_full_plus_experiment_gate,0.1,STOP,1,24.0,24.0,0.6666666666666666,0.6552872508318623,1.0753537060463887,10,E012,,0.1,ACCEPT_AUTOMATION
E012|D009,E012,1,gates_full_plus_experiment_gate,0.1,STOP,1,24.0,24.0,0.6666666666666666,0.7265429394558051,1.0753537060463887,10,E012,,0.1,ACCEPT_AUTOMATION
E012|D010,E012,0,gates_full_plus_experiment_gate,0.1,STOP,1,24.0,24.0,0.6666666666666666,0.6776740850123075,1.0753537060463887,10,E012,,0.1,ACCEPT_AUTOMATION
E012|D011,E012,0,gates_full_plus_experiment_gate,0.1,STOP,1,24.0,24.0,0.6666666666666666,0.7166010857764408,1.0753537060463887,10,E012,,0.1,ACCEPT_AUTOMATION
E012|E002,E012,0,gates_full_plus_experiment_gate,0.1,STOP,1,24.0,24.0,0.6666666666666666,0.748971136227082,1.0753537060463887,10,E012,,0.1,ACCEPT_AUTOMATION
E012|E003,E012,0,gates_full_plus_experiment_gate,0.1,STOP,1,24.0,24.0,0.6666666666666666,0.7705689171534116,1.0753537060463887,10,E012,,0.1,ACCEPT_AUTOMATION
E012|E004,E012,0,gates_full_plus_experiment_gate,0.1,STOP,1,24.0,24.0,0.6666666666666666,0.7325037471953381,1.0753537060463887,10,E012,,0.1,ACCEPT_AUTOMATION
E012|E005,E012,0,gates_full_plus_experiment_gate,0.1,STOP,1,24.0,24.0,0.6666666666666666,0.7330092938692837,1.0753537060463887,10,E012,,0.1,ACCEPT_AUTOMATION
E012|E006,E012,0,gates_full_plus_experiment_gate,0.1,STOP,1,24.0,24.0,0.6666666666666666,0.6826100311709289,1.0753537060463887,10,E012,,0.1,ACCEPT_AUTOMATION
E012|E007,E012,0,gates_full_plus_experiment_gate,0.1,STOP,0,48.0,48.0,0.3333333333333333,0.4622008310344472,1.059575716456073,10,E012,,0.1,ACCEPT_AUTOMATION
E012|E008,E012,0,gates_full_plus_experiment_gate,0.1,STOP,0,24.0,24.0,0.6666666666666666,0.773311211364796,1.0753537060463887,10,E012,,0.1,ACCEPT_AUTOMATION
E012|E009,E012,0,gates_full_plus_experiment_gate,0.1,STOP,1,24.0,24.0,0.6666666666666666,0.693177479207026,1.0753537060463887,10,E012,,0.1,ACCEPT_AUTOMATION
E012|E010,E012,0,gates_full_plus_experiment_gate,0.1,STOP,1,24.0,24.0,0.6666666666666666,0.7398803213275946,1.0753537060463887,10,E012,,0.1,ACCEPT_AUTOMATION
E012|E011,E012,0,gates_full_plus_experiment_gate,0.1,STOP,1,24.0,24.0,0.6666666666666666,0.6941216462475911,1.0753537060463887,10,E012,,0.1,ACCEPT_AUTOMATION
E012|F002,E012,0,gates_full_plus_experiment_gate,0.1,STOP,1,24.0,24.0,0.6666666666666666,0.7911702979093501,1.0753537060463887,10,E012,,0.1,ACCEPT_AUTOMATION
E012|F003,E012,0,gates_full_plus_experiment_gate,0.1,STOP,1,24.0,24.0,0.6666666666666666,0.9047732980716882,1.0753537060463887,10,E012,,0.1,ACCEPT_AUTOMATION
E012|F004,E012,0,gates_full_plus_experiment_gate,0.1,STOP,1,24.0,24.0,0.6666666666666666,1.0353154516361112,1.0753537060463887,10,E012,,0.1,ACCEPT_AUTOMATION
E012|F005,E012,0,gates_full_plus_experiment_gate,0.1,STOP,1,24.0,24.0,0.6666666666666666,0.7102883186919303,1.0753537060463887,10,E012,,0.1,ACCEPT_AUTOMATION
E012|F006,E012,0,gates_full_plus_experiment_gate,0.1,STOP,0,24.0,24.0,0.6666666666666666,0.8404410367367833,1.0753537060463887,10,E012,,0.1,ACCEPT_AUTOMATION
E012|F007,E012,0,gates_full_plus_experiment_gate,0.1,STOP,1,24.0,24.0,0.6666666666666666,0.6678605748591985,1.0753537060463887,10,E012,,0.1,ACCEPT_AUTOMATION
E012|F008,E012,0,gates_full_plus_experiment_gate,0.1,STOP,1,24.0,24.0,0.6666666666666666,0.7970630126683586,1.0753537060463887,10,E012,,0.1,ACCEPT_AUTOMATION
E012|F009,E012,0,gates_full_plus_experiment_gate,0.1,STOP,1,24.0,24.0,0.6666666666666666,0.6337390902792076,1.0753537060463887,10,E012,,0.1,ACCEPT_AUTOMATION
E012|F010,E012,0,gates_full_plus_experiment_gate,0.1,STOP,1,24.0,24.0,0.6666666666666666,0.8526006201281757,1.0753537060463887,10,E012,,0.1,ACCEPT_AUTOMATION
E012|F011,E012,0,gates_full_plus_experiment_gate,0.1,STOP,0,48.0,48.0,0.3333333333333333,0.6541348714392383,1.059575716456073,10,E012,,0.1,ACCEPT_AUTOMATION
E012|G001,E012,1,gates_full_plus_experiment_gate,0.1,STOP,1,24.0,24.0,0.6666666666666666,0.6902105584581633,1.0753537060463887,10,E012,,0.1,ACCEPT_AUTOMATION
E012|G002,E012,0,gates_full_plus_experiment_gate,0.1,ABSTAIN,0,72.0,72.0,0.0,1.3325551171698262,1.0753537060463887,10,E012,,0.1,ACCEPT_AUTOMATION
E012|G003,E012,1,gates_full_plus_experiment_gate,0.1,STOP,1,24.0,24.0,0.6666666666666666,0.8211944549749496,1.0753537060463887,10,E012,,0.1,ACCEPT_AUTOMATION
E012|G004,E012,1,gates_full_plus_experiment_gate,0.1,STOP,1,24.0,24.0,0.6666666666666666,0.962377481482262,1.0753537060463887,10,E012,,0.1,ACCEPT_AUTOMATION
E012|G005,E012,1,gates_full_plus_experiment_gate,0.1,STOP,1,24.0,24.0,0.6666666666666666,0.7490645004283534,1.0753537060463887,10,E012,,0.1,ACCEPT_AUTOMATION
E012|G007,E012,0,gates_full_plus_experiment_gate,0.1,STOP,1,48.0,48.0,0.3333333333333333,0.6610517895240264,1.059575716456073,10,E012,,0.1,ACCEPT_AUTOMATION
E012|G008,E012,1,gates_full_plus_experiment_gate,0.1,STOP,1,24.0,24.0,0.6666666666666666,0.9114189158365262,1.0753537060463887,10,E012,,0.1,ACCEPT_AUTOMATION
E012|G009,E012,1,gates_full_plus_experiment_gate,0.1,STOP,1,24.0,24.0,0.6666666666666666,0.9449305992481318,1.0753537060463887,10,E012,,0.1,ACCEPT_AUTOMATION
E012|G011,E012,0,gates_full_plus_experiment_gate,0.1,STOP,1,48.0,48.0,0.3333333333333333,0.4981753316229028,1.059575716456073,10,E012,,0.1,ACCEPT_AUTOMATION
E012|H002,E012,0,gates_full_plus_experiment_gate,0.1,STOP,0,24.0,24.0,0.6666666666666666,0.7797677479155877,1.0753537060463887,10,E012,,0.1,ACCEPT_AUTOMATION
E012|H003,E012,1,gates_full_plus_experiment_gate,0.1,ABSTAIN,1,72.0,72.0,0.0,1.3092039236625364,1.0753537060463887,10,E012,,0.1,ACCEPT_AUTOMATION
E012|H005,E012,1,gates_full_plus_experiment_gate,0.1,STOP,1,24.0,24.0,0.6666666666666666,0.9012273077735542,1.0753537060463887,10,E012,,0.1,ACCEPT_AUTOMATION
E012|H006,E012,1,gates_full_plus_experiment_gate,0.1,STOP,0,24.0,24.0,0.6666666666666666,0.7271295562813798,1.0753537060463887,10,E012,,0.1,ACCEPT_AUTOMATION
E012|H009,E012,1,gates_full_plus_experiment_gate,0.1,CONTINUE,1,72.0,72.0,0.0,,,10,E012,,0.1,ACCEPT_AUTOMATION
E012|H010,E012,1,gates_full_plus_experiment_gate,0.1,STOP,1,24.0,24.0,0.6666666666666666,0.8599275332524889,1.0753537060463887,10,E012,,0.1,ACCEPT_AUTOMATION
E012|H011,E012,1,gates_full_plus_experiment_gate,0.1,STOP,1,48.0,48.0,0.3333333333333333,0.7399825567418192,1.059575716456073,10,E012,,0.1,ACCEPT_AUTOMATION
