dataset,held_out_group,method,operating_point,risk_target,independent_test_units,stopped_early,incorrect_early,EESR,FP_EESR,FN_EESR,coverage,abstention_rate,observation_savings,observation_savings_stopped,mean_decision_time,median_decision_time,calibration_metric,OOD_status,seed_config,commit_hash
stress_missing,E001,full_protocol,none,,80,0,0,0.0,0.0,0.0,0.0,0.0,0.0,0.0,72.0,72.0,empirical group EESR,disabled,20260929,20eced06353f152f936cfba5517ba7305629052a
stress_missing,E001,fixed_time,12.0,,80,80,13,0.1625,0.05,0.1125,1.0,0.0,0.8333333333333333,0.8333333333333333,12.0,12.0,empirical group EESR,disabled,20260929,20eced06353f152f936cfba5517ba7305629052a
stress_missing,E001,fixed_time,24.0,,80,80,11,0.1375,0.1,0.0375,1.0,0.0,0.6666666666666667,0.6666666666666667,24.0,24.0,empirical group EESR,disabled,20260929,20eced06353f152f936cfba5517ba7305629052a
stress_missing,E001,fixed_time,36.0,,80,80,7,0.0875,0.0625,0.025,1.0,0.0,0.5,0.5,36.0,36.0,empirical group EESR,disabled,20260929,20eced06353f152f936cfba5517ba7305629052a
stress_missing,E001,fixed_time,48.0,,80,80,3,0.0375,0.025,0.0125,1.0,0.0,0.33333333333333337,0.33333333333333337,48.0,48.0,empirical group EESR,disabled,20260929,20eced06353f152f936cfba5517ba7305629052a
stress_missing,E001,fixed_time,60.0,,80,80,3,0.0375,0.025,0.0125,1.0,0.0,0.16666666666666669,0.16666666666666669,60.0,60.0,empirical group EESR,disabled,20260929,20eced06353f152f936cfba5517ba7305629052a
stress_missing,E001,naive_confidence,0.5,,80,80,13,0.1625,0.05,0.1125,1.0,0.0,0.8333333333333333,0.8333333333333333,12.0,12.0,empirical group EESR,disabled,20260929,20eced06353f152f936cfba5517ba7305629052a
stress_missing,E001,naive_confidence,0.6,,80,80,9,0.1125,0.0375,0.075,1.0,0.0,0.7979166666666666,0.7979166666666666,14.55,12.0,empirical group EESR,disabled,20260929,20eced06353f152f936cfba5517ba7305629052a
stress_missing,E001,naive_confidence,0.7,,80,80,6,0.075,0.0375,0.0375,1.0,0.0,0.7541666666666667,0.7541666666666667,17.7,12.0,empirical group EESR,disabled,20260929,20eced06353f152f936cfba5517ba7305629052a
stress_missing,E001,naive_confidence,0.8,,80,79,4,0.05063291139240506,0.02531645569620253,0.02531645569620253,0.9875,0.0,0.625,0.6329113924050633,27.0,18.0,empirical group EESR,disabled,20260929,20eced06353f152f936cfba5517ba7305629052a
stress_missing,E001,naive_confidence,0.9,,80,67,2,0.029850746268656716,0.029850746268656716,0.0,0.8375,0.0,0.4083333333333333,0.4875621890547262,42.6,48.0,empirical group EESR,disabled,20260929,20eced06353f152f936cfba5517ba7305629052a
stress_missing,E001,naive_confidence,0.95,,80,47,1,0.02127659574468085,0.02127659574468085,0.0,0.5875,0.0,0.24791666666666665,0.421985815602837,54.15,60.0,empirical group EESR,disabled,20260929,20eced06353f152f936cfba5517ba7305629052a
stress_missing,E001,naive_confidence,0.975,,80,26,1,0.038461538461538464,0.038461538461538464,0.0,0.325,0.0,0.10416666666666666,0.32051282051282054,64.5,72.0,empirical group EESR,disabled,20260929,20eced06353f152f936cfba5517ba7305629052a
stress_missing,E001,naive_confidence,0.99,,80,9,1,0.1111111111111111,0.1111111111111111,0.0,0.1125,0.0,0.04583333333333332,0.40740740740740733,68.7,72.0,empirical group EESR,disabled,20260929,20eced06353f152f936cfba5517ba7305629052a
stress_missing,E001,calibrated_non_group,0.02,0.02,80,54,0,0.0,0.0,0.0,0.675,0.0,0.19374999999999998,0.28703703703703703,58.05,60.0,empirical group EESR,disabled,20260929,20eced06353f152f936cfba5517ba7305629052a
stress_missing,E001,cbes_style,0.02,0.02,80,0,0,0.0,0.0,0.0,0.0,0.0,0.0,0.0,72.0,72.0,empirical group EESR,disabled,20260929,20eced06353f152f936cfba5517ba7305629052a
stress_missing,E001,gates_without_ood,0.02,0.02,80,52,0,0.0,0.0,0.0,0.65,0.0,0.18124999999999997,0.27884615384615385,58.95,60.0,empirical group EESR,disabled,20260929,20eced06353f152f936cfba5517ba7305629052a
stress_missing,E001,gates_full,0.02,0.02,80,52,0,0.0,0.0,0.0,0.65,0.0,0.18124999999999997,0.27884615384615385,58.95,60.0,empirical group EESR,enabled,20260929,20eced06353f152f936cfba5517ba7305629052a
stress_missing,E001,calibrated_non_group,0.05,0.05,80,59,2,0.03389830508474576,0.03389830508474576,0.0,0.7375,0.0,0.2833333333333333,0.38418079096045193,51.6,48.0,empirical group EESR,disabled,20260929,20eced06353f152f936cfba5517ba7305629052a
stress_missing,E001,cbes_style,0.05,0.05,80,0,0,0.0,0.0,0.0,0.0,0.0,0.0,0.0,72.0,72.0,empirical group EESR,disabled,20260929,20eced06353f152f936cfba5517ba7305629052a
stress_missing,E001,gates_without_ood,0.05,0.05,80,54,0,0.0,0.0,0.0,0.675,0.0,0.18958333333333333,0.2808641975308642,58.35,60.0,empirical group EESR,disabled,20260929,20eced06353f152f936cfba5517ba7305629052a
stress_missing,E001,gates_full,0.05,0.05,80,54,0,0.0,0.0,0.0,0.675,0.0,0.18958333333333333,0.2808641975308642,58.35,60.0,empirical group EESR,enabled,20260929,20eced06353f152f936cfba5517ba7305629052a
stress_missing,E001,calibrated_non_group,0.1,0.1,80,80,6,0.075,0.0625,0.0125,1.0,0.0,0.6229166666666666,0.6229166666666666,27.15,24.0,empirical group EESR,disabled,20260929,20eced06353f152f936cfba5517ba7305629052a
stress_missing,E001,cbes_style,0.1,0.1,80,0,0,0.0,0.0,0.0,0.0,0.0,0.0,0.0,72.0,72.0,empirical group EESR,disabled,20260929,20eced06353f152f936cfba5517ba7305629052a
stress_missing,E001,gates_without_ood,0.1,0.1,80,79,4,0.05063291139240506,0.05063291139240506,0.0,0.9875,0.0,0.6020833333333334,0.6097046413502107,28.65,24.0,empirical group EESR,disabled,20260929,20eced06353f152f936cfba5517ba7305629052a
stress_missing,E001,gates_full,0.1,0.1,80,68,3,0.04411764705882353,0.04411764705882353,0.0,0.85,0.1375,0.5104166666666666,0.6004901960784312,35.25,24.0,empirical group EESR,enabled,20260929,20eced06353f152f936cfba5517ba7305629052a
stress_missing,E001,calibrated_non_group,0.15,0.15,80,80,7,0.0875,0.0375,0.05,1.0,0.0,0.7520833333333333,0.7520833333333333,17.85,12.0,empirical group EESR,disabled,20260929,20eced06353f152f936cfba5517ba7305629052a
stress_missing,E001,cbes_style,0.15,0.15,80,79,4,0.05063291139240506,0.0379746835443038,0.012658227848101266,0.9875,0.0,0.5395833333333333,0.5464135021097044,33.15,24.0,empirical group EESR,disabled,20260929,20eced06353f152f936cfba5517ba7305629052a
stress_missing,E001,gates_without_ood,0.15,0.15,80,80,6,0.075,0.0375,0.0375,1.0,0.0,0.7229166666666667,0.7229166666666667,19.95,12.0,empirical group EESR,disabled,20260929,20eced06353f152f936cfba5517ba7305629052a
stress_missing,E001,gates_full,0.15,0.15,80,74,4,0.05405405405405406,0.02702702702702703,0.02702702702702703,0.925,0.075,0.6666666666666666,0.7207207207207207,24.0,12.0,empirical group EESR,enabled,20260929,20eced06353f152f936cfba5517ba7305629052a
stress_missing,E001,calibrated_non_group,0.2,0.2,80,80,9,0.1125,0.0375,0.075,1.0,0.0,0.8020833333333333,0.8020833333333333,14.25,12.0,empirical group EESR,disabled,20260929,20eced06353f152f936cfba5517ba7305629052a
stress_missing,E001,cbes_style,0.2,0.2,80,80,9,0.1125,0.0375,0.075,1.0,0.0,0.7791666666666666,0.7791666666666666,15.9,12.0,empirical group EESR,disabled,20260929,20eced06353f152f936cfba5517ba7305629052a
stress_missing,E001,gates_without_ood,0.2,0.2,80,80,10,0.125,0.05,0.075,1.0,0.0,0.80625,0.80625,13.95,12.0,empirical group EESR,disabled,20260929,20eced06353f152f936cfba5517ba7305629052a
stress_missing,E001,gates_full,0.2,0.2,80,77,9,0.11688311688311688,0.05194805194805195,0.06493506493506493,0.9625,0.0375,0.7749999999999999,0.8051948051948052,16.2,12.0,empirical group EESR,enabled,20260929,20eced06353f152f936cfba5517ba7305629052a
stress_missing,E001,calibrated_non_group,0.3,0.3,80,80,12,0.15,0.05,0.1,1.0,0.0,0.83125,0.83125,12.15,12.0,empirical group EESR,disabled,20260929,20eced06353f152f936cfba5517ba7305629052a
stress_missing,E001,cbes_style,0.3,0.3,80,80,9,0.1125,0.0375,0.075,1.0,0.0,0.7875,0.7875,15.3,12.0,empirical group EESR,disabled,20260929,20eced06353f152f936cfba5517ba7305629052a
stress_missing,E001,gates_without_ood,0.3,0.3,80,80,13,0.1625,0.05,0.1125,1.0,0.0,0.8333333333333333,0.8333333333333333,12.0,12.0,empirical group EESR,disabled,20260929,20eced06353f152f936cfba5517ba7305629052a
stress_missing,E001,gates_full,0.3,0.3,80,77,12,0.15584415584415584,0.05194805194805195,0.1038961038961039,0.9625,0.0375,0.8020833333333333,0.8333333333333334,14.25,12.0,empirical group EESR,enabled,20260929,20eced06353f152f936cfba5517ba7305629052a
stress_missing,E002,full_protocol,none,,92,0,0,0.0,0.0,0.0,0.0,0.0,0.0,0.0,72.0,72.0,empirical group EESR,disabled,20260929,20eced06353f152f936cfba5517ba7305629052a
stress_missing,E002,fixed_time,12.0,,92,87,19,0.21839080459770116,0.06896551724137931,0.14942528735632185,0.9456521739130435,0.0,0.7880434782608693,0.8333333333333328,15.26086956521739,12.0,empirical group EESR,disabled,20260929,20eced06353f152f936cfba5517ba7305629052a
stress_missing,E002,fixed_time,24.0,,92,87,15,0.1724137931034483,0.09195402298850575,0.08045977011494253,0.9456521739130435,0.0,0.6304347826086956,0.6666666666666665,26.608695652173914,24.0,empirical group EESR,disabled,20260929,20eced06353f152f936cfba5517ba7305629052a
stress_missing,E002,fixed_time,36.0,,92,87,37,0.42528735632183906,0.3448275862068966,0.08045977011494253,0.9456521739130435,0.0,0.47282608695652173,0.5,37.95652173913044,36.0,empirical group EESR,disabled,20260929,20eced06353f152f936cfba5517ba7305629052a
stress_missing,E002,fixed_time,48.0,,92,87,17,0.19540229885057472,0.09195402298850575,0.10344827586206896,0.9456521739130435,0.0,0.3152173913043478,0.33333333333333326,49.30434782608695,48.0,empirical group EESR,disabled,20260929,20eced06353f152f936cfba5517ba7305629052a
stress_missing,E002,fixed_time,60.0,,92,87,18,0.20689655172413793,0.10344827586206896,0.10344827586206896,0.9456521739130435,0.0,0.1576086956521739,0.16666666666666663,60.65217391304348,60.0,empirical group EESR,disabled,20260929,20eced06353f152f936cfba5517ba7305629052a
stress_missing,E002,naive_confidence,0.5,,92,87,19,0.21839080459770116,0.06896551724137931,0.14942528735632185,0.9456521739130435,0.0,0.7880434782608693,0.8333333333333328,15.26086956521739,12.0,empirical group EESR,disabled,20260929,20eced06353f152f936cfba5517ba7305629052a
stress_missing,E002,naive_confidence,0.6,,92,87,17,0.19540229885057472,0.05747126436781609,0.13793103448275862,0.9456521739130435,0.0,0.7807971014492752,0.8256704980842908,15.782608695652174,12.0,empirical group EESR,disabled,20260929,20eced06353f152f936cfba5517ba7305629052a
stress_missing,E002,naive_confidence,0.7,,92,83,15,0.18072289156626506,0.04819277108433735,0.13253012048192772,0.9021739130434783,0.0,0.7210144927536232,0.7991967871485941,20.08695652173913,12.0,empirical group EESR,disabled,20260929,20eced06353f152f936cfba5517ba7305629052a
stress_missing,E002,naive_confidence,0.8,,92,79,14,0.17721518987341772,0.05063291139240506,0.12658227848101267,0.8586956521739131,0.0,0.6648550724637682,0.7742616033755276,24.130434782608695,12.0,empirical group EESR,disabled,20260929,20eced06353f152f936cfba5517ba7305629052a
stress_missing,E002,naive_confidence,0.9,,92,64,9,0.140625,0.015625,0.125,0.6956521739130435,0.0,0.5289855072463768,0.7604166666666666,33.91304347826087,12.0,empirical group EESR,disabled,20260929,20eced06353f152f936cfba5517ba7305629052a
stress_missing,E002,naive_confidence,0.95,,92,50,6,0.12,0.02,0.1,0.5434782608695652,0.0,0.4003623188405798,0.7366666666666668,43.17391304347826,42.0,empirical group EESR,disabled,20260929,20eced06353f152f936cfba5517ba7305629052a
stress_missing,E002,naive_confidence,0.975,,92,37,5,0.13513513513513514,0.02702702702702703,0.10810810810810811,0.40217391304347827,0.0,0.3025362318840579,0.7522522522522522,50.21739130434783,72.0,empirical group EESR,disabled,20260929,20eced06353f152f936cfba5517ba7305629052a
stress_missing,E002,naive_confidence,0.99,,92,28,5,0.17857142857142858,0.03571428571428571,0.14285714285714285,0.30434782608695654,0.0,0.21557971014492752,0.7083333333333333,56.47826086956522,72.0,empirical group EESR,disabled,20260929,20eced06353f152f936cfba5517ba7305629052a
stress_missing,E002,calibrated_non_group,0.02,0.02,92,21,0,0.0,0.0,0.0,0.22826086956521738,0.0,0.05072463768115942,0.22222222222222218,68.34782608695652,72.0,empirical group EESR,disabled,20260929,20eced06353f152f936cfba5517ba7305629052a
stress_missing,E002,cbes_style,0.02,0.02,92,71,12,0.16901408450704225,0.056338028169014086,0.11267605633802817,0.7717391304347826,0.0,0.24094202898550718,0.31220657276995295,54.65217391304348,48.0,empirical group EESR,disabled,20260929,20eced06353f152f936cfba5517ba7305629052a
stress_missing,E002,gates_without_ood,0.02,0.02,92,17,0,0.0,0.0,0.0,0.18478260869565216,0.0,0.030797101449275353,0.16666666666666666,69.78260869565217,72.0,empirical group EESR,disabled,20260929,20eced06353f152f936cfba5517ba7305629052a
stress_missing,E002,gates_full,0.02,0.02,92,14,0,0.0,0.0,0.0,0.15217391304347827,0.03260869565217391,0.02536231884057971,0.16666666666666666,70.17391304347827,72.0,empirical group EESR,enabled,20260929,20eced06353f152f936cfba5517ba7305629052a
stress_missing,E002,calibrated_non_group,0.05,0.05,92,62,6,0.0967741935483871,0.03225806451612903,0.06451612903225806,0.6739130434782609,0.0,0.125,0.1854838709677419,63.0,60.0,empirical group EESR,disabled,20260929,20eced06353f152f936cfba5517ba7305629052a
stress_missing,E002,cbes_style,0.05,0.05,92,74,17,0.22972972972972974,0.12162162162162163,0.10810810810810811,0.8043478260869565,0.0,0.32608695652173914,0.40540540540540543,48.52173913043478,48.0,empirical group EESR,disabled,20260929,20eced06353f152f936cfba5517ba7305629052a
stress_missing,E002,gates_without_ood,0.05,0.05,92,21,0,0.0,0.0,0.0,0.22826086956521738,0.0,0.038043478260869554,0.16666666666666663,69.26086956521739,72.0,empirical group EESR,disabled,20260929,20eced06353f152f936cfba5517ba7305629052a
stress_missing,E002,gates_full,0.05,0.05,92,18,0,0.0,0.0,0.0,0.1956521739130435,0.03260869565217391,0.032608695652173905,0.16666666666666663,69.65217391304348,72.0,empirical group EESR,enabled,20260929,20eced06353f152f936cfba5517ba7305629052a
stress_missing,E002,calibrated_non_group,0.1,0.1,92,68,7,0.10294117647058823,0.04411764705882353,0.058823529411764705,0.7391304347826086,0.0,0.33514492753623193,0.45343137254901966,47.869565217391305,48.0,empirical group EESR,disabled,20260929,20eced06353f152f936cfba5517ba7305629052a
stress_missing,E002,cbes_style,0.1,0.1,92,74,17,0.22972972972972974,0.12162162162162163,0.10810810810810811,0.8043478260869565,0.0,0.32608695652173914,0.40540540540540543,48.52173913043478,48.0,empirical group EESR,disabled,20260929,20eced06353f152f936cfba5517ba7305629052a
stress_missing,E002,gates_without_ood,0.1,0.1,92,40,3,0.075,0.0,0.075,0.43478260869565216,0.0,0.07246376811594205,0.16666666666666666,66.78260869565217,72.0,empirical group EESR,disabled,20260929,20eced06353f152f936cfba5517ba7305629052a
stress_missing,E002,gates_full,0.1,0.1,92,37,3,0.08108108108108109,0.0,0.08108108108108109,0.40217391304347827,0.03260869565217391,0.06702898550724638,0.16666666666666669,67.17391304347827,72.0,empirical group EESR,enabled,20260929,20eced06353f152f936cfba5517ba7305629052a
stress_missing,E002,calibrated_non_group,0.15,0.15,92,83,15,0.18072289156626506,0.08433734939759036,0.0963855421686747,0.9021739130434783,0.0,0.4021739130434781,0.4457831325301204,43.04347826086956,48.0,empirical group EESR,disabled,20260929,20eced06353f152f936cfba5517ba7305629052a
stress_missing,E002,cbes_style,0.15,0.15,92,79,13,0.16455696202531644,0.06329113924050633,0.10126582278481013,0.8586956521739131,0.0,0.5326086956521738,0.6202531645569618,33.65217391304348,24.0,empirical group EESR,disabled,20260929,20eced06353f152f936cfba5517ba7305629052a
stress_missing,E002,gates_without_ood,0.15,0.15,92,71,11,0.15492957746478872,0.07042253521126761,0.08450704225352113,0.7717391304347826,0.0,0.19927536231884052,0.25821596244131456,57.65217391304348,60.0,empirical group EESR,disabled,20260929,20eced06353f152f936cfba5517ba7305629052a
stress_missing,E002,gates_full,0.15,0.15,92,68,11,0.16176470588235295,0.07352941176470588,0.08823529411764706,0.7391304347826086,0.03260869565217391,0.19021739130434778,0.2573529411764705,58.30434782608695,60.0,empirical group EESR,enabled,20260929,20eced06353f152f936cfba5517ba7305629052a
stress_missing,E002,calibrated_non_group,0.2,0.2,92,87,23,0.26436781609195403,0.1724137931034483,0.09195402298850575,0.9456521739130435,0.0,0.5652173913043478,0.5977011494252871,31.304347826086957,24.0,empirical group EESR,disabled,20260929,20eced06353f152f936cfba5517ba7305629052a
stress_missing,E002,cbes_style,0.2,0.2,92,79,13,0.16455696202531644,0.06329113924050633,0.10126582278481013,0.8586956521739131,0.0,0.5326086956521738,0.6202531645569618,33.65217391304348,24.0,empirical group EESR,disabled,20260929,20eced06353f152f936cfba5517ba7305629052a
stress_missing,E002,gates_without_ood,0.2,0.2,92,82,16,0.1951219512195122,0.0975609756097561,0.0975609756097561,0.8913043478260869,0.0,0.24456521739130427,0.274390243902439,54.391304347826086,48.0,empirical group EESR,disabled,20260929,20eced06353f152f936cfba5517ba7305629052a
stress_missing,E002,gates_full,0.2,0.2,92,79,16,0.20253164556962025,0.10126582278481013,0.10126582278481013,0.8586956521739131,0.03260869565217391,0.23369565217391297,0.2721518987341771,55.17391304347826,48.0,empirical group EESR,enabled,20260929,20eced06353f152f936cfba5517ba7305629052a
stress_missing,E002,calibrated_non_group,0.3,0.3,92,87,20,0.22988505747126436,0.10344827586206896,0.12643678160919541,0.9456521739130435,0.0,0.7427536231884055,0.7854406130268197,18.52173913043478,12.0,empirical group EESR,disabled,20260929,20eced06353f152f936cfba5517ba7305629052a
stress_missing,E002,cbes_style,0.3,0.3,92,83,16,0.1927710843373494,0.060240963855421686,0.13253012048192772,0.9021739130434783,0.0,0.7101449275362318,0.78714859437751,20.869565217391305,12.0,empirical group EESR,disabled,20260929,20eced06353f152f936cfba5517ba7305629052a
stress_missing,E002,gates_without_ood,0.3,0.3,92,87,16,0.1839080459770115,0.09195402298850575,0.09195402298850575,0.9456521739130435,0.0,0.6086956521739131,0.6436781609195401,28.17391304347826,24.0,empirical group EESR,disabled,20260929,20eced06353f152f936cfba5517ba7305629052a
stress_missing,E002,gates_full,0.3,0.3,92,87,16,0.1839080459770115,0.09195402298850575,0.09195402298850575,0.9456521739130435,0.0,0.6086956521739131,0.6436781609195401,28.17391304347826,24.0,empirical group EESR,enabled,20260929,20eced06353f152f936cfba5517ba7305629052a
stress_missing,E004,full_protocol,none,,96,0,0,0.0,0.0,0.0,0.0,0.0,0.0,0.0,72.0,72.0,empirical group EESR,disabled,20260929,20eced06353f152f936cfba5517ba7305629052a
stress_missing,E004,fixed_time,12.0,,96,96,48,0.5,0.5,0.0,1.0,0.0,0.8333333333333334,0.8333333333333334,12.0,12.0,empirical group EESR,disabled,20260929,20eced06353f152f936cfba5517ba7305629052a
stress_missing,E004,fixed_time,24.0,,96,96,32,0.3333333333333333,0.3333333333333333,0.0,1.0,0.0,0.6666666666666666,0.6666666666666666,24.0,24.0,empirical group EESR,disabled,20260929,20eced06353f152f936cfba5517ba7305629052a
stress_missing,E004,fixed_time,36.0,,96,96,11,0.11458333333333333,0.11458333333333333,0.0,1.0,0.0,0.5,0.5,36.0,36.0,empirical group EESR,disabled,20260929,20eced06353f152f936cfba5517ba7305629052a
stress_missing,E004,fixed_time,48.0,,96,96,0,0.0,0.0,0.0,1.0,0.0,0.3333333333333333,0.3333333333333333,48.0,48.0,empirical group EESR,disabled,20260929,20eced06353f152f936cfba5517ba7305629052a
stress_missing,E004,fixed_time,60.0,,96,96,0,0.0,0.0,0.0,1.0,0.0,0.16666666666666666,0.16666666666666666,60.0,60.0,empirical group EESR,disabled,20260929,20eced06353f152f936cfba5517ba7305629052a
stress_missing,E004,naive_confidence,0.5,,96,96,48,0.5,0.5,0.0,1.0,0.0,0.8333333333333334,0.8333333333333334,12.0,12.0,empirical group EESR,disabled,20260929,20eced06353f152f936cfba5517ba7305629052a
stress_missing,E004,naive_confidence,0.6,,96,96,36,0.375,0.375,0.0,1.0,0.0,0.7291666666666665,0.7291666666666665,19.5,12.0,empirical group EESR,disabled,20260929,20eced06353f152f936cfba5517ba7305629052a
stress_missing,E004,naive_confidence,0.7,,96,96,15,0.15625,0.15625,0.0,1.0,0.0,0.5451388888888888,0.5451388888888888,32.75,36.0,empirical group EESR,disabled,20260929,20eced06353f152f936cfba5517ba7305629052a
stress_missing,E004,naive_confidence,0.8,,96,96,2,0.020833333333333332,0.020833333333333332,0.0,1.0,0.0,0.37847222222222227,0.37847222222222227,44.75,48.0,empirical group EESR,disabled,20260929,20eced06353f152f936cfba5517ba7305629052a
stress_missing,E004,naive_confidence,0.9,,96,92,0,0.0,0.0,0.0,0.9583333333333334,0.0,0.2743055555555555,0.286231884057971,52.25,48.0,empirical group EESR,disabled,20260929,20eced06353f152f936cfba5517ba7305629052a
stress_missing,E004,naive_confidence,0.95,,96,64,0,0.0,0.0,0.0,0.6666666666666666,0.0,0.16666666666666666,0.25,60.0,60.0,empirical group EESR,disabled,20260929,20eced06353f152f936cfba5517ba7305629052a
stress_missing,E004,naive_confidence,0.975,,96,26,0,0.0,0.0,0.0,0.2708333333333333,0.0,0.05555555555555555,0.20512820512820512,68.0,72.0,empirical group EESR,disabled,20260929,20eced06353f152f936cfba5517ba7305629052a
stress_missing,E004,naive_confidence,0.99,,96,3,0,0.0,0.0,0.0,0.03125,0.0,0.005208333333333333,0.16666666666666666,71.625,72.0,empirical group EESR,disabled,20260929,20eced06353f152f936cfba5517ba7305629052a
stress_missing,E004,calibrated_non_group,0.02,0.02,96,0,0,0.0,0.0,0.0,0.0,0.0,0.0,0.0,72.0,72.0,empirical group EESR,disabled,20260929,20eced06353f152f936cfba5517ba7305629052a
stress_missing,E004,cbes_style,0.02,0.02,96,0,0,0.0,0.0,0.0,0.0,0.0,0.0,0.0,72.0,72.0,empirical group EESR,disabled,20260929,20eced06353f152f936cfba5517ba7305629052a
stress_missing,E004,gates_without_ood,0.02,0.02,96,0,0,0.0,0.0,0.0,0.0,0.0,0.0,0.0,72.0,72.0,empirical group EESR,disabled,20260929,20eced06353f152f936cfba5517ba7305629052a
stress_missing,E004,gates_full,0.02,0.02,96,0,0,0.0,0.0,0.0,0.0,0.0,0.0,0.0,72.0,72.0,empirical group EESR,enabled,20260929,20eced06353f152f936cfba5517ba7305629052a
stress_missing,E004,calibrated_non_group,0.05,0.05,96,53,0,0.0,0.0,0.0,0.5520833333333334,0.0,0.09201388888888888,0.1666666666666666,65.375,60.0,empirical group EESR,disabled,20260929,20eced06353f152f936cfba5517ba7305629052a
stress_missing,E004,cbes_style,0.05,0.05,96,0,0,0.0,0.0,0.0,0.0,0.0,0.0,0.0,72.0,72.0,empirical group EESR,disabled,20260929,20eced06353f152f936cfba5517ba7305629052a
stress_missing,E004,gates_without_ood,0.05,0.05,96,35,0,0.0,0.0,0.0,0.3645833333333333,0.0,0.06076388888888889,0.16666666666666669,67.625,72.0,empirical group EESR,disabled,20260929,20eced06353f152f936cfba5517ba7305629052a
stress_missing,E004,gates_full,0.05,0.05,96,35,0,0.0,0.0,0.0,0.3645833333333333,0.0,0.06076388888888889,0.16666666666666669,67.625,72.0,empirical group EESR,enabled,20260929,20eced06353f152f936cfba5517ba7305629052a
stress_missing,E004,calibrated_non_group,0.1,0.1,96,92,0,0.0,0.0,0.0,0.9583333333333334,0.0,0.25,0.2608695652173913,54.0,48.0,empirical group EESR,disabled,20260929,20eced06353f152f936cfba5517ba7305629052a
stress_missing,E004,cbes_style,0.1,0.1,96,0,0,0.0,0.0,0.0,0.0,0.0,0.0,0.0,72.0,72.0,empirical group EESR,disabled,20260929,20eced06353f152f936cfba5517ba7305629052a
stress_missing,E004,gates_without_ood,0.1,0.1,96,54,0,0.0,0.0,0.0,0.5625,0.0,0.09375,0.1666666666666666,65.25,60.0,empirical group EESR,disabled,20260929,20eced06353f152f936cfba5517ba7305629052a
stress_missing,E004,gates_full,0.1,0.1,96,54,0,0.0,0.0,0.0,0.5625,0.0,0.09375,0.1666666666666666,65.25,60.0,empirical group EESR,enabled,20260929,20eced06353f152f936cfba5517ba7305629052a
stress_missing,E004,calibrated_non_group,0.15,0.15,96,92,0,0.0,0.0,0.0,0.9583333333333334,0.0,0.2951388888888889,0.3079710144927536,50.75,48.0,empirical group EESR,disabled,20260929,20eced06353f152f936cfba5517ba7305629052a
stress_missing,E004,cbes_style,0.15,0.15,96,0,0,0.0,0.0,0.0,0.0,0.0,0.0,0.0,72.0,72.0,empirical group EESR,disabled,20260929,20eced06353f152f936cfba5517ba7305629052a
stress_missing,E004,gates_without_ood,0.15,0.15,96,93,0,0.0,0.0,0.0,0.96875,0.0,0.16145833333333334,0.16666666666666666,60.375,60.0,empirical group EESR,disabled,20260929,20eced06353f152f936cfba5517ba7305629052a
stress_missing,E004,gates_full,0.15,0.15,96,93,0,0.0,0.0,0.0,0.96875,0.0,0.16145833333333334,0.16666666666666666,60.375,60.0,empirical group EESR,enabled,20260929,20eced06353f152f936cfba5517ba7305629052a
stress_missing,E004,calibrated_non_group,0.2,0.2,96,96,7,0.07291666666666667,0.07291666666666667,0.0,1.0,0.0,0.390625,0.390625,43.875,48.0,empirical group EESR,disabled,20260929,20eced06353f152f936cfba5517ba7305629052a
stress_missing,E004,cbes_style,0.2,0.2,96,0,0,0.0,0.0,0.0,0.0,0.0,0.0,0.0,72.0,72.0,empirical group EESR,disabled,20260929,20eced06353f152f936cfba5517ba7305629052a
stress_missing,E004,gates_without_ood,0.2,0.2,96,96,0,0.0,0.0,0.0,1.0,0.0,0.30208333333333337,0.30208333333333337,50.25,48.0,empirical group EESR,disabled,20260929,20eced06353f152f936cfba5517ba7305629052a
stress_missing,E004,gates_full,0.2,0.2,96,96,0,0.0,0.0,0.0,1.0,0.0,0.30208333333333337,0.30208333333333337,50.25,48.0,empirical group EESR,enabled,20260929,20eced06353f152f936cfba5517ba7305629052a
stress_missing,E004,calibrated_non_group,0.3,0.3,96,96,37,0.3854166666666667,0.3854166666666667,0.0,1.0,0.0,0.7326388888888888,0.7326388888888888,19.25,12.0,empirical group EESR,disabled,20260929,20eced06353f152f936cfba5517ba7305629052a
stress_missing,E004,cbes_style,0.3,0.3,96,95,0,0.0,0.0,0.0,0.9895833333333334,0.0,0.3263888888888889,0.3298245614035087,48.5,48.0,empirical group EESR,disabled,20260929,20eced06353f152f936cfba5517ba7305629052a
stress_missing,E004,gates_without_ood,0.3,0.3,96,96,18,0.1875,0.1875,0.0,1.0,0.0,0.5225694444444444,0.5225694444444444,34.375,48.0,empirical group EESR,disabled,20260929,20eced06353f152f936cfba5517ba7305629052a
stress_missing,E004,gates_full,0.3,0.3,96,96,18,0.1875,0.1875,0.0,1.0,0.0,0.5225694444444444,0.5225694444444444,34.375,48.0,empirical group EESR,enabled,20260929,20eced06353f152f936cfba5517ba7305629052a
stress_missing,E005,full_protocol,none,,92,0,0,0.0,0.0,0.0,0.0,0.0,0.0,0.0,72.0,72.0,empirical group EESR,disabled,20260929,20eced06353f152f936cfba5517ba7305629052a
stress_missing,E005,fixed_time,12.0,,92,92,34,0.3695652173913043,0.32608695652173914,0.043478260869565216,1.0,0.0,0.833333333333333,0.833333333333333,12.0,12.0,empirical group EESR,disabled,20260929,20eced06353f152f936cfba5517ba7305629052a
stress_missing,E005,fixed_time,24.0,,92,92,32,0.34782608695652173,0.33695652173913043,0.010869565217391304,1.0,0.0,0.6666666666666666,0.6666666666666666,24.0,24.0,empirical group EESR,disabled,20260929,20eced06353f152f936cfba5517ba7305629052a
stress_missing,E005,fixed_time,36.0,,92,92,39,0.42391304347826086,0.3804347826086957,0.043478260869565216,1.0,0.0,0.5,0.5,36.0,36.0,empirical group EESR,disabled,20260929,20eced06353f152f936cfba5517ba7305629052a
stress_missing,E005,fixed_time,48.0,,92,92,28,0.30434782608695654,0.30434782608695654,0.0,1.0,0.0,0.3333333333333333,0.3333333333333333,48.0,48.0,empirical group EESR,disabled,20260929,20eced06353f152f936cfba5517ba7305629052a
stress_missing,E005,fixed_time,60.0,,92,92,25,0.2717391304347826,0.2608695652173913,0.010869565217391304,1.0,0.0,0.16666666666666666,0.16666666666666666,60.0,60.0,empirical group EESR,disabled,20260929,20eced06353f152f936cfba5517ba7305629052a
stress_missing,E005,naive_confidence,0.5,,92,92,34,0.3695652173913043,0.32608695652173914,0.043478260869565216,1.0,0.0,0.833333333333333,0.833333333333333,12.0,12.0,empirical group EESR,disabled,20260929,20eced06353f152f936cfba5517ba7305629052a
stress_missing,E005,naive_confidence,0.6,,92,92,35,0.3804347826086957,0.34782608695652173,0.03260869565217391,1.0,0.0,0.7989130434782605,0.7989130434782605,14.478260869565217,12.0,empirical group EESR,disabled,20260929,20eced06353f152f936cfba5517ba7305629052a
stress_missing,E005,naive_confidence,0.7,,92,92,31,0.33695652173913043,0.30434782608695654,0.03260869565217391,1.0,0.0,0.760869565217391,0.760869565217391,17.217391304347824,12.0,empirical group EESR,disabled,20260929,20eced06353f152f936cfba5517ba7305629052a
stress_missing,E005,naive_confidence,0.8,,92,88,28,0.3181818181818182,0.29545454545454547,0.022727272727272728,0.9565217391304348,0.0,0.6847826086956522,0.7159090909090908,22.695652173913043,12.0,empirical group EESR,disabled,20260929,20eced06353f152f936cfba5517ba7305629052a
stress_missing,E005,naive_confidence,0.9,,92,78,22,0.28205128205128205,0.28205128205128205,0.0,0.8478260869565217,0.0,0.5235507246376813,0.6175213675213677,34.30434782608695,24.0,empirical group EESR,disabled,20260929,20eced06353f152f936cfba5517ba7305629052a
stress_missing,E005,naive_confidence,0.95,,92,64,14,0.21875,0.21875,0.0,0.6956521739130435,0.0,0.3677536231884059,0.5286458333333334,45.52173913043478,48.0,empirical group EESR,disabled,20260929,20eced06353f152f936cfba5517ba7305629052a
stress_missing,E005,naive_confidence,0.975,,92,39,8,0.20512820512820512,0.20512820512820512,0.0,0.42391304347826086,0.0,0.17391304347826086,0.41025641025641024,59.47826086956522,72.0,empirical group EESR,disabled,20260929,20eced06353f152f936cfba5517ba7305629052a
stress_missing,E005,naive_confidence,0.99,,92,21,4,0.19047619047619047,0.19047619047619047,0.0,0.22826086956521738,0.0,0.08152173913043478,0.3571428571428571,66.1304347826087,72.0,empirical group EESR,disabled,20260929,20eced06353f152f936cfba5517ba7305629052a
stress_missing,E005,calibrated_non_group,0.02,0.02,92,0,0,0.0,0.0,0.0,0.0,0.0,0.0,0.0,72.0,72.0,empirical group EESR,disabled,20260929,20eced06353f152f936cfba5517ba7305629052a
stress_missing,E005,cbes_style,0.02,0.02,92,0,0,0.0,0.0,0.0,0.0,0.0,0.0,0.0,72.0,72.0,empirical group EESR,disabled,20260929,20eced06353f152f936cfba5517ba7305629052a
stress_missing,E005,gates_without_ood,0.02,0.02,92,0,0,0.0,0.0,0.0,0.0,0.0,0.0,0.0,72.0,72.0,empirical group EESR,disabled,20260929,20eced06353f152f936cfba5517ba7305629052a
stress_missing,E005,gates_full,0.02,0.02,92,0,0,0.0,0.0,0.0,0.0,0.0,0.0,0.0,72.0,72.0,empirical group EESR,enabled,20260929,20eced06353f152f936cfba5517ba7305629052a
stress_missing,E005,calibrated_non_group,0.05,0.05,92,0,0,0.0,0.0,0.0,0.0,0.0,0.0,0.0,72.0,72.0,empirical group EESR,disabled,20260929,20eced06353f152f936cfba5517ba7305629052a
stress_missing,E005,cbes_style,0.05,0.05,92,0,0,0.0,0.0,0.0,0.0,0.0,0.0,0.0,72.0,72.0,empirical group EESR,disabled,20260929,20eced06353f152f936cfba5517ba7305629052a
stress_missing,E005,gates_without_ood,0.05,0.05,92,0,0,0.0,0.0,0.0,0.0,0.0,0.0,0.0,72.0,72.0,empirical group EESR,disabled,20260929,20eced06353f152f936cfba5517ba7305629052a
stress_missing,E005,gates_full,0.05,0.05,92,0,0,0.0,0.0,0.0,0.0,0.0,0.0,0.0,72.0,72.0,empirical group EESR,enabled,20260929,20eced06353f152f936cfba5517ba7305629052a
stress_missing,E005,calibrated_non_group,0.1,0.1,92,44,8,0.18181818181818182,0.18181818181818182,0.0,0.4782608695652174,0.0,0.22826086956521738,0.4772727272727273,55.56521739130435,72.0,empirical group EESR,disabled,20260929,20eced06353f152f936cfba5517ba7305629052a
stress_missing,E005,cbes_style,0.1,0.1,92,73,16,0.2191780821917808,0.2191780821917808,0.0,0.7934782608695652,0.0,0.13224637681159418,0.16666666666666666,62.47826086956522,60.0,empirical group EESR,disabled,20260929,20eced06353f152f936cfba5517ba7305629052a
stress_missing,E005,gates_without_ood,0.1,0.1,92,0,0,0.0,0.0,0.0,0.0,0.0,0.0,0.0,72.0,72.0,empirical group EESR,disabled,20260929,20eced06353f152f936cfba5517ba7305629052a
stress_missing,E005,gates_full,0.1,0.1,92,0,0,0.0,0.0,0.0,0.0,0.0,0.0,0.0,72.0,72.0,empirical group EESR,enabled,20260929,20eced06353f152f936cfba5517ba7305629052a
stress_missing,E005,calibrated_non_group,0.15,0.15,92,78,23,0.2948717948717949,0.2948717948717949,0.0,0.8478260869565217,0.0,0.5090579710144927,0.6004273504273504,35.34782608695652,24.0,empirical group EESR,disabled,20260929,20eced06353f152f936cfba5517ba7305629052a
stress_missing,E005,cbes_style,0.15,0.15,92,83,19,0.2289156626506024,0.2289156626506024,0.0,0.9021739130434783,0.0,0.4655797101449275,0.5160642570281123,38.47826086956522,24.0,empirical group EESR,disabled,20260929,20eced06353f152f936cfba5517ba7305629052a
stress_missing,E005,gates_without_ood,0.15,0.15,92,0,0,0.0,0.0,0.0,0.0,0.0,0.0,0.0,72.0,72.0,empirical group EESR,disabled,20260929,20eced06353f152f936cfba5517ba7305629052a
stress_missing,E005,gates_full,0.15,0.15,92,0,0,0.0,0.0,0.0,0.0,0.0,0.0,0.0,72.0,72.0,empirical group EESR,enabled,20260929,20eced06353f152f936cfba5517ba7305629052a
stress_missing,E005,calibrated_non_group,0.2,0.2,92,90,28,0.3111111111111111,0.3,0.011111111111111112,0.9782608695652174,0.0,0.7318840579710141,0.7481481481481479,19.304347826086957,12.0,empirical group EESR,disabled,20260929,20eced06353f152f936cfba5517ba7305629052a
stress_missing,E005,cbes_style,0.2,0.2,92,87,24,0.27586206896551724,0.26436781609195403,0.011494252873563218,0.9456521739130435,0.0,0.5615942028985507,0.5938697318007663,31.565217391304348,24.0,empirical group EESR,disabled,20260929,20eced06353f152f936cfba5517ba7305629052a
stress_missing,E005,gates_without_ood,0.2,0.2,92,40,10,0.25,0.25,0.0,0.43478260869565216,0.0,0.2608695652173913,0.6,53.21739130434783,72.0,empirical group EESR,disabled,20260929,20eced06353f152f936cfba5517ba7305629052a
stress_missing,E005,gates_full,0.2,0.2,92,27,6,0.2222222222222222,0.2222222222222222,0.0,0.29347826086956524,0.14130434782608695,0.15760869565217392,0.5370370370370371,60.65217391304348,72.0,empirical group EESR,enabled,20260929,20eced06353f152f936cfba5517ba7305629052a
stress_missing,E005,calibrated_non_group,0.3,0.3,92,92,31,0.33695652173913043,0.31521739130434784,0.021739130434782608,1.0,0.0,0.7681159420289853,0.7681159420289853,16.695652173913043,12.0,empirical group EESR,disabled,20260929,20eced06353f152f936cfba5517ba7305629052a
stress_missing,E005,cbes_style,0.3,0.3,92,89,30,0.33707865168539325,0.29213483146067415,0.0449438202247191,0.967391304347826,0.0,0.7119565217391305,0.7359550561797751,20.73913043478261,12.0,empirical group EESR,disabled,20260929,20eced06353f152f936cfba5517ba7305629052a
stress_missing,E005,gates_without_ood,0.3,0.3,92,90,30,0.3333333333333333,0.3111111111111111,0.022222222222222223,0.9782608695652174,0.0,0.744565217391304,0.761111111111111,18.391304347826086,12.0,empirical group EESR,disabled,20260929,20eced06353f152f936cfba5517ba7305629052a
stress_missing,E005,gates_full,0.3,0.3,92,50,16,0.32,0.28,0.04,0.5434782608695652,0.43478260869565216,0.4076086956521739,0.75,42.65217391304348,48.0,empirical group EESR,enabled,20260929,20eced06353f152f936cfba5517ba7305629052a
stress_missing,E006,full_protocol,none,,95,0,0,0.0,0.0,0.0,0.0,0.0,0.0,0.0,72.0,72.0,empirical group EESR,disabled,20260929,20eced06353f152f936cfba5517ba7305629052a
stress_missing,E006,fixed_time,12.0,,95,95,36,0.37894736842105264,0.042105263157894736,0.3368421052631579,1.0,0.0,0.8333333333333329,0.8333333333333329,12.0,12.0,empirical group EESR,disabled,20260929,20eced06353f152f936cfba5517ba7305629052a
stress_missing,E006,fixed_time,24.0,,95,95,23,0.24210526315789474,0.031578947368421054,0.21052631578947367,1.0,0.0,0.6666666666666665,0.6666666666666665,24.0,24.0,empirical group EESR,disabled,20260929,20eced06353f152f936cfba5517ba7305629052a
stress_missing,E006,fixed_time,36.0,,95,95,24,0.25263157894736843,0.09473684210526316,0.15789473684210525,1.0,0.0,0.5,0.5,36.0,36.0,empirical group EESR,disabled,20260929,20eced06353f152f936cfba5517ba7305629052a
stress_missing,E006,fixed_time,48.0,,95,95,25,0.2631578947368421,0.031578947368421054,0.23157894736842105,1.0,0.0,0.33333333333333326,0.33333333333333326,48.0,48.0,empirical group EESR,disabled,20260929,20eced06353f152f936cfba5517ba7305629052a
stress_missing,E006,fixed_time,60.0,,95,95,15,0.15789473684210525,0.05263157894736842,0.10526315789473684,1.0,0.0,0.16666666666666663,0.16666666666666663,60.0,60.0,empirical group EESR,disabled,20260929,20eced06353f152f936cfba5517ba7305629052a
stress_missing,E006,naive_confidence,0.5,,95,95,36,0.37894736842105264,0.042105263157894736,0.3368421052631579,1.0,0.0,0.8333333333333329,0.8333333333333329,12.0,12.0,empirical group EESR,disabled,20260929,20eced06353f152f936cfba5517ba7305629052a
stress_missing,E006,naive_confidence,0.6,,95,95,27,0.28421052631578947,0.021052631578947368,0.2631578947368421,1.0,0.0,0.7754385964912279,0.7754385964912279,16.16842105263158,12.0,empirical group EESR,disabled,20260929,20eced06353f152f936cfba5517ba7305629052a
stress_missing,E006,naive_confidence,0.7,,95,94,25,0.26595744680851063,0.02127659574468085,0.24468085106382978,0.9894736842105263,0.0,0.6912280701754386,0.6985815602836879,22.231578947368423,12.0,empirical group EESR,disabled,20260929,20eced06353f152f936cfba5517ba7305629052a
stress_missing,E006,naive_confidence,0.8,,95,87,19,0.21839080459770116,0.022988505747126436,0.19540229885057472,0.9157894736842105,0.0,0.543859649122807,0.5938697318007664,32.8421052631579,24.0,empirical group EESR,disabled,20260929,20eced06353f152f936cfba5517ba7305629052a
stress_missing,E006,naive_confidence,0.9,,95,73,8,0.1095890410958904,0.0273972602739726,0.0821917808219178,0.7684210526315789,0.0,0.3105263157894736,0.40410958904109584,49.642105263157895,48.0,empirical group EESR,disabled,20260929,20eced06353f152f936cfba5517ba7305629052a
stress_missing,E006,naive_confidence,0.95,,95,46,4,0.08695652173913043,0.021739130434782608,0.06521739130434782,0.4842105263157895,0.0,0.15438596491228068,0.3188405797101449,60.88421052631579,72.0,empirical group EESR,disabled,20260929,20eced06353f152f936cfba5517ba7305629052a
stress_missing,E006,naive_confidence,0.975,,95,29,1,0.034482758620689655,0.034482758620689655,0.0,0.30526315789473685,0.0,0.08245614035087719,0.27011494252873564,66.06315789473685,72.0,empirical group EESR,disabled,20260929,20eced06353f152f936cfba5517ba7305629052a
stress_missing,E006,naive_confidence,0.99,,95,16,1,0.0625,0.0625,0.0,0.16842105263157894,0.0,0.04385964912280701,0.26041666666666663,68.84210526315789,72.0,empirical group EESR,disabled,20260929,20eced06353f152f936cfba5517ba7305629052a
stress_missing,E006,calibrated_non_group,0.02,0.02,95,0,0,0.0,0.0,0.0,0.0,0.0,0.0,0.0,72.0,72.0,empirical group EESR,disabled,20260929,20eced06353f152f936cfba5517ba7305629052a
stress_missing,E006,cbes_style,0.02,0.02,95,0,0,0.0,0.0,0.0,0.0,0.0,0.0,0.0,72.0,72.0,empirical group EESR,disabled,20260929,20eced06353f152f936cfba5517ba7305629052a
stress_missing,E006,gates_without_ood,0.02,0.02,95,0,0,0.0,0.0,0.0,0.0,0.0,0.0,0.0,72.0,72.0,empirical group EESR,disabled,20260929,20eced06353f152f936cfba5517ba7305629052a
stress_missing,E006,gates_full,0.02,0.02,95,0,0,0.0,0.0,0.0,0.0,0.0,0.0,0.0,72.0,72.0,empirical group EESR,enabled,20260929,20eced06353f152f936cfba5517ba7305629052a
stress_missing,E006,calibrated_non_group,0.05,0.05,95,10,2,0.2,0.0,0.2,0.10526315789473684,0.0,0.07017543859649124,0.6666666666666667,66.94736842105263,72.0,empirical group EESR,disabled,20260929,20eced06353f152f936cfba5517ba7305629052a
stress_missing,E006,cbes_style,0.05,0.05,95,0,0,0.0,0.0,0.0,0.0,0.0,0.0,0.0,72.0,72.0,empirical group EESR,disabled,20260929,20eced06353f152f936cfba5517ba7305629052a
stress_missing,E006,gates_without_ood,0.05,0.05,95,0,0,0.0,0.0,0.0,0.0,0.0,0.0,0.0,72.0,72.0,empirical group EESR,disabled,20260929,20eced06353f152f936cfba5517ba7305629052a
stress_missing,E006,gates_full,0.05,0.05,95,0,0,0.0,0.0,0.0,0.0,0.0,0.0,0.0,72.0,72.0,empirical group EESR,enabled,20260929,20eced06353f152f936cfba5517ba7305629052a
stress_missing,E006,calibrated_non_group,0.1,0.1,95,67,12,0.1791044776119403,0.029850746268656716,0.14925373134328357,0.7052631578947368,0.0,0.3701754385964914,0.5248756218905474,45.34736842105263,60.0,empirical group EESR,disabled,20260929,20eced06353f152f936cfba5517ba7305629052a
stress_missing,E006,cbes_style,0.1,0.1,95,0,0,0.0,0.0,0.0,0.0,0.0,0.0,0.0,72.0,72.0,empirical group EESR,disabled,20260929,20eced06353f152f936cfba5517ba7305629052a
stress_missing,E006,gates_without_ood,0.1,0.1,95,0,0,0.0,0.0,0.0,0.0,0.0,0.0,0.0,72.0,72.0,empirical group EESR,disabled,20260929,20eced06353f152f936cfba5517ba7305629052a
stress_missing,E006,gates_full,0.1,0.1,95,0,0,0.0,0.0,0.0,0.0,0.0,0.0,0.0,72.0,72.0,empirical group EESR,enabled,20260929,20eced06353f152f936cfba5517ba7305629052a
stress_missing,E006,calibrated_non_group,0.15,0.15,95,70,14,0.2,0.014285714285714285,0.18571428571428572,0.7368421052631579,0.0,0.468421052631579,0.6357142857142859,38.27368421052632,48.0,empirical group EESR,disabled,20260929,20eced06353f152f936cfba5517ba7305629052a
stress_missing,E006,cbes_style,0.15,0.15,95,0,0,0.0,0.0,0.0,0.0,0.0,0.0,0.0,72.0,72.0,empirical group EESR,disabled,20260929,20eced06353f152f936cfba5517ba7305629052a
stress_missing,E006,gates_without_ood,0.15,0.15,95,51,12,0.23529411764705882,0.0196078431372549,0.21568627450980393,0.5368421052631579,0.0,0.3631578947368422,0.6764705882352943,45.85263157894737,60.0,empirical group EESR,disabled,20260929,20eced06353f152f936cfba5517ba7305629052a
stress_missing,E006,gates_full,0.15,0.15,95,41,8,0.1951219512195122,0.0,0.1951219512195122,0.43157894736842106,0.10526315789473684,0.275438596491228,0.6382113821138211,52.16842105263158,72.0,empirical group EESR,enabled,20260929,20eced06353f152f936cfba5517ba7305629052a
stress_missing,E006,calibrated_non_group,0.2,0.2,95,83,21,0.25301204819277107,0.024096385542168676,0.2289156626506024,0.8736842105263158,0.0,0.568421052631579,0.6506024096385543,31.073684210526316,12.0,empirical group EESR,disabled,20260929,20eced06353f152f936cfba5517ba7305629052a
stress_missing,E006,cbes_style,0.2,0.2,95,0,0,0.0,0.0,0.0,0.0,0.0,0.0,0.0,72.0,72.0,empirical group EESR,disabled,20260929,20eced06353f152f936cfba5517ba7305629052a
stress_missing,E006,gates_without_ood,0.2,0.2,95,60,15,0.25,0.016666666666666666,0.23333333333333334,0.631578947368421,0.0,0.4491228070175439,0.7111111111111111,39.66315789473684,12.0,empirical group EESR,disabled,20260929,20eced06353f152f936cfba5517ba7305629052a
stress_missing,E006,gates_full,0.2,0.2,95,48,11,0.22916666666666666,0.0,0.22916666666666666,0.5052631578947369,0.12631578947368421,0.3438596491228071,0.6805555555555557,47.242105263157896,60.0,empirical group EESR,enabled,20260929,20eced06353f152f936cfba5517ba7305629052a
stress_missing,E006,calibrated_non_group,0.3,0.3,95,93,25,0.26881720430107525,0.021505376344086023,0.24731182795698925,0.9789473684210527,0.0,0.6456140350877194,0.6594982078853047,25.51578947368421,12.0,empirical group EESR,disabled,20260929,20eced06353f152f936cfba5517ba7305629052a
stress_missing,E006,cbes_style,0.3,0.3,95,70,26,0.37142857142857144,0.014285714285714285,0.35714285714285715,0.7368421052631579,0.0,0.6140350877192984,0.8333333333333335,27.789473684210527,12.0,empirical group EESR,disabled,20260929,20eced06353f152f936cfba5517ba7305629052a
stress_missing,E006,gates_without_ood,0.3,0.3,95,91,28,0.3076923076923077,0.02197802197802198,0.2857142857142857,0.9578947368421052,0.0,0.7385964912280699,0.7710622710622711,18.821052631578947,12.0,empirical group EESR,disabled,20260929,20eced06353f152f936cfba5517ba7305629052a
stress_missing,E006,gates_full,0.3,0.3,95,75,23,0.30666666666666664,0.013333333333333334,0.29333333333333333,0.7894736842105263,0.16842105263157894,0.5982456140350877,0.7577777777777778,28.926315789473684,12.0,empirical group EESR,enabled,20260929,20eced06353f152f936cfba5517ba7305629052a
stress_missing,E007,full_protocol,none,,93,0,0,0.0,0.0,0.0,0.0,0.0,0.0,0.0,72.0,72.0,empirical group EESR,disabled,20260929,20eced06353f152f936cfba5517ba7305629052a
stress_missing,E007,fixed_time,12.0,,93,93,34,0.3655913978494624,0.24731182795698925,0.11827956989247312,1.0,0.0,0.833333333333333,0.833333333333333,12.0,12.0,empirical group EESR,disabled,20260929,20eced06353f152f936cfba5517ba7305629052a
stress_missing,E007,fixed_time,24.0,,93,93,34,0.3655913978494624,0.15053763440860216,0.21505376344086022,1.0,0.0,0.6666666666666666,0.6666666666666666,24.0,24.0,empirical group EESR,disabled,20260929,20eced06353f152f936cfba5517ba7305629052a
stress_missing,E007,fixed_time,36.0,,93,93,52,0.5591397849462365,0.21505376344086022,0.34408602150537637,1.0,0.0,0.5,0.5,36.0,36.0,empirical group EESR,disabled,20260929,20eced06353f152f936cfba5517ba7305629052a
stress_missing,E007,fixed_time,48.0,,93,93,45,0.4838709677419355,0.0967741935483871,0.3870967741935484,1.0,0.0,0.3333333333333333,0.3333333333333333,48.0,48.0,empirical group EESR,disabled,20260929,20eced06353f152f936cfba5517ba7305629052a
stress_missing,E007,fixed_time,60.0,,93,93,46,0.4946236559139785,0.12903225806451613,0.3655913978494624,1.0,0.0,0.16666666666666666,0.16666666666666666,60.0,60.0,empirical group EESR,disabled,20260929,20eced06353f152f936cfba5517ba7305629052a
stress_missing,E007,naive_confidence,0.5,,93,93,34,0.3655913978494624,0.24731182795698925,0.11827956989247312,1.0,0.0,0.833333333333333,0.833333333333333,12.0,12.0,empirical group EESR,disabled,20260929,20eced06353f152f936cfba5517ba7305629052a
stress_missing,E007,naive_confidence,0.6,,93,92,32,0.34782608695652173,0.1956521739130435,0.15217391304347827,0.989247311827957,0.0,0.7670250896057346,0.7753623188405795,16.774193548387096,12.0,empirical group EESR,disabled,20260929,20eced06353f152f936cfba5517ba7305629052a
stress_missing,E007,naive_confidence,0.7,,93,89,30,0.33707865168539325,0.14606741573033707,0.19101123595505617,0.956989247311828,0.0,0.6720430107526882,0.7022471910112359,23.612903225806452,12.0,empirical group EESR,disabled,20260929,20eced06353f152f936cfba5517ba7305629052a
stress_missing,E007,naive_confidence,0.8,,93,73,25,0.3424657534246575,0.1095890410958904,0.2328767123287671,0.7849462365591398,0.0,0.47311827956989255,0.6027397260273972,37.935483870967744,36.0,empirical group EESR,disabled,20260929,20eced06353f152f936cfba5517ba7305629052a
stress_missing,E007,naive_confidence,0.9,,93,40,14,0.35,0.05,0.3,0.43010752688172044,0.0,0.21505376344086022,0.5,56.516129032258064,72.0,empirical group EESR,disabled,20260929,20eced06353f152f936cfba5517ba7305629052a
stress_missing,E007,naive_confidence,0.95,,93,17,5,0.29411764705882354,0.058823529411764705,0.23529411764705882,0.1827956989247312,0.0,0.07706093189964157,0.4215686274509804,66.45161290322581,72.0,empirical group EESR,disabled,20260929,20eced06353f152f936cfba5517ba7305629052a
stress_missing,E007,naive_confidence,0.975,,93,11,2,0.18181818181818182,0.0,0.18181818181818182,0.11827956989247312,0.0,0.04121863799283154,0.3484848484848485,69.03225806451613,72.0,empirical group EESR,disabled,20260929,20eced06353f152f936cfba5517ba7305629052a
stress_missing,E007,naive_confidence,0.99,,93,4,1,0.25,0.0,0.25,0.043010752688172046,0.0,0.008960573476702509,0.20833333333333331,71.35483870967742,72.0,empirical group EESR,disabled,20260929,20eced06353f152f936cfba5517ba7305629052a
stress_missing,E007,calibrated_non_group,0.02,0.02,93,72,28,0.3888888888888889,0.09722222222222222,0.2916666666666667,0.7741935483870968,0.0,0.3817204301075267,0.4930555555555556,44.516129032258064,48.0,empirical group EESR,disabled,20260929,20eced06353f152f936cfba5517ba7305629052a
stress_missing,E007,cbes_style,0.02,0.02,93,0,0,0.0,0.0,0.0,0.0,0.0,0.0,0.0,72.0,72.0,empirical group EESR,disabled,20260929,20eced06353f152f936cfba5517ba7305629052a
stress_missing,E007,gates_without_ood,0.02,0.02,93,36,8,0.2222222222222222,0.16666666666666666,0.05555555555555555,0.3870967741935484,0.0,0.24731182795698928,0.638888888888889,54.193548387096776,72.0,empirical group EESR,disabled,20260929,20eced06353f152f936cfba5517ba7305629052a
stress_missing,E007,gates_full,0.02,0.02,93,26,4,0.15384615384615385,0.15384615384615385,0.0,0.27956989247311825,0.10752688172043011,0.18637992831541217,0.6666666666666667,58.58064516129032,72.0,empirical group EESR,enabled,20260929,20eced06353f152f936cfba5517ba7305629052a
stress_missing,E007,calibrated_non_group,0.05,0.05,93,80,31,0.3875,0.1125,0.275,0.8602150537634409,0.0,0.4551971326164873,0.5291666666666666,39.225806451612904,36.0,empirical group EESR,disabled,20260929,20eced06353f152f936cfba5517ba7305629052a
stress_missing,E007,cbes_style,0.05,0.05,93,0,0,0.0,0.0,0.0,0.0,0.0,0.0,0.0,72.0,72.0,empirical group EESR,disabled,20260929,20eced06353f152f936cfba5517ba7305629052a
stress_missing,E007,gates_without_ood,0.05,0.05,93,81,34,0.41975308641975306,0.09876543209876543,0.32098765432098764,0.8709677419354839,0.0,0.4086021505376343,0.4691358024691357,42.58064516129032,48.0,empirical group EESR,disabled,20260929,20eced06353f152f936cfba5517ba7305629052a
stress_missing,E007,gates_full,0.05,0.05,93,44,12,0.2727272727272727,0.09090909090909091,0.18181818181818182,0.4731182795698925,0.3978494623655914,0.25627240143369173,0.5416666666666669,53.54838709677419,72.0,empirical group EESR,enabled,20260929,20eced06353f152f936cfba5517ba7305629052a
stress_missing,E007,calibrated_non_group,0.1,0.1,93,93,43,0.46236559139784944,0.16129032258064516,0.3010752688172043,1.0,0.0,0.5681003584229389,0.5681003584229389,31.096774193548388,24.0,empirical group EESR,disabled,20260929,20eced06353f152f936cfba5517ba7305629052a
stress_missing,E007,cbes_style,0.1,0.1,93,85,27,0.3176470588235294,0.17647058823529413,0.1411764705882353,0.9139784946236559,0.0,0.6200716845878137,0.6784313725490196,27.35483870967742,12.0,empirical group EESR,disabled,20260929,20eced06353f152f936cfba5517ba7305629052a
stress_missing,E007,gates_without_ood,0.1,0.1,93,93,39,0.41935483870967744,0.11827956989247312,0.3010752688172043,1.0,0.0,0.553763440860215,0.553763440860215,32.12903225806452,24.0,empirical group EESR,disabled,20260929,20eced06353f152f936cfba5517ba7305629052a
stress_missing,E007,gates_full,0.1,0.1,93,61,22,0.36065573770491804,0.09836065573770492,0.26229508196721313,0.6559139784946236,0.34408602150537637,0.39068100358422936,0.5956284153005462,43.87096774193548,24.0,empirical group EESR,enabled,20260929,20eced06353f152f936cfba5517ba7305629052a
stress_missing,E007,calibrated_non_group,0.15,0.15,93,93,44,0.4731182795698925,0.1827956989247312,0.2903225806451613,1.0,0.0,0.60752688172043,0.60752688172043,28.258064516129032,24.0,empirical group EESR,disabled,20260929,20eced06353f152f936cfba5517ba7305629052a
stress_missing,E007,cbes_style,0.15,0.15,93,87,32,0.367816091954023,0.21839080459770116,0.14942528735632185,0.9354838709677419,0.0,0.6541218637992832,0.699233716475096,24.903225806451612,12.0,empirical group EESR,disabled,20260929,20eced06353f152f936cfba5517ba7305629052a
stress_missing,E007,gates_without_ood,0.15,0.15,93,93,44,0.4731182795698925,0.1827956989247312,0.2903225806451613,1.0,0.0,0.5878136200716845,0.5878136200716845,29.677419354838708,24.0,empirical group EESR,disabled,20260929,20eced06353f152f936cfba5517ba7305629052a
stress_missing,E007,gates_full,0.15,0.15,93,65,27,0.4153846153846154,0.18461538461538463,0.23076923076923078,0.6989247311827957,0.3010752688172043,0.43189964157706084,0.6179487179487179,40.903225806451616,24.0,empirical group EESR,enabled,20260929,20eced06353f152f936cfba5517ba7305629052a
stress_missing,E007,calibrated_non_group,0.2,0.2,93,93,36,0.3870967741935484,0.15053763440860216,0.23655913978494625,1.0,0.0,0.6935483870967742,0.6935483870967742,22.06451612903226,24.0,empirical group EESR,disabled,20260929,20eced06353f152f936cfba5517ba7305629052a
stress_missing,E007,cbes_style,0.2,0.2,93,87,32,0.367816091954023,0.21839080459770116,0.14942528735632185,0.9354838709677419,0.0,0.6541218637992832,0.699233716475096,24.903225806451612,12.0,empirical group EESR,disabled,20260929,20eced06353f152f936cfba5517ba7305629052a
stress_missing,E007,gates_without_ood,0.2,0.2,93,93,43,0.46236559139784944,0.17204301075268819,0.2903225806451613,1.0,0.0,0.6236559139784945,0.6236559139784945,27.096774193548388,24.0,empirical group EESR,disabled,20260929,20eced06353f152f936cfba5517ba7305629052a
stress_missing,E007,gates_full,0.2,0.2,93,69,29,0.42028985507246375,0.18840579710144928,0.2318840579710145,0.7419354838709677,0.25806451612903225,0.4784946236559139,0.6449275362318838,37.54838709677419,24.0,empirical group EESR,enabled,20260929,20eced06353f152f936cfba5517ba7305629052a
stress_missing,E007,calibrated_non_group,0.3,0.3,93,93,32,0.34408602150537637,0.1827956989247312,0.16129032258064516,1.0,0.0,0.7580645161290319,0.7580645161290319,17.419354838709676,12.0,empirical group EESR,disabled,20260929,20eced06353f152f936cfba5517ba7305629052a
stress_missing,E007,cbes_style,0.3,0.3,93,92,30,0.32608695652173914,0.18478260869565216,0.14130434782608695,0.989247311827957,0.0,0.7473118279569889,0.7554347826086953,18.193548387096776,12.0,empirical group EESR,disabled,20260929,20eced06353f152f936cfba5517ba7305629052a
stress_missing,E007,gates_without_ood,0.3,0.3,93,93,36,0.3870967741935484,0.15053763440860216,0.23655913978494625,1.0,0.0,0.6612903225806451,0.6612903225806451,24.387096774193548,24.0,empirical group EESR,disabled,20260929,20eced06353f152f936cfba5517ba7305629052a
stress_missing,E007,gates_full,0.3,0.3,93,82,31,0.3780487804878049,0.14634146341463414,0.23170731707317074,0.8817204301075269,0.11827956989247312,0.5842293906810035,0.6626016260162602,29.93548387096774,24.0,empirical group EESR,enabled,20260929,20eced06353f152f936cfba5517ba7305629052a
stress_missing,E008,full_protocol,none,,91,0,0,0.0,0.0,0.0,0.0,0.0,0.0,0.0,72.0,72.0,empirical group EESR,disabled,20260929,20eced06353f152f936cfba5517ba7305629052a
stress_missing,E008,fixed_time,12.0,,91,91,23,0.25274725274725274,0.07692307692307693,0.17582417582417584,1.0,0.0,0.8333333333333331,0.8333333333333331,12.0,12.0,empirical group EESR,disabled,20260929,20eced06353f152f936cfba5517ba7305629052a
stress_missing,E008,fixed_time,24.0,,91,91,20,0.21978021978021978,0.04395604395604396,0.17582417582417584,1.0,0.0,0.6666666666666666,0.6666666666666666,24.0,24.0,empirical group EESR,disabled,20260929,20eced06353f152f936cfba5517ba7305629052a
stress_missing,E008,fixed_time,36.0,,91,91,14,0.15384615384615385,0.06593406593406594,0.08791208791208792,1.0,0.0,0.5,0.5,36.0,36.0,empirical group EESR,disabled,20260929,20eced06353f152f936cfba5517ba7305629052a
stress_missing,E008,fixed_time,48.0,,91,91,7,0.07692307692307693,0.06593406593406594,0.01098901098901099,1.0,0.0,0.3333333333333333,0.3333333333333333,48.0,48.0,empirical group EESR,disabled,20260929,20eced06353f152f936cfba5517ba7305629052a
stress_missing,E008,fixed_time,60.0,,91,91,9,0.0989010989010989,0.04395604395604396,0.054945054945054944,1.0,0.0,0.16666666666666666,0.16666666666666666,60.0,60.0,empirical group EESR,disabled,20260929,20eced06353f152f936cfba5517ba7305629052a
stress_missing,E008,naive_confidence,0.5,,91,91,23,0.25274725274725274,0.07692307692307693,0.17582417582417584,1.0,0.0,0.8333333333333331,0.8333333333333331,12.0,12.0,empirical group EESR,disabled,20260929,20eced06353f152f936cfba5517ba7305629052a
stress_missing,E008,naive_confidence,0.6,,91,91,19,0.2087912087912088,0.06593406593406594,0.14285714285714285,1.0,0.0,0.7527472527472527,0.7527472527472527,17.802197802197803,12.0,empirical group EESR,disabled,20260929,20eced06353f152f936cfba5517ba7305629052a
stress_missing,E008,naive_confidence,0.7,,91,90,11,0.12222222222222222,0.044444444444444446,0.07777777777777778,0.989010989010989,0.0,0.6391941391941391,0.6462962962962963,25.978021978021978,24.0,empirical group EESR,disabled,20260929,20eced06353f152f936cfba5517ba7305629052a
stress_missing,E008,naive_confidence,0.8,,91,85,6,0.07058823529411765,0.047058823529411764,0.023529411764705882,0.9340659340659341,0.0,0.5036630036630036,0.5392156862745099,35.73626373626374,36.0,empirical group EESR,disabled,20260929,20eced06353f152f936cfba5517ba7305629052a
stress_missing,E008,naive_confidence,0.9,,91,72,3,0.041666666666666664,0.041666666666666664,0.0,0.7912087912087912,0.0,0.315018315018315,0.39814814814814814,49.31868131868132,48.0,empirical group EESR,disabled,20260929,20eced06353f152f936cfba5517ba7305629052a
stress_missing,E008,naive_confidence,0.95,,91,53,2,0.03773584905660377,0.03773584905660377,0.0,0.5824175824175825,0.0,0.1813186813186813,0.3113207547169811,58.94505494505494,60.0,empirical group EESR,disabled,20260929,20eced06353f152f936cfba5517ba7305629052a
stress_missing,E008,naive_confidence,0.975,,91,30,2,0.06666666666666667,0.06666666666666667,0.0,0.32967032967032966,0.0,0.09157509157509157,0.27777777777777773,65.4065934065934,72.0,empirical group EESR,disabled,20260929,20eced06353f152f936cfba5517ba7305629052a
stress_missing,E008,naive_confidence,0.99,,91,7,1,0.14285714285714285,0.14285714285714285,0.0,0.07692307692307693,0.0,0.023809523809523808,0.3095238095238095,70.28571428571429,72.0,empirical group EESR,disabled,20260929,20eced06353f152f936cfba5517ba7305629052a
stress_missing,E008,calibrated_non_group,0.02,0.02,91,77,2,0.025974025974025976,0.025974025974025976,0.0,0.8461538461538461,0.0,0.19230769230769235,0.22727272727272732,58.15384615384615,60.0,empirical group EESR,disabled,20260929,20eced06353f152f936cfba5517ba7305629052a
stress_missing,E008,cbes_style,0.02,0.02,91,91,11,0.12087912087912088,0.06593406593406594,0.054945054945054944,1.0,0.0,0.4578754578754579,0.4578754578754579,39.032967032967036,36.0,empirical group EESR,disabled,20260929,20eced06353f152f936cfba5517ba7305629052a
stress_missing,E008,gates_without_ood,0.02,0.02,91,70,2,0.02857142857142857,0.02857142857142857,0.0,0.7692307692307693,0.0,0.152014652014652,0.19761904761904756,61.05494505494506,60.0,empirical group EESR,disabled,20260929,20eced06353f152f936cfba5517ba7305629052a
stress_missing,E008,gates_full,0.02,0.02,91,69,2,0.028985507246376812,0.028985507246376812,0.0,0.7582417582417582,0.01098901098901099,0.15018315018315018,0.19806763285024148,61.18681318681319,60.0,empirical group EESR,enabled,20260929,20eced06353f152f936cfba5517ba7305629052a
stress_missing,E008,calibrated_non_group,0.05,0.05,91,77,2,0.025974025974025976,0.025974025974025976,0.0,0.8461538461538461,0.0,0.22710622710622713,0.2683982683982684,55.64835164835165,60.0,empirical group EESR,disabled,20260929,20eced06353f152f936cfba5517ba7305629052a
stress_missing,E008,cbes_style,0.05,0.05,91,91,11,0.12087912087912088,0.06593406593406594,0.054945054945054944,1.0,0.0,0.4578754578754579,0.4578754578754579,39.032967032967036,36.0,empirical group EESR,disabled,20260929,20eced06353f152f936cfba5517ba7305629052a
stress_missing,E008,gates_without_ood,0.05,0.05,91,77,2,0.025974025974025976,0.025974025974025976,0.0,0.8461538461538461,0.0,0.17216117216117216,0.20346320346320346,59.604395604395606,60.0,empirical group EESR,disabled,20260929,20eced06353f152f936cfba5517ba7305629052a
stress_missing,E008,gates_full,0.05,0.05,91,76,2,0.02631578947368421,0.02631578947368421,0.0,0.8351648351648352,0.01098901098901099,0.17032967032967034,0.20394736842105263,59.73626373626374,60.0,empirical group EESR,enabled,20260929,20eced06353f152f936cfba5517ba7305629052a
stress_missing,E008,calibrated_non_group,0.1,0.1,91,88,13,0.14772727272727273,0.056818181818181816,0.09090909090909091,0.967032967032967,0.0,0.510989010989011,0.5284090909090909,35.20879120879121,24.0,empirical group EESR,disabled,20260929,20eced06353f152f936cfba5517ba7305629052a
stress_missing,E008,cbes_style,0.1,0.1,91,91,17,0.18681318681318682,0.054945054945054944,0.13186813186813187,1.0,0.0,0.5787545787545787,0.5787545787545787,30.32967032967033,24.0,empirical group EESR,disabled,20260929,20eced06353f152f936cfba5517ba7305629052a
stress_missing,E008,gates_without_ood,0.1,0.1,91,82,4,0.04878048780487805,0.024390243902439025,0.024390243902439025,0.9010989010989011,0.0,0.2912087912087912,0.3231707317073171,51.032967032967036,60.0,empirical group EESR,disabled,20260929,20eced06353f152f936cfba5517ba7305629052a
stress_missing,E008,gates_full,0.1,0.1,91,80,3,0.0375,0.025,0.0125,0.8791208791208791,0.02197802197802198,0.2857142857142857,0.325,51.42857142857143,60.0,empirical group EESR,enabled,20260929,20eced06353f152f936cfba5517ba7305629052a
stress_missing,E008,calibrated_non_group,0.15,0.15,91,91,15,0.16483516483516483,0.054945054945054944,0.10989010989010989,1.0,0.0,0.5439560439560439,0.5439560439560439,32.83516483516483,24.0,empirical group EESR,disabled,20260929,20eced06353f152f936cfba5517ba7305629052a
stress_missing,E008,cbes_style,0.15,0.15,91,91,17,0.18681318681318682,0.054945054945054944,0.13186813186813187,1.0,0.0,0.5787545787545787,0.5787545787545787,30.32967032967033,24.0,empirical group EESR,disabled,20260929,20eced06353f152f936cfba5517ba7305629052a
stress_missing,E008,gates_without_ood,0.15,0.15,91,90,14,0.15555555555555556,0.044444444444444446,0.1111111111111111,0.989010989010989,0.0,0.48534798534798534,0.4907407407407408,37.05494505494506,24.0,empirical group EESR,disabled,20260929,20eced06353f152f936cfba5517ba7305629052a
stress_missing,E008,gates_full,0.15,0.15,91,86,13,0.1511627906976744,0.046511627906976744,0.10465116279069768,0.945054945054945,0.04395604395604396,0.46886446886446886,0.49612403100775193,38.24175824175824,24.0,empirical group EESR,enabled,20260929,20eced06353f152f936cfba5517ba7305629052a
stress_missing,E008,calibrated_non_group,0.2,0.2,91,91,17,0.18681318681318682,0.06593406593406594,0.12087912087912088,1.0,0.0,0.6336996336996336,0.6336996336996336,26.373626373626372,24.0,empirical group EESR,disabled,20260929,20eced06353f152f936cfba5517ba7305629052a
stress_missing,E008,cbes_style,0.2,0.2,91,91,17,0.18681318681318682,0.054945054945054944,0.13186813186813187,1.0,0.0,0.5787545787545787,0.5787545787545787,30.32967032967033,24.0,empirical group EESR,disabled,20260929,20eced06353f152f936cfba5517ba7305629052a
stress_missing,E008,gates_without_ood,0.2,0.2,91,90,16,0.17777777777777778,0.044444444444444446,0.13333333333333333,0.989010989010989,0.0,0.5402930402930403,0.5462962962962963,33.0989010989011,24.0,empirical group EESR,disabled,20260929,20eced06353f152f936cfba5517ba7305629052a
stress_missing,E008,gates_full,0.2,0.2,91,87,15,0.1724137931034483,0.04597701149425287,0.12643678160919541,0.9560439560439561,0.03296703296703297,0.5238095238095238,0.5478927203065133,34.285714285714285,24.0,empirical group EESR,enabled,20260929,20eced06353f152f936cfba5517ba7305629052a
stress_missing,E008,calibrated_non_group,0.3,0.3,91,91,19,0.2087912087912088,0.04395604395604396,0.16483516483516483,1.0,0.0,0.7344322344322345,0.7344322344322345,19.12087912087912,24.0,empirical group EESR,disabled,20260929,20eced06353f152f936cfba5517ba7305629052a
stress_missing,E008,cbes_style,0.3,0.3,91,91,17,0.18681318681318682,0.054945054945054944,0.13186813186813187,1.0,0.0,0.5787545787545787,0.5787545787545787,30.32967032967033,24.0,empirical group EESR,disabled,20260929,20eced06353f152f936cfba5517ba7305629052a
stress_missing,E008,gates_without_ood,0.3,0.3,91,91,19,0.2087912087912088,0.04395604395604396,0.16483516483516483,1.0,0.0,0.6556776556776557,0.6556776556776557,24.791208791208792,24.0,empirical group EESR,disabled,20260929,20eced06353f152f936cfba5517ba7305629052a
stress_missing,E008,gates_full,0.3,0.3,91,88,18,0.20454545454545456,0.045454545454545456,0.1590909090909091,0.967032967032967,0.03296703296703297,0.6336996336996337,0.6553030303030304,26.373626373626372,24.0,empirical group EESR,enabled,20260929,20eced06353f152f936cfba5517ba7305629052a
stress_missing,E009,full_protocol,none,,90,0,0,0.0,0.0,0.0,0.0,0.0,0.0,0.0,72.0,72.0,empirical group EESR,disabled,20260929,20eced06353f152f936cfba5517ba7305629052a
stress_missing,E009,fixed_time,12.0,,90,90,45,0.5,0.5,0.0,1.0,0.0,0.8333333333333331,0.8333333333333331,12.0,12.0,empirical group EESR,disabled,20260929,20eced06353f152f936cfba5517ba7305629052a
stress_missing,E009,fixed_time,24.0,,90,90,11,0.12222222222222222,0.12222222222222222,0.0,1.0,0.0,0.6666666666666666,0.6666666666666666,24.0,24.0,empirical group EESR,disabled,20260929,20eced06353f152f936cfba5517ba7305629052a
stress_missing,E009,fixed_time,36.0,,90,90,2,0.022222222222222223,0.022222222222222223,0.0,1.0,0.0,0.5,0.5,36.0,36.0,empirical group EESR,disabled,20260929,20eced06353f152f936cfba5517ba7305629052a
stress_missing,E009,fixed_time,48.0,,90,90,1,0.011111111111111112,0.011111111111111112,0.0,1.0,0.0,0.3333333333333333,0.3333333333333333,48.0,48.0,empirical group EESR,disabled,20260929,20eced06353f152f936cfba5517ba7305629052a
stress_missing,E009,fixed_time,60.0,,90,90,1,0.011111111111111112,0.011111111111111112,0.0,1.0,0.0,0.16666666666666666,0.16666666666666666,60.0,60.0,empirical group EESR,disabled,20260929,20eced06353f152f936cfba5517ba7305629052a
stress_missing,E009,naive_confidence,0.5,,90,90,45,0.5,0.5,0.0,1.0,0.0,0.8333333333333331,0.8333333333333331,12.0,12.0,empirical group EESR,disabled,20260929,20eced06353f152f936cfba5517ba7305629052a
stress_missing,E009,naive_confidence,0.6,,90,90,29,0.32222222222222224,0.32222222222222224,0.0,1.0,0.0,0.7648148148148147,0.7648148148148147,16.933333333333334,12.0,empirical group EESR,disabled,20260929,20eced06353f152f936cfba5517ba7305629052a
stress_missing,E009,naive_confidence,0.7,,90,90,15,0.16666666666666666,0.16666666666666666,0.0,1.0,0.0,0.6648148148148149,0.6648148148148149,24.133333333333333,24.0,empirical group EESR,disabled,20260929,20eced06353f152f936cfba5517ba7305629052a
stress_missing,E009,naive_confidence,0.8,,90,89,5,0.056179775280898875,0.056179775280898875,0.0,0.9888888888888889,0.0,0.5333333333333333,0.5393258426966293,33.6,36.0,empirical group EESR,disabled,20260929,20eced06353f152f936cfba5517ba7305629052a
stress_missing,E009,naive_confidence,0.9,,90,86,2,0.023255813953488372,0.023255813953488372,0.0,0.9555555555555556,0.0,0.36296296296296304,0.37984496124031014,45.86666666666667,48.0,empirical group EESR,disabled,20260929,20eced06353f152f936cfba5517ba7305629052a
stress_missing,E009,naive_confidence,0.95,,90,75,1,0.013333333333333334,0.013333333333333334,0.0,0.8333333333333334,0.0,0.25925925925925924,0.3111111111111111,53.333333333333336,48.0,empirical group EESR,disabled,20260929,20eced06353f152f936cfba5517ba7305629052a
stress_missing,E009,naive_confidence,0.975,,90,42,0,0.0,0.0,0.0,0.4666666666666667,0.0,0.12777777777777777,0.27380952380952384,62.8,72.0,empirical group EESR,disabled,20260929,20eced06353f152f936cfba5517ba7305629052a
stress_missing,E009,naive_confidence,0.99,,90,9,0,0.0,0.0,0.0,0.1,0.0,0.024074074074074074,0.24074074074074073,70.26666666666667,72.0,empirical group EESR,disabled,20260929,20eced06353f152f936cfba5517ba7305629052a
stress_missing,E009,calibrated_non_group,0.02,0.02,90,86,1,0.011627906976744186,0.011627906976744186,0.0,0.9555555555555556,0.0,0.22777777777777777,0.23837209302325582,55.6,60.0,empirical group EESR,disabled,20260929,20eced06353f152f936cfba5517ba7305629052a
stress_missing,E009,cbes_style,0.02,0.02,90,0,0,0.0,0.0,0.0,0.0,0.0,0.0,0.0,72.0,72.0,empirical group EESR,disabled,20260929,20eced06353f152f936cfba5517ba7305629052a
stress_missing,E009,gates_without_ood,0.02,0.02,90,86,1,0.011627906976744186,0.011627906976744186,0.0,0.9555555555555556,0.0,0.19259259259259262,0.2015503875968993,58.13333333333333,60.0,empirical group EESR,disabled,20260929,20eced06353f152f936cfba5517ba7305629052a
stress_missing,E009,gates_full,0.02,0.02,90,86,1,0.011627906976744186,0.011627906976744186,0.0,0.9555555555555556,0.0,0.19259259259259262,0.2015503875968993,58.13333333333333,60.0,empirical group EESR,enabled,20260929,20eced06353f152f936cfba5517ba7305629052a
stress_missing,E009,calibrated_non_group,0.05,0.05,90,86,5,0.05813953488372093,0.05813953488372093,0.0,0.9555555555555556,0.0,0.3092592592592593,0.32364341085271314,49.733333333333334,48.0,empirical group EESR,disabled,20260929,20eced06353f152f936cfba5517ba7305629052a
stress_missing,E009,cbes_style,0.05,0.05,90,0,0,0.0,0.0,0.0,0.0,0.0,0.0,0.0,72.0,72.0,empirical group EESR,disabled,20260929,20eced06353f152f936cfba5517ba7305629052a
stress_missing,E009,gates_without_ood,0.05,0.05,90,89,1,0.011235955056179775,0.011235955056179775,0.0,0.9888888888888889,0.0,0.23333333333333334,0.23595505617977527,55.2,60.0,empirical group EESR,disabled,20260929,20eced06353f152f936cfba5517ba7305629052a
stress_missing,E009,gates_full,0.05,0.05,90,88,1,0.011363636363636364,0.011363636363636364,0.0,0.9777777777777777,0.011111111111111112,0.22962962962962966,0.23484848484848483,55.46666666666667,60.0,empirical group EESR,enabled,20260929,20eced06353f152f936cfba5517ba7305629052a
stress_missing,E009,calibrated_non_group,0.1,0.1,90,90,17,0.18888888888888888,0.18888888888888888,0.0,1.0,0.0,0.6111111111111112,0.6111111111111112,28.0,24.0,empirical group EESR,disabled,20260929,20eced06353f152f936cfba5517ba7305629052a
stress_missing,E009,cbes_style,0.1,0.1,90,89,22,0.24719101123595505,0.24719101123595505,0.0,0.9888888888888889,0.0,0.5351851851851852,0.5411985018726593,33.46666666666667,12.0,empirical group EESR,disabled,20260929,20eced06353f152f936cfba5517ba7305629052a
stress_missing,E009,gates_without_ood,0.1,0.1,90,89,10,0.11235955056179775,0.11235955056179775,0.0,0.9888888888888889,0.0,0.4592592592592592,0.46441947565543074,38.93333333333333,48.0,empirical group EESR,disabled,20260929,20eced06353f152f936cfba5517ba7305629052a
stress_missing,E009,gates_full,0.1,0.1,90,88,10,0.11363636363636363,0.11363636363636363,0.0,0.9777777777777777,0.011111111111111112,0.45,0.4602272727272727,39.6,48.0,empirical group EESR,enabled,20260929,20eced06353f152f936cfba5517ba7305629052a
stress_missing,E009,calibrated_non_group,0.15,0.15,90,90,17,0.18888888888888888,0.18888888888888888,0.0,1.0,0.0,0.5981481481481482,0.5981481481481482,28.933333333333334,24.0,empirical group EESR,disabled,20260929,20eced06353f152f936cfba5517ba7305629052a
stress_missing,E009,cbes_style,0.15,0.15,90,89,22,0.24719101123595505,0.24719101123595505,0.0,0.9888888888888889,0.0,0.5351851851851852,0.5411985018726593,33.46666666666667,12.0,empirical group EESR,disabled,20260929,20eced06353f152f936cfba5517ba7305629052a
stress_missing,E009,gates_without_ood,0.15,0.15,90,90,21,0.23333333333333334,0.23333333333333334,0.0,1.0,0.0,0.662962962962963,0.662962962962963,24.266666666666666,24.0,empirical group EESR,disabled,20260929,20eced06353f152f936cfba5517ba7305629052a
stress_missing,E009,gates_full,0.15,0.15,90,89,21,0.23595505617977527,0.23595505617977527,0.0,0.9888888888888889,0.011111111111111112,0.6537037037037037,0.6610486891385768,24.933333333333334,24.0,empirical group EESR,enabled,20260929,20eced06353f152f936cfba5517ba7305629052a
stress_missing,E009,calibrated_non_group,0.2,0.2,90,90,22,0.24444444444444444,0.24444444444444444,0.0,1.0,0.0,0.7166666666666667,0.7166666666666667,20.4,24.0,empirical group EESR,disabled,20260929,20eced06353f152f936cfba5517ba7305629052a
stress_missing,E009,cbes_style,0.2,0.2,90,89,22,0.24719101123595505,0.24719101123595505,0.0,0.9888888888888889,0.0,0.5351851851851852,0.5411985018726593,33.46666666666667,12.0,empirical group EESR,disabled,20260929,20eced06353f152f936cfba5517ba7305629052a
stress_missing,E009,gates_without_ood,0.2,0.2,90,90,22,0.24444444444444444,0.24444444444444444,0.0,1.0,0.0,0.7203703703703703,0.7203703703703703,20.133333333333333,24.0,empirical group EESR,disabled,20260929,20eced06353f152f936cfba5517ba7305629052a
stress_missing,E009,gates_full,0.2,0.2,90,89,22,0.24719101123595505,0.24719101123595505,0.0,0.9888888888888889,0.011111111111111112,0.7111111111111111,0.7191011235955056,20.8,24.0,empirical group EESR,enabled,20260929,20eced06353f152f936cfba5517ba7305629052a
stress_missing,E009,calibrated_non_group,0.3,0.3,90,90,45,0.5,0.5,0.0,1.0,0.0,0.8333333333333331,0.8333333333333331,12.0,12.0,empirical group EESR,disabled,20260929,20eced06353f152f936cfba5517ba7305629052a
stress_missing,E009,cbes_style,0.3,0.3,90,90,23,0.25555555555555554,0.25555555555555554,0.0,1.0,0.0,0.7333333333333333,0.7333333333333333,19.2,12.0,empirical group EESR,disabled,20260929,20eced06353f152f936cfba5517ba7305629052a
stress_missing,E009,gates_without_ood,0.3,0.3,90,90,45,0.5,0.5,0.0,1.0,0.0,0.8333333333333331,0.8333333333333331,12.0,12.0,empirical group EESR,disabled,20260929,20eced06353f152f936cfba5517ba7305629052a
stress_missing,E009,gates_full,0.3,0.3,90,89,45,0.5056179775280899,0.5056179775280899,0.0,0.9888888888888889,0.011111111111111112,0.824074074074074,0.8333333333333333,12.666666666666666,12.0,empirical group EESR,enabled,20260929,20eced06353f152f936cfba5517ba7305629052a
stress_missing,E010,full_protocol,none,,92,0,0,0.0,0.0,0.0,0.0,0.0,0.0,0.0,72.0,72.0,empirical group EESR,disabled,20260929,20eced06353f152f936cfba5517ba7305629052a
stress_missing,E010,fixed_time,12.0,,92,92,14,0.15217391304347827,0.10869565217391304,0.043478260869565216,1.0,0.0,0.833333333333333,0.833333333333333,12.0,12.0,empirical group EESR,disabled,20260929,20eced06353f152f936cfba5517ba7305629052a
stress_missing,E010,fixed_time,24.0,,92,92,21,0.22826086956521738,0.20652173913043478,0.021739130434782608,1.0,0.0,0.6666666666666666,0.6666666666666666,24.0,24.0,empirical group EESR,disabled,20260929,20eced06353f152f936cfba5517ba7305629052a
stress_missing,E010,fixed_time,36.0,,92,92,32,0.34782608695652173,0.15217391304347827,0.1956521739130435,1.0,0.0,0.5,0.5,36.0,36.0,empirical group EESR,disabled,20260929,20eced06353f152f936cfba5517ba7305629052a
stress_missing,E010,fixed_time,48.0,,92,92,23,0.25,0.2391304347826087,0.010869565217391304,1.0,0.0,0.3333333333333333,0.3333333333333333,48.0,48.0,empirical group EESR,disabled,20260929,20eced06353f152f936cfba5517ba7305629052a
stress_missing,E010,fixed_time,60.0,,92,92,16,0.17391304347826086,0.16304347826086957,0.010869565217391304,1.0,0.0,0.16666666666666666,0.16666666666666666,60.0,60.0,empirical group EESR,disabled,20260929,20eced06353f152f936cfba5517ba7305629052a
stress_missing,E010,naive_confidence,0.5,,92,92,14,0.15217391304347827,0.10869565217391304,0.043478260869565216,1.0,0.0,0.833333333333333,0.833333333333333,12.0,12.0,empirical group EESR,disabled,20260929,20eced06353f152f936cfba5517ba7305629052a
stress_missing,E010,naive_confidence,0.6,,92,92,15,0.16304347826086957,0.15217391304347827,0.010869565217391304,1.0,0.0,0.8025362318840578,0.8025362318840578,14.217391304347826,12.0,empirical group EESR,disabled,20260929,20eced06353f152f936cfba5517ba7305629052a
stress_missing,E010,naive_confidence,0.7,,92,92,14,0.15217391304347827,0.14130434782608695,0.010869565217391304,1.0,0.0,0.7409420289855073,0.7409420289855073,18.652173913043477,12.0,empirical group EESR,disabled,20260929,20eced06353f152f936cfba5517ba7305629052a
stress_missing,E010,naive_confidence,0.8,,92,92,15,0.16304347826086957,0.16304347826086957,0.0,1.0,0.0,0.6557971014492753,0.6557971014492753,24.782608695652176,24.0,empirical group EESR,disabled,20260929,20eced06353f152f936cfba5517ba7305629052a
stress_missing,E010,naive_confidence,0.9,,92,84,17,0.20238095238095238,0.19047619047619047,0.011904761904761904,0.9130434782608695,0.0,0.5090579710144928,0.5575396825396826,35.34782608695652,36.0,empirical group EESR,disabled,20260929,20eced06353f152f936cfba5517ba7305629052a
stress_missing,E010,naive_confidence,0.95,,92,67,11,0.16417910447761194,0.14925373134328357,0.014925373134328358,0.7282608695652174,0.0,0.3405797101449275,0.46766169154228854,47.47826086956522,48.0,empirical group EESR,disabled,20260929,20eced06353f152f936cfba5517ba7305629052a
stress_missing,E010,naive_confidence,0.975,,92,55,8,0.14545454545454545,0.12727272727272726,0.01818181818181818,0.5978260869565217,0.0,0.22101449275362314,0.36969696969696964,56.08695652173913,48.0,empirical group EESR,disabled,20260929,20eced06353f152f936cfba5517ba7305629052a
stress_missing,E010,naive_confidence,0.99,,92,30,2,0.06666666666666667,0.03333333333333333,0.03333333333333333,0.32608695652173914,0.0,0.10507246376811594,0.3222222222222222,64.43478260869566,72.0,empirical group EESR,disabled,20260929,20eced06353f152f936cfba5517ba7305629052a
stress_missing,E010,calibrated_non_group,0.02,0.02,92,46,2,0.043478260869565216,0.043478260869565216,0.0,0.5,0.0,0.20471014492753623,0.40942028985507234,57.26086956521739,66.0,empirical group EESR,disabled,20260929,20eced06353f152f936cfba5517ba7305629052a
stress_missing,E010,cbes_style,0.02,0.02,92,0,0,0.0,0.0,0.0,0.0,0.0,0.0,0.0,72.0,72.0,empirical group EESR,disabled,20260929,20eced06353f152f936cfba5517ba7305629052a
stress_missing,E010,gates_without_ood,0.02,0.02,92,38,1,0.02631578947368421,0.02631578947368421,0.0,0.41304347826086957,0.0,0.10507246376811595,0.25438596491228066,64.43478260869566,72.0,empirical group EESR,disabled,20260929,20eced06353f152f936cfba5517ba7305629052a
stress_missing,E010,gates_full,0.02,0.02,92,37,1,0.02702702702702703,0.02702702702702703,0.0,0.40217391304347827,0.010869565217391304,0.10144927536231885,0.25225225225225223,64.69565217391305,72.0,empirical group EESR,enabled,20260929,20eced06353f152f936cfba5517ba7305629052a
stress_missing,E010,calibrated_non_group,0.05,0.05,92,57,6,0.10526315789473684,0.10526315789473684,0.0,0.6195652173913043,0.0,0.2554347826086956,0.4122807017543859,53.608695652173914,48.0,empirical group EESR,disabled,20260929,20eced06353f152f936cfba5517ba7305629052a
stress_missing,E010,cbes_style,0.05,0.05,92,84,12,0.14285714285714285,0.14285714285714285,0.0,0.9130434782608695,0.0,0.15217391304347824,0.16666666666666666,61.04347826086956,60.0,empirical group EESR,disabled,20260929,20eced06353f152f936cfba5517ba7305629052a
stress_missing,E010,gates_without_ood,0.05,0.05,92,38,1,0.02631578947368421,0.02631578947368421,0.0,0.41304347826086957,0.0,0.10507246376811595,0.25438596491228066,64.43478260869566,72.0,empirical group EESR,disabled,20260929,20eced06353f152f936cfba5517ba7305629052a
stress_missing,E010,gates_full,0.05,0.05,92,37,1,0.02702702702702703,0.02702702702702703,0.0,0.40217391304347827,0.010869565217391304,0.10144927536231885,0.25225225225225223,64.69565217391305,72.0,empirical group EESR,enabled,20260929,20eced06353f152f936cfba5517ba7305629052a
stress_missing,E010,calibrated_non_group,0.1,0.1,92,48,2,0.041666666666666664,0.041666666666666664,0.0,0.5217391304347826,0.0,0.23731884057971014,0.45486111111111116,54.91304347826087,60.0,empirical group EESR,disabled,20260929,20eced06353f152f936cfba5517ba7305629052a
stress_missing,E010,cbes_style,0.1,0.1,92,84,12,0.14285714285714285,0.14285714285714285,0.0,0.9130434782608695,0.0,0.15217391304347824,0.16666666666666666,61.04347826086956,60.0,empirical group EESR,disabled,20260929,20eced06353f152f936cfba5517ba7305629052a
stress_missing,E010,gates_without_ood,0.1,0.1,92,39,1,0.02564102564102564,0.02564102564102564,0.0,0.42391304347826086,0.0,0.1068840579710145,0.25213675213675213,64.30434782608695,72.0,empirical group EESR,disabled,20260929,20eced06353f152f936cfba5517ba7305629052a
stress_missing,E010,gates_full,0.1,0.1,92,38,1,0.02631578947368421,0.02631578947368421,0.0,0.41304347826086957,0.010869565217391304,0.10326086956521739,0.24999999999999994,64.56521739130434,72.0,empirical group EESR,enabled,20260929,20eced06353f152f936cfba5517ba7305629052a
stress_missing,E010,calibrated_non_group,0.15,0.15,92,88,15,0.17045454545454544,0.17045454545454544,0.0,0.9565217391304348,0.0,0.3858695652173914,0.4034090909090909,44.21739130434783,48.0,empirical group EESR,disabled,20260929,20eced06353f152f936cfba5517ba7305629052a
stress_missing,E010,cbes_style,0.15,0.15,92,91,21,0.23076923076923078,0.21978021978021978,0.01098901098901099,0.9891304347826086,0.0,0.5942028985507245,0.6007326007326007,29.217391304347824,24.0,empirical group EESR,disabled,20260929,20eced06353f152f936cfba5517ba7305629052a
stress_missing,E010,gates_without_ood,0.15,0.15,92,66,6,0.09090909090909091,0.09090909090909091,0.0,0.717391304347826,0.0,0.19384057971014487,0.2702020202020201,58.04347826086956,60.0,empirical group EESR,disabled,20260929,20eced06353f152f936cfba5517ba7305629052a
stress_missing,E010,gates_full,0.15,0.15,92,65,6,0.09230769230769231,0.09230769230769231,0.0,0.7065217391304348,0.010869565217391304,0.19021739130434778,0.26923076923076916,58.30434782608695,60.0,empirical group EESR,enabled,20260929,20eced06353f152f936cfba5517ba7305629052a
stress_missing,E010,calibrated_non_group,0.2,0.2,92,92,19,0.20652173913043478,0.1956521739130435,0.010869565217391304,1.0,0.0,0.4981884057971015,0.4981884057971015,36.130434782608695,48.0,empirical group EESR,disabled,20260929,20eced06353f152f936cfba5517ba7305629052a
stress_missing,E010,cbes_style,0.2,0.2,92,91,21,0.23076923076923078,0.21978021978021978,0.01098901098901099,0.9891304347826086,0.0,0.5942028985507245,0.6007326007326007,29.217391304347824,24.0,empirical group EESR,disabled,20260929,20eced06353f152f936cfba5517ba7305629052a
stress_missing,E010,gates_without_ood,0.2,0.2,92,92,23,0.25,0.2391304347826087,0.010869565217391304,1.0,0.0,0.3333333333333333,0.3333333333333333,48.0,48.0,empirical group EESR,disabled,20260929,20eced06353f152f936cfba5517ba7305629052a
stress_missing,E010,gates_full,0.2,0.2,92,90,22,0.24444444444444444,0.23333333333333334,0.011111111111111112,0.9782608695652174,0.021739130434782608,0.3260869565217391,0.3333333333333333,48.52173913043478,48.0,empirical group EESR,enabled,20260929,20eced06353f152f936cfba5517ba7305629052a
stress_missing,E010,calibrated_non_group,0.3,0.3,92,92,20,0.21739130434782608,0.20652173913043478,0.010869565217391304,1.0,0.0,0.6630434782608695,0.6630434782608695,24.26086956521739,24.0,empirical group EESR,disabled,20260929,20eced06353f152f936cfba5517ba7305629052a
stress_missing,E010,cbes_style,0.3,0.3,92,92,17,0.18478260869565216,0.17391304347826086,0.010869565217391304,1.0,0.0,0.7463768115942028,0.7463768115942028,18.26086956521739,12.0,empirical group EESR,disabled,20260929,20eced06353f152f936cfba5517ba7305629052a
stress_missing,E010,gates_without_ood,0.3,0.3,92,92,23,0.25,0.2391304347826087,0.010869565217391304,1.0,0.0,0.3333333333333333,0.3333333333333333,48.0,48.0,empirical group EESR,disabled,20260929,20eced06353f152f936cfba5517ba7305629052a
stress_missing,E010,gates_full,0.3,0.3,92,90,22,0.24444444444444444,0.23333333333333334,0.011111111111111112,0.9782608695652174,0.021739130434782608,0.3260869565217391,0.3333333333333333,48.52173913043478,48.0,empirical group EESR,enabled,20260929,20eced06353f152f936cfba5517ba7305629052a
stress_missing,E011,full_protocol,none,,90,0,0,0.0,0.0,0.0,0.0,0.0,0.0,0.0,72.0,72.0,empirical group EESR,disabled,20260929,20eced06353f152f936cfba5517ba7305629052a
stress_missing,E011,fixed_time,12.0,,90,90,31,0.34444444444444444,0.08888888888888889,0.25555555555555554,1.0,0.0,0.8333333333333331,0.8333333333333331,12.0,12.0,empirical group EESR,disabled,20260929,20eced06353f152f936cfba5517ba7305629052a
stress_missing,E011,fixed_time,24.0,,90,90,19,0.2111111111111111,0.044444444444444446,0.16666666666666666,1.0,0.0,0.6666666666666666,0.6666666666666666,24.0,24.0,empirical group EESR,disabled,20260929,20eced06353f152f936cfba5517ba7305629052a
stress_missing,E011,fixed_time,36.0,,90,90,35,0.3888888888888889,0.06666666666666667,0.32222222222222224,1.0,0.0,0.5,0.5,36.0,36.0,empirical group EESR,disabled,20260929,20eced06353f152f936cfba5517ba7305629052a
stress_missing,E011,fixed_time,48.0,,90,90,17,0.18888888888888888,0.07777777777777778,0.1111111111111111,1.0,0.0,0.3333333333333333,0.3333333333333333,48.0,48.0,empirical group EESR,disabled,20260929,20eced06353f152f936cfba5517ba7305629052a
stress_missing,E011,fixed_time,60.0,,90,90,10,0.1111111111111111,0.05555555555555555,0.05555555555555555,1.0,0.0,0.16666666666666666,0.16666666666666666,60.0,60.0,empirical group EESR,disabled,20260929,20eced06353f152f936cfba5517ba7305629052a
stress_missing,E011,naive_confidence,0.5,,90,90,31,0.34444444444444444,0.08888888888888889,0.25555555555555554,1.0,0.0,0.8333333333333331,0.8333333333333331,12.0,12.0,empirical group EESR,disabled,20260929,20eced06353f152f936cfba5517ba7305629052a
stress_missing,E011,naive_confidence,0.6,,90,90,28,0.3111111111111111,0.07777777777777778,0.23333333333333334,1.0,0.0,0.8037037037037035,0.8037037037037035,14.133333333333333,12.0,empirical group EESR,disabled,20260929,20eced06353f152f936cfba5517ba7305629052a
stress_missing,E011,naive_confidence,0.7,,90,88,24,0.2727272727272727,0.07954545454545454,0.19318181818181818,0.9777777777777777,0.0,0.7259259259259259,0.7424242424242423,19.733333333333334,12.0,empirical group EESR,disabled,20260929,20eced06353f152f936cfba5517ba7305629052a
stress_missing,E011,naive_confidence,0.8,,90,81,18,0.2222222222222222,0.07407407407407407,0.14814814814814814,0.9,0.0,0.6,0.6666666666666666,28.8,24.0,empirical group EESR,disabled,20260929,20eced06353f152f936cfba5517ba7305629052a
stress_missing,E011,naive_confidence,0.9,,90,66,7,0.10606060606060606,0.030303030303030304,0.07575757575757576,0.7333333333333333,0.0,0.3851851851851852,0.5252525252525253,44.266666666666666,48.0,empirical group EESR,disabled,20260929,20eced06353f152f936cfba5517ba7305629052a
stress_missing,E011,naive_confidence,0.95,,90,51,3,0.058823529411764705,0.0196078431372549,0.0392156862745098,0.5666666666666667,0.0,0.25555555555555554,0.4509803921568627,53.6,60.0,empirical group EESR,disabled,20260929,20eced06353f152f936cfba5517ba7305629052a
stress_missing,E011,naive_confidence,0.975,,90,36,1,0.027777777777777776,0.0,0.027777777777777776,0.4,0.0,0.14444444444444443,0.3611111111111111,61.6,72.0,empirical group EESR,disabled,20260929,20eced06353f152f936cfba5517ba7305629052a
stress_missing,E011,naive_confidence,0.99,,90,22,1,0.045454545454545456,0.0,0.045454545454545456,0.24444444444444444,0.0,0.07592592592592592,0.3106060606060606,66.53333333333333,72.0,empirical group EESR,disabled,20260929,20eced06353f152f936cfba5517ba7305629052a
stress_missing,E011,calibrated_non_group,0.02,0.02,90,36,2,0.05555555555555555,0.027777777777777776,0.027777777777777776,0.4,0.0,0.18703703703703706,0.46759259259259256,58.53333333333333,72.0,empirical group EESR,disabled,20260929,20eced06353f152f936cfba5517ba7305629052a
stress_missing,E011,cbes_style,0.02,0.02,90,0,0,0.0,0.0,0.0,0.0,0.0,0.0,0.0,72.0,72.0,empirical group EESR,disabled,20260929,20eced06353f152f936cfba5517ba7305629052a
stress_missing,E011,gates_without_ood,0.02,0.02,90,33,2,0.06060606060606061,0.030303030303030304,0.030303030303030304,0.36666666666666664,0.0,0.11851851851851851,0.3232323232323232,63.46666666666667,72.0,empirical group EESR,disabled,20260929,20eced06353f152f936cfba5517ba7305629052a
stress_missing,E011,gates_full,0.02,0.02,90,32,2,0.0625,0.03125,0.03125,0.35555555555555557,0.011111111111111112,0.1148148148148148,0.32291666666666663,63.733333333333334,72.0,empirical group EESR,enabled,20260929,20eced06353f152f936cfba5517ba7305629052a
stress_missing,E011,calibrated_non_group,0.05,0.05,90,53,2,0.03773584905660377,0.018867924528301886,0.018867924528301886,0.5888888888888889,0.0,0.23148148148148145,0.3930817610062893,55.333333333333336,60.0,empirical group EESR,disabled,20260929,20eced06353f152f936cfba5517ba7305629052a
stress_missing,E011,cbes_style,0.05,0.05,90,0,0,0.0,0.0,0.0,0.0,0.0,0.0,0.0,72.0,72.0,empirical group EESR,disabled,20260929,20eced06353f152f936cfba5517ba7305629052a
stress_missing,E011,gates_without_ood,0.05,0.05,90,33,2,0.06060606060606061,0.030303030303030304,0.030303030303030304,0.36666666666666664,0.0,0.11851851851851851,0.3232323232323232,63.46666666666667,72.0,empirical group EESR,disabled,20260929,20eced06353f152f936cfba5517ba7305629052a
stress_missing,E011,gates_full,0.05,0.05,90,32,2,0.0625,0.03125,0.03125,0.35555555555555557,0.011111111111111112,0.1148148148148148,0.32291666666666663,63.733333333333334,72.0,empirical group EESR,enabled,20260929,20eced06353f152f936cfba5517ba7305629052a
stress_missing,E011,calibrated_non_group,0.1,0.1,90,54,3,0.05555555555555555,0.018518518518518517,0.037037037037037035,0.6,0.0,0.25555555555555554,0.4259259259259258,53.6,60.0,empirical group EESR,disabled,20260929,20eced06353f152f936cfba5517ba7305629052a
stress_missing,E011,cbes_style,0.1,0.1,90,0,0,0.0,0.0,0.0,0.0,0.0,0.0,0.0,72.0,72.0,empirical group EESR,disabled,20260929,20eced06353f152f936cfba5517ba7305629052a
stress_missing,E011,gates_without_ood,0.1,0.1,90,51,2,0.0392156862745098,0.0196078431372549,0.0196078431372549,0.5666666666666667,0.0,0.1537037037037037,0.2712418300653595,60.93333333333333,60.0,empirical group EESR,disabled,20260929,20eced06353f152f936cfba5517ba7305629052a
stress_missing,E011,gates_full,0.1,0.1,90,50,2,0.04,0.02,0.02,0.5555555555555556,0.011111111111111112,0.15,0.27,61.2,60.0,empirical group EESR,enabled,20260929,20eced06353f152f936cfba5517ba7305629052a
stress_missing,E011,calibrated_non_group,0.15,0.15,90,86,12,0.13953488372093023,0.06976744186046512,0.06976744186046512,0.9555555555555556,0.0,0.42777777777777776,0.44767441860465135,41.2,48.0,empirical group EESR,disabled,20260929,20eced06353f152f936cfba5517ba7305629052a
stress_missing,E011,cbes_style,0.15,0.15,90,0,0,0.0,0.0,0.0,0.0,0.0,0.0,0.0,72.0,72.0,empirical group EESR,disabled,20260929,20eced06353f152f936cfba5517ba7305629052a
stress_missing,E011,gates_without_ood,0.15,0.15,90,69,4,0.057971014492753624,0.028985507246376812,0.028985507246376812,0.7666666666666667,0.0,0.23703703703703702,0.30917874396135264,54.93333333333333,48.0,empirical group EESR,disabled,20260929,20eced06353f152f936cfba5517ba7305629052a
stress_missing,E011,gates_full,0.15,0.15,90,65,3,0.046153846153846156,0.03076923076923077,0.015384615384615385,0.7222222222222222,0.044444444444444446,0.2240740740740741,0.31025641025641026,55.86666666666667,48.0,empirical group EESR,enabled,20260929,20eced06353f152f936cfba5517ba7305629052a
stress_missing,E011,calibrated_non_group,0.2,0.2,90,90,31,0.34444444444444444,0.05555555555555555,0.28888888888888886,1.0,0.0,0.587037037037037,0.587037037037037,29.733333333333334,36.0,empirical group EESR,disabled,20260929,20eced06353f152f936cfba5517ba7305629052a
stress_missing,E011,cbes_style,0.2,0.2,90,82,6,0.07317073170731707,0.04878048780487805,0.024390243902439025,0.9111111111111111,0.0,0.2870370370370371,0.31504065040650403,51.333333333333336,48.0,empirical group EESR,disabled,20260929,20eced06353f152f936cfba5517ba7305629052a
stress_missing,E011,gates_without_ood,0.2,0.2,90,90,16,0.17777777777777778,0.07777777777777778,0.1,1.0,0.0,0.39629629629629626,0.39629629629629626,43.46666666666667,48.0,empirical group EESR,disabled,20260929,20eced06353f152f936cfba5517ba7305629052a
stress_missing,E011,gates_full,0.2,0.2,90,86,15,0.1744186046511628,0.08139534883720931,0.09302325581395349,0.9555555555555556,0.044444444444444446,0.37592592592592594,0.3934108527131784,44.93333333333333,48.0,empirical group EESR,enabled,20260929,20eced06353f152f936cfba5517ba7305629052a
stress_missing,E011,calibrated_non_group,0.3,0.3,90,90,19,0.2111111111111111,0.044444444444444446,0.16666666666666666,1.0,0.0,0.7037037037037036,0.7037037037037036,21.333333333333332,24.0,empirical group EESR,disabled,20260929,20eced06353f152f936cfba5517ba7305629052a
stress_missing,E011,cbes_style,0.3,0.3,90,82,6,0.07317073170731707,0.04878048780487805,0.024390243902439025,0.9111111111111111,0.0,0.2870370370370371,0.31504065040650403,51.333333333333336,48.0,empirical group EESR,disabled,20260929,20eced06353f152f936cfba5517ba7305629052a
stress_missing,E011,gates_without_ood,0.3,0.3,90,90,33,0.36666666666666664,0.06666666666666667,0.3,1.0,0.0,0.5574074074074074,0.5574074074074074,31.866666666666667,36.0,empirical group EESR,disabled,20260929,20eced06353f152f936cfba5517ba7305629052a
stress_missing,E011,gates_full,0.3,0.3,90,88,33,0.375,0.06818181818181818,0.3068181818181818,0.9777777777777777,0.022222222222222223,0.5425925925925925,0.5549242424242424,32.93333333333333,36.0,empirical group EESR,enabled,20260929,20eced06353f152f936cfba5517ba7305629052a
stress_missing,E012,full_protocol,none,,77,0,0,0.0,0.0,0.0,0.0,0.0,0.0,0.0,72.0,72.0,empirical group EESR,disabled,20260929,20eced06353f152f936cfba5517ba7305629052a
stress_missing,E012,fixed_time,12.0,,77,77,41,0.5324675324675324,0.025974025974025976,0.5064935064935064,1.0,0.0,0.8333333333333334,0.8333333333333334,12.0,12.0,empirical group EESR,disabled,20260929,20eced06353f152f936cfba5517ba7305629052a
stress_missing,E012,fixed_time,24.0,,77,77,32,0.4155844155844156,0.3116883116883117,0.1038961038961039,1.0,0.0,0.6666666666666665,0.6666666666666665,24.0,24.0,empirical group EESR,disabled,20260929,20eced06353f152f936cfba5517ba7305629052a
stress_missing,E012,fixed_time,36.0,,77,77,27,0.35064935064935066,0.2077922077922078,0.14285714285714285,1.0,0.0,0.5,0.5,36.0,36.0,empirical group EESR,disabled,20260929,20eced06353f152f936cfba5517ba7305629052a
stress_missing,E012,fixed_time,48.0,,77,77,14,0.18181818181818182,0.15584415584415584,0.025974025974025976,1.0,0.0,0.33333333333333326,0.33333333333333326,48.0,48.0,empirical group EESR,disabled,20260929,20eced06353f152f936cfba5517ba7305629052a
stress_missing,E012,fixed_time,60.0,,77,77,13,0.16883116883116883,0.15584415584415584,0.012987012987012988,1.0,0.0,0.16666666666666663,0.16666666666666663,60.0,60.0,empirical group EESR,disabled,20260929,20eced06353f152f936cfba5517ba7305629052a
stress_missing,E012,naive_confidence,0.5,,77,77,41,0.5324675324675324,0.025974025974025976,0.5064935064935064,1.0,0.0,0.8333333333333334,0.8333333333333334,12.0,12.0,empirical group EESR,disabled,20260929,20eced06353f152f936cfba5517ba7305629052a
stress_missing,E012,naive_confidence,0.6,,77,77,39,0.5064935064935064,0.1038961038961039,0.4025974025974026,1.0,0.0,0.7987012987012987,0.7987012987012987,14.493506493506494,12.0,empirical group EESR,disabled,20260929,20eced06353f152f936cfba5517ba7305629052a
stress_missing,E012,naive_confidence,0.7,,77,77,41,0.5324675324675324,0.19480519480519481,0.33766233766233766,1.0,0.0,0.7575757575757576,0.7575757575757576,17.454545454545453,12.0,empirical group EESR,disabled,20260929,20eced06353f152f936cfba5517ba7305629052a
stress_missing,E012,naive_confidence,0.8,,77,76,41,0.5394736842105263,0.25,0.2894736842105263,0.987012987012987,0.0,0.7034632034632036,0.7127192982456141,21.350649350649352,24.0,empirical group EESR,disabled,20260929,20eced06353f152f936cfba5517ba7305629052a
stress_missing,E012,naive_confidence,0.9,,77,64,28,0.4375,0.3125,0.125,0.8311688311688312,0.0,0.5064935064935064,0.609375,35.532467532467535,24.0,empirical group EESR,disabled,20260929,20eced06353f152f936cfba5517ba7305629052a
stress_missing,E012,naive_confidence,0.95,,77,49,18,0.3673469387755102,0.30612244897959184,0.061224489795918366,0.6363636363636364,0.0,0.3333333333333333,0.5238095238095237,48.0,48.0,empirical group EESR,disabled,20260929,20eced06353f152f936cfba5517ba7305629052a
stress_missing,E012,naive_confidence,0.975,,77,31,10,0.3225806451612903,0.3225806451612903,0.0,0.4025974025974026,0.0,0.19696969696969696,0.48924731182795683,57.81818181818182,72.0,empirical group EESR,disabled,20260929,20eced06353f152f936cfba5517ba7305629052a
stress_missing,E012,naive_confidence,0.99,,77,12,4,0.3333333333333333,0.3333333333333333,0.0,0.15584415584415584,0.0,0.08441558441558442,0.5416666666666667,65.92207792207792,72.0,empirical group EESR,disabled,20260929,20eced06353f152f936cfba5517ba7305629052a
stress_missing,E012,calibrated_non_group,0.02,0.02,77,54,9,0.16666666666666666,0.16666666666666666,0.0,0.7012987012987013,0.0,0.22943722943722936,0.3271604938271604,55.48051948051948,48.0,empirical group EESR,disabled,20260929,20eced06353f152f936cfba5517ba7305629052a
stress_missing,E012,cbes_style,0.02,0.02,77,72,13,0.18055555555555555,0.16666666666666666,0.013888888888888888,0.935064935064935,0.0,0.31168831168831157,0.3333333333333333,49.55844155844156,48.0,empirical group EESR,disabled,20260929,20eced06353f152f936cfba5517ba7305629052a
stress_missing,E012,gates_without_ood,0.02,0.02,77,48,7,0.14583333333333334,0.14583333333333334,0.0,0.6233766233766234,0.0,0.19264069264069264,0.30902777777777773,58.12987012987013,48.0,empirical group EESR,disabled,20260929,20eced06353f152f936cfba5517ba7305629052a
stress_missing,E012,gates_full,0.02,0.02,77,48,7,0.14583333333333334,0.14583333333333334,0.0,0.6233766233766234,0.0,0.19264069264069264,0.30902777777777773,58.12987012987013,48.0,empirical group EESR,enabled,20260929,20eced06353f152f936cfba5517ba7305629052a
stress_missing,E012,calibrated_non_group,0.05,0.05,77,50,11,0.22,0.14,0.08,0.6493506493506493,0.0,0.23376623376623376,0.36,55.16883116883117,48.0,empirical group EESR,disabled,20260929,20eced06353f152f936cfba5517ba7305629052a
stress_missing,E012,cbes_style,0.05,0.05,77,76,18,0.23684210526315788,0.15789473684210525,0.07894736842105263,0.987012987012987,0.0,0.4047619047619047,0.4100877192982456,42.857142857142854,48.0,empirical group EESR,disabled,20260929,20eced06353f152f936cfba5517ba7305629052a
stress_missing,E012,gates_without_ood,0.05,0.05,77,54,9,0.16666666666666666,0.16666666666666666,0.0,0.7012987012987013,0.0,0.22943722943722936,0.3271604938271604,55.48051948051948,48.0,empirical group EESR,disabled,20260929,20eced06353f152f936cfba5517ba7305629052a
stress_missing,E012,gates_full,0.05,0.05,77,54,9,0.16666666666666666,0.16666666666666666,0.0,0.7012987012987013,0.0,0.22943722943722936,0.3271604938271604,55.48051948051948,48.0,empirical group EESR,enabled,20260929,20eced06353f152f936cfba5517ba7305629052a
stress_missing,E012,calibrated_non_group,0.1,0.1,77,74,31,0.4189189189189189,0.35135135135135137,0.06756756756756757,0.961038961038961,0.0,0.593073593073593,0.617117117117117,29.2987012987013,24.0,empirical group EESR,disabled,20260929,20eced06353f152f936cfba5517ba7305629052a
stress_missing,E012,cbes_style,0.1,0.1,77,77,39,0.5064935064935064,0.11688311688311688,0.38961038961038963,1.0,0.0,0.787878787878788,0.787878787878788,15.272727272727273,12.0,empirical group EESR,disabled,20260929,20eced06353f152f936cfba5517ba7305629052a
stress_missing,E012,gates_without_ood,0.1,0.1,77,72,27,0.375,0.3333333333333333,0.041666666666666664,0.935064935064935,0.0,0.538961038961039,0.5763888888888888,33.1948051948052,24.0,empirical group EESR,disabled,20260929,20eced06353f152f936cfba5517ba7305629052a
stress_missing,E012,gates_full,0.1,0.1,77,69,27,0.391304347826087,0.34782608695652173,0.043478260869565216,0.8961038961038961,0.03896103896103896,0.512987012987013,0.5724637681159419,35.064935064935064,24.0,empirical group EESR,enabled,20260929,20eced06353f152f936cfba5517ba7305629052a
stress_missing,E012,calibrated_non_group,0.15,0.15,77,77,40,0.5194805194805194,0.16883116883116883,0.35064935064935066,1.0,0.0,0.761904761904762,0.761904761904762,17.142857142857142,12.0,empirical group EESR,disabled,20260929,20eced06353f152f936cfba5517ba7305629052a
stress_missing,E012,cbes_style,0.15,0.15,77,77,39,0.5064935064935064,0.11688311688311688,0.38961038961038963,1.0,0.0,0.787878787878788,0.787878787878788,15.272727272727273,12.0,empirical group EESR,disabled,20260929,20eced06353f152f936cfba5517ba7305629052a
stress_missing,E012,gates_without_ood,0.15,0.15,77,77,40,0.5194805194805194,0.24675324675324675,0.2727272727272727,1.0,0.0,0.7294372294372296,0.7294372294372296,19.48051948051948,24.0,empirical group EESR,disabled,20260929,20eced06353f152f936cfba5517ba7305629052a
stress_missing,E012,gates_full,0.15,0.15,77,74,39,0.527027027027027,0.25675675675675674,0.2702702702702703,0.961038961038961,0.03896103896103896,0.6969696969696971,0.7252252252252251,21.818181818181817,24.0,empirical group EESR,enabled,20260929,20eced06353f152f936cfba5517ba7305629052a
stress_missing,E012,calibrated_non_group,0.2,0.2,77,77,39,0.5064935064935064,0.19480519480519481,0.3116883116883117,1.0,0.0,0.761904761904762,0.761904761904762,17.142857142857142,12.0,empirical group EESR,disabled,20260929,20eced06353f152f936cfba5517ba7305629052a
stress_missing,E012,cbes_style,0.2,0.2,77,77,39,0.5064935064935064,0.11688311688311688,0.38961038961038963,1.0,0.0,0.787878787878788,0.787878787878788,15.272727272727273,12.0,empirical group EESR,disabled,20260929,20eced06353f152f936cfba5517ba7305629052a
stress_missing,E012,gates_without_ood,0.2,0.2,77,77,40,0.5194805194805194,0.07792207792207792,0.44155844155844154,1.0,0.0,0.8095238095238095,0.8095238095238095,13.714285714285714,12.0,empirical group EESR,disabled,20260929,20eced06353f152f936cfba5517ba7305629052a
stress_missing,E012,gates_full,0.2,0.2,77,74,39,0.527027027027027,0.08108108108108109,0.44594594594594594,0.961038961038961,0.03896103896103896,0.7770562770562771,0.8085585585585585,16.051948051948052,12.0,empirical group EESR,enabled,20260929,20eced06353f152f936cfba5517ba7305629052a
stress_missing,E012,calibrated_non_group,0.3,0.3,77,77,39,0.5064935064935064,0.025974025974025976,0.4805194805194805,1.0,0.0,0.8290043290043291,0.8290043290043291,12.311688311688311,12.0,empirical group EESR,disabled,20260929,20eced06353f152f936cfba5517ba7305629052a
stress_missing,E012,cbes_style,0.3,0.3,77,77,39,0.5064935064935064,0.11688311688311688,0.38961038961038963,1.0,0.0,0.787878787878788,0.787878787878788,15.272727272727273,12.0,empirical group EESR,disabled,20260929,20eced06353f152f936cfba5517ba7305629052a
stress_missing,E012,gates_without_ood,0.3,0.3,77,77,39,0.5064935064935064,0.025974025974025976,0.4805194805194805,1.0,0.0,0.8290043290043291,0.8290043290043291,12.311688311688311,12.0,empirical group EESR,disabled,20260929,20eced06353f152f936cfba5517ba7305629052a
stress_missing,E012,gates_full,0.3,0.3,77,74,38,0.5135135135135135,0.02702702702702703,0.4864864864864865,0.961038961038961,0.03896103896103896,0.7965367965367965,0.8288288288288288,14.64935064935065,12.0,empirical group EESR,enabled,20260929,20eced06353f152f936cfba5517ba7305629052a
