dataset,held_out_group,method,operating_point,risk_target,independent_test_units,stopped_early,incorrect_early,EESR,FP_EESR,FN_EESR,coverage,abstention_rate,observation_savings,observation_savings_stopped,mean_decision_time,median_decision_time,calibration_metric,OOD_status,seed_config,commit_hash
stress_balance,E001,full_protocol,none,,64,0,0,0.0,0.0,0.0,0.0,0.0,0.0,0.0,72.0,72.0,empirical group EESR,disabled,20260929,20eced06353f152f936cfba5517ba7305629052a
stress_balance,E001,fixed_time,12.0,,64,64,9,0.140625,0.078125,0.0625,1.0,0.0,0.8333333333333333,0.8333333333333333,12.0,12.0,empirical group EESR,disabled,20260929,20eced06353f152f936cfba5517ba7305629052a
stress_balance,E001,fixed_time,24.0,,64,64,10,0.15625,0.140625,0.015625,1.0,0.0,0.6666666666666666,0.6666666666666666,24.0,24.0,empirical group EESR,disabled,20260929,20eced06353f152f936cfba5517ba7305629052a
stress_balance,E001,fixed_time,36.0,,64,64,7,0.109375,0.09375,0.015625,1.0,0.0,0.5,0.5,36.0,36.0,empirical group EESR,disabled,20260929,20eced06353f152f936cfba5517ba7305629052a
stress_balance,E001,fixed_time,48.0,,64,64,3,0.046875,0.015625,0.03125,1.0,0.0,0.3333333333333333,0.3333333333333333,48.0,48.0,empirical group EESR,disabled,20260929,20eced06353f152f936cfba5517ba7305629052a
stress_balance,E001,fixed_time,60.0,,64,64,2,0.03125,0.015625,0.015625,1.0,0.0,0.16666666666666666,0.16666666666666666,60.0,60.0,empirical group EESR,disabled,20260929,20eced06353f152f936cfba5517ba7305629052a
stress_balance,E001,naive_confidence,0.5,,64,64,9,0.140625,0.078125,0.0625,1.0,0.0,0.8333333333333333,0.8333333333333333,12.0,12.0,empirical group EESR,disabled,20260929,20eced06353f152f936cfba5517ba7305629052a
stress_balance,E001,naive_confidence,0.6,,64,64,5,0.078125,0.046875,0.03125,1.0,0.0,0.7838541666666665,0.7838541666666665,15.5625,12.0,empirical group EESR,disabled,20260929,20eced06353f152f936cfba5517ba7305629052a
stress_balance,E001,naive_confidence,0.7,,64,64,4,0.0625,0.0625,0.0,1.0,0.0,0.7421875,0.7421875,18.5625,12.0,empirical group EESR,disabled,20260929,20eced06353f152f936cfba5517ba7305629052a
stress_balance,E001,naive_confidence,0.8,,64,62,4,0.06451612903225806,0.04838709677419355,0.016129032258064516,0.96875,0.0,0.5989583333333333,0.6182795698924732,28.875,24.0,empirical group EESR,disabled,20260929,20eced06353f152f936cfba5517ba7305629052a
stress_balance,E001,naive_confidence,0.9,,64,50,2,0.04,0.04,0.0,0.78125,0.0,0.36197916666666663,0.4633333333333334,45.9375,48.0,empirical group EESR,disabled,20260929,20eced06353f152f936cfba5517ba7305629052a
stress_balance,E001,naive_confidence,0.95,,64,39,1,0.02564102564102564,0.02564102564102564,0.0,0.609375,0.0,0.21614583333333331,0.3547008547008546,56.4375,60.0,empirical group EESR,disabled,20260929,20eced06353f152f936cfba5517ba7305629052a
stress_balance,E001,naive_confidence,0.975,,64,24,1,0.041666666666666664,0.041666666666666664,0.0,0.375,0.0,0.12760416666666666,0.34027777777777773,62.8125,72.0,empirical group EESR,disabled,20260929,20eced06353f152f936cfba5517ba7305629052a
stress_balance,E001,naive_confidence,0.99,,64,7,1,0.14285714285714285,0.14285714285714285,0.0,0.109375,0.0,0.041666666666666664,0.38095238095238093,69.0,72.0,empirical group EESR,disabled,20260929,20eced06353f152f936cfba5517ba7305629052a
stress_balance,E001,calibrated_non_group,0.02,0.02,64,64,6,0.09375,0.09375,0.0,1.0,0.0,0.6041666666666666,0.6041666666666666,28.5,24.0,empirical group EESR,disabled,20260929,20eced06353f152f936cfba5517ba7305629052a
stress_balance,E001,cbes_style,0.02,0.02,64,0,0,0.0,0.0,0.0,0.0,0.0,0.0,0.0,72.0,72.0,empirical group EESR,disabled,20260929,20eced06353f152f936cfba5517ba7305629052a
stress_balance,E001,gates_without_ood,0.02,0.02,64,61,6,0.09836065573770492,0.09836065573770492,0.0,0.953125,0.0,0.578125,0.6065573770491801,30.375,24.0,empirical group EESR,disabled,20260929,20eced06353f152f936cfba5517ba7305629052a
stress_balance,E001,gates_full,0.02,0.02,64,52,5,0.09615384615384616,0.09615384615384616,0.0,0.8125,0.140625,0.484375,0.5961538461538463,37.125,24.0,empirical group EESR,enabled,20260929,20eced06353f152f936cfba5517ba7305629052a
stress_balance,E001,calibrated_non_group,0.05,0.05,64,64,5,0.078125,0.078125,0.0,1.0,0.0,0.6953125,0.6953125,21.9375,12.0,empirical group EESR,disabled,20260929,20eced06353f152f936cfba5517ba7305629052a
stress_balance,E001,cbes_style,0.05,0.05,64,55,2,0.03636363636363636,0.01818181818181818,0.01818181818181818,0.859375,0.0,0.2864583333333333,0.3333333333333332,51.375,48.0,empirical group EESR,disabled,20260929,20eced06353f152f936cfba5517ba7305629052a
stress_balance,E001,gates_without_ood,0.05,0.05,64,64,7,0.109375,0.09375,0.015625,1.0,0.0,0.7239583333333333,0.7239583333333333,19.875,12.0,empirical group EESR,disabled,20260929,20eced06353f152f936cfba5517ba7305629052a
stress_balance,E001,gates_full,0.05,0.05,64,59,6,0.1016949152542373,0.0847457627118644,0.01694915254237288,0.921875,0.078125,0.6692708333333333,0.7259887005649718,23.8125,18.0,empirical group EESR,enabled,20260929,20eced06353f152f936cfba5517ba7305629052a
stress_balance,E001,calibrated_non_group,0.1,0.1,64,64,4,0.0625,0.046875,0.015625,1.0,0.0,0.7786458333333333,0.7786458333333333,15.9375,12.0,empirical group EESR,disabled,20260929,20eced06353f152f936cfba5517ba7305629052a
stress_balance,E001,cbes_style,0.1,0.1,64,64,5,0.078125,0.078125,0.0,1.0,0.0,0.7473958333333333,0.7473958333333333,18.1875,12.0,empirical group EESR,disabled,20260929,20eced06353f152f936cfba5517ba7305629052a
stress_balance,E001,gates_without_ood,0.1,0.1,64,64,4,0.0625,0.046875,0.015625,1.0,0.0,0.7786458333333333,0.7786458333333333,15.9375,12.0,empirical group EESR,disabled,20260929,20eced06353f152f936cfba5517ba7305629052a
stress_balance,E001,gates_full,0.1,0.1,64,60,3,0.05,0.03333333333333333,0.016666666666666666,0.9375,0.0625,0.734375,0.7833333333333333,19.125,12.0,empirical group EESR,enabled,20260929,20eced06353f152f936cfba5517ba7305629052a
stress_balance,E001,calibrated_non_group,0.15,0.15,64,64,8,0.125,0.109375,0.015625,1.0,0.0,0.7526041666666666,0.7526041666666666,17.8125,12.0,empirical group EESR,disabled,20260929,20eced06353f152f936cfba5517ba7305629052a
stress_balance,E001,cbes_style,0.15,0.15,64,64,5,0.078125,0.078125,0.0,1.0,0.0,0.7473958333333333,0.7473958333333333,18.1875,12.0,empirical group EESR,disabled,20260929,20eced06353f152f936cfba5517ba7305629052a
stress_balance,E001,gates_without_ood,0.15,0.15,64,64,5,0.078125,0.0625,0.015625,1.0,0.0,0.7890624999999999,0.7890624999999999,15.1875,12.0,empirical group EESR,disabled,20260929,20eced06353f152f936cfba5517ba7305629052a
stress_balance,E001,gates_full,0.15,0.15,64,60,4,0.06666666666666667,0.05,0.016666666666666666,0.9375,0.0625,0.7447916666666666,0.7944444444444445,18.375,12.0,empirical group EESR,enabled,20260929,20eced06353f152f936cfba5517ba7305629052a
stress_balance,E001,calibrated_non_group,0.2,0.2,64,64,6,0.09375,0.0625,0.03125,1.0,0.0,0.796875,0.796875,14.625,12.0,empirical group EESR,disabled,20260929,20eced06353f152f936cfba5517ba7305629052a
stress_balance,E001,cbes_style,0.2,0.2,64,64,5,0.078125,0.078125,0.0,1.0,0.0,0.7473958333333333,0.7473958333333333,18.1875,12.0,empirical group EESR,disabled,20260929,20eced06353f152f936cfba5517ba7305629052a
stress_balance,E001,gates_without_ood,0.2,0.2,64,64,7,0.109375,0.0625,0.046875,1.0,0.0,0.8151041666666666,0.8151041666666666,13.3125,12.0,empirical group EESR,disabled,20260929,20eced06353f152f936cfba5517ba7305629052a
stress_balance,E001,gates_full,0.2,0.2,64,63,7,0.1111111111111111,0.06349206349206349,0.047619047619047616,0.984375,0.015625,0.8020833333333333,0.8148148148148151,14.25,12.0,empirical group EESR,enabled,20260929,20eced06353f152f936cfba5517ba7305629052a
stress_balance,E001,calibrated_non_group,0.3,0.3,64,64,9,0.140625,0.078125,0.0625,1.0,0.0,0.8333333333333333,0.8333333333333333,12.0,12.0,empirical group EESR,disabled,20260929,20eced06353f152f936cfba5517ba7305629052a
stress_balance,E001,cbes_style,0.3,0.3,64,64,5,0.078125,0.078125,0.0,1.0,0.0,0.7473958333333333,0.7473958333333333,18.1875,12.0,empirical group EESR,disabled,20260929,20eced06353f152f936cfba5517ba7305629052a
stress_balance,E001,gates_without_ood,0.3,0.3,64,64,9,0.140625,0.078125,0.0625,1.0,0.0,0.8333333333333333,0.8333333333333333,12.0,12.0,empirical group EESR,disabled,20260929,20eced06353f152f936cfba5517ba7305629052a
stress_balance,E001,gates_full,0.3,0.3,64,63,9,0.14285714285714285,0.07936507936507936,0.06349206349206349,0.984375,0.015625,0.8203125,0.8333333333333336,12.9375,12.0,empirical group EESR,enabled,20260929,20eced06353f152f936cfba5517ba7305629052a
stress_balance,E002,full_protocol,none,,81,0,0,0.0,0.0,0.0,0.0,0.0,0.0,0.0,72.0,72.0,empirical group EESR,disabled,20260929,20eced06353f152f936cfba5517ba7305629052a
stress_balance,E002,fixed_time,12.0,,81,78,13,0.16666666666666666,0.1282051282051282,0.038461538461538464,0.9629629629629629,0.0,0.8024691358024689,0.8333333333333334,14.222222222222221,12.0,empirical group EESR,disabled,20260929,20eced06353f152f936cfba5517ba7305629052a
stress_balance,E002,fixed_time,24.0,,81,78,8,0.10256410256410256,0.08974358974358974,0.01282051282051282,0.9629629629629629,0.0,0.6419753086419753,0.6666666666666665,25.77777777777778,24.0,empirical group EESR,disabled,20260929,20eced06353f152f936cfba5517ba7305629052a
stress_balance,E002,fixed_time,36.0,,81,78,35,0.44871794871794873,0.4230769230769231,0.02564102564102564,0.9629629629629629,0.0,0.48148148148148145,0.5,37.333333333333336,36.0,empirical group EESR,disabled,20260929,20eced06353f152f936cfba5517ba7305629052a
stress_balance,E002,fixed_time,48.0,,81,78,10,0.1282051282051282,0.10256410256410256,0.02564102564102564,0.9629629629629629,0.0,0.32098765432098764,0.33333333333333326,48.888888888888886,48.0,empirical group EESR,disabled,20260929,20eced06353f152f936cfba5517ba7305629052a
stress_balance,E002,fixed_time,60.0,,81,78,12,0.15384615384615385,0.1282051282051282,0.02564102564102564,0.9629629629629629,0.0,0.16049382716049382,0.16666666666666663,60.44444444444444,60.0,empirical group EESR,disabled,20260929,20eced06353f152f936cfba5517ba7305629052a
stress_balance,E002,naive_confidence,0.5,,81,78,13,0.16666666666666666,0.1282051282051282,0.038461538461538464,0.9629629629629629,0.0,0.8024691358024689,0.8333333333333334,14.222222222222221,12.0,empirical group EESR,disabled,20260929,20eced06353f152f936cfba5517ba7305629052a
stress_balance,E002,naive_confidence,0.6,,81,78,11,0.14102564102564102,0.11538461538461539,0.02564102564102564,0.9629629629629629,0.0,0.7901234567901234,0.8205128205128205,15.11111111111111,12.0,empirical group EESR,disabled,20260929,20eced06353f152f936cfba5517ba7305629052a
stress_balance,E002,naive_confidence,0.7,,81,77,9,0.11688311688311688,0.09090909090909091,0.025974025974025976,0.9506172839506173,0.0,0.7407407407407407,0.7792207792207793,18.666666666666668,12.0,empirical group EESR,disabled,20260929,20eced06353f152f936cfba5517ba7305629052a
stress_balance,E002,naive_confidence,0.8,,81,70,5,0.07142857142857142,0.05714285714285714,0.014285714285714285,0.8641975308641975,0.0,0.6419753086419753,0.7428571428571431,25.77777777777778,12.0,empirical group EESR,disabled,20260929,20eced06353f152f936cfba5517ba7305629052a
stress_balance,E002,naive_confidence,0.9,,81,57,2,0.03508771929824561,0.03508771929824561,0.0,0.7037037037037037,0.0,0.47530864197530864,0.6754385964912282,37.77777777777778,24.0,empirical group EESR,disabled,20260929,20eced06353f152f936cfba5517ba7305629052a
stress_balance,E002,naive_confidence,0.95,,81,48,1,0.020833333333333332,0.020833333333333332,0.0,0.5925925925925926,0.0,0.3888888888888889,0.65625,44.0,48.0,empirical group EESR,disabled,20260929,20eced06353f152f936cfba5517ba7305629052a
stress_balance,E002,naive_confidence,0.975,,81,40,1,0.025,0.025,0.0,0.49382716049382713,0.0,0.3024691358024691,0.6125,50.22222222222222,72.0,empirical group EESR,disabled,20260929,20eced06353f152f936cfba5517ba7305629052a
stress_balance,E002,naive_confidence,0.99,,81,25,1,0.04,0.04,0.0,0.30864197530864196,0.0,0.16049382716049382,0.52,60.44444444444444,72.0,empirical group EESR,disabled,20260929,20eced06353f152f936cfba5517ba7305629052a
stress_balance,E002,calibrated_non_group,0.02,0.02,81,30,0,0.0,0.0,0.0,0.37037037037037035,0.0,0.07613168724279834,0.2055555555555556,66.51851851851852,72.0,empirical group EESR,disabled,20260929,20eced06353f152f936cfba5517ba7305629052a
stress_balance,E002,cbes_style,0.02,0.02,81,70,18,0.2571428571428571,0.22857142857142856,0.02857142857142857,0.8641975308641975,0.0,0.35802469135802467,0.41428571428571426,46.22222222222222,48.0,empirical group EESR,disabled,20260929,20eced06353f152f936cfba5517ba7305629052a
stress_balance,E002,gates_without_ood,0.02,0.02,81,26,0,0.0,0.0,0.0,0.32098765432098764,0.0,0.053497942386831275,0.16666666666666669,68.14814814814815,72.0,empirical group EESR,disabled,20260929,20eced06353f152f936cfba5517ba7305629052a
stress_balance,E002,gates_full,0.02,0.02,81,24,0,0.0,0.0,0.0,0.2962962962962963,0.024691358024691357,0.04938271604938271,0.16666666666666666,68.44444444444444,72.0,empirical group EESR,enabled,20260929,20eced06353f152f936cfba5517ba7305629052a
stress_balance,E002,calibrated_non_group,0.05,0.05,81,54,4,0.07407407407407407,0.05555555555555555,0.018518518518518517,0.6666666666666666,0.0,0.13991769547325103,0.20987654320987648,61.925925925925924,60.0,empirical group EESR,disabled,20260929,20eced06353f152f936cfba5517ba7305629052a
stress_balance,E002,cbes_style,0.05,0.05,81,70,18,0.2571428571428571,0.22857142857142856,0.02857142857142857,0.8641975308641975,0.0,0.35802469135802467,0.41428571428571426,46.22222222222222,48.0,empirical group EESR,disabled,20260929,20eced06353f152f936cfba5517ba7305629052a
stress_balance,E002,gates_without_ood,0.05,0.05,81,30,0,0.0,0.0,0.0,0.37037037037037035,0.0,0.06172839506172839,0.1666666666666667,67.55555555555556,72.0,empirical group EESR,disabled,20260929,20eced06353f152f936cfba5517ba7305629052a
stress_balance,E002,gates_full,0.05,0.05,81,28,0,0.0,0.0,0.0,0.345679012345679,0.024691358024691357,0.05761316872427984,0.1666666666666667,67.85185185185185,72.0,empirical group EESR,enabled,20260929,20eced06353f152f936cfba5517ba7305629052a
stress_balance,E002,calibrated_non_group,0.1,0.1,81,59,6,0.1016949152542373,0.06779661016949153,0.03389830508474576,0.7283950617283951,0.0,0.21810699588477364,0.29943502824858753,56.2962962962963,48.0,empirical group EESR,disabled,20260929,20eced06353f152f936cfba5517ba7305629052a
stress_balance,E002,cbes_style,0.1,0.1,81,70,18,0.2571428571428571,0.22857142857142856,0.02857142857142857,0.8641975308641975,0.0,0.35802469135802467,0.41428571428571426,46.22222222222222,48.0,empirical group EESR,disabled,20260929,20eced06353f152f936cfba5517ba7305629052a
stress_balance,E002,gates_without_ood,0.1,0.1,81,42,1,0.023809523809523808,0.023809523809523808,0.0,0.5185185185185185,0.0,0.08641975308641975,0.16666666666666666,65.77777777777777,60.0,empirical group EESR,disabled,20260929,20eced06353f152f936cfba5517ba7305629052a
stress_balance,E002,gates_full,0.1,0.1,81,40,1,0.025,0.025,0.0,0.49382716049382713,0.024691358024691357,0.0823045267489712,0.16666666666666666,66.07407407407408,72.0,empirical group EESR,enabled,20260929,20eced06353f152f936cfba5517ba7305629052a
stress_balance,E002,calibrated_non_group,0.15,0.15,81,77,9,0.11688311688311688,0.09090909090909091,0.025974025974025976,0.9506172839506173,0.0,0.43209876543209874,0.45454545454545436,40.888888888888886,48.0,empirical group EESR,disabled,20260929,20eced06353f152f936cfba5517ba7305629052a
stress_balance,E002,cbes_style,0.15,0.15,81,73,7,0.0958904109589041,0.0821917808219178,0.0136986301369863,0.9012345679012346,0.0,0.559670781893004,0.6210045662100456,31.703703703703702,24.0,empirical group EESR,disabled,20260929,20eced06353f152f936cfba5517ba7305629052a
stress_balance,E002,gates_without_ood,0.15,0.15,81,58,5,0.08620689655172414,0.06896551724137931,0.017241379310344827,0.7160493827160493,0.0,0.19547325102880658,0.27298850574712646,57.925925925925924,60.0,empirical group EESR,disabled,20260929,20eced06353f152f936cfba5517ba7305629052a
stress_balance,E002,gates_full,0.15,0.15,81,56,5,0.08928571428571429,0.07142857142857142,0.017857142857142856,0.691358024691358,0.024691358024691357,0.18724279835390945,0.2708333333333333,58.51851851851852,60.0,empirical group EESR,enabled,20260929,20eced06353f152f936cfba5517ba7305629052a
stress_balance,E002,calibrated_non_group,0.2,0.2,81,78,28,0.358974358974359,0.32051282051282054,0.038461538461538464,0.9629629629629629,0.0,0.5411522633744855,0.5619658119658119,33.03703703703704,36.0,empirical group EESR,disabled,20260929,20eced06353f152f936cfba5517ba7305629052a
stress_balance,E002,cbes_style,0.2,0.2,81,73,7,0.0958904109589041,0.0821917808219178,0.0136986301369863,0.9012345679012346,0.0,0.559670781893004,0.6210045662100456,31.703703703703702,24.0,empirical group EESR,disabled,20260929,20eced06353f152f936cfba5517ba7305629052a
stress_balance,E002,gates_without_ood,0.2,0.2,81,75,10,0.13333333333333333,0.10666666666666667,0.02666666666666667,0.9259259259259259,0.0,0.26543209876543206,0.2866666666666666,52.888888888888886,48.0,empirical group EESR,disabled,20260929,20eced06353f152f936cfba5517ba7305629052a
stress_balance,E002,gates_full,0.2,0.2,81,73,10,0.136986301369863,0.1095890410958904,0.0273972602739726,0.9012345679012346,0.024691358024691357,0.257201646090535,0.28538812785388123,53.48148148148148,48.0,empirical group EESR,enabled,20260929,20eced06353f152f936cfba5517ba7305629052a
stress_balance,E002,calibrated_non_group,0.3,0.3,81,78,10,0.1282051282051282,0.11538461538461539,0.01282051282051282,0.9629629629629629,0.0,0.625514403292181,0.6495726495726494,26.962962962962962,24.0,empirical group EESR,disabled,20260929,20eced06353f152f936cfba5517ba7305629052a
stress_balance,E002,cbes_style,0.3,0.3,81,73,7,0.0958904109589041,0.0821917808219178,0.0136986301369863,0.9012345679012346,0.0,0.559670781893004,0.6210045662100456,31.703703703703702,24.0,empirical group EESR,disabled,20260929,20eced06353f152f936cfba5517ba7305629052a
stress_balance,E002,gates_without_ood,0.3,0.3,81,76,11,0.14473684210526316,0.11842105263157894,0.02631578947368421,0.9382716049382716,0.0,0.29218106995884774,0.3114035087719298,50.96296296296296,48.0,empirical group EESR,disabled,20260929,20eced06353f152f936cfba5517ba7305629052a
stress_balance,E002,gates_full,0.3,0.3,81,74,11,0.14864864864864866,0.12162162162162163,0.02702702702702703,0.9135802469135802,0.024691358024691357,0.2839506172839506,0.3108108108108108,51.55555555555556,48.0,empirical group EESR,enabled,20260929,20eced06353f152f936cfba5517ba7305629052a
stress_balance,E004,full_protocol,none,,96,0,0,0.0,0.0,0.0,0.0,0.0,0.0,0.0,72.0,72.0,empirical group EESR,disabled,20260929,20eced06353f152f936cfba5517ba7305629052a
stress_balance,E004,fixed_time,12.0,,96,96,39,0.40625,0.40625,0.0,1.0,0.0,0.8333333333333334,0.8333333333333334,12.0,12.0,empirical group EESR,disabled,20260929,20eced06353f152f936cfba5517ba7305629052a
stress_balance,E004,fixed_time,24.0,,96,96,23,0.23958333333333334,0.23958333333333334,0.0,1.0,0.0,0.6666666666666666,0.6666666666666666,24.0,24.0,empirical group EESR,disabled,20260929,20eced06353f152f936cfba5517ba7305629052a
stress_balance,E004,fixed_time,36.0,,96,96,5,0.052083333333333336,0.052083333333333336,0.0,1.0,0.0,0.5,0.5,36.0,36.0,empirical group EESR,disabled,20260929,20eced06353f152f936cfba5517ba7305629052a
stress_balance,E004,fixed_time,48.0,,96,96,0,0.0,0.0,0.0,1.0,0.0,0.3333333333333333,0.3333333333333333,48.0,48.0,empirical group EESR,disabled,20260929,20eced06353f152f936cfba5517ba7305629052a
stress_balance,E004,fixed_time,60.0,,96,96,1,0.010416666666666666,0.010416666666666666,0.0,1.0,0.0,0.16666666666666666,0.16666666666666666,60.0,60.0,empirical group EESR,disabled,20260929,20eced06353f152f936cfba5517ba7305629052a
stress_balance,E004,naive_confidence,0.5,,96,96,39,0.40625,0.40625,0.0,1.0,0.0,0.8333333333333334,0.8333333333333334,12.0,12.0,empirical group EESR,disabled,20260929,20eced06353f152f936cfba5517ba7305629052a
stress_balance,E004,naive_confidence,0.6,,96,96,20,0.20833333333333334,0.20833333333333334,0.0,1.0,0.0,0.7413194444444443,0.7413194444444443,18.625,12.0,empirical group EESR,disabled,20260929,20eced06353f152f936cfba5517ba7305629052a
stress_balance,E004,naive_confidence,0.7,,96,96,2,0.020833333333333332,0.020833333333333332,0.0,1.0,0.0,0.5763888888888888,0.5763888888888888,30.5,36.0,empirical group EESR,disabled,20260929,20eced06353f152f936cfba5517ba7305629052a
stress_balance,E004,naive_confidence,0.8,,96,96,0,0.0,0.0,0.0,1.0,0.0,0.44097222222222215,0.44097222222222215,40.25,48.0,empirical group EESR,disabled,20260929,20eced06353f152f936cfba5517ba7305629052a
stress_balance,E004,naive_confidence,0.9,,96,94,0,0.0,0.0,0.0,0.9791666666666666,0.0,0.28125,0.28723404255319146,51.75,48.0,empirical group EESR,disabled,20260929,20eced06353f152f936cfba5517ba7305629052a
stress_balance,E004,naive_confidence,0.95,,96,64,0,0.0,0.0,0.0,0.6666666666666666,0.0,0.1684027777777778,0.25260416666666663,59.875,60.0,empirical group EESR,disabled,20260929,20eced06353f152f936cfba5517ba7305629052a
stress_balance,E004,naive_confidence,0.975,,96,29,0,0.0,0.0,0.0,0.3020833333333333,0.0,0.06597222222222221,0.21839080459770113,67.25,72.0,empirical group EESR,disabled,20260929,20eced06353f152f936cfba5517ba7305629052a
stress_balance,E004,naive_confidence,0.99,,96,3,0,0.0,0.0,0.0,0.03125,0.0,0.005208333333333333,0.16666666666666666,71.625,72.0,empirical group EESR,disabled,20260929,20eced06353f152f936cfba5517ba7305629052a
stress_balance,E004,calibrated_non_group,0.02,0.02,96,4,0,0.0,0.0,0.0,0.041666666666666664,0.0,0.006944444444444444,0.16666666666666666,71.5,72.0,empirical group EESR,disabled,20260929,20eced06353f152f936cfba5517ba7305629052a
stress_balance,E004,cbes_style,0.02,0.02,96,0,0,0.0,0.0,0.0,0.0,0.0,0.0,0.0,72.0,72.0,empirical group EESR,disabled,20260929,20eced06353f152f936cfba5517ba7305629052a
stress_balance,E004,gates_without_ood,0.02,0.02,96,4,0,0.0,0.0,0.0,0.041666666666666664,0.0,0.006944444444444444,0.16666666666666666,71.5,72.0,empirical group EESR,disabled,20260929,20eced06353f152f936cfba5517ba7305629052a
stress_balance,E004,gates_full,0.02,0.02,96,4,0,0.0,0.0,0.0,0.041666666666666664,0.0,0.006944444444444444,0.16666666666666666,71.5,72.0,empirical group EESR,enabled,20260929,20eced06353f152f936cfba5517ba7305629052a
stress_balance,E004,calibrated_non_group,0.05,0.05,96,53,0,0.0,0.0,0.0,0.5520833333333334,0.0,0.09375,0.16981132075471692,65.25,60.0,empirical group EESR,disabled,20260929,20eced06353f152f936cfba5517ba7305629052a
stress_balance,E004,cbes_style,0.05,0.05,96,0,0,0.0,0.0,0.0,0.0,0.0,0.0,0.0,72.0,72.0,empirical group EESR,disabled,20260929,20eced06353f152f936cfba5517ba7305629052a
stress_balance,E004,gates_without_ood,0.05,0.05,96,53,0,0.0,0.0,0.0,0.5520833333333334,0.0,0.0920138888888889,0.1666666666666666,65.375,60.0,empirical group EESR,disabled,20260929,20eced06353f152f936cfba5517ba7305629052a
stress_balance,E004,gates_full,0.05,0.05,96,53,0,0.0,0.0,0.0,0.5520833333333334,0.0,0.0920138888888889,0.1666666666666666,65.375,60.0,empirical group EESR,enabled,20260929,20eced06353f152f936cfba5517ba7305629052a
stress_balance,E004,calibrated_non_group,0.1,0.1,96,93,0,0.0,0.0,0.0,0.96875,0.0,0.22569444444444442,0.23297491039426516,55.75,60.0,empirical group EESR,disabled,20260929,20eced06353f152f936cfba5517ba7305629052a
stress_balance,E004,cbes_style,0.1,0.1,96,0,0,0.0,0.0,0.0,0.0,0.0,0.0,0.0,72.0,72.0,empirical group EESR,disabled,20260929,20eced06353f152f936cfba5517ba7305629052a
stress_balance,E004,gates_without_ood,0.1,0.1,96,68,0,0.0,0.0,0.0,0.7083333333333334,0.0,0.11979166666666667,0.16911764705882348,63.375,60.0,empirical group EESR,disabled,20260929,20eced06353f152f936cfba5517ba7305629052a
stress_balance,E004,gates_full,0.1,0.1,96,68,0,0.0,0.0,0.0,0.7083333333333334,0.0,0.11979166666666667,0.16911764705882348,63.375,60.0,empirical group EESR,enabled,20260929,20eced06353f152f936cfba5517ba7305629052a
stress_balance,E004,calibrated_non_group,0.15,0.15,96,95,0,0.0,0.0,0.0,0.9895833333333334,0.0,0.3350694444444444,0.3385964912280702,47.875,48.0,empirical group EESR,disabled,20260929,20eced06353f152f936cfba5517ba7305629052a
stress_balance,E004,cbes_style,0.15,0.15,96,0,0,0.0,0.0,0.0,0.0,0.0,0.0,0.0,72.0,72.0,empirical group EESR,disabled,20260929,20eced06353f152f936cfba5517ba7305629052a
stress_balance,E004,gates_without_ood,0.15,0.15,96,94,0,0.0,0.0,0.0,0.9791666666666666,0.0,0.2795138888888889,0.28546099290780136,51.875,48.0,empirical group EESR,disabled,20260929,20eced06353f152f936cfba5517ba7305629052a
stress_balance,E004,gates_full,0.15,0.15,96,94,0,0.0,0.0,0.0,0.9791666666666666,0.0,0.2795138888888889,0.28546099290780136,51.875,48.0,empirical group EESR,enabled,20260929,20eced06353f152f936cfba5517ba7305629052a
stress_balance,E004,calibrated_non_group,0.2,0.2,96,96,0,0.0,0.0,0.0,1.0,0.0,0.3298611111111111,0.3298611111111111,48.25,48.0,empirical group EESR,disabled,20260929,20eced06353f152f936cfba5517ba7305629052a
stress_balance,E004,cbes_style,0.2,0.2,96,0,0,0.0,0.0,0.0,0.0,0.0,0.0,0.0,72.0,72.0,empirical group EESR,disabled,20260929,20eced06353f152f936cfba5517ba7305629052a
stress_balance,E004,gates_without_ood,0.2,0.2,96,96,0,0.0,0.0,0.0,1.0,0.0,0.37326388888888884,0.37326388888888884,45.125,48.0,empirical group EESR,disabled,20260929,20eced06353f152f936cfba5517ba7305629052a
stress_balance,E004,gates_full,0.2,0.2,96,96,0,0.0,0.0,0.0,1.0,0.0,0.37326388888888884,0.37326388888888884,45.125,48.0,empirical group EESR,enabled,20260929,20eced06353f152f936cfba5517ba7305629052a
stress_balance,E004,calibrated_non_group,0.3,0.3,96,96,1,0.010416666666666666,0.010416666666666666,0.0,1.0,0.0,0.4913194444444444,0.4913194444444444,36.625,48.0,empirical group EESR,disabled,20260929,20eced06353f152f936cfba5517ba7305629052a
stress_balance,E004,cbes_style,0.3,0.3,96,96,3,0.03125,0.03125,0.0,1.0,0.0,0.5104166666666666,0.5104166666666666,35.25,24.0,empirical group EESR,disabled,20260929,20eced06353f152f936cfba5517ba7305629052a
stress_balance,E004,gates_without_ood,0.3,0.3,96,96,1,0.010416666666666666,0.010416666666666666,0.0,1.0,0.0,0.453125,0.453125,39.375,48.0,empirical group EESR,disabled,20260929,20eced06353f152f936cfba5517ba7305629052a
stress_balance,E004,gates_full,0.3,0.3,96,96,1,0.010416666666666666,0.010416666666666666,0.0,1.0,0.0,0.453125,0.453125,39.375,48.0,empirical group EESR,enabled,20260929,20eced06353f152f936cfba5517ba7305629052a
stress_balance,E005,full_protocol,none,,73,0,0,0.0,0.0,0.0,0.0,0.0,0.0,0.0,72.0,72.0,empirical group EESR,disabled,20260929,20eced06353f152f936cfba5517ba7305629052a
stress_balance,E005,fixed_time,12.0,,73,73,27,0.3698630136986301,0.3150684931506849,0.0547945205479452,1.0,0.0,0.8333333333333333,0.8333333333333333,12.0,12.0,empirical group EESR,disabled,20260929,20eced06353f152f936cfba5517ba7305629052a
stress_balance,E005,fixed_time,24.0,,73,73,31,0.4246575342465753,0.410958904109589,0.0136986301369863,1.0,0.0,0.6666666666666666,0.6666666666666666,24.0,24.0,empirical group EESR,disabled,20260929,20eced06353f152f936cfba5517ba7305629052a
stress_balance,E005,fixed_time,36.0,,73,73,37,0.5068493150684932,0.4657534246575342,0.0410958904109589,1.0,0.0,0.5,0.5,36.0,36.0,empirical group EESR,disabled,20260929,20eced06353f152f936cfba5517ba7305629052a
stress_balance,E005,fixed_time,48.0,,73,73,25,0.3424657534246575,0.3150684931506849,0.0273972602739726,1.0,0.0,0.3333333333333333,0.3333333333333333,48.0,48.0,empirical group EESR,disabled,20260929,20eced06353f152f936cfba5517ba7305629052a
stress_balance,E005,fixed_time,60.0,,73,73,20,0.273972602739726,0.2602739726027397,0.0136986301369863,1.0,0.0,0.16666666666666666,0.16666666666666666,60.0,60.0,empirical group EESR,disabled,20260929,20eced06353f152f936cfba5517ba7305629052a
stress_balance,E005,naive_confidence,0.5,,73,73,27,0.3698630136986301,0.3150684931506849,0.0547945205479452,1.0,0.0,0.8333333333333333,0.8333333333333333,12.0,12.0,empirical group EESR,disabled,20260929,20eced06353f152f936cfba5517ba7305629052a
stress_balance,E005,naive_confidence,0.6,,73,73,27,0.3698630136986301,0.3150684931506849,0.0547945205479452,1.0,0.0,0.7990867579908676,0.7990867579908676,14.465753424657533,12.0,empirical group EESR,disabled,20260929,20eced06353f152f936cfba5517ba7305629052a
stress_balance,E005,naive_confidence,0.7,,73,73,30,0.410958904109589,0.3698630136986301,0.0410958904109589,1.0,0.0,0.7602739726027398,0.7602739726027398,17.26027397260274,12.0,empirical group EESR,disabled,20260929,20eced06353f152f936cfba5517ba7305629052a
stress_balance,E005,naive_confidence,0.8,,73,73,28,0.3835616438356164,0.3424657534246575,0.0410958904109589,1.0,0.0,0.7054794520547945,0.7054794520547945,21.205479452054796,12.0,empirical group EESR,disabled,20260929,20eced06353f152f936cfba5517ba7305629052a
stress_balance,E005,naive_confidence,0.9,,73,68,24,0.35294117647058826,0.3235294117647059,0.029411764705882353,0.9315068493150684,0.0,0.5707762557077626,0.6127450980392158,30.904109589041095,24.0,empirical group EESR,disabled,20260929,20eced06353f152f936cfba5517ba7305629052a
stress_balance,E005,naive_confidence,0.95,,73,55,17,0.3090909090909091,0.2909090909090909,0.01818181818181818,0.7534246575342466,0.0,0.39954337899543374,0.5303030303030303,43.23287671232877,48.0,empirical group EESR,disabled,20260929,20eced06353f152f936cfba5517ba7305629052a
stress_balance,E005,naive_confidence,0.975,,73,41,9,0.21951219512195122,0.21951219512195122,0.0,0.5616438356164384,0.0,0.2671232876712329,0.47560975609756095,52.76712328767123,60.0,empirical group EESR,disabled,20260929,20eced06353f152f936cfba5517ba7305629052a
stress_balance,E005,naive_confidence,0.99,,73,22,2,0.09090909090909091,0.09090909090909091,0.0,0.3013698630136986,0.0,0.10730593607305937,0.356060606060606,64.27397260273973,72.0,empirical group EESR,disabled,20260929,20eced06353f152f936cfba5517ba7305629052a
stress_balance,E005,calibrated_non_group,0.02,0.02,73,27,6,0.2222222222222222,0.2222222222222222,0.0,0.3698630136986301,0.0,0.18721461187214608,0.5061728395061728,58.52054794520548,72.0,empirical group EESR,disabled,20260929,20eced06353f152f936cfba5517ba7305629052a
stress_balance,E005,cbes_style,0.02,0.02,73,0,0,0.0,0.0,0.0,0.0,0.0,0.0,0.0,72.0,72.0,empirical group EESR,disabled,20260929,20eced06353f152f936cfba5517ba7305629052a
stress_balance,E005,gates_without_ood,0.02,0.02,73,0,0,0.0,0.0,0.0,0.0,0.0,0.0,0.0,72.0,72.0,empirical group EESR,disabled,20260929,20eced06353f152f936cfba5517ba7305629052a
stress_balance,E005,gates_full,0.02,0.02,73,0,0,0.0,0.0,0.0,0.0,0.0,0.0,0.0,72.0,72.0,empirical group EESR,enabled,20260929,20eced06353f152f936cfba5517ba7305629052a
stress_balance,E005,calibrated_non_group,0.05,0.05,73,41,9,0.21951219512195122,0.21951219512195122,0.0,0.5616438356164384,0.0,0.2374429223744292,0.4227642276422764,54.9041095890411,60.0,empirical group EESR,disabled,20260929,20eced06353f152f936cfba5517ba7305629052a
stress_balance,E005,cbes_style,0.05,0.05,73,0,0,0.0,0.0,0.0,0.0,0.0,0.0,0.0,72.0,72.0,empirical group EESR,disabled,20260929,20eced06353f152f936cfba5517ba7305629052a
stress_balance,E005,gates_without_ood,0.05,0.05,73,15,1,0.06666666666666667,0.06666666666666667,0.0,0.2054794520547945,0.0,0.03424657534246575,0.16666666666666663,69.53424657534246,72.0,empirical group EESR,disabled,20260929,20eced06353f152f936cfba5517ba7305629052a
stress_balance,E005,gates_full,0.05,0.05,73,13,1,0.07692307692307693,0.07692307692307693,0.0,0.1780821917808219,0.0273972602739726,0.02968036529680365,0.16666666666666666,69.86301369863014,72.0,empirical group EESR,enabled,20260929,20eced06353f152f936cfba5517ba7305629052a
stress_balance,E005,calibrated_non_group,0.1,0.1,73,57,20,0.3508771929824561,0.3333333333333333,0.017543859649122806,0.7808219178082192,0.0,0.3949771689497717,0.5058479532163742,43.56164383561644,48.0,empirical group EESR,disabled,20260929,20eced06353f152f936cfba5517ba7305629052a
stress_balance,E005,cbes_style,0.1,0.1,73,0,0,0.0,0.0,0.0,0.0,0.0,0.0,0.0,72.0,72.0,empirical group EESR,disabled,20260929,20eced06353f152f936cfba5517ba7305629052a
stress_balance,E005,gates_without_ood,0.1,0.1,73,46,12,0.2608695652173913,0.2608695652173913,0.0,0.6301369863013698,0.0,0.30593607305936066,0.48550724637681164,49.97260273972603,48.0,empirical group EESR,disabled,20260929,20eced06353f152f936cfba5517ba7305629052a
stress_balance,E005,gates_full,0.1,0.1,73,24,5,0.20833333333333334,0.20833333333333334,0.0,0.3287671232876712,0.3013698630136986,0.11415525114155249,0.34722222222222215,63.78082191780822,72.0,empirical group EESR,enabled,20260929,20eced06353f152f936cfba5517ba7305629052a
stress_balance,E005,calibrated_non_group,0.15,0.15,73,50,16,0.32,0.32,0.0,0.684931506849315,0.0,0.35616438356164376,0.52,46.35616438356164,48.0,empirical group EESR,disabled,20260929,20eced06353f152f936cfba5517ba7305629052a
stress_balance,E005,cbes_style,0.15,0.15,73,57,16,0.2807017543859649,0.2631578947368421,0.017543859649122806,0.7808219178082192,0.0,0.13013698630136983,0.16666666666666663,62.63013698630137,60.0,empirical group EESR,disabled,20260929,20eced06353f152f936cfba5517ba7305629052a
stress_balance,E005,gates_without_ood,0.15,0.15,73,55,18,0.32727272727272727,0.3090909090909091,0.01818181818181818,0.7534246575342466,0.0,0.3675799086757991,0.48787878787878786,45.534246575342465,48.0,empirical group EESR,disabled,20260929,20eced06353f152f936cfba5517ba7305629052a
stress_balance,E005,gates_full,0.15,0.15,73,31,9,0.2903225806451613,0.25806451612903225,0.03225806451612903,0.4246575342465753,0.3287671232876712,0.15753424657534246,0.37096774193548393,60.657534246575345,72.0,empirical group EESR,enabled,20260929,20eced06353f152f936cfba5517ba7305629052a
stress_balance,E005,calibrated_non_group,0.2,0.2,73,70,29,0.4142857142857143,0.38571428571428573,0.02857142857142857,0.958904109589041,0.0,0.6255707762557078,0.6523809523809524,26.958904109589042,24.0,empirical group EESR,disabled,20260929,20eced06353f152f936cfba5517ba7305629052a
stress_balance,E005,cbes_style,0.2,0.2,73,57,16,0.2807017543859649,0.2631578947368421,0.017543859649122806,0.7808219178082192,0.0,0.13013698630136983,0.16666666666666663,62.63013698630137,60.0,empirical group EESR,disabled,20260929,20eced06353f152f936cfba5517ba7305629052a
stress_balance,E005,gates_without_ood,0.2,0.2,73,57,20,0.3508771929824561,0.3333333333333333,0.017543859649122806,0.7808219178082192,0.0,0.39954337899543374,0.5116959064327485,43.23287671232877,48.0,empirical group EESR,disabled,20260929,20eced06353f152f936cfba5517ba7305629052a
stress_balance,E005,gates_full,0.2,0.2,73,30,9,0.3,0.26666666666666666,0.03333333333333333,0.410958904109589,0.3698630136986301,0.16210045662100456,0.3944444444444445,60.32876712328767,72.0,empirical group EESR,enabled,20260929,20eced06353f152f936cfba5517ba7305629052a
stress_balance,E005,calibrated_non_group,0.3,0.3,73,73,28,0.3835616438356164,0.3424657534246575,0.0410958904109589,1.0,0.0,0.771689497716895,0.771689497716895,16.438356164383563,12.0,empirical group EESR,disabled,20260929,20eced06353f152f936cfba5517ba7305629052a
stress_balance,E005,cbes_style,0.3,0.3,73,71,25,0.352112676056338,0.29577464788732394,0.056338028169014086,0.9726027397260274,0.0,0.728310502283105,0.7488262910798124,19.561643835616437,12.0,empirical group EESR,disabled,20260929,20eced06353f152f936cfba5517ba7305629052a
stress_balance,E005,gates_without_ood,0.3,0.3,73,73,30,0.410958904109589,0.3698630136986301,0.0410958904109589,1.0,0.0,0.7671232876712328,0.7671232876712328,16.767123287671232,12.0,empirical group EESR,disabled,20260929,20eced06353f152f936cfba5517ba7305629052a
stress_balance,E005,gates_full,0.3,0.3,73,26,8,0.3076923076923077,0.23076923076923078,0.07692307692307693,0.3561643835616438,0.6438356164383562,0.2602739726027397,0.7307692307692307,53.26027397260274,72.0,empirical group EESR,enabled,20260929,20eced06353f152f936cfba5517ba7305629052a
stress_balance,E006,full_protocol,none,,63,0,0,0.0,0.0,0.0,0.0,0.0,0.0,0.0,72.0,72.0,empirical group EESR,disabled,20260929,20eced06353f152f936cfba5517ba7305629052a
stress_balance,E006,fixed_time,12.0,,63,63,22,0.3492063492063492,0.06349206349206349,0.2857142857142857,1.0,0.0,0.8333333333333336,0.8333333333333336,12.0,12.0,empirical group EESR,disabled,20260929,20eced06353f152f936cfba5517ba7305629052a
stress_balance,E006,fixed_time,24.0,,63,63,14,0.2222222222222222,0.047619047619047616,0.1746031746031746,1.0,0.0,0.6666666666666663,0.6666666666666663,24.0,24.0,empirical group EESR,disabled,20260929,20eced06353f152f936cfba5517ba7305629052a
stress_balance,E006,fixed_time,36.0,,63,63,23,0.36507936507936506,0.1111111111111111,0.25396825396825395,1.0,0.0,0.5,0.5,36.0,36.0,empirical group EESR,disabled,20260929,20eced06353f152f936cfba5517ba7305629052a
stress_balance,E006,fixed_time,48.0,,63,63,15,0.23809523809523808,0.06349206349206349,0.1746031746031746,1.0,0.0,0.33333333333333315,0.33333333333333315,48.0,48.0,empirical group EESR,disabled,20260929,20eced06353f152f936cfba5517ba7305629052a
stress_balance,E006,fixed_time,60.0,,63,63,10,0.15873015873015872,0.07936507936507936,0.07936507936507936,1.0,0.0,0.16666666666666657,0.16666666666666657,60.0,60.0,empirical group EESR,disabled,20260929,20eced06353f152f936cfba5517ba7305629052a
stress_balance,E006,naive_confidence,0.5,,63,63,22,0.3492063492063492,0.06349206349206349,0.2857142857142857,1.0,0.0,0.8333333333333336,0.8333333333333336,12.0,12.0,empirical group EESR,disabled,20260929,20eced06353f152f936cfba5517ba7305629052a
stress_balance,E006,naive_confidence,0.6,,63,63,19,0.30158730158730157,0.031746031746031744,0.2698412698412698,1.0,0.0,0.7962962962962964,0.7962962962962964,14.666666666666666,12.0,empirical group EESR,disabled,20260929,20eced06353f152f936cfba5517ba7305629052a
stress_balance,E006,naive_confidence,0.7,,63,63,19,0.30158730158730157,0.07936507936507936,0.2222222222222222,1.0,0.0,0.7328042328042329,0.7328042328042329,19.238095238095237,12.0,empirical group EESR,disabled,20260929,20eced06353f152f936cfba5517ba7305629052a
stress_balance,E006,naive_confidence,0.8,,63,60,14,0.23333333333333334,0.06666666666666667,0.16666666666666666,0.9523809523809523,0.0,0.5714285714285715,0.6000000000000002,30.857142857142858,24.0,empirical group EESR,disabled,20260929,20eced06353f152f936cfba5517ba7305629052a
stress_balance,E006,naive_confidence,0.9,,63,48,7,0.14583333333333334,0.0625,0.08333333333333333,0.7619047619047619,0.0,0.36243386243386244,0.4756944444444444,45.904761904761905,48.0,empirical group EESR,disabled,20260929,20eced06353f152f936cfba5517ba7305629052a
stress_balance,E006,naive_confidence,0.95,,63,32,3,0.09375,0.03125,0.0625,0.5079365079365079,0.0,0.1984126984126984,0.390625,57.714285714285715,60.0,empirical group EESR,disabled,20260929,20eced06353f152f936cfba5517ba7305629052a
stress_balance,E006,naive_confidence,0.975,,63,24,1,0.041666666666666664,0.041666666666666664,0.0,0.38095238095238093,0.0,0.10846560846560846,0.28472222222222227,64.19047619047619,72.0,empirical group EESR,disabled,20260929,20eced06353f152f936cfba5517ba7305629052a
stress_balance,E006,naive_confidence,0.99,,63,17,1,0.058823529411764705,0.058823529411764705,0.0,0.2698412698412698,0.0,0.06084656084656085,0.22549019607843132,67.61904761904762,72.0,empirical group EESR,disabled,20260929,20eced06353f152f936cfba5517ba7305629052a
stress_balance,E006,calibrated_non_group,0.02,0.02,63,25,3,0.12,0.04,0.08,0.3968253968253968,0.0,0.16137566137566137,0.4066666666666666,60.38095238095238,72.0,empirical group EESR,disabled,20260929,20eced06353f152f936cfba5517ba7305629052a
stress_balance,E006,cbes_style,0.02,0.02,63,0,0,0.0,0.0,0.0,0.0,0.0,0.0,0.0,72.0,72.0,empirical group EESR,disabled,20260929,20eced06353f152f936cfba5517ba7305629052a
stress_balance,E006,gates_without_ood,0.02,0.02,63,10,1,0.1,0.0,0.1,0.15873015873015872,0.0,0.10582010582010583,0.6666666666666667,64.38095238095238,72.0,empirical group EESR,disabled,20260929,20eced06353f152f936cfba5517ba7305629052a
stress_balance,E006,gates_full,0.02,0.02,63,10,1,0.1,0.0,0.1,0.15873015873015872,0.0,0.10582010582010583,0.6666666666666667,64.38095238095238,72.0,empirical group EESR,enabled,20260929,20eced06353f152f936cfba5517ba7305629052a
stress_balance,E006,calibrated_non_group,0.05,0.05,63,42,5,0.11904761904761904,0.023809523809523808,0.09523809523809523,0.6666666666666666,0.0,0.31216931216931215,0.4682539682539682,49.523809523809526,48.0,empirical group EESR,disabled,20260929,20eced06353f152f936cfba5517ba7305629052a
stress_balance,E006,cbes_style,0.05,0.05,63,0,0,0.0,0.0,0.0,0.0,0.0,0.0,0.0,72.0,72.0,empirical group EESR,disabled,20260929,20eced06353f152f936cfba5517ba7305629052a
stress_balance,E006,gates_without_ood,0.05,0.05,63,32,2,0.0625,0.03125,0.03125,0.5079365079365079,0.0,0.164021164021164,0.32291666666666663,60.19047619047619,60.0,empirical group EESR,disabled,20260929,20eced06353f152f936cfba5517ba7305629052a
stress_balance,E006,gates_full,0.05,0.05,63,32,2,0.0625,0.03125,0.03125,0.5079365079365079,0.0,0.164021164021164,0.32291666666666663,60.19047619047619,60.0,empirical group EESR,enabled,20260929,20eced06353f152f936cfba5517ba7305629052a
stress_balance,E006,calibrated_non_group,0.1,0.1,63,52,10,0.19230769230769232,0.019230769230769232,0.17307692307692307,0.8253968253968254,0.0,0.44444444444444436,0.5384615384615384,40.0,48.0,empirical group EESR,disabled,20260929,20eced06353f152f936cfba5517ba7305629052a
stress_balance,E006,cbes_style,0.1,0.1,63,0,0,0.0,0.0,0.0,0.0,0.0,0.0,0.0,72.0,72.0,empirical group EESR,disabled,20260929,20eced06353f152f936cfba5517ba7305629052a
stress_balance,E006,gates_without_ood,0.1,0.1,63,45,9,0.2,0.022222222222222223,0.17777777777777778,0.7142857142857143,0.0,0.4338624338624338,0.6074074074074074,40.76190476190476,48.0,empirical group EESR,disabled,20260929,20eced06353f152f936cfba5517ba7305629052a
stress_balance,E006,gates_full,0.1,0.1,63,41,8,0.1951219512195122,0.0,0.1951219512195122,0.6507936507936508,0.06349206349206349,0.3809523809523809,0.5853658536585366,44.57142857142857,48.0,empirical group EESR,enabled,20260929,20eced06353f152f936cfba5517ba7305629052a
stress_balance,E006,calibrated_non_group,0.15,0.15,63,56,16,0.2857142857142857,0.05357142857142857,0.23214285714285715,0.8888888888888888,0.0,0.6164021164021166,0.6934523809523808,27.61904761904762,12.0,empirical group EESR,disabled,20260929,20eced06353f152f936cfba5517ba7305629052a
stress_balance,E006,cbes_style,0.15,0.15,63,0,0,0.0,0.0,0.0,0.0,0.0,0.0,0.0,72.0,72.0,empirical group EESR,disabled,20260929,20eced06353f152f936cfba5517ba7305629052a
stress_balance,E006,gates_without_ood,0.15,0.15,63,56,16,0.2857142857142857,0.05357142857142857,0.23214285714285715,0.8888888888888888,0.0,0.6164021164021166,0.6934523809523808,27.61904761904762,12.0,empirical group EESR,disabled,20260929,20eced06353f152f936cfba5517ba7305629052a
stress_balance,E006,gates_full,0.15,0.15,63,50,14,0.28,0.04,0.24,0.7936507936507936,0.09523809523809523,0.5370370370370371,0.6766666666666667,33.333333333333336,12.0,empirical group EESR,enabled,20260929,20eced06353f152f936cfba5517ba7305629052a
stress_balance,E006,calibrated_non_group,0.2,0.2,63,61,17,0.2786885245901639,0.04918032786885246,0.22950819672131148,0.9682539682539683,0.0,0.6772486772486775,0.6994535519125685,23.238095238095237,12.0,empirical group EESR,disabled,20260929,20eced06353f152f936cfba5517ba7305629052a
stress_balance,E006,cbes_style,0.2,0.2,63,48,7,0.14583333333333334,0.0,0.14583333333333334,0.7619047619047619,0.0,0.25396825396825395,0.3333333333333333,53.714285714285715,48.0,empirical group EESR,disabled,20260929,20eced06353f152f936cfba5517ba7305629052a
stress_balance,E006,gates_without_ood,0.2,0.2,63,59,16,0.2711864406779661,0.05084745762711865,0.22033898305084745,0.9365079365079365,0.0,0.6587301587301589,0.7033898305084747,24.571428571428573,12.0,empirical group EESR,disabled,20260929,20eced06353f152f936cfba5517ba7305629052a
stress_balance,E006,gates_full,0.2,0.2,63,52,14,0.2692307692307692,0.038461538461538464,0.23076923076923078,0.8253968253968254,0.1111111111111111,0.5661375661375663,0.6858974358974361,31.238095238095237,12.0,empirical group EESR,enabled,20260929,20eced06353f152f936cfba5517ba7305629052a
stress_balance,E006,calibrated_non_group,0.3,0.3,63,63,19,0.30158730158730157,0.06349206349206349,0.23809523809523808,1.0,0.0,0.7592592592592594,0.7592592592592594,17.333333333333332,12.0,empirical group EESR,disabled,20260929,20eced06353f152f936cfba5517ba7305629052a
stress_balance,E006,cbes_style,0.3,0.3,63,63,18,0.2857142857142857,0.031746031746031744,0.25396825396825395,1.0,0.0,0.7301587301587302,0.7301587301587302,19.428571428571427,12.0,empirical group EESR,disabled,20260929,20eced06353f152f936cfba5517ba7305629052a
stress_balance,E006,gates_without_ood,0.3,0.3,63,63,20,0.31746031746031744,0.047619047619047616,0.2698412698412698,1.0,0.0,0.791005291005291,0.791005291005291,15.047619047619047,12.0,empirical group EESR,disabled,20260929,20eced06353f152f936cfba5517ba7305629052a
stress_balance,E006,gates_full,0.3,0.3,63,56,18,0.32142857142857145,0.03571428571428571,0.2857142857142857,0.8888888888888888,0.1111111111111111,0.6984126984126985,0.7857142857142857,21.714285714285715,12.0,empirical group EESR,enabled,20260929,20eced06353f152f936cfba5517ba7305629052a
stress_balance,E007,full_protocol,none,,69,0,0,0.0,0.0,0.0,0.0,0.0,0.0,0.0,72.0,72.0,empirical group EESR,disabled,20260929,20eced06353f152f936cfba5517ba7305629052a
stress_balance,E007,fixed_time,12.0,,69,69,27,0.391304347826087,0.30434782608695654,0.08695652173913043,1.0,0.0,0.8333333333333335,0.8333333333333335,12.0,12.0,empirical group EESR,disabled,20260929,20eced06353f152f936cfba5517ba7305629052a
stress_balance,E007,fixed_time,24.0,,69,69,22,0.3188405797101449,0.17391304347826086,0.14492753623188406,1.0,0.0,0.6666666666666664,0.6666666666666664,24.0,24.0,empirical group EESR,disabled,20260929,20eced06353f152f936cfba5517ba7305629052a
stress_balance,E007,fixed_time,36.0,,69,69,34,0.4927536231884058,0.4057971014492754,0.08695652173913043,1.0,0.0,0.5,0.5,36.0,36.0,empirical group EESR,disabled,20260929,20eced06353f152f936cfba5517ba7305629052a
stress_balance,E007,fixed_time,48.0,,69,69,24,0.34782608695652173,0.17391304347826086,0.17391304347826086,1.0,0.0,0.3333333333333332,0.3333333333333332,48.0,48.0,empirical group EESR,disabled,20260929,20eced06353f152f936cfba5517ba7305629052a
stress_balance,E007,fixed_time,60.0,,69,69,19,0.2753623188405797,0.17391304347826086,0.10144927536231885,1.0,0.0,0.1666666666666666,0.1666666666666666,60.0,60.0,empirical group EESR,disabled,20260929,20eced06353f152f936cfba5517ba7305629052a
stress_balance,E007,naive_confidence,0.5,,69,69,27,0.391304347826087,0.30434782608695654,0.08695652173913043,1.0,0.0,0.8333333333333335,0.8333333333333335,12.0,12.0,empirical group EESR,disabled,20260929,20eced06353f152f936cfba5517ba7305629052a
stress_balance,E007,naive_confidence,0.6,,69,69,24,0.34782608695652173,0.2753623188405797,0.07246376811594203,1.0,0.0,0.7898550724637682,0.7898550724637682,15.130434782608695,12.0,empirical group EESR,disabled,20260929,20eced06353f152f936cfba5517ba7305629052a
stress_balance,E007,naive_confidence,0.7,,69,69,26,0.37681159420289856,0.2318840579710145,0.14492753623188406,1.0,0.0,0.7004830917874397,0.7004830917874397,21.565217391304348,12.0,empirical group EESR,disabled,20260929,20eced06353f152f936cfba5517ba7305629052a
stress_balance,E007,naive_confidence,0.8,,69,54,15,0.2777777777777778,0.18518518518518517,0.09259259259259259,0.782608695652174,0.0,0.5,0.6388888888888888,36.0,24.0,empirical group EESR,disabled,20260929,20eced06353f152f936cfba5517ba7305629052a
stress_balance,E007,naive_confidence,0.9,,69,30,7,0.23333333333333334,0.16666666666666666,0.06666666666666667,0.43478260869565216,0.0,0.2584541062801932,0.5944444444444444,53.391304347826086,72.0,empirical group EESR,disabled,20260929,20eced06353f152f936cfba5517ba7305629052a
stress_balance,E007,naive_confidence,0.95,,69,19,2,0.10526315789473684,0.10526315789473684,0.0,0.2753623188405797,0.0,0.1400966183574879,0.5087719298245613,61.91304347826087,72.0,empirical group EESR,disabled,20260929,20eced06353f152f936cfba5517ba7305629052a
stress_balance,E007,naive_confidence,0.975,,69,8,0,0.0,0.0,0.0,0.11594202898550725,0.0,0.03140096618357488,0.2708333333333333,69.73913043478261,72.0,empirical group EESR,disabled,20260929,20eced06353f152f936cfba5517ba7305629052a
stress_balance,E007,naive_confidence,0.99,,69,4,0,0.0,0.0,0.0,0.057971014492753624,0.0,0.019323671497584544,0.33333333333333337,70.6086956521739,72.0,empirical group EESR,disabled,20260929,20eced06353f152f936cfba5517ba7305629052a
stress_balance,E007,calibrated_non_group,0.02,0.02,69,50,16,0.32,0.2,0.12,0.7246376811594203,0.0,0.40821256038647347,0.5633333333333334,42.608695652173914,24.0,empirical group EESR,disabled,20260929,20eced06353f152f936cfba5517ba7305629052a
stress_balance,E007,cbes_style,0.02,0.02,69,0,0,0.0,0.0,0.0,0.0,0.0,0.0,0.0,72.0,72.0,empirical group EESR,disabled,20260929,20eced06353f152f936cfba5517ba7305629052a
stress_balance,E007,gates_without_ood,0.02,0.02,69,27,4,0.14814814814814814,0.14814814814814814,0.0,0.391304347826087,0.0,0.2463768115942029,0.6296296296296297,54.26086956521739,72.0,empirical group EESR,disabled,20260929,20eced06353f152f936cfba5517ba7305629052a
stress_balance,E007,gates_full,0.02,0.02,69,18,1,0.05555555555555555,0.05555555555555555,0.0,0.2608695652173913,0.13043478260869565,0.17391304347826084,0.6666666666666665,59.47826086956522,72.0,empirical group EESR,enabled,20260929,20eced06353f152f936cfba5517ba7305629052a
stress_balance,E007,calibrated_non_group,0.05,0.05,69,60,22,0.36666666666666664,0.21666666666666667,0.15,0.8695652173913043,0.0,0.502415458937198,0.5777777777777776,35.82608695652174,24.0,empirical group EESR,disabled,20260929,20eced06353f152f936cfba5517ba7305629052a
stress_balance,E007,cbes_style,0.05,0.05,69,23,5,0.21739130434782608,0.043478260869565216,0.17391304347826086,0.3333333333333333,0.0,0.1111111111111111,0.3333333333333332,64.0,72.0,empirical group EESR,disabled,20260929,20eced06353f152f936cfba5517ba7305629052a
stress_balance,E007,gates_without_ood,0.05,0.05,69,55,16,0.2909090909090909,0.18181818181818182,0.10909090909090909,0.7971014492753623,0.0,0.42028985507246375,0.5272727272727273,41.73913043478261,24.0,empirical group EESR,disabled,20260929,20eced06353f152f936cfba5517ba7305629052a
stress_balance,E007,gates_full,0.05,0.05,69,34,8,0.23529411764705882,0.08823529411764706,0.14705882352941177,0.4927536231884058,0.30434782608695654,0.30193236714975846,0.6127450980392157,50.26086956521739,72.0,empirical group EESR,enabled,20260929,20eced06353f152f936cfba5517ba7305629052a
stress_balance,E007,calibrated_non_group,0.1,0.1,69,69,24,0.34782608695652173,0.18840579710144928,0.15942028985507245,1.0,0.0,0.5531400966183574,0.5531400966183574,32.17391304347826,24.0,empirical group EESR,disabled,20260929,20eced06353f152f936cfba5517ba7305629052a
stress_balance,E007,cbes_style,0.1,0.1,69,47,13,0.2765957446808511,0.1702127659574468,0.10638297872340426,0.6811594202898551,0.0,0.16908212560386468,0.24822695035460984,59.82608695652174,60.0,empirical group EESR,disabled,20260929,20eced06353f152f936cfba5517ba7305629052a
stress_balance,E007,gates_without_ood,0.1,0.1,69,69,24,0.34782608695652173,0.18840579710144928,0.15942028985507245,1.0,0.0,0.5531400966183574,0.5531400966183574,32.17391304347826,24.0,empirical group EESR,disabled,20260929,20eced06353f152f936cfba5517ba7305629052a
stress_balance,E007,gates_full,0.1,0.1,69,47,13,0.2765957446808511,0.0851063829787234,0.19148936170212766,0.6811594202898551,0.3188405797101449,0.39855072463768115,0.5851063829787235,43.30434782608695,36.0,empirical group EESR,enabled,20260929,20eced06353f152f936cfba5517ba7305629052a
stress_balance,E007,calibrated_non_group,0.15,0.15,69,69,23,0.3333333333333333,0.21739130434782608,0.11594202898550725,1.0,0.0,0.6328502415458935,0.6328502415458935,26.434782608695652,24.0,empirical group EESR,disabled,20260929,20eced06353f152f936cfba5517ba7305629052a
stress_balance,E007,cbes_style,0.15,0.15,69,62,22,0.3548387096774194,0.25806451612903225,0.0967741935483871,0.8985507246376812,0.0,0.5821256038647344,0.6478494623655916,30.08695652173913,12.0,empirical group EESR,disabled,20260929,20eced06353f152f936cfba5517ba7305629052a
stress_balance,E007,gates_without_ood,0.15,0.15,69,69,24,0.34782608695652173,0.21739130434782608,0.13043478260869565,1.0,0.0,0.6062801932367148,0.6062801932367148,28.347826086956523,24.0,empirical group EESR,disabled,20260929,20eced06353f152f936cfba5517ba7305629052a
stress_balance,E007,gates_full,0.15,0.15,69,50,15,0.3,0.14,0.16,0.7246376811594203,0.2753623188405797,0.4589371980676329,0.6333333333333333,38.95652173913044,24.0,empirical group EESR,enabled,20260929,20eced06353f152f936cfba5517ba7305629052a
stress_balance,E007,calibrated_non_group,0.2,0.2,69,69,22,0.3188405797101449,0.17391304347826086,0.14492753623188406,1.0,0.0,0.6618357487922703,0.6618357487922703,24.347826086956523,24.0,empirical group EESR,disabled,20260929,20eced06353f152f936cfba5517ba7305629052a
stress_balance,E007,cbes_style,0.2,0.2,69,67,22,0.3283582089552239,0.19402985074626866,0.13432835820895522,0.9710144927536232,0.0,0.6859903381642513,0.7064676616915423,22.608695652173914,12.0,empirical group EESR,disabled,20260929,20eced06353f152f936cfba5517ba7305629052a
stress_balance,E007,gates_without_ood,0.2,0.2,69,69,22,0.3188405797101449,0.17391304347826086,0.14492753623188406,1.0,0.0,0.6570048309178742,0.6570048309178742,24.695652173913043,24.0,empirical group EESR,disabled,20260929,20eced06353f152f936cfba5517ba7305629052a
stress_balance,E007,gates_full,0.2,0.2,69,56,16,0.2857142857142857,0.125,0.16071428571428573,0.8115942028985508,0.18840579710144928,0.5338164251207729,0.6577380952380951,33.56521739130435,24.0,empirical group EESR,enabled,20260929,20eced06353f152f936cfba5517ba7305629052a
stress_balance,E007,calibrated_non_group,0.3,0.3,69,69,21,0.30434782608695654,0.17391304347826086,0.13043478260869565,1.0,0.0,0.7246376811594204,0.7246376811594204,19.82608695652174,24.0,empirical group EESR,disabled,20260929,20eced06353f152f936cfba5517ba7305629052a
stress_balance,E007,cbes_style,0.3,0.3,69,67,22,0.3283582089552239,0.19402985074626866,0.13432835820895522,0.9710144927536232,0.0,0.6859903381642513,0.7064676616915423,22.608695652173914,12.0,empirical group EESR,disabled,20260929,20eced06353f152f936cfba5517ba7305629052a
stress_balance,E007,gates_without_ood,0.3,0.3,69,69,22,0.3188405797101449,0.17391304347826086,0.14492753623188406,1.0,0.0,0.6618357487922703,0.6618357487922703,24.347826086956523,24.0,empirical group EESR,disabled,20260929,20eced06353f152f936cfba5517ba7305629052a
stress_balance,E007,gates_full,0.3,0.3,69,57,16,0.2807017543859649,0.12280701754385964,0.15789473684210525,0.8260869565217391,0.17391304347826086,0.5458937198067633,0.6608187134502923,32.69565217391305,24.0,empirical group EESR,enabled,20260929,20eced06353f152f936cfba5517ba7305629052a
stress_balance,E008,full_protocol,none,,60,0,0,0.0,0.0,0.0,0.0,0.0,0.0,0.0,72.0,72.0,empirical group EESR,disabled,20260929,20eced06353f152f936cfba5517ba7305629052a
stress_balance,E008,fixed_time,12.0,,60,60,18,0.3,0.13333333333333333,0.16666666666666666,1.0,0.0,0.8333333333333335,0.8333333333333335,12.0,12.0,empirical group EESR,disabled,20260929,20eced06353f152f936cfba5517ba7305629052a
stress_balance,E008,fixed_time,24.0,,60,60,12,0.2,0.06666666666666667,0.13333333333333333,1.0,0.0,0.6666666666666664,0.6666666666666664,24.0,24.0,empirical group EESR,disabled,20260929,20eced06353f152f936cfba5517ba7305629052a
stress_balance,E008,fixed_time,36.0,,60,60,12,0.2,0.1,0.1,1.0,0.0,0.5,0.5,36.0,36.0,empirical group EESR,disabled,20260929,20eced06353f152f936cfba5517ba7305629052a
stress_balance,E008,fixed_time,48.0,,60,60,6,0.1,0.08333333333333333,0.016666666666666666,1.0,0.0,0.3333333333333332,0.3333333333333332,48.0,48.0,empirical group EESR,disabled,20260929,20eced06353f152f936cfba5517ba7305629052a
stress_balance,E008,fixed_time,60.0,,60,60,6,0.1,0.08333333333333333,0.016666666666666666,1.0,0.0,0.1666666666666666,0.1666666666666666,60.0,60.0,empirical group EESR,disabled,20260929,20eced06353f152f936cfba5517ba7305629052a
stress_balance,E008,naive_confidence,0.5,,60,60,18,0.3,0.13333333333333333,0.16666666666666666,1.0,0.0,0.8333333333333335,0.8333333333333335,12.0,12.0,empirical group EESR,disabled,20260929,20eced06353f152f936cfba5517ba7305629052a
stress_balance,E008,naive_confidence,0.6,,60,60,16,0.26666666666666666,0.11666666666666667,0.15,1.0,0.0,0.7861111111111111,0.7861111111111111,15.4,12.0,empirical group EESR,disabled,20260929,20eced06353f152f936cfba5517ba7305629052a
stress_balance,E008,naive_confidence,0.7,,60,58,8,0.13793103448275862,0.05172413793103448,0.08620689655172414,0.9666666666666667,0.0,0.6749999999999999,0.6982758620689655,23.4,12.0,empirical group EESR,disabled,20260929,20eced06353f152f936cfba5517ba7305629052a
stress_balance,E008,naive_confidence,0.8,,60,56,4,0.07142857142857142,0.05357142857142857,0.017857142857142856,0.9333333333333333,0.0,0.5527777777777777,0.5922619047619049,32.2,24.0,empirical group EESR,disabled,20260929,20eced06353f152f936cfba5517ba7305629052a
stress_balance,E008,naive_confidence,0.9,,60,50,3,0.06,0.04,0.02,0.8333333333333334,0.0,0.4194444444444444,0.5033333333333333,41.8,48.0,empirical group EESR,disabled,20260929,20eced06353f152f936cfba5517ba7305629052a
stress_balance,E008,naive_confidence,0.95,,60,39,2,0.05128205128205128,0.05128205128205128,0.0,0.65,0.0,0.23055555555555554,0.3547008547008548,55.4,60.0,empirical group EESR,disabled,20260929,20eced06353f152f936cfba5517ba7305629052a
stress_balance,E008,naive_confidence,0.975,,60,21,2,0.09523809523809523,0.09523809523809523,0.0,0.35,0.0,0.11388888888888889,0.32539682539682535,63.8,72.0,empirical group EESR,disabled,20260929,20eced06353f152f936cfba5517ba7305629052a
stress_balance,E008,naive_confidence,0.99,,60,4,1,0.25,0.25,0.0,0.06666666666666667,0.0,0.016666666666666666,0.25,70.8,72.0,empirical group EESR,disabled,20260929,20eced06353f152f936cfba5517ba7305629052a
stress_balance,E008,calibrated_non_group,0.02,0.02,60,56,2,0.03571428571428571,0.03571428571428571,0.0,0.9333333333333333,0.0,0.18611111111111106,0.1994047619047619,58.6,60.0,empirical group EESR,disabled,20260929,20eced06353f152f936cfba5517ba7305629052a
stress_balance,E008,cbes_style,0.02,0.02,60,56,3,0.05357142857142857,0.03571428571428571,0.017857142857142856,0.9333333333333333,0.0,0.30555555555555547,0.3273809523809524,50.0,48.0,empirical group EESR,disabled,20260929,20eced06353f152f936cfba5517ba7305629052a
stress_balance,E008,gates_without_ood,0.02,0.02,60,56,2,0.03571428571428571,0.03571428571428571,0.0,0.9333333333333333,0.0,0.18611111111111106,0.1994047619047619,58.6,60.0,empirical group EESR,disabled,20260929,20eced06353f152f936cfba5517ba7305629052a
stress_balance,E008,gates_full,0.02,0.02,60,56,2,0.03571428571428571,0.03571428571428571,0.0,0.9333333333333333,0.0,0.18611111111111106,0.1994047619047619,58.6,60.0,empirical group EESR,enabled,20260929,20eced06353f152f936cfba5517ba7305629052a
stress_balance,E008,calibrated_non_group,0.05,0.05,60,56,2,0.03571428571428571,0.03571428571428571,0.0,0.9333333333333333,0.0,0.21944444444444441,0.2351190476190476,56.2,60.0,empirical group EESR,disabled,20260929,20eced06353f152f936cfba5517ba7305629052a
stress_balance,E008,cbes_style,0.05,0.05,60,57,5,0.08771929824561403,0.05263157894736842,0.03508771929824561,0.95,0.0,0.4222222222222222,0.4444444444444444,41.6,36.0,empirical group EESR,disabled,20260929,20eced06353f152f936cfba5517ba7305629052a
stress_balance,E008,gates_without_ood,0.05,0.05,60,56,2,0.03571428571428571,0.03571428571428571,0.0,0.9333333333333333,0.0,0.18611111111111106,0.1994047619047619,58.6,60.0,empirical group EESR,disabled,20260929,20eced06353f152f936cfba5517ba7305629052a
stress_balance,E008,gates_full,0.05,0.05,60,56,2,0.03571428571428571,0.03571428571428571,0.0,0.9333333333333333,0.0,0.18611111111111106,0.1994047619047619,58.6,60.0,empirical group EESR,enabled,20260929,20eced06353f152f936cfba5517ba7305629052a
stress_balance,E008,calibrated_non_group,0.1,0.1,60,57,3,0.05263157894736842,0.05263157894736842,0.0,0.95,0.0,0.47777777777777775,0.502923976608187,37.6,24.0,empirical group EESR,disabled,20260929,20eced06353f152f936cfba5517ba7305629052a
stress_balance,E008,cbes_style,0.1,0.1,60,58,9,0.15517241379310345,0.05172413793103448,0.10344827586206896,0.9666666666666667,0.0,0.5694444444444443,0.5890804597701148,31.0,24.0,empirical group EESR,disabled,20260929,20eced06353f152f936cfba5517ba7305629052a
stress_balance,E008,gates_without_ood,0.1,0.1,60,57,3,0.05263157894736842,0.05263157894736842,0.0,0.95,0.0,0.1916666666666666,0.20175438596491224,58.2,60.0,empirical group EESR,disabled,20260929,20eced06353f152f936cfba5517ba7305629052a
stress_balance,E008,gates_full,0.1,0.1,60,57,3,0.05263157894736842,0.05263157894736842,0.0,0.95,0.0,0.1916666666666666,0.20175438596491224,58.2,60.0,empirical group EESR,enabled,20260929,20eced06353f152f936cfba5517ba7305629052a
stress_balance,E008,calibrated_non_group,0.15,0.15,60,59,5,0.0847457627118644,0.06779661016949153,0.01694915254237288,0.9833333333333333,0.0,0.46944444444444433,0.4774011299435027,38.2,48.0,empirical group EESR,disabled,20260929,20eced06353f152f936cfba5517ba7305629052a
stress_balance,E008,cbes_style,0.15,0.15,60,58,9,0.15517241379310345,0.05172413793103448,0.10344827586206896,0.9666666666666667,0.0,0.5694444444444443,0.5890804597701148,31.0,24.0,empirical group EESR,disabled,20260929,20eced06353f152f936cfba5517ba7305629052a
stress_balance,E008,gates_without_ood,0.15,0.15,60,59,5,0.0847457627118644,0.06779661016949153,0.01694915254237288,0.9833333333333333,0.0,0.39444444444444443,0.4011299435028249,43.6,48.0,empirical group EESR,disabled,20260929,20eced06353f152f936cfba5517ba7305629052a
stress_balance,E008,gates_full,0.15,0.15,60,58,5,0.08620689655172414,0.06896551724137931,0.017241379310344827,0.9666666666666667,0.016666666666666666,0.38333333333333336,0.396551724137931,44.4,48.0,empirical group EESR,enabled,20260929,20eced06353f152f936cfba5517ba7305629052a
stress_balance,E008,calibrated_non_group,0.2,0.2,60,60,10,0.16666666666666666,0.1,0.06666666666666667,1.0,0.0,0.5833333333333331,0.5833333333333331,30.0,24.0,empirical group EESR,disabled,20260929,20eced06353f152f936cfba5517ba7305629052a
stress_balance,E008,cbes_style,0.2,0.2,60,58,9,0.15517241379310345,0.05172413793103448,0.10344827586206896,0.9666666666666667,0.0,0.5694444444444443,0.5890804597701148,31.0,24.0,empirical group EESR,disabled,20260929,20eced06353f152f936cfba5517ba7305629052a
stress_balance,E008,gates_without_ood,0.2,0.2,60,59,5,0.0847457627118644,0.06779661016949153,0.01694915254237288,0.9833333333333333,0.0,0.46666666666666656,0.47457627118644063,38.4,24.0,empirical group EESR,disabled,20260929,20eced06353f152f936cfba5517ba7305629052a
stress_balance,E008,gates_full,0.2,0.2,60,58,5,0.08620689655172414,0.06896551724137931,0.017241379310344827,0.9666666666666667,0.016666666666666666,0.4555555555555555,0.4712643678160919,39.2,36.0,empirical group EESR,enabled,20260929,20eced06353f152f936cfba5517ba7305629052a
stress_balance,E008,calibrated_non_group,0.3,0.3,60,60,12,0.2,0.06666666666666667,0.13333333333333333,1.0,0.0,0.6666666666666664,0.6666666666666664,24.0,24.0,empirical group EESR,disabled,20260929,20eced06353f152f936cfba5517ba7305629052a
stress_balance,E008,cbes_style,0.3,0.3,60,58,9,0.15517241379310345,0.05172413793103448,0.10344827586206896,0.9666666666666667,0.0,0.5694444444444443,0.5890804597701148,31.0,24.0,empirical group EESR,disabled,20260929,20eced06353f152f936cfba5517ba7305629052a
stress_balance,E008,gates_without_ood,0.3,0.3,60,60,9,0.15,0.06666666666666667,0.08333333333333333,1.0,0.0,0.5972222222222221,0.5972222222222221,29.0,24.0,empirical group EESR,disabled,20260929,20eced06353f152f936cfba5517ba7305629052a
stress_balance,E008,gates_full,0.3,0.3,60,58,9,0.15517241379310345,0.06896551724137931,0.08620689655172414,0.9666666666666667,0.03333333333333333,0.5805555555555555,0.6005747126436781,30.2,24.0,empirical group EESR,enabled,20260929,20eced06353f152f936cfba5517ba7305629052a
stress_balance,E009,full_protocol,none,,90,0,0,0.0,0.0,0.0,0.0,0.0,0.0,0.0,72.0,72.0,empirical group EESR,disabled,20260929,20eced06353f152f936cfba5517ba7305629052a
stress_balance,E009,fixed_time,12.0,,90,90,51,0.5666666666666667,0.5666666666666667,0.0,1.0,0.0,0.8333333333333331,0.8333333333333331,12.0,12.0,empirical group EESR,disabled,20260929,20eced06353f152f936cfba5517ba7305629052a
stress_balance,E009,fixed_time,24.0,,90,90,13,0.14444444444444443,0.14444444444444443,0.0,1.0,0.0,0.6666666666666666,0.6666666666666666,24.0,24.0,empirical group EESR,disabled,20260929,20eced06353f152f936cfba5517ba7305629052a
stress_balance,E009,fixed_time,36.0,,90,90,2,0.022222222222222223,0.022222222222222223,0.0,1.0,0.0,0.5,0.5,36.0,36.0,empirical group EESR,disabled,20260929,20eced06353f152f936cfba5517ba7305629052a
stress_balance,E009,fixed_time,48.0,,90,90,1,0.011111111111111112,0.011111111111111112,0.0,1.0,0.0,0.3333333333333333,0.3333333333333333,48.0,48.0,empirical group EESR,disabled,20260929,20eced06353f152f936cfba5517ba7305629052a
stress_balance,E009,fixed_time,60.0,,90,90,1,0.011111111111111112,0.011111111111111112,0.0,1.0,0.0,0.16666666666666666,0.16666666666666666,60.0,60.0,empirical group EESR,disabled,20260929,20eced06353f152f936cfba5517ba7305629052a
stress_balance,E009,naive_confidence,0.5,,90,90,51,0.5666666666666667,0.5666666666666667,0.0,1.0,0.0,0.8333333333333331,0.8333333333333331,12.0,12.0,empirical group EESR,disabled,20260929,20eced06353f152f936cfba5517ba7305629052a
stress_balance,E009,naive_confidence,0.6,,90,90,34,0.37777777777777777,0.37777777777777777,0.0,1.0,0.0,0.7592592592592592,0.7592592592592592,17.333333333333332,12.0,empirical group EESR,disabled,20260929,20eced06353f152f936cfba5517ba7305629052a
stress_balance,E009,naive_confidence,0.7,,90,89,21,0.23595505617977527,0.23595505617977527,0.0,0.9888888888888889,0.0,0.6666666666666666,0.6741573033707866,24.0,24.0,empirical group EESR,disabled,20260929,20eced06353f152f936cfba5517ba7305629052a
stress_balance,E009,naive_confidence,0.8,,90,89,10,0.11235955056179775,0.11235955056179775,0.0,0.9888888888888889,0.0,0.5388888888888889,0.5449438202247191,33.2,36.0,empirical group EESR,disabled,20260929,20eced06353f152f936cfba5517ba7305629052a
stress_balance,E009,naive_confidence,0.9,,90,87,3,0.034482758620689655,0.034482758620689655,0.0,0.9666666666666667,0.0,0.35740740740740745,0.3697318007662835,46.266666666666666,48.0,empirical group EESR,disabled,20260929,20eced06353f152f936cfba5517ba7305629052a
stress_balance,E009,naive_confidence,0.95,,90,75,2,0.02666666666666667,0.02666666666666667,0.0,0.8333333333333334,0.0,0.2518518518518519,0.3022222222222222,53.86666666666667,48.0,empirical group EESR,disabled,20260929,20eced06353f152f936cfba5517ba7305629052a
stress_balance,E009,naive_confidence,0.975,,90,47,1,0.02127659574468085,0.02127659574468085,0.0,0.5222222222222223,0.0,0.13333333333333333,0.2553191489361702,62.4,60.0,empirical group EESR,disabled,20260929,20eced06353f152f936cfba5517ba7305629052a
stress_balance,E009,naive_confidence,0.99,,90,10,0,0.0,0.0,0.0,0.1111111111111111,0.0,0.02592592592592592,0.2333333333333333,70.13333333333334,72.0,empirical group EESR,disabled,20260929,20eced06353f152f936cfba5517ba7305629052a
stress_balance,E009,calibrated_non_group,0.02,0.02,90,88,0,0.0,0.0,0.0,0.9777777777777777,0.0,0.2148148148148148,0.2196969696969697,56.53333333333333,60.0,empirical group EESR,disabled,20260929,20eced06353f152f936cfba5517ba7305629052a
stress_balance,E009,cbes_style,0.02,0.02,90,0,0,0.0,0.0,0.0,0.0,0.0,0.0,0.0,72.0,72.0,empirical group EESR,disabled,20260929,20eced06353f152f936cfba5517ba7305629052a
stress_balance,E009,gates_without_ood,0.02,0.02,90,87,0,0.0,0.0,0.0,0.9666666666666667,0.0,0.20740740740740743,0.21455938697318014,57.06666666666667,60.0,empirical group EESR,disabled,20260929,20eced06353f152f936cfba5517ba7305629052a
stress_balance,E009,gates_full,0.02,0.02,90,85,0,0.0,0.0,0.0,0.9444444444444444,0.022222222222222223,0.20185185185185187,0.21372549019607845,57.46666666666667,60.0,empirical group EESR,enabled,20260929,20eced06353f152f936cfba5517ba7305629052a
stress_balance,E009,calibrated_non_group,0.05,0.05,90,87,7,0.08045977011494253,0.08045977011494253,0.0,0.9666666666666667,0.0,0.3518518518518518,0.3639846743295018,46.666666666666664,48.0,empirical group EESR,disabled,20260929,20eced06353f152f936cfba5517ba7305629052a
stress_balance,E009,cbes_style,0.05,0.05,90,89,0,0.0,0.0,0.0,0.9888888888888889,0.0,0.1648148148148148,0.16666666666666669,60.13333333333333,60.0,empirical group EESR,disabled,20260929,20eced06353f152f936cfba5517ba7305629052a
stress_balance,E009,gates_without_ood,0.05,0.05,90,89,0,0.0,0.0,0.0,0.9888888888888889,0.0,0.22592592592592595,0.2284644194756554,55.733333333333334,60.0,empirical group EESR,disabled,20260929,20eced06353f152f936cfba5517ba7305629052a
stress_balance,E009,gates_full,0.05,0.05,90,87,0,0.0,0.0,0.0,0.9666666666666667,0.022222222222222223,0.22037037037037038,0.2279693486590039,56.13333333333333,60.0,empirical group EESR,enabled,20260929,20eced06353f152f936cfba5517ba7305629052a
stress_balance,E009,calibrated_non_group,0.1,0.1,90,89,13,0.14606741573033707,0.14606741573033707,0.0,0.9888888888888889,0.0,0.3611111111111111,0.3651685393258427,46.0,60.0,empirical group EESR,disabled,20260929,20eced06353f152f936cfba5517ba7305629052a
stress_balance,E009,cbes_style,0.1,0.1,90,89,0,0.0,0.0,0.0,0.9888888888888889,0.0,0.1648148148148148,0.16666666666666669,60.13333333333333,60.0,empirical group EESR,disabled,20260929,20eced06353f152f936cfba5517ba7305629052a
stress_balance,E009,gates_without_ood,0.1,0.1,90,89,12,0.1348314606741573,0.1348314606741573,0.0,0.9888888888888889,0.0,0.39629629629629637,0.40074906367041196,43.46666666666667,48.0,empirical group EESR,disabled,20260929,20eced06353f152f936cfba5517ba7305629052a
stress_balance,E009,gates_full,0.1,0.1,90,87,12,0.13793103448275862,0.13793103448275862,0.0,0.9666666666666667,0.022222222222222223,0.38518518518518524,0.3984674329501917,44.266666666666666,48.0,empirical group EESR,enabled,20260929,20eced06353f152f936cfba5517ba7305629052a
stress_balance,E009,calibrated_non_group,0.15,0.15,90,89,7,0.07865168539325842,0.07865168539325842,0.0,0.9888888888888889,0.0,0.4907407407407408,0.49625468164794007,36.666666666666664,48.0,empirical group EESR,disabled,20260929,20eced06353f152f936cfba5517ba7305629052a
stress_balance,E009,cbes_style,0.15,0.15,90,89,0,0.0,0.0,0.0,0.9888888888888889,0.0,0.1648148148148148,0.16666666666666669,60.13333333333333,60.0,empirical group EESR,disabled,20260929,20eced06353f152f936cfba5517ba7305629052a
stress_balance,E009,gates_without_ood,0.15,0.15,90,90,14,0.15555555555555556,0.15555555555555556,0.0,1.0,0.0,0.4722222222222222,0.4722222222222222,38.0,48.0,empirical group EESR,disabled,20260929,20eced06353f152f936cfba5517ba7305629052a
stress_balance,E009,gates_full,0.15,0.15,90,89,14,0.15730337078651685,0.15730337078651685,0.0,0.9888888888888889,0.011111111111111112,0.462962962962963,0.46816479400749067,38.666666666666664,48.0,empirical group EESR,enabled,20260929,20eced06353f152f936cfba5517ba7305629052a
stress_balance,E009,calibrated_non_group,0.2,0.2,90,90,14,0.15555555555555556,0.15555555555555556,0.0,1.0,0.0,0.43518518518518523,0.43518518518518523,40.666666666666664,48.0,empirical group EESR,disabled,20260929,20eced06353f152f936cfba5517ba7305629052a
stress_balance,E009,cbes_style,0.2,0.2,90,89,19,0.21348314606741572,0.21348314606741572,0.0,0.9888888888888889,0.0,0.4240740740740741,0.42883895131086147,41.46666666666667,60.0,empirical group EESR,disabled,20260929,20eced06353f152f936cfba5517ba7305629052a
stress_balance,E009,gates_without_ood,0.2,0.2,90,90,35,0.3888888888888889,0.3888888888888889,0.0,1.0,0.0,0.7148148148148148,0.7148148148148148,20.533333333333335,12.0,empirical group EESR,disabled,20260929,20eced06353f152f936cfba5517ba7305629052a
stress_balance,E009,gates_full,0.2,0.2,90,89,35,0.39325842696629215,0.39325842696629215,0.0,0.9888888888888889,0.011111111111111112,0.7055555555555556,0.7134831460674157,21.2,12.0,empirical group EESR,enabled,20260929,20eced06353f152f936cfba5517ba7305629052a
stress_balance,E009,calibrated_non_group,0.3,0.3,90,90,47,0.5222222222222223,0.5222222222222223,0.0,1.0,0.0,0.8185185185185184,0.8185185185185184,13.066666666666666,12.0,empirical group EESR,disabled,20260929,20eced06353f152f936cfba5517ba7305629052a
stress_balance,E009,cbes_style,0.3,0.3,90,90,20,0.2222222222222222,0.2222222222222222,0.0,1.0,0.0,0.6777777777777778,0.6777777777777778,23.2,24.0,empirical group EESR,disabled,20260929,20eced06353f152f936cfba5517ba7305629052a
stress_balance,E009,gates_without_ood,0.3,0.3,90,90,51,0.5666666666666667,0.5666666666666667,0.0,1.0,0.0,0.8333333333333331,0.8333333333333331,12.0,12.0,empirical group EESR,disabled,20260929,20eced06353f152f936cfba5517ba7305629052a
stress_balance,E009,gates_full,0.3,0.3,90,89,51,0.5730337078651685,0.5730337078651685,0.0,0.9888888888888889,0.011111111111111112,0.824074074074074,0.8333333333333333,12.666666666666666,12.0,empirical group EESR,enabled,20260929,20eced06353f152f936cfba5517ba7305629052a
stress_balance,E010,full_protocol,none,,70,0,0,0.0,0.0,0.0,0.0,0.0,0.0,0.0,72.0,72.0,empirical group EESR,disabled,20260929,20eced06353f152f936cfba5517ba7305629052a
stress_balance,E010,fixed_time,12.0,,70,70,16,0.22857142857142856,0.17142857142857143,0.05714285714285714,1.0,0.0,0.8333333333333335,0.8333333333333335,12.0,12.0,empirical group EESR,disabled,20260929,20eced06353f152f936cfba5517ba7305629052a
stress_balance,E010,fixed_time,24.0,,70,70,20,0.2857142857142857,0.24285714285714285,0.04285714285714286,1.0,0.0,0.6666666666666664,0.6666666666666664,24.0,24.0,empirical group EESR,disabled,20260929,20eced06353f152f936cfba5517ba7305629052a
stress_balance,E010,fixed_time,36.0,,70,70,22,0.3142857142857143,0.17142857142857143,0.14285714285714285,1.0,0.0,0.5,0.5,36.0,36.0,empirical group EESR,disabled,20260929,20eced06353f152f936cfba5517ba7305629052a
stress_balance,E010,fixed_time,48.0,,70,70,22,0.3142857142857143,0.3,0.014285714285714285,1.0,0.0,0.3333333333333332,0.3333333333333332,48.0,48.0,empirical group EESR,disabled,20260929,20eced06353f152f936cfba5517ba7305629052a
stress_balance,E010,fixed_time,60.0,,70,70,15,0.21428571428571427,0.2,0.014285714285714285,1.0,0.0,0.1666666666666666,0.1666666666666666,60.0,60.0,empirical group EESR,disabled,20260929,20eced06353f152f936cfba5517ba7305629052a
stress_balance,E010,naive_confidence,0.5,,70,70,16,0.22857142857142856,0.17142857142857143,0.05714285714285714,1.0,0.0,0.8333333333333335,0.8333333333333335,12.0,12.0,empirical group EESR,disabled,20260929,20eced06353f152f936cfba5517ba7305629052a
stress_balance,E010,naive_confidence,0.6,,70,70,15,0.21428571428571427,0.18571428571428572,0.02857142857142857,1.0,0.0,0.8071428571428574,0.8071428571428574,13.885714285714286,12.0,empirical group EESR,disabled,20260929,20eced06353f152f936cfba5517ba7305629052a
stress_balance,E010,naive_confidence,0.7,,70,70,15,0.21428571428571427,0.2,0.014285714285714285,1.0,0.0,0.7785714285714286,0.7785714285714286,15.942857142857143,12.0,empirical group EESR,disabled,20260929,20eced06353f152f936cfba5517ba7305629052a
stress_balance,E010,naive_confidence,0.8,,70,70,15,0.21428571428571427,0.21428571428571427,0.0,1.0,0.0,0.6690476190476191,0.6690476190476191,23.82857142857143,24.0,empirical group EESR,disabled,20260929,20eced06353f152f936cfba5517ba7305629052a
stress_balance,E010,naive_confidence,0.9,,70,64,12,0.1875,0.1875,0.0,0.9142857142857143,0.0,0.5500000000000002,0.6015625,32.4,24.0,empirical group EESR,disabled,20260929,20eced06353f152f936cfba5517ba7305629052a
stress_balance,E010,naive_confidence,0.95,,70,47,8,0.1702127659574468,0.1702127659574468,0.0,0.6714285714285714,0.0,0.38809523809523805,0.5780141843971631,44.05714285714286,48.0,empirical group EESR,disabled,20260929,20eced06353f152f936cfba5517ba7305629052a
stress_balance,E010,naive_confidence,0.975,,70,36,6,0.16666666666666666,0.1388888888888889,0.027777777777777776,0.5142857142857142,0.0,0.24999999999999994,0.4861111111111111,54.0,60.0,empirical group EESR,disabled,20260929,20eced06353f152f936cfba5517ba7305629052a
stress_balance,E010,naive_confidence,0.99,,70,20,1,0.05,0.0,0.05,0.2857142857142857,0.0,0.10476190476190476,0.36666666666666664,64.45714285714286,72.0,empirical group EESR,disabled,20260929,20eced06353f152f936cfba5517ba7305629052a
stress_balance,E010,calibrated_non_group,0.02,0.02,70,27,0,0.0,0.0,0.0,0.38571428571428573,0.0,0.09999999999999999,0.25925925925925924,64.8,72.0,empirical group EESR,disabled,20260929,20eced06353f152f936cfba5517ba7305629052a
stress_balance,E010,cbes_style,0.02,0.02,70,0,0,0.0,0.0,0.0,0.0,0.0,0.0,0.0,72.0,72.0,empirical group EESR,disabled,20260929,20eced06353f152f936cfba5517ba7305629052a
stress_balance,E010,gates_without_ood,0.02,0.02,70,25,0,0.0,0.0,0.0,0.35714285714285715,0.0,0.059523809523809514,0.16666666666666669,67.71428571428571,72.0,empirical group EESR,disabled,20260929,20eced06353f152f936cfba5517ba7305629052a
stress_balance,E010,gates_full,0.02,0.02,70,25,0,0.0,0.0,0.0,0.35714285714285715,0.0,0.059523809523809514,0.16666666666666669,67.71428571428571,72.0,empirical group EESR,enabled,20260929,20eced06353f152f936cfba5517ba7305629052a
stress_balance,E010,calibrated_non_group,0.05,0.05,70,34,1,0.029411764705882353,0.029411764705882353,0.0,0.4857142857142857,0.0,0.11904761904761905,0.24509803921568624,63.42857142857143,72.0,empirical group EESR,disabled,20260929,20eced06353f152f936cfba5517ba7305629052a
stress_balance,E010,cbes_style,0.05,0.05,70,0,0,0.0,0.0,0.0,0.0,0.0,0.0,0.0,72.0,72.0,empirical group EESR,disabled,20260929,20eced06353f152f936cfba5517ba7305629052a
stress_balance,E010,gates_without_ood,0.05,0.05,70,25,0,0.0,0.0,0.0,0.35714285714285715,0.0,0.059523809523809514,0.16666666666666669,67.71428571428571,72.0,empirical group EESR,disabled,20260929,20eced06353f152f936cfba5517ba7305629052a
stress_balance,E010,gates_full,0.05,0.05,70,25,0,0.0,0.0,0.0,0.35714285714285715,0.0,0.059523809523809514,0.16666666666666669,67.71428571428571,72.0,empirical group EESR,enabled,20260929,20eced06353f152f936cfba5517ba7305629052a
stress_balance,E010,calibrated_non_group,0.1,0.1,70,37,3,0.08108108108108109,0.08108108108108109,0.0,0.5285714285714286,0.0,0.27142857142857135,0.5135135135135134,52.457142857142856,60.0,empirical group EESR,disabled,20260929,20eced06353f152f936cfba5517ba7305629052a
stress_balance,E010,cbes_style,0.1,0.1,70,63,16,0.25396825396825395,0.25396825396825395,0.0,0.9,0.0,0.5357142857142855,0.5952380952380949,33.42857142857143,24.0,empirical group EESR,disabled,20260929,20eced06353f152f936cfba5517ba7305629052a
stress_balance,E010,gates_without_ood,0.1,0.1,70,25,0,0.0,0.0,0.0,0.35714285714285715,0.0,0.059523809523809514,0.16666666666666669,67.71428571428571,72.0,empirical group EESR,disabled,20260929,20eced06353f152f936cfba5517ba7305629052a
stress_balance,E010,gates_full,0.1,0.1,70,25,0,0.0,0.0,0.0,0.35714285714285715,0.0,0.059523809523809514,0.16666666666666669,67.71428571428571,72.0,empirical group EESR,enabled,20260929,20eced06353f152f936cfba5517ba7305629052a
stress_balance,E010,calibrated_non_group,0.15,0.15,70,49,3,0.061224489795918366,0.061224489795918366,0.0,0.7,0.0,0.3595238095238094,0.5136054421768708,46.114285714285714,60.0,empirical group EESR,disabled,20260929,20eced06353f152f936cfba5517ba7305629052a
stress_balance,E010,cbes_style,0.15,0.15,70,70,22,0.3142857142857143,0.3142857142857143,0.0,1.0,0.0,0.5857142857142855,0.5857142857142855,29.82857142857143,24.0,empirical group EESR,disabled,20260929,20eced06353f152f936cfba5517ba7305629052a
stress_balance,E010,gates_without_ood,0.15,0.15,70,34,1,0.029411764705882353,0.029411764705882353,0.0,0.4857142857142857,0.0,0.08095238095238097,0.16666666666666669,66.17142857142858,72.0,empirical group EESR,disabled,20260929,20eced06353f152f936cfba5517ba7305629052a
stress_balance,E010,gates_full,0.15,0.15,70,34,1,0.029411764705882353,0.029411764705882353,0.0,0.4857142857142857,0.0,0.08095238095238097,0.16666666666666669,66.17142857142858,72.0,empirical group EESR,enabled,20260929,20eced06353f152f936cfba5517ba7305629052a
stress_balance,E010,calibrated_non_group,0.2,0.2,70,58,7,0.1206896551724138,0.1206896551724138,0.0,0.8285714285714286,0.0,0.4404761904761904,0.5316091954022988,40.285714285714285,48.0,empirical group EESR,disabled,20260929,20eced06353f152f936cfba5517ba7305629052a
stress_balance,E010,cbes_style,0.2,0.2,70,70,22,0.3142857142857143,0.3142857142857143,0.0,1.0,0.0,0.5857142857142855,0.5857142857142855,29.82857142857143,24.0,empirical group EESR,disabled,20260929,20eced06353f152f936cfba5517ba7305629052a
stress_balance,E010,gates_without_ood,0.2,0.2,70,49,1,0.02040816326530612,0.02040816326530612,0.0,0.7,0.0,0.15476190476190474,0.22108843537414968,60.857142857142854,60.0,empirical group EESR,disabled,20260929,20eced06353f152f936cfba5517ba7305629052a
stress_balance,E010,gates_full,0.2,0.2,70,48,1,0.020833333333333332,0.020833333333333332,0.0,0.6857142857142857,0.014285714285714285,0.14999999999999997,0.21875,61.2,60.0,empirical group EESR,enabled,20260929,20eced06353f152f936cfba5517ba7305629052a
stress_balance,E010,calibrated_non_group,0.3,0.3,70,70,21,0.3,0.2571428571428571,0.04285714285714286,1.0,0.0,0.7166666666666667,0.7166666666666667,20.4,24.0,empirical group EESR,disabled,20260929,20eced06353f152f936cfba5517ba7305629052a
stress_balance,E010,cbes_style,0.3,0.3,70,70,16,0.22857142857142856,0.22857142857142856,0.0,1.0,0.0,0.7547619047619049,0.7547619047619049,17.65714285714286,12.0,empirical group EESR,disabled,20260929,20eced06353f152f936cfba5517ba7305629052a
stress_balance,E010,gates_without_ood,0.3,0.3,70,70,22,0.3142857142857143,0.3,0.014285714285714285,1.0,0.0,0.3333333333333332,0.3333333333333332,48.0,48.0,empirical group EESR,disabled,20260929,20eced06353f152f936cfba5517ba7305629052a
stress_balance,E010,gates_full,0.3,0.3,70,66,21,0.3181818181818182,0.30303030303030304,0.015151515151515152,0.9428571428571428,0.05714285714285714,0.31428571428571417,0.33333333333333326,49.371428571428574,48.0,empirical group EESR,enabled,20260929,20eced06353f152f936cfba5517ba7305629052a
stress_balance,E011,full_protocol,none,,61,0,0,0.0,0.0,0.0,0.0,0.0,0.0,0.0,72.0,72.0,empirical group EESR,disabled,20260929,20eced06353f152f936cfba5517ba7305629052a
stress_balance,E011,fixed_time,12.0,,61,61,16,0.26229508196721313,0.09836065573770492,0.16393442622950818,1.0,0.0,0.8333333333333335,0.8333333333333335,12.0,12.0,empirical group EESR,disabled,20260929,20eced06353f152f936cfba5517ba7305629052a
stress_balance,E011,fixed_time,24.0,,61,61,9,0.14754098360655737,0.06557377049180328,0.08196721311475409,1.0,0.0,0.6666666666666664,0.6666666666666664,24.0,24.0,empirical group EESR,disabled,20260929,20eced06353f152f936cfba5517ba7305629052a
stress_balance,E011,fixed_time,36.0,,61,61,21,0.3442622950819672,0.11475409836065574,0.22950819672131148,1.0,0.0,0.5,0.5,36.0,36.0,empirical group EESR,disabled,20260929,20eced06353f152f936cfba5517ba7305629052a
stress_balance,E011,fixed_time,48.0,,61,61,13,0.21311475409836064,0.08196721311475409,0.13114754098360656,1.0,0.0,0.3333333333333332,0.3333333333333332,48.0,48.0,empirical group EESR,disabled,20260929,20eced06353f152f936cfba5517ba7305629052a
stress_balance,E011,fixed_time,60.0,,61,61,6,0.09836065573770492,0.06557377049180328,0.03278688524590164,1.0,0.0,0.1666666666666666,0.1666666666666666,60.0,60.0,empirical group EESR,disabled,20260929,20eced06353f152f936cfba5517ba7305629052a
stress_balance,E011,naive_confidence,0.5,,61,61,16,0.26229508196721313,0.09836065573770492,0.16393442622950818,1.0,0.0,0.8333333333333335,0.8333333333333335,12.0,12.0,empirical group EESR,disabled,20260929,20eced06353f152f936cfba5517ba7305629052a
stress_balance,E011,naive_confidence,0.6,,61,61,13,0.21311475409836064,0.08196721311475409,0.13114754098360656,1.0,0.0,0.7923497267759562,0.7923497267759562,14.950819672131148,12.0,empirical group EESR,disabled,20260929,20eced06353f152f936cfba5517ba7305629052a
stress_balance,E011,naive_confidence,0.7,,61,61,10,0.16393442622950818,0.06557377049180328,0.09836065573770492,1.0,0.0,0.7240437158469946,0.7240437158469946,19.868852459016395,12.0,empirical group EESR,disabled,20260929,20eced06353f152f936cfba5517ba7305629052a
stress_balance,E011,naive_confidence,0.8,,61,59,11,0.1864406779661017,0.05084745762711865,0.13559322033898305,0.9672131147540983,0.0,0.6338797814207651,0.655367231638418,26.360655737704917,24.0,empirical group EESR,disabled,20260929,20eced06353f152f936cfba5517ba7305629052a
stress_balance,E011,naive_confidence,0.9,,61,48,6,0.125,0.041666666666666664,0.08333333333333333,0.7868852459016393,0.0,0.4562841530054644,0.5798611111111112,39.14754098360656,36.0,empirical group EESR,disabled,20260929,20eced06353f152f936cfba5517ba7305629052a
stress_balance,E011,naive_confidence,0.95,,61,40,4,0.1,0.025,0.075,0.6557377049180327,0.0,0.30327868852459017,0.4625,50.16393442622951,48.0,empirical group EESR,disabled,20260929,20eced06353f152f936cfba5517ba7305629052a
stress_balance,E011,naive_confidence,0.975,,61,31,1,0.03225806451612903,0.0,0.03225806451612903,0.5081967213114754,0.0,0.1994535519125683,0.3924731182795699,57.63934426229508,60.0,empirical group EESR,disabled,20260929,20eced06353f152f936cfba5517ba7305629052a
stress_balance,E011,naive_confidence,0.99,,61,19,1,0.05263157894736842,0.0,0.05263157894736842,0.3114754098360656,0.0,0.09836065573770492,0.3157894736842105,64.91803278688525,72.0,empirical group EESR,disabled,20260929,20eced06353f152f936cfba5517ba7305629052a
stress_balance,E011,calibrated_non_group,0.02,0.02,61,24,1,0.041666666666666664,0.0,0.041666666666666664,0.39344262295081966,0.0,0.12568306010928962,0.3194444444444444,62.950819672131146,72.0,empirical group EESR,disabled,20260929,20eced06353f152f936cfba5517ba7305629052a
stress_balance,E011,cbes_style,0.02,0.02,61,0,0,0.0,0.0,0.0,0.0,0.0,0.0,0.0,72.0,72.0,empirical group EESR,disabled,20260929,20eced06353f152f936cfba5517ba7305629052a
stress_balance,E011,gates_without_ood,0.02,0.02,61,0,0,0.0,0.0,0.0,0.0,0.0,0.0,0.0,72.0,72.0,empirical group EESR,disabled,20260929,20eced06353f152f936cfba5517ba7305629052a
stress_balance,E011,gates_full,0.02,0.02,61,0,0,0.0,0.0,0.0,0.0,0.0,0.0,0.0,72.0,72.0,empirical group EESR,enabled,20260929,20eced06353f152f936cfba5517ba7305629052a
stress_balance,E011,calibrated_non_group,0.05,0.05,61,33,1,0.030303030303030304,0.0,0.030303030303030304,0.5409836065573771,0.0,0.15027322404371588,0.27777777777777773,61.18032786885246,60.0,empirical group EESR,disabled,20260929,20eced06353f152f936cfba5517ba7305629052a
stress_balance,E011,cbes_style,0.05,0.05,61,0,0,0.0,0.0,0.0,0.0,0.0,0.0,0.0,72.0,72.0,empirical group EESR,disabled,20260929,20eced06353f152f936cfba5517ba7305629052a
stress_balance,E011,gates_without_ood,0.05,0.05,61,0,0,0.0,0.0,0.0,0.0,0.0,0.0,0.0,72.0,72.0,empirical group EESR,disabled,20260929,20eced06353f152f936cfba5517ba7305629052a
stress_balance,E011,gates_full,0.05,0.05,61,0,0,0.0,0.0,0.0,0.0,0.0,0.0,0.0,72.0,72.0,empirical group EESR,enabled,20260929,20eced06353f152f936cfba5517ba7305629052a
stress_balance,E011,calibrated_non_group,0.1,0.1,61,54,4,0.07407407407407407,0.018518518518518517,0.05555555555555555,0.8852459016393442,0.0,0.3005464480874317,0.33950617283950624,50.36065573770492,60.0,empirical group EESR,disabled,20260929,20eced06353f152f936cfba5517ba7305629052a
stress_balance,E011,cbes_style,0.1,0.1,61,0,0,0.0,0.0,0.0,0.0,0.0,0.0,0.0,72.0,72.0,empirical group EESR,disabled,20260929,20eced06353f152f936cfba5517ba7305629052a
stress_balance,E011,gates_without_ood,0.1,0.1,61,0,0,0.0,0.0,0.0,0.0,0.0,0.0,0.0,72.0,72.0,empirical group EESR,disabled,20260929,20eced06353f152f936cfba5517ba7305629052a
stress_balance,E011,gates_full,0.1,0.1,61,0,0,0.0,0.0,0.0,0.0,0.0,0.0,0.0,72.0,72.0,empirical group EESR,enabled,20260929,20eced06353f152f936cfba5517ba7305629052a
stress_balance,E011,calibrated_non_group,0.15,0.15,61,57,9,0.15789473684210525,0.07017543859649122,0.08771929824561403,0.9344262295081968,0.0,0.3961748633879781,0.4239766081871345,43.47540983606557,48.0,empirical group EESR,disabled,20260929,20eced06353f152f936cfba5517ba7305629052a
stress_balance,E011,cbes_style,0.15,0.15,61,0,0,0.0,0.0,0.0,0.0,0.0,0.0,0.0,72.0,72.0,empirical group EESR,disabled,20260929,20eced06353f152f936cfba5517ba7305629052a
stress_balance,E011,gates_without_ood,0.15,0.15,61,40,1,0.025,0.0,0.025,0.6557377049180327,0.0,0.1092896174863388,0.16666666666666666,64.1311475409836,60.0,empirical group EESR,disabled,20260929,20eced06353f152f936cfba5517ba7305629052a
stress_balance,E011,gates_full,0.15,0.15,61,39,0,0.0,0.0,0.0,0.639344262295082,0.01639344262295082,0.10655737704918032,0.1666666666666667,64.32786885245902,60.0,empirical group EESR,enabled,20260929,20eced06353f152f936cfba5517ba7305629052a
stress_balance,E011,calibrated_non_group,0.2,0.2,61,59,8,0.13559322033898305,0.06779661016949153,0.06779661016949153,0.9672131147540983,0.0,0.43442622950819665,0.44915254237288127,40.721311475409834,48.0,empirical group EESR,disabled,20260929,20eced06353f152f936cfba5517ba7305629052a
stress_balance,E011,cbes_style,0.2,0.2,61,0,0,0.0,0.0,0.0,0.0,0.0,0.0,0.0,72.0,72.0,empirical group EESR,disabled,20260929,20eced06353f152f936cfba5517ba7305629052a
stress_balance,E011,gates_without_ood,0.2,0.2,61,54,4,0.07407407407407407,0.018518518518518517,0.05555555555555555,0.8852459016393442,0.0,0.2650273224043716,0.2993827160493827,52.91803278688525,48.0,empirical group EESR,disabled,20260929,20eced06353f152f936cfba5517ba7305629052a
stress_balance,E011,gates_full,0.2,0.2,61,52,3,0.057692307692307696,0.019230769230769232,0.038461538461538464,0.8524590163934426,0.03278688524590164,0.2568306010928962,0.30128205128205127,53.50819672131148,48.0,empirical group EESR,enabled,20260929,20eced06353f152f936cfba5517ba7305629052a
stress_balance,E011,calibrated_non_group,0.3,0.3,61,61,18,0.29508196721311475,0.06557377049180328,0.22950819672131148,1.0,0.0,0.5109289617486338,0.5109289617486338,35.21311475409836,36.0,empirical group EESR,disabled,20260929,20eced06353f152f936cfba5517ba7305629052a
stress_balance,E011,cbes_style,0.3,0.3,61,58,9,0.15517241379310345,0.06896551724137931,0.08620689655172414,0.9508196721311475,0.0,0.3032786885245901,0.31896551724137934,50.16393442622951,48.0,empirical group EESR,disabled,20260929,20eced06353f152f936cfba5517ba7305629052a
stress_balance,E011,gates_without_ood,0.3,0.3,61,61,13,0.21311475409836064,0.08196721311475409,0.13114754098360656,1.0,0.0,0.3333333333333332,0.3333333333333332,48.0,48.0,empirical group EESR,disabled,20260929,20eced06353f152f936cfba5517ba7305629052a
stress_balance,E011,gates_full,0.3,0.3,61,59,12,0.2033898305084746,0.0847457627118644,0.11864406779661017,0.9672131147540983,0.03278688524590164,0.32240437158469937,0.33333333333333326,48.78688524590164,48.0,empirical group EESR,enabled,20260929,20eced06353f152f936cfba5517ba7305629052a
stress_balance,E012,full_protocol,none,,56,0,0,0.0,0.0,0.0,0.0,0.0,0.0,0.0,72.0,72.0,empirical group EESR,disabled,20260929,20eced06353f152f936cfba5517ba7305629052a
stress_balance,E012,fixed_time,12.0,,56,56,25,0.44642857142857145,0.08928571428571429,0.35714285714285715,1.0,0.0,0.8333333333333333,0.8333333333333333,12.0,12.0,empirical group EESR,disabled,20260929,20eced06353f152f936cfba5517ba7305629052a
stress_balance,E012,fixed_time,24.0,,56,56,31,0.5535714285714286,0.4107142857142857,0.14285714285714285,1.0,0.0,0.6666666666666666,0.6666666666666666,24.0,24.0,empirical group EESR,disabled,20260929,20eced06353f152f936cfba5517ba7305629052a
stress_balance,E012,fixed_time,36.0,,56,56,30,0.5357142857142857,0.3392857142857143,0.19642857142857142,1.0,0.0,0.5,0.5,36.0,36.0,empirical group EESR,disabled,20260929,20eced06353f152f936cfba5517ba7305629052a
stress_balance,E012,fixed_time,48.0,,56,56,14,0.25,0.21428571428571427,0.03571428571428571,1.0,0.0,0.3333333333333333,0.3333333333333333,48.0,48.0,empirical group EESR,disabled,20260929,20eced06353f152f936cfba5517ba7305629052a
stress_balance,E012,fixed_time,60.0,,56,56,13,0.23214285714285715,0.21428571428571427,0.017857142857142856,1.0,0.0,0.16666666666666666,0.16666666666666666,60.0,60.0,empirical group EESR,disabled,20260929,20eced06353f152f936cfba5517ba7305629052a
stress_balance,E012,naive_confidence,0.5,,56,56,25,0.44642857142857145,0.08928571428571429,0.35714285714285715,1.0,0.0,0.8333333333333333,0.8333333333333333,12.0,12.0,empirical group EESR,disabled,20260929,20eced06353f152f936cfba5517ba7305629052a
stress_balance,E012,naive_confidence,0.6,,56,56,26,0.4642857142857143,0.125,0.3392857142857143,1.0,0.0,0.8124999999999999,0.8124999999999999,13.5,12.0,empirical group EESR,disabled,20260929,20eced06353f152f936cfba5517ba7305629052a
stress_balance,E012,naive_confidence,0.7,,56,56,32,0.5714285714285714,0.23214285714285715,0.3392857142857143,1.0,0.0,0.788690476190476,0.788690476190476,15.214285714285714,12.0,empirical group EESR,disabled,20260929,20eced06353f152f936cfba5517ba7305629052a
stress_balance,E012,naive_confidence,0.8,,56,55,35,0.6363636363636364,0.36363636363636365,0.2727272727272727,0.9821428571428571,0.0,0.6875,0.7000000000000004,22.5,18.0,empirical group EESR,disabled,20260929,20eced06353f152f936cfba5517ba7305629052a
stress_balance,E012,naive_confidence,0.9,,56,48,27,0.5625,0.4166666666666667,0.14583333333333334,0.8571428571428571,0.0,0.5059523809523809,0.5902777777777778,35.57142857142857,24.0,empirical group EESR,disabled,20260929,20eced06353f152f936cfba5517ba7305629052a
stress_balance,E012,naive_confidence,0.95,,56,40,20,0.5,0.4,0.1,0.7142857142857143,0.0,0.35416666666666663,0.4958333333333333,46.5,48.0,empirical group EESR,disabled,20260929,20eced06353f152f936cfba5517ba7305629052a
stress_balance,E012,naive_confidence,0.975,,56,24,11,0.4583333333333333,0.375,0.08333333333333333,0.42857142857142855,0.0,0.23214285714285715,0.5416666666666666,55.285714285714285,72.0,empirical group EESR,disabled,20260929,20eced06353f152f936cfba5517ba7305629052a
stress_balance,E012,naive_confidence,0.99,,56,10,6,0.6,0.6,0.0,0.17857142857142858,0.0,0.1101190476190476,0.6166666666666667,64.07142857142857,72.0,empirical group EESR,disabled,20260929,20eced06353f152f936cfba5517ba7305629052a
stress_balance,E012,calibrated_non_group,0.02,0.02,56,41,9,0.21951219512195122,0.21951219512195122,0.0,0.7321428571428571,0.0,0.24107142857142858,0.32926829268292684,54.642857142857146,48.0,empirical group EESR,disabled,20260929,20eced06353f152f936cfba5517ba7305629052a
stress_balance,E012,cbes_style,0.02,0.02,56,51,11,0.21568627450980393,0.19607843137254902,0.0196078431372549,0.9107142857142857,0.0,0.15178571428571427,0.16666666666666663,61.07142857142857,60.0,empirical group EESR,disabled,20260929,20eced06353f152f936cfba5517ba7305629052a
stress_balance,E012,gates_without_ood,0.02,0.02,56,35,8,0.22857142857142856,0.22857142857142856,0.0,0.625,0.0,0.20535714285714285,0.3285714285714286,57.214285714285715,48.0,empirical group EESR,disabled,20260929,20eced06353f152f936cfba5517ba7305629052a
stress_balance,E012,gates_full,0.02,0.02,56,35,8,0.22857142857142856,0.22857142857142856,0.0,0.625,0.0,0.20535714285714285,0.3285714285714286,57.214285714285715,48.0,empirical group EESR,enabled,20260929,20eced06353f152f936cfba5517ba7305629052a
stress_balance,E012,calibrated_non_group,0.05,0.05,56,51,30,0.5882352941176471,0.4117647058823529,0.17647058823529413,0.9107142857142857,0.0,0.5892857142857143,0.6470588235294118,29.571428571428573,24.0,empirical group EESR,disabled,20260929,20eced06353f152f936cfba5517ba7305629052a
stress_balance,E012,cbes_style,0.05,0.05,56,53,11,0.20754716981132076,0.18867924528301888,0.018867924528301886,0.9464285714285714,0.0,0.3125,0.3301886792452829,49.5,48.0,empirical group EESR,disabled,20260929,20eced06353f152f936cfba5517ba7305629052a
stress_balance,E012,gates_without_ood,0.05,0.05,56,52,19,0.36538461538461536,0.19230769230769232,0.17307692307692307,0.9285714285714286,0.0,0.46130952380952384,0.4967948717948717,38.785714285714285,48.0,empirical group EESR,disabled,20260929,20eced06353f152f936cfba5517ba7305629052a
stress_balance,E012,gates_full,0.05,0.05,56,50,18,0.36,0.2,0.16,0.8928571428571429,0.03571428571428571,0.43154761904761907,0.4833333333333333,40.92857142857143,48.0,empirical group EESR,enabled,20260929,20eced06353f152f936cfba5517ba7305629052a
stress_balance,E012,calibrated_non_group,0.1,0.1,56,53,31,0.5849056603773585,0.4339622641509434,0.1509433962264151,0.9464285714285714,0.0,0.556547619047619,0.5880503144654087,31.928571428571427,24.0,empirical group EESR,disabled,20260929,20eced06353f152f936cfba5517ba7305629052a
stress_balance,E012,cbes_style,0.1,0.1,56,56,27,0.48214285714285715,0.16071428571428573,0.32142857142857145,1.0,0.0,0.6815476190476192,0.6815476190476192,22.928571428571427,12.0,empirical group EESR,disabled,20260929,20eced06353f152f936cfba5517ba7305629052a
stress_balance,E012,gates_without_ood,0.1,0.1,56,56,27,0.48214285714285715,0.14285714285714285,0.3392857142857143,1.0,0.0,0.7857142857142856,0.7857142857142856,15.428571428571429,12.0,empirical group EESR,disabled,20260929,20eced06353f152f936cfba5517ba7305629052a
stress_balance,E012,gates_full,0.1,0.1,56,54,26,0.48148148148148145,0.14814814814814814,0.3333333333333333,0.9642857142857143,0.03571428571428571,0.7559523809523808,0.7839506172839509,17.571428571428573,12.0,empirical group EESR,enabled,20260929,20eced06353f152f936cfba5517ba7305629052a
stress_balance,E012,calibrated_non_group,0.15,0.15,56,56,28,0.5,0.16071428571428573,0.3392857142857143,1.0,0.0,0.8035714285714285,0.8035714285714285,14.142857142857142,12.0,empirical group EESR,disabled,20260929,20eced06353f152f936cfba5517ba7305629052a
stress_balance,E012,cbes_style,0.15,0.15,56,56,27,0.48214285714285715,0.16071428571428573,0.32142857142857145,1.0,0.0,0.6815476190476192,0.6815476190476192,22.928571428571427,12.0,empirical group EESR,disabled,20260929,20eced06353f152f936cfba5517ba7305629052a
stress_balance,E012,gates_without_ood,0.15,0.15,56,56,25,0.44642857142857145,0.08928571428571429,0.35714285714285715,1.0,0.0,0.8214285714285714,0.8214285714285714,12.857142857142858,12.0,empirical group EESR,disabled,20260929,20eced06353f152f936cfba5517ba7305629052a
stress_balance,E012,gates_full,0.15,0.15,56,54,24,0.4444444444444444,0.09259259259259259,0.35185185185185186,0.9642857142857143,0.03571428571428571,0.7916666666666666,0.8209876543209879,15.0,12.0,empirical group EESR,enabled,20260929,20eced06353f152f936cfba5517ba7305629052a
stress_balance,E012,calibrated_non_group,0.2,0.2,56,56,25,0.44642857142857145,0.08928571428571429,0.35714285714285715,1.0,0.0,0.8214285714285714,0.8214285714285714,12.857142857142858,12.0,empirical group EESR,disabled,20260929,20eced06353f152f936cfba5517ba7305629052a
stress_balance,E012,cbes_style,0.2,0.2,56,56,33,0.5892857142857143,0.26785714285714285,0.32142857142857145,1.0,0.0,0.75,0.75,18.0,12.0,empirical group EESR,disabled,20260929,20eced06353f152f936cfba5517ba7305629052a
stress_balance,E012,gates_without_ood,0.2,0.2,56,56,25,0.44642857142857145,0.08928571428571429,0.35714285714285715,1.0,0.0,0.8244047619047619,0.8244047619047619,12.642857142857142,12.0,empirical group EESR,disabled,20260929,20eced06353f152f936cfba5517ba7305629052a
stress_balance,E012,gates_full,0.2,0.2,56,54,24,0.4444444444444444,0.09259259259259259,0.35185185185185186,0.9642857142857143,0.03571428571428571,0.7946428571428571,0.8240740740740743,14.785714285714286,12.0,empirical group EESR,enabled,20260929,20eced06353f152f936cfba5517ba7305629052a
stress_balance,E012,calibrated_non_group,0.3,0.3,56,56,25,0.44642857142857145,0.08928571428571429,0.35714285714285715,1.0,0.0,0.8244047619047619,0.8244047619047619,12.642857142857142,12.0,empirical group EESR,disabled,20260929,20eced06353f152f936cfba5517ba7305629052a
stress_balance,E012,cbes_style,0.3,0.3,56,56,33,0.5892857142857143,0.26785714285714285,0.32142857142857145,1.0,0.0,0.75,0.75,18.0,12.0,empirical group EESR,disabled,20260929,20eced06353f152f936cfba5517ba7305629052a
stress_balance,E012,gates_without_ood,0.3,0.3,56,56,25,0.44642857142857145,0.08928571428571429,0.35714285714285715,1.0,0.0,0.8244047619047619,0.8244047619047619,12.642857142857142,12.0,empirical group EESR,disabled,20260929,20eced06353f152f936cfba5517ba7305629052a
stress_balance,E012,gates_full,0.3,0.3,56,54,24,0.4444444444444444,0.09259259259259259,0.35185185185185186,0.9642857142857143,0.03571428571428571,0.7946428571428571,0.8240740740740743,14.785714285714286,12.0,empirical group EESR,enabled,20260929,20eced06353f152f936cfba5517ba7305629052a
