dataset,held_out_group,method,operating_point,risk_target,independent_test_units,stopped_early,incorrect_early,EESR,FP_EESR,FN_EESR,coverage,abstention_rate,observation_savings,observation_savings_stopped,mean_decision_time,median_decision_time,calibration_metric,OOD_status,seed_config,commit_hash
stress_irregular,E001,full_protocol,none,,80,0,0,0.0,0.0,0.0,0.0,0.0,0.0,0.0,72.0,72.0,empirical group EESR,disabled,20260929,20eced06353f152f936cfba5517ba7305629052a
stress_irregular,E001,fixed_time,12.0,,80,80,16,0.2,0.05,0.15,1.0,0.0,0.8333333333333333,0.8333333333333333,12.0,12.0,empirical group EESR,disabled,20260929,20eced06353f152f936cfba5517ba7305629052a
stress_irregular,E001,fixed_time,24.0,,80,80,11,0.1375,0.1,0.0375,1.0,0.0,0.6666666666666667,0.6666666666666667,24.0,24.0,empirical group EESR,disabled,20260929,20eced06353f152f936cfba5517ba7305629052a
stress_irregular,E001,fixed_time,36.0,,80,80,4,0.05,0.025,0.025,1.0,0.0,0.5,0.5,36.0,36.0,empirical group EESR,disabled,20260929,20eced06353f152f936cfba5517ba7305629052a
stress_irregular,E001,fixed_time,48.0,,80,80,5,0.0625,0.025,0.0375,1.0,0.0,0.33333333333333337,0.33333333333333337,48.0,48.0,empirical group EESR,disabled,20260929,20eced06353f152f936cfba5517ba7305629052a
stress_irregular,E001,fixed_time,60.0,,80,80,3,0.0375,0.025,0.0125,1.0,0.0,0.16666666666666669,0.16666666666666669,60.0,60.0,empirical group EESR,disabled,20260929,20eced06353f152f936cfba5517ba7305629052a
stress_irregular,E001,naive_confidence,0.5,,80,80,16,0.2,0.05,0.15,1.0,0.0,0.8333333333333333,0.8333333333333333,12.0,12.0,empirical group EESR,disabled,20260929,20eced06353f152f936cfba5517ba7305629052a
stress_irregular,E001,naive_confidence,0.6,,80,80,9,0.1125,0.0375,0.075,1.0,0.0,0.79375,0.79375,14.85,12.0,empirical group EESR,disabled,20260929,20eced06353f152f936cfba5517ba7305629052a
stress_irregular,E001,naive_confidence,0.7,,80,80,6,0.075,0.0375,0.0375,1.0,0.0,0.7499999999999999,0.7499999999999999,18.0,12.0,empirical group EESR,disabled,20260929,20eced06353f152f936cfba5517ba7305629052a
stress_irregular,E001,naive_confidence,0.8,,80,77,4,0.05194805194805195,0.025974025974025976,0.025974025974025976,0.9625,0.0,0.5854166666666666,0.6082251082251082,29.85,24.0,empirical group EESR,disabled,20260929,20eced06353f152f936cfba5517ba7305629052a
stress_irregular,E001,naive_confidence,0.9,,80,67,3,0.04477611940298507,0.029850746268656716,0.014925373134328358,0.8375,0.0,0.4104166666666667,0.49004975124378103,42.45,48.0,empirical group EESR,disabled,20260929,20eced06353f152f936cfba5517ba7305629052a
stress_irregular,E001,naive_confidence,0.95,,80,50,1,0.02,0.02,0.0,0.625,0.0,0.24375,0.39000000000000007,54.45,60.0,empirical group EESR,disabled,20260929,20eced06353f152f936cfba5517ba7305629052a
stress_irregular,E001,naive_confidence,0.975,,80,30,1,0.03333333333333333,0.03333333333333333,0.0,0.375,0.0,0.11458333333333333,0.3055555555555555,63.75,72.0,empirical group EESR,disabled,20260929,20eced06353f152f936cfba5517ba7305629052a
stress_irregular,E001,naive_confidence,0.99,,80,10,1,0.1,0.1,0.0,0.125,0.0,0.04791666666666666,0.38333333333333325,68.55,72.0,empirical group EESR,disabled,20260929,20eced06353f152f936cfba5517ba7305629052a
stress_irregular,E001,calibrated_non_group,0.02,0.02,80,0,0,0.0,0.0,0.0,0.0,0.0,0.0,0.0,72.0,72.0,empirical group EESR,disabled,20260929,20eced06353f152f936cfba5517ba7305629052a
stress_irregular,E001,cbes_style,0.02,0.02,80,0,0,0.0,0.0,0.0,0.0,0.0,0.0,0.0,72.0,72.0,empirical group EESR,disabled,20260929,20eced06353f152f936cfba5517ba7305629052a
stress_irregular,E001,gates_without_ood,0.02,0.02,80,0,0,0.0,0.0,0.0,0.0,0.0,0.0,0.0,72.0,72.0,empirical group EESR,disabled,20260929,20eced06353f152f936cfba5517ba7305629052a
stress_irregular,E001,gates_full,0.02,0.02,80,0,0,0.0,0.0,0.0,0.0,0.0,0.0,0.0,72.0,72.0,empirical group EESR,enabled,20260929,20eced06353f152f936cfba5517ba7305629052a
stress_irregular,E001,calibrated_non_group,0.05,0.05,80,77,3,0.03896103896103896,0.03896103896103896,0.0,0.9625,0.0,0.5916666666666667,0.6147186147186146,29.4,24.0,empirical group EESR,disabled,20260929,20eced06353f152f936cfba5517ba7305629052a
stress_irregular,E001,cbes_style,0.05,0.05,80,0,0,0.0,0.0,0.0,0.0,0.0,0.0,0.0,72.0,72.0,empirical group EESR,disabled,20260929,20eced06353f152f936cfba5517ba7305629052a
stress_irregular,E001,gates_without_ood,0.05,0.05,80,62,3,0.04838709677419355,0.04838709677419355,0.0,0.775,0.0,0.5166666666666666,0.6666666666666664,34.8,24.0,empirical group EESR,disabled,20260929,20eced06353f152f936cfba5517ba7305629052a
stress_irregular,E001,gates_full,0.05,0.05,80,62,3,0.04838709677419355,0.04838709677419355,0.0,0.775,0.0,0.5166666666666666,0.6666666666666664,34.8,24.0,empirical group EESR,enabled,20260929,20eced06353f152f936cfba5517ba7305629052a
stress_irregular,E001,calibrated_non_group,0.1,0.1,80,80,3,0.0375,0.0375,0.0,1.0,0.0,0.6041666666666667,0.6041666666666667,28.5,24.0,empirical group EESR,disabled,20260929,20eced06353f152f936cfba5517ba7305629052a
stress_irregular,E001,cbes_style,0.1,0.1,80,62,3,0.04838709677419355,0.04838709677419355,0.0,0.775,0.0,0.5166666666666666,0.6666666666666664,34.8,24.0,empirical group EESR,disabled,20260929,20eced06353f152f936cfba5517ba7305629052a
stress_irregular,E001,gates_without_ood,0.1,0.1,80,73,4,0.0547945205479452,0.0547945205479452,0.0,0.9125,0.0,0.5833333333333334,0.639269406392694,30.0,24.0,empirical group EESR,disabled,20260929,20eced06353f152f936cfba5517ba7305629052a
stress_irregular,E001,gates_full,0.1,0.1,80,73,4,0.0547945205479452,0.0547945205479452,0.0,0.9125,0.0,0.5833333333333334,0.639269406392694,30.0,24.0,empirical group EESR,enabled,20260929,20eced06353f152f936cfba5517ba7305629052a
stress_irregular,E001,calibrated_non_group,0.15,0.15,80,80,10,0.125,0.075,0.05,1.0,0.0,0.7041666666666666,0.7041666666666666,21.3,24.0,empirical group EESR,disabled,20260929,20eced06353f152f936cfba5517ba7305629052a
stress_irregular,E001,cbes_style,0.15,0.15,80,80,3,0.0375,0.0375,0.0,1.0,0.0,0.5833333333333334,0.5833333333333334,30.0,24.0,empirical group EESR,disabled,20260929,20eced06353f152f936cfba5517ba7305629052a
stress_irregular,E001,gates_without_ood,0.15,0.15,80,80,10,0.125,0.1,0.025,1.0,0.0,0.6479166666666667,0.6479166666666667,25.35,24.0,empirical group EESR,disabled,20260929,20eced06353f152f936cfba5517ba7305629052a
stress_irregular,E001,gates_full,0.15,0.15,80,80,10,0.125,0.1,0.025,1.0,0.0,0.6479166666666667,0.6479166666666667,25.35,24.0,empirical group EESR,enabled,20260929,20eced06353f152f936cfba5517ba7305629052a
stress_irregular,E001,calibrated_non_group,0.2,0.2,80,80,8,0.1,0.0375,0.0625,1.0,0.0,0.775,0.775,16.2,12.0,empirical group EESR,disabled,20260929,20eced06353f152f936cfba5517ba7305629052a
stress_irregular,E001,cbes_style,0.2,0.2,80,80,8,0.1,0.0375,0.0625,1.0,0.0,0.7833333333333332,0.7833333333333332,15.6,12.0,empirical group EESR,disabled,20260929,20eced06353f152f936cfba5517ba7305629052a
stress_irregular,E001,gates_without_ood,0.2,0.2,80,80,9,0.1125,0.05,0.0625,1.0,0.0,0.7791666666666666,0.7791666666666666,15.9,12.0,empirical group EESR,disabled,20260929,20eced06353f152f936cfba5517ba7305629052a
stress_irregular,E001,gates_full,0.2,0.2,80,80,9,0.1125,0.05,0.0625,1.0,0.0,0.7791666666666666,0.7791666666666666,15.9,12.0,empirical group EESR,enabled,20260929,20eced06353f152f936cfba5517ba7305629052a
stress_irregular,E001,calibrated_non_group,0.3,0.3,80,80,10,0.125,0.0375,0.0875,1.0,0.0,0.7916666666666666,0.7916666666666666,15.0,12.0,empirical group EESR,disabled,20260929,20eced06353f152f936cfba5517ba7305629052a
stress_irregular,E001,cbes_style,0.3,0.3,80,80,8,0.1,0.0375,0.0625,1.0,0.0,0.7916666666666666,0.7916666666666666,15.0,12.0,empirical group EESR,disabled,20260929,20eced06353f152f936cfba5517ba7305629052a
stress_irregular,E001,gates_without_ood,0.3,0.3,80,80,10,0.125,0.0375,0.0875,1.0,0.0,0.7916666666666666,0.7916666666666666,15.0,12.0,empirical group EESR,disabled,20260929,20eced06353f152f936cfba5517ba7305629052a
stress_irregular,E001,gates_full,0.3,0.3,80,80,10,0.125,0.0375,0.0875,1.0,0.0,0.7916666666666666,0.7916666666666666,15.0,12.0,empirical group EESR,enabled,20260929,20eced06353f152f936cfba5517ba7305629052a
stress_irregular,E002,full_protocol,none,,92,0,0,0.0,0.0,0.0,0.0,0.0,0.0,0.0,72.0,72.0,empirical group EESR,disabled,20260929,20eced06353f152f936cfba5517ba7305629052a
stress_irregular,E002,fixed_time,12.0,,92,85,17,0.2,0.08235294117647059,0.11764705882352941,0.9239130434782609,0.0,0.7644927536231882,0.8274509803921566,16.956521739130434,12.0,empirical group EESR,disabled,20260929,20eced06353f152f936cfba5517ba7305629052a
stress_irregular,E002,fixed_time,24.0,,92,85,13,0.15294117647058825,0.07058823529411765,0.08235294117647059,0.9239130434782609,0.0,0.6159420289855071,0.6666666666666665,27.652173913043477,24.0,empirical group EESR,disabled,20260929,20eced06353f152f936cfba5517ba7305629052a
stress_irregular,E002,fixed_time,36.0,,92,85,29,0.3411764705882353,0.27058823529411763,0.07058823529411765,0.9239130434782609,0.0,0.46195652173913043,0.5,38.73913043478261,36.0,empirical group EESR,disabled,20260929,20eced06353f152f936cfba5517ba7305629052a
stress_irregular,E002,fixed_time,48.0,,92,85,19,0.2235294117647059,0.1411764705882353,0.08235294117647059,0.9239130434782609,0.0,0.30797101449275355,0.33333333333333326,49.82608695652174,48.0,empirical group EESR,disabled,20260929,20eced06353f152f936cfba5517ba7305629052a
stress_irregular,E002,fixed_time,60.0,,92,85,18,0.21176470588235294,0.12941176470588237,0.08235294117647059,0.9239130434782609,0.0,0.15398550724637677,0.16666666666666663,60.91304347826087,60.0,empirical group EESR,disabled,20260929,20eced06353f152f936cfba5517ba7305629052a
stress_irregular,E002,naive_confidence,0.5,,92,85,17,0.2,0.08235294117647059,0.11764705882352941,0.9239130434782609,0.0,0.7644927536231882,0.8274509803921566,16.956521739130434,12.0,empirical group EESR,disabled,20260929,20eced06353f152f936cfba5517ba7305629052a
stress_irregular,E002,naive_confidence,0.6,,92,85,17,0.2,0.08235294117647059,0.11764705882352941,0.9239130434782609,0.0,0.7481884057971012,0.8098039215686272,18.130434782608695,12.0,empirical group EESR,disabled,20260929,20eced06353f152f936cfba5517ba7305629052a
stress_irregular,E002,naive_confidence,0.7,,92,84,15,0.17857142857142858,0.05952380952380952,0.11904761904761904,0.9130434782608695,0.0,0.7192028985507247,0.7876984126984126,20.217391304347824,12.0,empirical group EESR,disabled,20260929,20eced06353f152f936cfba5517ba7305629052a
stress_irregular,E002,naive_confidence,0.8,,92,78,14,0.1794871794871795,0.0641025641025641,0.11538461538461539,0.8478260869565217,0.0,0.6521739130434783,0.7692307692307693,25.043478260869566,12.0,empirical group EESR,disabled,20260929,20eced06353f152f936cfba5517ba7305629052a
stress_irregular,E002,naive_confidence,0.9,,92,66,9,0.13636363636363635,0.030303030303030304,0.10606060606060606,0.717391304347826,0.0,0.5072463768115941,0.707070707070707,35.47826086956522,24.0,empirical group EESR,disabled,20260929,20eced06353f152f936cfba5517ba7305629052a
stress_irregular,E002,naive_confidence,0.95,,92,51,6,0.11764705882352941,0.0196078431372549,0.09803921568627451,0.5543478260869565,0.0,0.394927536231884,0.7124183006535947,43.56521739130435,36.0,empirical group EESR,disabled,20260929,20eced06353f152f936cfba5517ba7305629052a
stress_irregular,E002,naive_confidence,0.975,,92,44,6,0.13636363636363635,0.045454545454545456,0.09090909090909091,0.4782608695652174,0.0,0.32065217391304357,0.6704545454545455,48.91304347826087,72.0,empirical group EESR,disabled,20260929,20eced06353f152f936cfba5517ba7305629052a
stress_irregular,E002,naive_confidence,0.99,,92,29,4,0.13793103448275862,0.034482758620689655,0.10344827586206896,0.31521739130434784,0.0,0.21195652173913043,0.6724137931034482,56.73913043478261,72.0,empirical group EESR,disabled,20260929,20eced06353f152f936cfba5517ba7305629052a
stress_irregular,E002,calibrated_non_group,0.02,0.02,92,32,4,0.125,0.09375,0.03125,0.34782608695652173,0.0,0.07608695652173914,0.21874999999999997,66.52173913043478,72.0,empirical group EESR,disabled,20260929,20eced06353f152f936cfba5517ba7305629052a
stress_irregular,E002,cbes_style,0.02,0.02,92,69,11,0.15942028985507245,0.07246376811594203,0.08695652173913043,0.75,0.0,0.22826086956521735,0.3043478260869565,55.56521739130435,48.0,empirical group EESR,disabled,20260929,20eced06353f152f936cfba5517ba7305629052a
stress_irregular,E002,gates_without_ood,0.02,0.02,92,31,3,0.0967741935483871,0.06451612903225806,0.03225806451612903,0.33695652173913043,0.0,0.05615942028985508,0.16666666666666674,67.95652173913044,72.0,empirical group EESR,disabled,20260929,20eced06353f152f936cfba5517ba7305629052a
stress_irregular,E002,gates_full,0.02,0.02,92,22,1,0.045454545454545456,0.045454545454545456,0.0,0.2391304347826087,0.09782608695652174,0.03985507246376811,0.16666666666666663,69.1304347826087,72.0,empirical group EESR,enabled,20260929,20eced06353f152f936cfba5517ba7305629052a
stress_irregular,E002,calibrated_non_group,0.05,0.05,92,32,4,0.125,0.09375,0.03125,0.34782608695652173,0.0,0.07608695652173914,0.21874999999999997,66.52173913043478,72.0,empirical group EESR,disabled,20260929,20eced06353f152f936cfba5517ba7305629052a
stress_irregular,E002,cbes_style,0.05,0.05,92,69,11,0.15942028985507245,0.07246376811594203,0.08695652173913043,0.75,0.0,0.22826086956521735,0.3043478260869565,55.56521739130435,48.0,empirical group EESR,disabled,20260929,20eced06353f152f936cfba5517ba7305629052a
stress_irregular,E002,gates_without_ood,0.05,0.05,92,31,3,0.0967741935483871,0.06451612903225806,0.03225806451612903,0.33695652173913043,0.0,0.05615942028985508,0.16666666666666674,67.95652173913044,72.0,empirical group EESR,disabled,20260929,20eced06353f152f936cfba5517ba7305629052a
stress_irregular,E002,gates_full,0.05,0.05,92,22,1,0.045454545454545456,0.045454545454545456,0.0,0.2391304347826087,0.09782608695652174,0.03985507246376811,0.16666666666666663,69.1304347826087,72.0,empirical group EESR,enabled,20260929,20eced06353f152f936cfba5517ba7305629052a
stress_irregular,E002,calibrated_non_group,0.1,0.1,92,69,8,0.11594202898550725,0.07246376811594203,0.043478260869565216,0.75,0.0,0.38586956521739113,0.5144927536231882,44.21739130434783,48.0,empirical group EESR,disabled,20260929,20eced06353f152f936cfba5517ba7305629052a
stress_irregular,E002,cbes_style,0.1,0.1,92,72,15,0.20833333333333334,0.125,0.08333333333333333,0.782608695652174,0.0,0.3170289855072464,0.40509259259259256,49.17391304347826,48.0,empirical group EESR,disabled,20260929,20eced06353f152f936cfba5517ba7305629052a
stress_irregular,E002,gates_without_ood,0.1,0.1,92,48,6,0.125,0.0625,0.0625,0.5217391304347826,0.0,0.08695652173913043,0.16666666666666666,65.73913043478261,60.0,empirical group EESR,disabled,20260929,20eced06353f152f936cfba5517ba7305629052a
stress_irregular,E002,gates_full,0.1,0.1,92,37,3,0.08108108108108109,0.02702702702702703,0.05405405405405406,0.40217391304347827,0.11956521739130435,0.06702898550724638,0.16666666666666669,67.17391304347827,72.0,empirical group EESR,enabled,20260929,20eced06353f152f936cfba5517ba7305629052a
stress_irregular,E002,calibrated_non_group,0.15,0.15,92,85,13,0.15294117647058825,0.08235294117647059,0.07058823529411765,0.9239130434782609,0.0,0.46739130434782594,0.5058823529411763,38.34782608695652,24.0,empirical group EESR,disabled,20260929,20eced06353f152f936cfba5517ba7305629052a
stress_irregular,E002,cbes_style,0.15,0.15,92,78,10,0.1282051282051282,0.05128205128205128,0.07692307692307693,0.8478260869565217,0.0,0.523550724637681,0.6175213675213674,34.30434782608695,24.0,empirical group EESR,disabled,20260929,20eced06353f152f936cfba5517ba7305629052a
stress_irregular,E002,gates_without_ood,0.15,0.15,92,69,10,0.14492753623188406,0.10144927536231885,0.043478260869565216,0.75,0.0,0.2101449275362319,0.2801932367149758,56.869565217391305,48.0,empirical group EESR,disabled,20260929,20eced06353f152f936cfba5517ba7305629052a
stress_irregular,E002,gates_full,0.15,0.15,92,58,6,0.10344827586206896,0.06896551724137931,0.034482758620689655,0.6304347826086957,0.11956521739130435,0.17210144927536233,0.2729885057471264,59.608695652173914,60.0,empirical group EESR,enabled,20260929,20eced06353f152f936cfba5517ba7305629052a
stress_irregular,E002,calibrated_non_group,0.2,0.2,92,85,16,0.18823529411764706,0.11764705882352941,0.07058823529411765,0.9239130434782609,0.0,0.5851449275362318,0.6333333333333332,29.869565217391305,24.0,empirical group EESR,disabled,20260929,20eced06353f152f936cfba5517ba7305629052a
stress_irregular,E002,cbes_style,0.2,0.2,92,78,10,0.1282051282051282,0.05128205128205128,0.07692307692307693,0.8478260869565217,0.0,0.523550724637681,0.6175213675213674,34.30434782608695,24.0,empirical group EESR,disabled,20260929,20eced06353f152f936cfba5517ba7305629052a
stress_irregular,E002,gates_without_ood,0.2,0.2,92,84,13,0.15476190476190477,0.08333333333333333,0.07142857142857142,0.9130434782608695,0.0,0.48188405797101436,0.5277777777777777,37.30434782608695,24.0,empirical group EESR,disabled,20260929,20eced06353f152f936cfba5517ba7305629052a
stress_irregular,E002,gates_full,0.2,0.2,92,77,11,0.14285714285714285,0.07792207792207792,0.06493506493506493,0.8369565217391305,0.07608695652173914,0.4420289855072463,0.5281385281385279,40.17391304347826,24.0,empirical group EESR,enabled,20260929,20eced06353f152f936cfba5517ba7305629052a
stress_irregular,E002,calibrated_non_group,0.3,0.3,92,85,18,0.21176470588235294,0.09411764705882353,0.11764705882352941,0.9239130434782609,0.0,0.7155797101449275,0.7745098039215685,20.47826086956522,12.0,empirical group EESR,disabled,20260929,20eced06353f152f936cfba5517ba7305629052a
stress_irregular,E002,cbes_style,0.3,0.3,92,78,10,0.1282051282051282,0.05128205128205128,0.07692307692307693,0.8478260869565217,0.0,0.523550724637681,0.6175213675213674,34.30434782608695,24.0,empirical group EESR,disabled,20260929,20eced06353f152f936cfba5517ba7305629052a
stress_irregular,E002,gates_without_ood,0.3,0.3,92,85,12,0.1411764705882353,0.058823529411764705,0.08235294117647059,0.9239130434782609,0.0,0.5833333333333333,0.6313725490196077,30.0,24.0,empirical group EESR,disabled,20260929,20eced06353f152f936cfba5517ba7305629052a
stress_irregular,E002,gates_full,0.3,0.3,92,79,11,0.13924050632911392,0.06329113924050633,0.0759493670886076,0.8586956521739131,0.06521739130434782,0.5434782608695652,0.6329113924050631,32.869565217391305,24.0,empirical group EESR,enabled,20260929,20eced06353f152f936cfba5517ba7305629052a
stress_irregular,E004,full_protocol,none,,96,0,0,0.0,0.0,0.0,0.0,0.0,0.0,0.0,72.0,72.0,empirical group EESR,disabled,20260929,20eced06353f152f936cfba5517ba7305629052a
stress_irregular,E004,fixed_time,12.0,,96,96,60,0.625,0.625,0.0,1.0,0.0,0.8333333333333334,0.8333333333333334,12.0,12.0,empirical group EESR,disabled,20260929,20eced06353f152f936cfba5517ba7305629052a
stress_irregular,E004,fixed_time,24.0,,96,96,38,0.3958333333333333,0.3958333333333333,0.0,1.0,0.0,0.6666666666666666,0.6666666666666666,24.0,24.0,empirical group EESR,disabled,20260929,20eced06353f152f936cfba5517ba7305629052a
stress_irregular,E004,fixed_time,36.0,,96,96,10,0.10416666666666667,0.10416666666666667,0.0,1.0,0.0,0.5,0.5,36.0,36.0,empirical group EESR,disabled,20260929,20eced06353f152f936cfba5517ba7305629052a
stress_irregular,E004,fixed_time,48.0,,96,96,0,0.0,0.0,0.0,1.0,0.0,0.3333333333333333,0.3333333333333333,48.0,48.0,empirical group EESR,disabled,20260929,20eced06353f152f936cfba5517ba7305629052a
stress_irregular,E004,fixed_time,60.0,,96,96,1,0.010416666666666666,0.010416666666666666,0.0,1.0,0.0,0.16666666666666666,0.16666666666666666,60.0,60.0,empirical group EESR,disabled,20260929,20eced06353f152f936cfba5517ba7305629052a
stress_irregular,E004,naive_confidence,0.5,,96,96,60,0.625,0.625,0.0,1.0,0.0,0.8333333333333334,0.8333333333333334,12.0,12.0,empirical group EESR,disabled,20260929,20eced06353f152f936cfba5517ba7305629052a
stress_irregular,E004,naive_confidence,0.6,,96,96,42,0.4375,0.4375,0.0,1.0,0.0,0.7083333333333334,0.7083333333333334,21.0,12.0,empirical group EESR,disabled,20260929,20eced06353f152f936cfba5517ba7305629052a
stress_irregular,E004,naive_confidence,0.7,,96,96,23,0.23958333333333334,0.23958333333333334,0.0,1.0,0.0,0.5572916666666666,0.5572916666666666,31.875,36.0,empirical group EESR,disabled,20260929,20eced06353f152f936cfba5517ba7305629052a
stress_irregular,E004,naive_confidence,0.8,,96,96,2,0.020833333333333332,0.020833333333333332,0.0,1.0,0.0,0.37326388888888884,0.37326388888888884,45.125,48.0,empirical group EESR,disabled,20260929,20eced06353f152f936cfba5517ba7305629052a
stress_irregular,E004,naive_confidence,0.9,,96,90,0,0.0,0.0,0.0,0.9375,0.0,0.2673611111111111,0.28518518518518515,52.75,48.0,empirical group EESR,disabled,20260929,20eced06353f152f936cfba5517ba7305629052a
stress_irregular,E004,naive_confidence,0.95,,96,55,0,0.0,0.0,0.0,0.5729166666666666,0.0,0.13020833333333331,0.22727272727272724,62.625,60.0,empirical group EESR,disabled,20260929,20eced06353f152f936cfba5517ba7305629052a
stress_irregular,E004,naive_confidence,0.975,,96,19,0,0.0,0.0,0.0,0.19791666666666666,0.0,0.03472222222222222,0.17543859649122803,69.5,72.0,empirical group EESR,disabled,20260929,20eced06353f152f936cfba5517ba7305629052a
stress_irregular,E004,naive_confidence,0.99,,96,1,0,0.0,0.0,0.0,0.010416666666666666,0.0,0.001736111111111111,0.16666666666666666,71.875,72.0,empirical group EESR,disabled,20260929,20eced06353f152f936cfba5517ba7305629052a
stress_irregular,E004,calibrated_non_group,0.02,0.02,96,0,0,0.0,0.0,0.0,0.0,0.0,0.0,0.0,72.0,72.0,empirical group EESR,disabled,20260929,20eced06353f152f936cfba5517ba7305629052a
stress_irregular,E004,cbes_style,0.02,0.02,96,0,0,0.0,0.0,0.0,0.0,0.0,0.0,0.0,72.0,72.0,empirical group EESR,disabled,20260929,20eced06353f152f936cfba5517ba7305629052a
stress_irregular,E004,gates_without_ood,0.02,0.02,96,0,0,0.0,0.0,0.0,0.0,0.0,0.0,0.0,72.0,72.0,empirical group EESR,disabled,20260929,20eced06353f152f936cfba5517ba7305629052a
stress_irregular,E004,gates_full,0.02,0.02,96,0,0,0.0,0.0,0.0,0.0,0.0,0.0,0.0,72.0,72.0,empirical group EESR,enabled,20260929,20eced06353f152f936cfba5517ba7305629052a
stress_irregular,E004,calibrated_non_group,0.05,0.05,96,31,0,0.0,0.0,0.0,0.3229166666666667,0.0,0.05381944444444444,0.16666666666666674,68.125,72.0,empirical group EESR,disabled,20260929,20eced06353f152f936cfba5517ba7305629052a
stress_irregular,E004,cbes_style,0.05,0.05,96,0,0,0.0,0.0,0.0,0.0,0.0,0.0,0.0,72.0,72.0,empirical group EESR,disabled,20260929,20eced06353f152f936cfba5517ba7305629052a
stress_irregular,E004,gates_without_ood,0.05,0.05,96,31,0,0.0,0.0,0.0,0.3229166666666667,0.0,0.05381944444444444,0.16666666666666674,68.125,72.0,empirical group EESR,disabled,20260929,20eced06353f152f936cfba5517ba7305629052a
stress_irregular,E004,gates_full,0.05,0.05,96,31,0,0.0,0.0,0.0,0.3229166666666667,0.0,0.05381944444444444,0.16666666666666674,68.125,72.0,empirical group EESR,enabled,20260929,20eced06353f152f936cfba5517ba7305629052a
stress_irregular,E004,calibrated_non_group,0.1,0.1,96,85,0,0.0,0.0,0.0,0.8854166666666666,0.0,0.18402777777777776,0.2078431372549019,58.75,60.0,empirical group EESR,disabled,20260929,20eced06353f152f936cfba5517ba7305629052a
stress_irregular,E004,cbes_style,0.1,0.1,96,0,0,0.0,0.0,0.0,0.0,0.0,0.0,0.0,72.0,72.0,empirical group EESR,disabled,20260929,20eced06353f152f936cfba5517ba7305629052a
stress_irregular,E004,gates_without_ood,0.1,0.1,96,59,0,0.0,0.0,0.0,0.6145833333333334,0.0,0.10243055555555554,0.16666666666666663,64.625,60.0,empirical group EESR,disabled,20260929,20eced06353f152f936cfba5517ba7305629052a
stress_irregular,E004,gates_full,0.1,0.1,96,59,0,0.0,0.0,0.0,0.6145833333333334,0.0,0.10243055555555554,0.16666666666666663,64.625,60.0,empirical group EESR,enabled,20260929,20eced06353f152f936cfba5517ba7305629052a
stress_irregular,E004,calibrated_non_group,0.15,0.15,96,81,1,0.012345679012345678,0.012345679012345678,0.0,0.84375,0.0,0.296875,0.3518518518518518,50.625,48.0,empirical group EESR,disabled,20260929,20eced06353f152f936cfba5517ba7305629052a
stress_irregular,E004,cbes_style,0.15,0.15,96,0,0,0.0,0.0,0.0,0.0,0.0,0.0,0.0,72.0,72.0,empirical group EESR,disabled,20260929,20eced06353f152f936cfba5517ba7305629052a
stress_irregular,E004,gates_without_ood,0.15,0.15,96,93,0,0.0,0.0,0.0,0.96875,0.0,0.16145833333333334,0.16666666666666666,60.375,60.0,empirical group EESR,disabled,20260929,20eced06353f152f936cfba5517ba7305629052a
stress_irregular,E004,gates_full,0.15,0.15,96,93,0,0.0,0.0,0.0,0.96875,0.0,0.16145833333333334,0.16666666666666666,60.375,60.0,empirical group EESR,enabled,20260929,20eced06353f152f936cfba5517ba7305629052a
stress_irregular,E004,calibrated_non_group,0.2,0.2,96,96,9,0.09375,0.09375,0.0,1.0,0.0,0.4010416666666667,0.4010416666666667,43.125,48.0,empirical group EESR,disabled,20260929,20eced06353f152f936cfba5517ba7305629052a
stress_irregular,E004,cbes_style,0.2,0.2,96,96,0,0.0,0.0,0.0,1.0,0.0,0.3333333333333333,0.3333333333333333,48.0,48.0,empirical group EESR,disabled,20260929,20eced06353f152f936cfba5517ba7305629052a
stress_irregular,E004,gates_without_ood,0.2,0.2,96,96,0,0.0,0.0,0.0,1.0,0.0,0.2899305555555555,0.2899305555555555,51.125,48.0,empirical group EESR,disabled,20260929,20eced06353f152f936cfba5517ba7305629052a
stress_irregular,E004,gates_full,0.2,0.2,96,96,0,0.0,0.0,0.0,1.0,0.0,0.2899305555555555,0.2899305555555555,51.125,48.0,empirical group EESR,enabled,20260929,20eced06353f152f936cfba5517ba7305629052a
stress_irregular,E004,calibrated_non_group,0.3,0.3,96,96,39,0.40625,0.40625,0.0,1.0,0.0,0.6996527777777777,0.6996527777777777,21.625,12.0,empirical group EESR,disabled,20260929,20eced06353f152f936cfba5517ba7305629052a
stress_irregular,E004,cbes_style,0.3,0.3,96,96,31,0.3229166666666667,0.3229166666666667,0.0,1.0,0.0,0.5781249999999999,0.5781249999999999,30.375,48.0,empirical group EESR,disabled,20260929,20eced06353f152f936cfba5517ba7305629052a
stress_irregular,E004,gates_without_ood,0.3,0.3,96,96,34,0.3541666666666667,0.3541666666666667,0.0,1.0,0.0,0.6093749999999999,0.6093749999999999,28.125,24.0,empirical group EESR,disabled,20260929,20eced06353f152f936cfba5517ba7305629052a
stress_irregular,E004,gates_full,0.3,0.3,96,96,34,0.3541666666666667,0.3541666666666667,0.0,1.0,0.0,0.6093749999999999,0.6093749999999999,28.125,24.0,empirical group EESR,enabled,20260929,20eced06353f152f936cfba5517ba7305629052a
stress_irregular,E005,full_protocol,none,,92,0,0,0.0,0.0,0.0,0.0,0.0,0.0,0.0,72.0,72.0,empirical group EESR,disabled,20260929,20eced06353f152f936cfba5517ba7305629052a
stress_irregular,E005,fixed_time,12.0,,92,92,32,0.34782608695652173,0.29347826086956524,0.05434782608695652,1.0,0.0,0.833333333333333,0.833333333333333,12.0,12.0,empirical group EESR,disabled,20260929,20eced06353f152f936cfba5517ba7305629052a
stress_irregular,E005,fixed_time,24.0,,92,92,31,0.33695652173913043,0.32608695652173914,0.010869565217391304,1.0,0.0,0.6666666666666666,0.6666666666666666,24.0,24.0,empirical group EESR,disabled,20260929,20eced06353f152f936cfba5517ba7305629052a
stress_irregular,E005,fixed_time,36.0,,92,92,37,0.40217391304347827,0.3695652173913043,0.03260869565217391,1.0,0.0,0.5,0.5,36.0,36.0,empirical group EESR,disabled,20260929,20eced06353f152f936cfba5517ba7305629052a
stress_irregular,E005,fixed_time,48.0,,92,92,29,0.31521739130434784,0.29347826086956524,0.021739130434782608,1.0,0.0,0.3333333333333333,0.3333333333333333,48.0,48.0,empirical group EESR,disabled,20260929,20eced06353f152f936cfba5517ba7305629052a
stress_irregular,E005,fixed_time,60.0,,92,92,22,0.2391304347826087,0.21739130434782608,0.021739130434782608,1.0,0.0,0.16666666666666666,0.16666666666666666,60.0,60.0,empirical group EESR,disabled,20260929,20eced06353f152f936cfba5517ba7305629052a
stress_irregular,E005,naive_confidence,0.5,,92,92,32,0.34782608695652173,0.29347826086956524,0.05434782608695652,1.0,0.0,0.833333333333333,0.833333333333333,12.0,12.0,empirical group EESR,disabled,20260929,20eced06353f152f936cfba5517ba7305629052a
stress_irregular,E005,naive_confidence,0.6,,92,92,32,0.34782608695652173,0.30434782608695654,0.043478260869565216,1.0,0.0,0.7989130434782605,0.7989130434782605,14.478260869565217,12.0,empirical group EESR,disabled,20260929,20eced06353f152f936cfba5517ba7305629052a
stress_irregular,E005,naive_confidence,0.7,,92,92,30,0.32608695652173914,0.29347826086956524,0.03260869565217391,1.0,0.0,0.7499999999999997,0.7499999999999997,18.0,12.0,empirical group EESR,disabled,20260929,20eced06353f152f936cfba5517ba7305629052a
stress_irregular,E005,naive_confidence,0.8,,92,90,32,0.35555555555555557,0.32222222222222224,0.03333333333333333,0.9782608695652174,0.0,0.6666666666666666,0.6814814814814815,24.0,24.0,empirical group EESR,disabled,20260929,20eced06353f152f936cfba5517ba7305629052a
stress_irregular,E005,naive_confidence,0.9,,92,80,23,0.2875,0.2875,0.0,0.8695652173913043,0.0,0.5362318840579711,0.6166666666666666,33.391304347826086,24.0,empirical group EESR,disabled,20260929,20eced06353f152f936cfba5517ba7305629052a
stress_irregular,E005,naive_confidence,0.95,,92,57,13,0.22807017543859648,0.22807017543859648,0.0,0.6195652173913043,0.0,0.29891304347826086,0.48245614035087714,50.47826086956522,48.0,empirical group EESR,disabled,20260929,20eced06353f152f936cfba5517ba7305629052a
stress_irregular,E005,naive_confidence,0.975,,92,44,8,0.18181818181818182,0.18181818181818182,0.0,0.4782608695652174,0.0,0.1956521739130435,0.4090909090909091,57.91304347826087,72.0,empirical group EESR,disabled,20260929,20eced06353f152f936cfba5517ba7305629052a
stress_irregular,E005,naive_confidence,0.99,,92,23,4,0.17391304347826086,0.17391304347826086,0.0,0.25,0.0,0.07789855072463768,0.3115942028985507,66.3913043478261,72.0,empirical group EESR,disabled,20260929,20eced06353f152f936cfba5517ba7305629052a
stress_irregular,E005,calibrated_non_group,0.02,0.02,92,0,0,0.0,0.0,0.0,0.0,0.0,0.0,0.0,72.0,72.0,empirical group EESR,disabled,20260929,20eced06353f152f936cfba5517ba7305629052a
stress_irregular,E005,cbes_style,0.02,0.02,92,0,0,0.0,0.0,0.0,0.0,0.0,0.0,0.0,72.0,72.0,empirical group EESR,disabled,20260929,20eced06353f152f936cfba5517ba7305629052a
stress_irregular,E005,gates_without_ood,0.02,0.02,92,0,0,0.0,0.0,0.0,0.0,0.0,0.0,0.0,72.0,72.0,empirical group EESR,disabled,20260929,20eced06353f152f936cfba5517ba7305629052a
stress_irregular,E005,gates_full,0.02,0.02,92,0,0,0.0,0.0,0.0,0.0,0.0,0.0,0.0,72.0,72.0,empirical group EESR,enabled,20260929,20eced06353f152f936cfba5517ba7305629052a
stress_irregular,E005,calibrated_non_group,0.05,0.05,92,0,0,0.0,0.0,0.0,0.0,0.0,0.0,0.0,72.0,72.0,empirical group EESR,disabled,20260929,20eced06353f152f936cfba5517ba7305629052a
stress_irregular,E005,cbes_style,0.05,0.05,92,0,0,0.0,0.0,0.0,0.0,0.0,0.0,0.0,72.0,72.0,empirical group EESR,disabled,20260929,20eced06353f152f936cfba5517ba7305629052a
stress_irregular,E005,gates_without_ood,0.05,0.05,92,0,0,0.0,0.0,0.0,0.0,0.0,0.0,0.0,72.0,72.0,empirical group EESR,disabled,20260929,20eced06353f152f936cfba5517ba7305629052a
stress_irregular,E005,gates_full,0.05,0.05,92,0,0,0.0,0.0,0.0,0.0,0.0,0.0,0.0,72.0,72.0,empirical group EESR,enabled,20260929,20eced06353f152f936cfba5517ba7305629052a
stress_irregular,E005,calibrated_non_group,0.1,0.1,92,66,20,0.30303030303030304,0.30303030303030304,0.0,0.717391304347826,0.0,0.48188405797101447,0.6717171717171716,37.30434782608695,24.0,empirical group EESR,disabled,20260929,20eced06353f152f936cfba5517ba7305629052a
stress_irregular,E005,cbes_style,0.1,0.1,92,68,19,0.27941176470588236,0.27941176470588236,0.0,0.7391304347826086,0.0,0.49275362318840576,0.6666666666666665,36.52173913043478,24.0,empirical group EESR,disabled,20260929,20eced06353f152f936cfba5517ba7305629052a
stress_irregular,E005,gates_without_ood,0.1,0.1,92,29,5,0.1724137931034483,0.1724137931034483,0.0,0.31521739130434784,0.0,0.21014492753623187,0.6666666666666669,56.869565217391305,72.0,empirical group EESR,disabled,20260929,20eced06353f152f936cfba5517ba7305629052a
stress_irregular,E005,gates_full,0.1,0.1,92,11,1,0.09090909090909091,0.09090909090909091,0.0,0.11956521739130435,0.1956521739130435,0.07971014492753623,0.6666666666666667,66.26086956521739,72.0,empirical group EESR,enabled,20260929,20eced06353f152f936cfba5517ba7305629052a
stress_irregular,E005,calibrated_non_group,0.15,0.15,92,85,29,0.3411764705882353,0.32941176470588235,0.011764705882352941,0.9239130434782609,0.0,0.6195652173913043,0.6705882352941177,27.391304347826086,24.0,empirical group EESR,disabled,20260929,20eced06353f152f936cfba5517ba7305629052a
stress_irregular,E005,cbes_style,0.15,0.15,92,87,24,0.27586206896551724,0.26436781609195403,0.011494252873563218,0.9456521739130435,0.0,0.5271739130434782,0.5574712643678158,34.04347826086956,24.0,empirical group EESR,disabled,20260929,20eced06353f152f936cfba5517ba7305629052a
stress_irregular,E005,gates_without_ood,0.15,0.15,92,67,23,0.34328358208955223,0.3283582089552239,0.014925373134328358,0.7282608695652174,0.0,0.5054347826086957,0.6940298507462687,35.608695652173914,24.0,empirical group EESR,disabled,20260929,20eced06353f152f936cfba5517ba7305629052a
stress_irregular,E005,gates_full,0.15,0.15,92,34,10,0.29411764705882354,0.2647058823529412,0.029411764705882353,0.3695652173913043,0.358695652173913,0.25181159420289856,0.6813725490196078,53.869565217391305,72.0,empirical group EESR,enabled,20260929,20eced06353f152f936cfba5517ba7305629052a
stress_irregular,E005,calibrated_non_group,0.2,0.2,92,86,31,0.36046511627906974,0.3488372093023256,0.011627906976744186,0.9347826086956522,0.0,0.644927536231884,0.689922480620155,25.565217391304348,24.0,empirical group EESR,disabled,20260929,20eced06353f152f936cfba5517ba7305629052a
stress_irregular,E005,cbes_style,0.2,0.2,92,88,28,0.3181818181818182,0.3068181818181818,0.011363636363636364,0.9565217391304348,0.0,0.5724637681159421,0.5984848484848485,30.782608695652176,24.0,empirical group EESR,disabled,20260929,20eced06353f152f936cfba5517ba7305629052a
stress_irregular,E005,gates_without_ood,0.2,0.2,92,76,27,0.35526315789473684,0.34210526315789475,0.013157894736842105,0.8260869565217391,0.0,0.5905797101449276,0.7149122807017544,29.47826086956522,24.0,empirical group EESR,disabled,20260929,20eced06353f152f936cfba5517ba7305629052a
stress_irregular,E005,gates_full,0.2,0.2,92,38,11,0.2894736842105263,0.2631578947368421,0.02631578947368421,0.41304347826086957,0.41304347826086957,0.2934782608695652,0.7105263157894736,50.869565217391305,72.0,empirical group EESR,enabled,20260929,20eced06353f152f936cfba5517ba7305629052a
stress_irregular,E005,calibrated_non_group,0.3,0.3,92,92,32,0.34782608695652173,0.33695652173913043,0.010869565217391304,1.0,0.0,0.7264492753623187,0.7264492753623187,19.695652173913043,24.0,empirical group EESR,disabled,20260929,20eced06353f152f936cfba5517ba7305629052a
stress_irregular,E005,cbes_style,0.3,0.3,92,91,30,0.32967032967032966,0.2857142857142857,0.04395604395604396,0.9891304347826086,0.0,0.7336956521739127,0.7417582417582416,19.17391304347826,12.0,empirical group EESR,disabled,20260929,20eced06353f152f936cfba5517ba7305629052a
stress_irregular,E005,gates_without_ood,0.3,0.3,92,91,33,0.3626373626373626,0.31868131868131866,0.04395604395604396,0.9891304347826086,0.0,0.7807971014492752,0.7893772893772891,15.782608695652174,12.0,empirical group EESR,disabled,20260929,20eced06353f152f936cfba5517ba7305629052a
stress_irregular,E005,gates_full,0.3,0.3,92,44,15,0.3409090909090909,0.25,0.09090909090909091,0.4782608695652174,0.5108695652173914,0.3768115942028985,0.787878787878788,44.869565217391305,72.0,empirical group EESR,enabled,20260929,20eced06353f152f936cfba5517ba7305629052a
stress_irregular,E006,full_protocol,none,,95,0,0,0.0,0.0,0.0,0.0,0.0,0.0,0.0,72.0,72.0,empirical group EESR,disabled,20260929,20eced06353f152f936cfba5517ba7305629052a
stress_irregular,E006,fixed_time,12.0,,95,95,31,0.3263157894736842,0.031578947368421054,0.29473684210526313,1.0,0.0,0.8333333333333329,0.8333333333333329,12.0,12.0,empirical group EESR,disabled,20260929,20eced06353f152f936cfba5517ba7305629052a
stress_irregular,E006,fixed_time,24.0,,95,95,23,0.24210526315789474,0.031578947368421054,0.21052631578947367,1.0,0.0,0.6666666666666665,0.6666666666666665,24.0,24.0,empirical group EESR,disabled,20260929,20eced06353f152f936cfba5517ba7305629052a
stress_irregular,E006,fixed_time,36.0,,95,95,28,0.29473684210526313,0.09473684210526316,0.2,1.0,0.0,0.5,0.5,36.0,36.0,empirical group EESR,disabled,20260929,20eced06353f152f936cfba5517ba7305629052a
stress_irregular,E006,fixed_time,48.0,,95,95,22,0.23157894736842105,0.042105263157894736,0.18947368421052632,1.0,0.0,0.33333333333333326,0.33333333333333326,48.0,48.0,empirical group EESR,disabled,20260929,20eced06353f152f936cfba5517ba7305629052a
stress_irregular,E006,fixed_time,60.0,,95,95,16,0.16842105263157894,0.05263157894736842,0.11578947368421053,1.0,0.0,0.16666666666666663,0.16666666666666663,60.0,60.0,empirical group EESR,disabled,20260929,20eced06353f152f936cfba5517ba7305629052a
stress_irregular,E006,naive_confidence,0.5,,95,95,31,0.3263157894736842,0.031578947368421054,0.29473684210526313,1.0,0.0,0.8333333333333329,0.8333333333333329,12.0,12.0,empirical group EESR,disabled,20260929,20eced06353f152f936cfba5517ba7305629052a
stress_irregular,E006,naive_confidence,0.6,,95,95,27,0.28421052631578947,0.021052631578947368,0.2631578947368421,1.0,0.0,0.7789473684210523,0.7789473684210523,15.91578947368421,12.0,empirical group EESR,disabled,20260929,20eced06353f152f936cfba5517ba7305629052a
stress_irregular,E006,naive_confidence,0.7,,95,93,27,0.2903225806451613,0.03225806451612903,0.25806451612903225,0.9789473684210527,0.0,0.6649122807017546,0.6792114695340503,24.126315789473683,12.0,empirical group EESR,disabled,20260929,20eced06353f152f936cfba5517ba7305629052a
stress_irregular,E006,naive_confidence,0.8,,95,88,18,0.20454545454545456,0.022727272727272728,0.18181818181818182,0.9263157894736842,0.0,0.5315789473684212,0.5738636363636364,33.72631578947368,24.0,empirical group EESR,disabled,20260929,20eced06353f152f936cfba5517ba7305629052a
stress_irregular,E006,naive_confidence,0.9,,95,70,8,0.11428571428571428,0.014285714285714285,0.1,0.7368421052631579,0.0,0.3070175438596491,0.41666666666666663,49.89473684210526,48.0,empirical group EESR,disabled,20260929,20eced06353f152f936cfba5517ba7305629052a
stress_irregular,E006,naive_confidence,0.95,,95,44,5,0.11363636363636363,0.022727272727272728,0.09090909090909091,0.4631578947368421,0.0,0.1526315789473684,0.32954545454545453,61.01052631578948,72.0,empirical group EESR,disabled,20260929,20eced06353f152f936cfba5517ba7305629052a
stress_irregular,E006,naive_confidence,0.975,,95,28,2,0.07142857142857142,0.03571428571428571,0.03571428571428571,0.29473684210526313,0.0,0.07894736842105263,0.26785714285714285,66.3157894736842,72.0,empirical group EESR,disabled,20260929,20eced06353f152f936cfba5517ba7305629052a
stress_irregular,E006,naive_confidence,0.99,,95,13,1,0.07692307692307693,0.07692307692307693,0.0,0.1368421052631579,0.0,0.03333333333333333,0.24358974358974356,69.6,72.0,empirical group EESR,disabled,20260929,20eced06353f152f936cfba5517ba7305629052a
stress_irregular,E006,calibrated_non_group,0.02,0.02,95,2,1,0.5,0.0,0.5,0.021052631578947368,0.0,0.014035087719298244,0.6666666666666666,70.98947368421052,72.0,empirical group EESR,disabled,20260929,20eced06353f152f936cfba5517ba7305629052a
stress_irregular,E006,cbes_style,0.02,0.02,95,0,0,0.0,0.0,0.0,0.0,0.0,0.0,0.0,72.0,72.0,empirical group EESR,disabled,20260929,20eced06353f152f936cfba5517ba7305629052a
stress_irregular,E006,gates_without_ood,0.02,0.02,95,0,0,0.0,0.0,0.0,0.0,0.0,0.0,0.0,72.0,72.0,empirical group EESR,disabled,20260929,20eced06353f152f936cfba5517ba7305629052a
stress_irregular,E006,gates_full,0.02,0.02,95,0,0,0.0,0.0,0.0,0.0,0.0,0.0,0.0,72.0,72.0,empirical group EESR,enabled,20260929,20eced06353f152f936cfba5517ba7305629052a
stress_irregular,E006,calibrated_non_group,0.05,0.05,95,36,3,0.08333333333333333,0.027777777777777776,0.05555555555555555,0.37894736842105264,0.0,0.16315789473684209,0.43055555555555547,60.252631578947366,72.0,empirical group EESR,disabled,20260929,20eced06353f152f936cfba5517ba7305629052a
stress_irregular,E006,cbes_style,0.05,0.05,95,0,0,0.0,0.0,0.0,0.0,0.0,0.0,0.0,72.0,72.0,empirical group EESR,disabled,20260929,20eced06353f152f936cfba5517ba7305629052a
stress_irregular,E006,gates_without_ood,0.05,0.05,95,0,0,0.0,0.0,0.0,0.0,0.0,0.0,0.0,72.0,72.0,empirical group EESR,disabled,20260929,20eced06353f152f936cfba5517ba7305629052a
stress_irregular,E006,gates_full,0.05,0.05,95,0,0,0.0,0.0,0.0,0.0,0.0,0.0,0.0,72.0,72.0,empirical group EESR,enabled,20260929,20eced06353f152f936cfba5517ba7305629052a
stress_irregular,E006,calibrated_non_group,0.1,0.1,95,64,12,0.1875,0.015625,0.171875,0.6736842105263158,0.0,0.42631578947368426,0.6328125,41.305263157894736,48.0,empirical group EESR,disabled,20260929,20eced06353f152f936cfba5517ba7305629052a
stress_irregular,E006,cbes_style,0.1,0.1,95,0,0,0.0,0.0,0.0,0.0,0.0,0.0,0.0,72.0,72.0,empirical group EESR,disabled,20260929,20eced06353f152f936cfba5517ba7305629052a
stress_irregular,E006,gates_without_ood,0.1,0.1,95,29,10,0.3448275862068966,0.034482758620689655,0.3103448275862069,0.30526315789473685,0.0,0.25438596491228066,0.8333333333333331,53.68421052631579,72.0,empirical group EESR,disabled,20260929,20eced06353f152f936cfba5517ba7305629052a
stress_irregular,E006,gates_full,0.1,0.1,95,18,4,0.2222222222222222,0.0,0.2222222222222222,0.18947368421052632,0.11578947368421053,0.15789473684210528,0.8333333333333335,60.63157894736842,72.0,empirical group EESR,enabled,20260929,20eced06353f152f936cfba5517ba7305629052a
stress_irregular,E006,calibrated_non_group,0.15,0.15,95,72,16,0.2222222222222222,0.013888888888888888,0.20833333333333334,0.7578947368421053,0.0,0.46842105263157907,0.6180555555555556,38.27368421052632,48.0,empirical group EESR,disabled,20260929,20eced06353f152f936cfba5517ba7305629052a
stress_irregular,E006,cbes_style,0.15,0.15,95,0,0,0.0,0.0,0.0,0.0,0.0,0.0,0.0,72.0,72.0,empirical group EESR,disabled,20260929,20eced06353f152f936cfba5517ba7305629052a
stress_irregular,E006,gates_without_ood,0.15,0.15,95,47,13,0.2765957446808511,0.02127659574468085,0.2553191489361702,0.49473684210526314,0.0,0.38421052631578956,0.7765957446808514,44.33684210526316,72.0,empirical group EESR,disabled,20260929,20eced06353f152f936cfba5517ba7305629052a
stress_irregular,E006,gates_full,0.15,0.15,95,36,7,0.19444444444444445,0.0,0.19444444444444445,0.37894736842105264,0.11578947368421053,0.28771929824561404,0.7592592592592591,51.28421052631579,72.0,empirical group EESR,enabled,20260929,20eced06353f152f936cfba5517ba7305629052a
stress_irregular,E006,calibrated_non_group,0.2,0.2,95,85,22,0.25882352941176473,0.03529411764705882,0.2235294117647059,0.8947368421052632,0.0,0.5543859649122809,0.619607843137255,32.084210526315786,36.0,empirical group EESR,disabled,20260929,20eced06353f152f936cfba5517ba7305629052a
stress_irregular,E006,cbes_style,0.2,0.2,95,0,0,0.0,0.0,0.0,0.0,0.0,0.0,0.0,72.0,72.0,empirical group EESR,disabled,20260929,20eced06353f152f936cfba5517ba7305629052a
stress_irregular,E006,gates_without_ood,0.2,0.2,95,67,16,0.23880597014925373,0.014925373134328358,0.22388059701492538,0.7052631578947368,0.0,0.4894736842105264,0.6940298507462688,36.757894736842104,24.0,empirical group EESR,disabled,20260929,20eced06353f152f936cfba5517ba7305629052a
stress_irregular,E006,gates_full,0.2,0.2,95,55,10,0.18181818181818182,0.0,0.18181818181818182,0.5789473684210527,0.12631578947368421,0.3859649122807018,0.6666666666666669,44.21052631578947,60.0,empirical group EESR,enabled,20260929,20eced06353f152f936cfba5517ba7305629052a
stress_irregular,E006,calibrated_non_group,0.3,0.3,95,94,25,0.26595744680851063,0.031914893617021274,0.23404255319148937,0.9894736842105263,0.0,0.6192982456140352,0.6258865248226951,27.410526315789475,24.0,empirical group EESR,disabled,20260929,20eced06353f152f936cfba5517ba7305629052a
stress_irregular,E006,cbes_style,0.3,0.3,95,66,13,0.19696969696969696,0.015151515151515152,0.18181818181818182,0.6947368421052632,0.0,0.46315789473684194,0.6666666666666665,38.65263157894737,24.0,empirical group EESR,disabled,20260929,20eced06353f152f936cfba5517ba7305629052a
stress_irregular,E006,gates_without_ood,0.3,0.3,95,89,23,0.25842696629213485,0.033707865168539325,0.2247191011235955,0.9368421052631579,0.0,0.6736842105263158,0.7191011235955056,23.49473684210526,12.0,empirical group EESR,disabled,20260929,20eced06353f152f936cfba5517ba7305629052a
stress_irregular,E006,gates_full,0.3,0.3,95,72,16,0.2222222222222222,0.027777777777777776,0.19444444444444445,0.7578947368421053,0.17894736842105263,0.5263157894736843,0.6944444444444444,34.10526315789474,24.0,empirical group EESR,enabled,20260929,20eced06353f152f936cfba5517ba7305629052a
stress_irregular,E007,full_protocol,none,,93,0,0,0.0,0.0,0.0,0.0,0.0,0.0,0.0,72.0,72.0,empirical group EESR,disabled,20260929,20eced06353f152f936cfba5517ba7305629052a
stress_irregular,E007,fixed_time,12.0,,93,93,36,0.3870967741935484,0.26881720430107525,0.11827956989247312,1.0,0.0,0.833333333333333,0.833333333333333,12.0,12.0,empirical group EESR,disabled,20260929,20eced06353f152f936cfba5517ba7305629052a
stress_irregular,E007,fixed_time,24.0,,93,93,32,0.34408602150537637,0.15053763440860216,0.1935483870967742,1.0,0.0,0.6666666666666666,0.6666666666666666,24.0,24.0,empirical group EESR,disabled,20260929,20eced06353f152f936cfba5517ba7305629052a
stress_irregular,E007,fixed_time,36.0,,93,93,40,0.43010752688172044,0.1935483870967742,0.23655913978494625,1.0,0.0,0.5,0.5,36.0,36.0,empirical group EESR,disabled,20260929,20eced06353f152f936cfba5517ba7305629052a
stress_irregular,E007,fixed_time,48.0,,93,93,42,0.45161290322580644,0.07526881720430108,0.3763440860215054,1.0,0.0,0.3333333333333333,0.3333333333333333,48.0,48.0,empirical group EESR,disabled,20260929,20eced06353f152f936cfba5517ba7305629052a
stress_irregular,E007,fixed_time,60.0,,93,93,38,0.40860215053763443,0.0967741935483871,0.3118279569892473,1.0,0.0,0.16666666666666666,0.16666666666666666,60.0,60.0,empirical group EESR,disabled,20260929,20eced06353f152f936cfba5517ba7305629052a
stress_irregular,E007,naive_confidence,0.5,,93,93,36,0.3870967741935484,0.26881720430107525,0.11827956989247312,1.0,0.0,0.833333333333333,0.833333333333333,12.0,12.0,empirical group EESR,disabled,20260929,20eced06353f152f936cfba5517ba7305629052a
stress_irregular,E007,naive_confidence,0.6,,93,93,33,0.3548387096774194,0.1935483870967742,0.16129032258064516,1.0,0.0,0.7634408602150536,0.7634408602150536,17.032258064516128,12.0,empirical group EESR,disabled,20260929,20eced06353f152f936cfba5517ba7305629052a
stress_irregular,E007,naive_confidence,0.7,,93,83,27,0.3253012048192771,0.13253012048192772,0.1927710843373494,0.8924731182795699,0.0,0.6290322580645162,0.7048192771084337,26.70967741935484,24.0,empirical group EESR,disabled,20260929,20eced06353f152f936cfba5517ba7305629052a
stress_irregular,E007,naive_confidence,0.8,,93,66,24,0.36363636363636365,0.10606060606060606,0.25757575757575757,0.7096774193548387,0.0,0.424731182795699,0.5984848484848485,41.41935483870968,48.0,empirical group EESR,disabled,20260929,20eced06353f152f936cfba5517ba7305629052a
stress_irregular,E007,naive_confidence,0.9,,93,35,12,0.34285714285714286,0.05714285714285714,0.2857142857142857,0.3763440860215054,0.0,0.1971326164874552,0.5238095238095237,57.806451612903224,72.0,empirical group EESR,disabled,20260929,20eced06353f152f936cfba5517ba7305629052a
stress_irregular,E007,naive_confidence,0.95,,93,19,6,0.3157894736842105,0.0,0.3157894736842105,0.20430107526881722,0.0,0.08243727598566308,0.4035087719298246,66.06451612903226,72.0,empirical group EESR,disabled,20260929,20eced06353f152f936cfba5517ba7305629052a
stress_irregular,E007,naive_confidence,0.975,,93,9,2,0.2222222222222222,0.0,0.2222222222222222,0.0967741935483871,0.0,0.035842293906810034,0.3703703703703704,69.41935483870968,72.0,empirical group EESR,disabled,20260929,20eced06353f152f936cfba5517ba7305629052a
stress_irregular,E007,naive_confidence,0.99,,93,1,1,1.0,0.0,1.0,0.010752688172043012,0.0,0.0035842293906810036,0.3333333333333333,71.74193548387096,72.0,empirical group EESR,disabled,20260929,20eced06353f152f936cfba5517ba7305629052a
stress_irregular,E007,calibrated_non_group,0.02,0.02,93,76,28,0.3684210526315789,0.09210526315789473,0.27631578947368424,0.8172043010752689,0.0,0.3978494623655913,0.4868421052631577,43.354838709677416,48.0,empirical group EESR,disabled,20260929,20eced06353f152f936cfba5517ba7305629052a
stress_irregular,E007,cbes_style,0.02,0.02,93,0,0,0.0,0.0,0.0,0.0,0.0,0.0,0.0,72.0,72.0,empirical group EESR,disabled,20260929,20eced06353f152f936cfba5517ba7305629052a
stress_irregular,E007,gates_without_ood,0.02,0.02,93,43,10,0.23255813953488372,0.11627906976744186,0.11627906976744186,0.46236559139784944,0.0,0.28136200716845877,0.6085271317829458,51.74193548387097,72.0,empirical group EESR,disabled,20260929,20eced06353f152f936cfba5517ba7305629052a
stress_irregular,E007,gates_full,0.02,0.02,93,33,6,0.18181818181818182,0.12121212121212122,0.06060606060606061,0.3548387096774194,0.10752688172043011,0.23118279569892472,0.6515151515151515,55.354838709677416,72.0,empirical group EESR,enabled,20260929,20eced06353f152f936cfba5517ba7305629052a
stress_irregular,E007,calibrated_non_group,0.05,0.05,93,79,31,0.3924050632911392,0.11392405063291139,0.27848101265822783,0.8494623655913979,0.0,0.4229390681003583,0.49789029535864954,41.54838709677419,36.0,empirical group EESR,disabled,20260929,20eced06353f152f936cfba5517ba7305629052a
stress_irregular,E007,cbes_style,0.05,0.05,93,40,13,0.325,0.0,0.325,0.43010752688172044,0.0,0.07168458781362007,0.16666666666666666,66.83870967741936,72.0,empirical group EESR,disabled,20260929,20eced06353f152f936cfba5517ba7305629052a
stress_irregular,E007,gates_without_ood,0.05,0.05,93,85,32,0.3764705882352941,0.08235294117647059,0.29411764705882354,0.9139784946236559,0.0,0.43727598566308234,0.4784313725490195,40.516129032258064,48.0,empirical group EESR,disabled,20260929,20eced06353f152f936cfba5517ba7305629052a
stress_irregular,E007,gates_full,0.05,0.05,93,60,19,0.31666666666666665,0.08333333333333333,0.23333333333333334,0.6451612903225806,0.26881720430107525,0.33154121863799285,0.513888888888889,48.12903225806452,48.0,empirical group EESR,enabled,20260929,20eced06353f152f936cfba5517ba7305629052a
stress_irregular,E007,calibrated_non_group,0.1,0.1,93,93,36,0.3870967741935484,0.10752688172043011,0.27956989247311825,1.0,0.0,0.5179211469534049,0.5179211469534049,34.70967741935484,24.0,empirical group EESR,disabled,20260929,20eced06353f152f936cfba5517ba7305629052a
stress_irregular,E007,cbes_style,0.1,0.1,93,59,22,0.3728813559322034,0.06779661016949153,0.3050847457627119,0.6344086021505376,0.0,0.20609318996415765,0.3248587570621468,57.16129032258065,48.0,empirical group EESR,disabled,20260929,20eced06353f152f936cfba5517ba7305629052a
stress_irregular,E007,gates_without_ood,0.1,0.1,93,93,36,0.3870967741935484,0.10752688172043011,0.27956989247311825,1.0,0.0,0.5179211469534049,0.5179211469534049,34.70967741935484,24.0,empirical group EESR,disabled,20260929,20eced06353f152f936cfba5517ba7305629052a
stress_irregular,E007,gates_full,0.1,0.1,93,69,22,0.3188405797101449,0.08695652173913043,0.2318840579710145,0.7419354838709677,0.25806451612903225,0.3996415770609318,0.5386473429951689,43.225806451612904,48.0,empirical group EESR,enabled,20260929,20eced06353f152f936cfba5517ba7305629052a
stress_irregular,E007,calibrated_non_group,0.15,0.15,93,93,39,0.41935483870967744,0.17204301075268819,0.24731182795698925,1.0,0.0,0.5949820788530465,0.5949820788530465,29.161290322580644,24.0,empirical group EESR,disabled,20260929,20eced06353f152f936cfba5517ba7305629052a
stress_irregular,E007,cbes_style,0.15,0.15,93,68,27,0.39705882352941174,0.08823529411764706,0.3088235294117647,0.7311827956989247,0.0,0.30107526881720426,0.41176470588235287,50.32258064516129,48.0,empirical group EESR,disabled,20260929,20eced06353f152f936cfba5517ba7305629052a
stress_irregular,E007,gates_without_ood,0.15,0.15,93,93,38,0.40860215053763443,0.16129032258064516,0.24731182795698925,1.0,0.0,0.5734767025089604,0.5734767025089604,30.70967741935484,24.0,empirical group EESR,disabled,20260929,20eced06353f152f936cfba5517ba7305629052a
stress_irregular,E007,gates_full,0.15,0.15,93,75,28,0.37333333333333335,0.16,0.21333333333333335,0.8064516129032258,0.1935483870967742,0.46953405017921135,0.5822222222222222,38.193548387096776,36.0,empirical group EESR,enabled,20260929,20eced06353f152f936cfba5517ba7305629052a
stress_irregular,E007,calibrated_non_group,0.2,0.2,93,93,35,0.3763440860215054,0.16129032258064516,0.21505376344086022,1.0,0.0,0.6469534050179211,0.6469534050179211,25.419354838709676,24.0,empirical group EESR,disabled,20260929,20eced06353f152f936cfba5517ba7305629052a
stress_irregular,E007,cbes_style,0.2,0.2,93,82,26,0.3170731707317073,0.2073170731707317,0.10975609756097561,0.8817204301075269,0.0,0.6594982078853047,0.7479674796747967,24.516129032258064,12.0,empirical group EESR,disabled,20260929,20eced06353f152f936cfba5517ba7305629052a
stress_irregular,E007,gates_without_ood,0.2,0.2,93,93,36,0.3870967741935484,0.16129032258064516,0.22580645161290322,1.0,0.0,0.60752688172043,0.60752688172043,28.258064516129032,24.0,empirical group EESR,disabled,20260929,20eced06353f152f936cfba5517ba7305629052a
stress_irregular,E007,gates_full,0.2,0.2,93,76,26,0.34210526315789475,0.15789473684210525,0.18421052631578946,0.8172043010752689,0.1827956989247312,0.5053763440860215,0.6184210526315789,35.61290322580645,24.0,empirical group EESR,enabled,20260929,20eced06353f152f936cfba5517ba7305629052a
stress_irregular,E007,calibrated_non_group,0.3,0.3,93,93,31,0.3333333333333333,0.16129032258064516,0.17204301075268819,1.0,0.0,0.7419354838709676,0.7419354838709676,18.580645161290324,24.0,empirical group EESR,disabled,20260929,20eced06353f152f936cfba5517ba7305629052a
stress_irregular,E007,cbes_style,0.3,0.3,93,89,28,0.3146067415730337,0.21348314606741572,0.10112359550561797,0.956989247311828,0.0,0.7491039426523295,0.7827715355805243,18.06451612903226,12.0,empirical group EESR,disabled,20260929,20eced06353f152f936cfba5517ba7305629052a
stress_irregular,E007,gates_without_ood,0.3,0.3,93,93,32,0.34408602150537637,0.15053763440860216,0.1935483870967742,1.0,0.0,0.6666666666666666,0.6666666666666666,24.0,24.0,empirical group EESR,disabled,20260929,20eced06353f152f936cfba5517ba7305629052a
stress_irregular,E007,gates_full,0.3,0.3,93,83,27,0.3253012048192771,0.14457831325301204,0.18072289156626506,0.8924731182795699,0.10752688172043011,0.5949820788530465,0.6666666666666666,29.161290322580644,24.0,empirical group EESR,enabled,20260929,20eced06353f152f936cfba5517ba7305629052a
stress_irregular,E008,full_protocol,none,,91,0,0,0.0,0.0,0.0,0.0,0.0,0.0,0.0,72.0,72.0,empirical group EESR,disabled,20260929,20eced06353f152f936cfba5517ba7305629052a
stress_irregular,E008,fixed_time,12.0,,91,91,30,0.32967032967032966,0.07692307692307693,0.25274725274725274,1.0,0.0,0.8333333333333331,0.8333333333333331,12.0,12.0,empirical group EESR,disabled,20260929,20eced06353f152f936cfba5517ba7305629052a
stress_irregular,E008,fixed_time,24.0,,91,91,24,0.26373626373626374,0.04395604395604396,0.21978021978021978,1.0,0.0,0.6666666666666666,0.6666666666666666,24.0,24.0,empirical group EESR,disabled,20260929,20eced06353f152f936cfba5517ba7305629052a
stress_irregular,E008,fixed_time,36.0,,91,91,18,0.1978021978021978,0.06593406593406594,0.13186813186813187,1.0,0.0,0.5,0.5,36.0,36.0,empirical group EESR,disabled,20260929,20eced06353f152f936cfba5517ba7305629052a
stress_irregular,E008,fixed_time,48.0,,91,91,6,0.06593406593406594,0.054945054945054944,0.01098901098901099,1.0,0.0,0.3333333333333333,0.3333333333333333,48.0,48.0,empirical group EESR,disabled,20260929,20eced06353f152f936cfba5517ba7305629052a
stress_irregular,E008,fixed_time,60.0,,91,91,7,0.07692307692307693,0.04395604395604396,0.03296703296703297,1.0,0.0,0.16666666666666666,0.16666666666666666,60.0,60.0,empirical group EESR,disabled,20260929,20eced06353f152f936cfba5517ba7305629052a
stress_irregular,E008,naive_confidence,0.5,,91,91,30,0.32967032967032966,0.07692307692307693,0.25274725274725274,1.0,0.0,0.8333333333333331,0.8333333333333331,12.0,12.0,empirical group EESR,disabled,20260929,20eced06353f152f936cfba5517ba7305629052a
stress_irregular,E008,naive_confidence,0.6,,91,91,20,0.21978021978021978,0.07692307692307693,0.14285714285714285,1.0,0.0,0.7399267399267399,0.7399267399267399,18.725274725274726,12.0,empirical group EESR,disabled,20260929,20eced06353f152f936cfba5517ba7305629052a
stress_irregular,E008,naive_confidence,0.7,,91,88,8,0.09090909090909091,0.045454545454545456,0.045454545454545456,0.967032967032967,0.0,0.6208791208791209,0.6420454545454545,27.296703296703296,24.0,empirical group EESR,disabled,20260929,20eced06353f152f936cfba5517ba7305629052a
stress_irregular,E008,naive_confidence,0.8,,91,85,5,0.058823529411764705,0.047058823529411764,0.011764705882352941,0.9340659340659341,0.0,0.5018315018315019,0.5372549019607843,35.86813186813187,36.0,empirical group EESR,disabled,20260929,20eced06353f152f936cfba5517ba7305629052a
stress_irregular,E008,naive_confidence,0.9,,91,68,2,0.029411764705882353,0.029411764705882353,0.0,0.7472527472527473,0.0,0.30769230769230765,0.41176470588235287,49.84615384615385,48.0,empirical group EESR,disabled,20260929,20eced06353f152f936cfba5517ba7305629052a
stress_irregular,E008,naive_confidence,0.95,,91,49,2,0.04081632653061224,0.04081632653061224,0.0,0.5384615384615384,0.0,0.18131868131868129,0.33673469387755095,58.94505494505494,60.0,empirical group EESR,disabled,20260929,20eced06353f152f936cfba5517ba7305629052a
stress_irregular,E008,naive_confidence,0.975,,91,26,2,0.07692307692307693,0.07692307692307693,0.0,0.2857142857142857,0.0,0.0824175824175824,0.2884615384615384,66.06593406593407,72.0,empirical group EESR,disabled,20260929,20eced06353f152f936cfba5517ba7305629052a
stress_irregular,E008,naive_confidence,0.99,,91,6,1,0.16666666666666666,0.16666666666666666,0.0,0.06593406593406594,0.0,0.018315018315018312,0.27777777777777773,70.68131868131869,72.0,empirical group EESR,disabled,20260929,20eced06353f152f936cfba5517ba7305629052a
stress_irregular,E008,calibrated_non_group,0.02,0.02,91,80,3,0.0375,0.025,0.0125,0.8791208791208791,0.0,0.2435897435897436,0.2770833333333333,54.46153846153846,60.0,empirical group EESR,disabled,20260929,20eced06353f152f936cfba5517ba7305629052a
stress_irregular,E008,cbes_style,0.02,0.02,91,87,4,0.04597701149425287,0.04597701149425287,0.0,0.9560439560439561,0.0,0.315018315018315,0.3295019157088122,49.31868131868132,48.0,empirical group EESR,disabled,20260929,20eced06353f152f936cfba5517ba7305629052a
stress_irregular,E008,gates_without_ood,0.02,0.02,91,70,2,0.02857142857142857,0.02857142857142857,0.0,0.7692307692307693,0.0,0.14468864468864467,0.188095238095238,61.582417582417584,60.0,empirical group EESR,disabled,20260929,20eced06353f152f936cfba5517ba7305629052a
stress_irregular,E008,gates_full,0.02,0.02,91,69,2,0.028985507246376812,0.028985507246376812,0.0,0.7582417582417582,0.01098901098901099,0.14285714285714285,0.1884057971014492,61.714285714285715,60.0,empirical group EESR,enabled,20260929,20eced06353f152f936cfba5517ba7305629052a
stress_irregular,E008,calibrated_non_group,0.05,0.05,91,83,5,0.060240963855421686,0.04819277108433735,0.012048192771084338,0.9120879120879121,0.0,0.32967032967032966,0.3614457831325301,48.26373626373626,48.0,empirical group EESR,disabled,20260929,20eced06353f152f936cfba5517ba7305629052a
stress_irregular,E008,cbes_style,0.05,0.05,91,91,17,0.18681318681318682,0.06593406593406594,0.12087912087912088,1.0,0.0,0.5805860805860805,0.5805860805860805,30.197802197802197,24.0,empirical group EESR,disabled,20260929,20eced06353f152f936cfba5517ba7305629052a
stress_irregular,E008,gates_without_ood,0.05,0.05,91,80,3,0.0375,0.025,0.0125,0.8791208791208791,0.0,0.19413919413919414,0.2208333333333333,58.02197802197802,60.0,empirical group EESR,disabled,20260929,20eced06353f152f936cfba5517ba7305629052a
stress_irregular,E008,gates_full,0.05,0.05,91,76,3,0.039473684210526314,0.02631578947368421,0.013157894736842105,0.8351648351648352,0.04395604395604396,0.1813186813186813,0.21710526315789475,58.94505494505494,60.0,empirical group EESR,enabled,20260929,20eced06353f152f936cfba5517ba7305629052a
stress_irregular,E008,calibrated_non_group,0.1,0.1,91,86,11,0.12790697674418605,0.05813953488372093,0.06976744186046512,0.945054945054945,0.0,0.5146520146520146,0.5445736434108526,34.94505494505494,24.0,empirical group EESR,disabled,20260929,20eced06353f152f936cfba5517ba7305629052a
stress_irregular,E008,cbes_style,0.1,0.1,91,91,17,0.18681318681318682,0.06593406593406594,0.12087912087912088,1.0,0.0,0.5805860805860805,0.5805860805860805,30.197802197802197,24.0,empirical group EESR,disabled,20260929,20eced06353f152f936cfba5517ba7305629052a
stress_irregular,E008,gates_without_ood,0.1,0.1,91,83,3,0.03614457831325301,0.024096385542168676,0.012048192771084338,0.9120879120879121,0.0,0.35714285714285715,0.39156626506024095,46.285714285714285,48.0,empirical group EESR,disabled,20260929,20eced06353f152f936cfba5517ba7305629052a
stress_irregular,E008,gates_full,0.1,0.1,91,79,3,0.0379746835443038,0.02531645569620253,0.012658227848101266,0.8681318681318682,0.04395604395604396,0.34432234432234426,0.39662447257383954,47.20879120879121,48.0,empirical group EESR,enabled,20260929,20eced06353f152f936cfba5517ba7305629052a
stress_irregular,E008,calibrated_non_group,0.15,0.15,91,91,13,0.14285714285714285,0.054945054945054944,0.08791208791208792,1.0,0.0,0.5787545787545787,0.5787545787545787,30.32967032967033,24.0,empirical group EESR,disabled,20260929,20eced06353f152f936cfba5517ba7305629052a
stress_irregular,E008,cbes_style,0.15,0.15,91,91,17,0.18681318681318682,0.06593406593406594,0.12087912087912088,1.0,0.0,0.5805860805860805,0.5805860805860805,30.197802197802197,24.0,empirical group EESR,disabled,20260929,20eced06353f152f936cfba5517ba7305629052a
stress_irregular,E008,gates_without_ood,0.15,0.15,91,90,10,0.1111111111111111,0.044444444444444446,0.06666666666666667,0.989010989010989,0.0,0.47069597069597074,0.47592592592592586,38.10989010989011,24.0,empirical group EESR,disabled,20260929,20eced06353f152f936cfba5517ba7305629052a
stress_irregular,E008,gates_full,0.15,0.15,91,85,8,0.09411764705882353,0.047058823529411764,0.047058823529411764,0.9340659340659341,0.054945054945054944,0.44688644688644696,0.4784313725490196,39.824175824175825,48.0,empirical group EESR,enabled,20260929,20eced06353f152f936cfba5517ba7305629052a
stress_irregular,E008,calibrated_non_group,0.2,0.2,91,91,21,0.23076923076923078,0.06593406593406594,0.16483516483516483,1.0,0.0,0.6153846153846154,0.6153846153846154,27.692307692307693,24.0,empirical group EESR,disabled,20260929,20eced06353f152f936cfba5517ba7305629052a
stress_irregular,E008,cbes_style,0.2,0.2,91,91,17,0.18681318681318682,0.06593406593406594,0.12087912087912088,1.0,0.0,0.5805860805860805,0.5805860805860805,30.197802197802197,24.0,empirical group EESR,disabled,20260929,20eced06353f152f936cfba5517ba7305629052a
stress_irregular,E008,gates_without_ood,0.2,0.2,91,90,17,0.18888888888888888,0.044444444444444446,0.14444444444444443,0.989010989010989,0.0,0.575091575091575,0.5814814814814815,30.593406593406595,24.0,empirical group EESR,disabled,20260929,20eced06353f152f936cfba5517ba7305629052a
stress_irregular,E008,gates_full,0.2,0.2,91,85,15,0.17647058823529413,0.047058823529411764,0.12941176470588237,0.9340659340659341,0.054945054945054944,0.5476190476190477,0.5862745098039216,32.57142857142857,24.0,empirical group EESR,enabled,20260929,20eced06353f152f936cfba5517ba7305629052a
stress_irregular,E008,calibrated_non_group,0.3,0.3,91,91,24,0.26373626373626374,0.04395604395604396,0.21978021978021978,1.0,0.0,0.7234432234432235,0.7234432234432235,19.912087912087912,24.0,empirical group EESR,disabled,20260929,20eced06353f152f936cfba5517ba7305629052a
stress_irregular,E008,cbes_style,0.3,0.3,91,91,17,0.18681318681318682,0.06593406593406594,0.12087912087912088,1.0,0.0,0.5805860805860805,0.5805860805860805,30.197802197802197,24.0,empirical group EESR,disabled,20260929,20eced06353f152f936cfba5517ba7305629052a
stress_irregular,E008,gates_without_ood,0.3,0.3,91,91,24,0.26373626373626374,0.04395604395604396,0.21978021978021978,1.0,0.0,0.6666666666666666,0.6666666666666666,24.0,24.0,empirical group EESR,disabled,20260929,20eced06353f152f936cfba5517ba7305629052a
stress_irregular,E008,gates_full,0.3,0.3,91,87,23,0.26436781609195403,0.04597701149425287,0.21839080459770116,0.9560439560439561,0.04395604395604396,0.6373626373626373,0.6666666666666665,26.10989010989011,24.0,empirical group EESR,enabled,20260929,20eced06353f152f936cfba5517ba7305629052a
stress_irregular,E009,full_protocol,none,,90,0,0,0.0,0.0,0.0,0.0,0.0,0.0,0.0,72.0,72.0,empirical group EESR,disabled,20260929,20eced06353f152f936cfba5517ba7305629052a
stress_irregular,E009,fixed_time,12.0,,90,90,47,0.5222222222222223,0.5222222222222223,0.0,1.0,0.0,0.8333333333333331,0.8333333333333331,12.0,12.0,empirical group EESR,disabled,20260929,20eced06353f152f936cfba5517ba7305629052a
stress_irregular,E009,fixed_time,24.0,,90,90,12,0.13333333333333333,0.13333333333333333,0.0,1.0,0.0,0.6666666666666666,0.6666666666666666,24.0,24.0,empirical group EESR,disabled,20260929,20eced06353f152f936cfba5517ba7305629052a
stress_irregular,E009,fixed_time,36.0,,90,90,4,0.044444444444444446,0.044444444444444446,0.0,1.0,0.0,0.5,0.5,36.0,36.0,empirical group EESR,disabled,20260929,20eced06353f152f936cfba5517ba7305629052a
stress_irregular,E009,fixed_time,48.0,,90,90,1,0.011111111111111112,0.011111111111111112,0.0,1.0,0.0,0.3333333333333333,0.3333333333333333,48.0,48.0,empirical group EESR,disabled,20260929,20eced06353f152f936cfba5517ba7305629052a
stress_irregular,E009,fixed_time,60.0,,90,90,1,0.011111111111111112,0.011111111111111112,0.0,1.0,0.0,0.16666666666666666,0.16666666666666666,60.0,60.0,empirical group EESR,disabled,20260929,20eced06353f152f936cfba5517ba7305629052a
stress_irregular,E009,naive_confidence,0.5,,90,90,47,0.5222222222222223,0.5222222222222223,0.0,1.0,0.0,0.8333333333333331,0.8333333333333331,12.0,12.0,empirical group EESR,disabled,20260929,20eced06353f152f936cfba5517ba7305629052a
stress_irregular,E009,naive_confidence,0.6,,90,90,29,0.32222222222222224,0.32222222222222224,0.0,1.0,0.0,0.7611111111111111,0.7611111111111111,17.2,12.0,empirical group EESR,disabled,20260929,20eced06353f152f936cfba5517ba7305629052a
stress_irregular,E009,naive_confidence,0.7,,90,89,18,0.20224719101123595,0.20224719101123595,0.0,0.9888888888888889,0.0,0.6759259259259259,0.6835205992509363,23.333333333333332,24.0,empirical group EESR,disabled,20260929,20eced06353f152f936cfba5517ba7305629052a
stress_irregular,E009,naive_confidence,0.8,,90,88,7,0.07954545454545454,0.07954545454545454,0.0,0.9777777777777777,0.0,0.5407407407407407,0.5530303030303031,33.06666666666667,36.0,empirical group EESR,disabled,20260929,20eced06353f152f936cfba5517ba7305629052a
stress_irregular,E009,naive_confidence,0.9,,90,84,2,0.023809523809523808,0.023809523809523808,0.0,0.9333333333333333,0.0,0.35,0.375,46.8,48.0,empirical group EESR,disabled,20260929,20eced06353f152f936cfba5517ba7305629052a
stress_irregular,E009,naive_confidence,0.95,,90,71,0,0.0,0.0,0.0,0.7888888888888889,0.0,0.23148148148148145,0.29342723004694826,55.333333333333336,48.0,empirical group EESR,disabled,20260929,20eced06353f152f936cfba5517ba7305629052a
stress_irregular,E009,naive_confidence,0.975,,90,38,0,0.0,0.0,0.0,0.4222222222222222,0.0,0.11666666666666667,0.27631578947368424,63.6,72.0,empirical group EESR,disabled,20260929,20eced06353f152f936cfba5517ba7305629052a
stress_irregular,E009,naive_confidence,0.99,,90,6,0,0.0,0.0,0.0,0.06666666666666667,0.0,0.018518518518518517,0.27777777777777773,70.66666666666667,72.0,empirical group EESR,disabled,20260929,20eced06353f152f936cfba5517ba7305629052a
stress_irregular,E009,calibrated_non_group,0.02,0.02,90,88,0,0.0,0.0,0.0,0.9777777777777777,0.0,0.2444444444444444,0.25,54.4,60.0,empirical group EESR,disabled,20260929,20eced06353f152f936cfba5517ba7305629052a
stress_irregular,E009,cbes_style,0.02,0.02,90,0,0,0.0,0.0,0.0,0.0,0.0,0.0,0.0,72.0,72.0,empirical group EESR,disabled,20260929,20eced06353f152f936cfba5517ba7305629052a
stress_irregular,E009,gates_without_ood,0.02,0.02,90,88,0,0.0,0.0,0.0,0.9777777777777777,0.0,0.21666666666666667,0.2215909090909091,56.4,60.0,empirical group EESR,disabled,20260929,20eced06353f152f936cfba5517ba7305629052a
stress_irregular,E009,gates_full,0.02,0.02,90,87,0,0.0,0.0,0.0,0.9666666666666667,0.011111111111111112,0.21296296296296297,0.2203065134099617,56.666666666666664,60.0,empirical group EESR,enabled,20260929,20eced06353f152f936cfba5517ba7305629052a
stress_irregular,E009,calibrated_non_group,0.05,0.05,90,88,0,0.0,0.0,0.0,0.9777777777777777,0.0,0.25740740740740736,0.26325757575757575,53.46666666666667,48.0,empirical group EESR,disabled,20260929,20eced06353f152f936cfba5517ba7305629052a
stress_irregular,E009,cbes_style,0.05,0.05,90,0,0,0.0,0.0,0.0,0.0,0.0,0.0,0.0,72.0,72.0,empirical group EESR,disabled,20260929,20eced06353f152f936cfba5517ba7305629052a
stress_irregular,E009,gates_without_ood,0.05,0.05,90,89,0,0.0,0.0,0.0,0.9888888888888889,0.0,0.24629629629629626,0.24906367041198504,54.266666666666666,60.0,empirical group EESR,disabled,20260929,20eced06353f152f936cfba5517ba7305629052a
stress_irregular,E009,gates_full,0.05,0.05,90,88,0,0.0,0.0,0.0,0.9777777777777777,0.011111111111111112,0.24259259259259253,0.24810606060606064,54.53333333333333,60.0,empirical group EESR,enabled,20260929,20eced06353f152f936cfba5517ba7305629052a
stress_irregular,E009,calibrated_non_group,0.1,0.1,90,89,8,0.0898876404494382,0.0898876404494382,0.0,0.9888888888888889,0.0,0.5703703703703704,0.5767790262172285,30.933333333333334,24.0,empirical group EESR,disabled,20260929,20eced06353f152f936cfba5517ba7305629052a
stress_irregular,E009,cbes_style,0.1,0.1,90,88,0,0.0,0.0,0.0,0.9777777777777777,0.0,0.16296296296296295,0.16666666666666669,60.266666666666666,60.0,empirical group EESR,disabled,20260929,20eced06353f152f936cfba5517ba7305629052a
stress_irregular,E009,gates_without_ood,0.1,0.1,90,90,9,0.1,0.1,0.0,1.0,0.0,0.4777777777777778,0.4777777777777778,37.6,48.0,empirical group EESR,disabled,20260929,20eced06353f152f936cfba5517ba7305629052a
stress_irregular,E009,gates_full,0.1,0.1,90,88,8,0.09090909090909091,0.09090909090909091,0.0,0.9777777777777777,0.022222222222222223,0.46481481481481474,0.4753787878787879,38.53333333333333,48.0,empirical group EESR,enabled,20260929,20eced06353f152f936cfba5517ba7305629052a
stress_irregular,E009,calibrated_non_group,0.15,0.15,90,90,7,0.07777777777777778,0.07777777777777778,0.0,1.0,0.0,0.5611111111111111,0.5611111111111111,31.6,24.0,empirical group EESR,disabled,20260929,20eced06353f152f936cfba5517ba7305629052a
stress_irregular,E009,cbes_style,0.15,0.15,90,88,0,0.0,0.0,0.0,0.9777777777777777,0.0,0.16296296296296295,0.16666666666666669,60.266666666666666,60.0,empirical group EESR,disabled,20260929,20eced06353f152f936cfba5517ba7305629052a
stress_irregular,E009,gates_without_ood,0.15,0.15,90,90,9,0.1,0.1,0.0,1.0,0.0,0.5851851851851853,0.5851851851851853,29.866666666666667,24.0,empirical group EESR,disabled,20260929,20eced06353f152f936cfba5517ba7305629052a
stress_irregular,E009,gates_full,0.15,0.15,90,87,8,0.09195402298850575,0.09195402298850575,0.0,0.9666666666666667,0.03333333333333333,0.5648148148148149,0.5842911877394636,31.333333333333332,24.0,empirical group EESR,enabled,20260929,20eced06353f152f936cfba5517ba7305629052a
stress_irregular,E009,calibrated_non_group,0.2,0.2,90,90,9,0.1,0.1,0.0,1.0,0.0,0.6185185185185186,0.6185185185185186,27.466666666666665,24.0,empirical group EESR,disabled,20260929,20eced06353f152f936cfba5517ba7305629052a
stress_irregular,E009,cbes_style,0.2,0.2,90,89,26,0.29213483146067415,0.29213483146067415,0.0,0.9888888888888889,0.0,0.46851851851851856,0.4737827715355807,38.266666666666666,60.0,empirical group EESR,disabled,20260929,20eced06353f152f936cfba5517ba7305629052a
stress_irregular,E009,gates_without_ood,0.2,0.2,90,90,21,0.23333333333333334,0.23333333333333334,0.0,1.0,0.0,0.7222222222222222,0.7222222222222222,20.0,24.0,empirical group EESR,disabled,20260929,20eced06353f152f936cfba5517ba7305629052a
stress_irregular,E009,gates_full,0.2,0.2,90,86,20,0.23255813953488372,0.23255813953488372,0.0,0.9555555555555556,0.044444444444444446,0.6888888888888889,0.7209302325581395,22.4,24.0,empirical group EESR,enabled,20260929,20eced06353f152f936cfba5517ba7305629052a
stress_irregular,E009,calibrated_non_group,0.3,0.3,90,90,46,0.5111111111111111,0.5111111111111111,0.0,1.0,0.0,0.8296296296296295,0.8296296296296295,12.266666666666667,12.0,empirical group EESR,disabled,20260929,20eced06353f152f936cfba5517ba7305629052a
stress_irregular,E009,cbes_style,0.3,0.3,90,89,26,0.29213483146067415,0.29213483146067415,0.0,0.9888888888888889,0.0,0.7037037037037036,0.7116104868913858,21.333333333333332,24.0,empirical group EESR,disabled,20260929,20eced06353f152f936cfba5517ba7305629052a
stress_irregular,E009,gates_without_ood,0.3,0.3,90,90,46,0.5111111111111111,0.5111111111111111,0.0,1.0,0.0,0.8296296296296295,0.8296296296296295,12.266666666666667,12.0,empirical group EESR,disabled,20260929,20eced06353f152f936cfba5517ba7305629052a
stress_irregular,E009,gates_full,0.3,0.3,90,88,45,0.5113636363636364,0.5113636363636364,0.0,0.9777777777777777,0.022222222222222223,0.811111111111111,0.8295454545454546,13.6,12.0,empirical group EESR,enabled,20260929,20eced06353f152f936cfba5517ba7305629052a
stress_irregular,E010,full_protocol,none,,92,0,0,0.0,0.0,0.0,0.0,0.0,0.0,0.0,72.0,72.0,empirical group EESR,disabled,20260929,20eced06353f152f936cfba5517ba7305629052a
stress_irregular,E010,fixed_time,12.0,,92,92,15,0.16304347826086957,0.09782608695652174,0.06521739130434782,1.0,0.0,0.833333333333333,0.833333333333333,12.0,12.0,empirical group EESR,disabled,20260929,20eced06353f152f936cfba5517ba7305629052a
stress_irregular,E010,fixed_time,24.0,,92,92,19,0.20652173913043478,0.18478260869565216,0.021739130434782608,1.0,0.0,0.6666666666666666,0.6666666666666666,24.0,24.0,empirical group EESR,disabled,20260929,20eced06353f152f936cfba5517ba7305629052a
stress_irregular,E010,fixed_time,36.0,,92,92,30,0.32608695652173914,0.15217391304347827,0.17391304347826086,1.0,0.0,0.5,0.5,36.0,36.0,empirical group EESR,disabled,20260929,20eced06353f152f936cfba5517ba7305629052a
stress_irregular,E010,fixed_time,48.0,,92,92,24,0.2608695652173913,0.25,0.010869565217391304,1.0,0.0,0.3333333333333333,0.3333333333333333,48.0,48.0,empirical group EESR,disabled,20260929,20eced06353f152f936cfba5517ba7305629052a
stress_irregular,E010,fixed_time,60.0,,92,92,14,0.15217391304347827,0.15217391304347827,0.0,1.0,0.0,0.16666666666666666,0.16666666666666666,60.0,60.0,empirical group EESR,disabled,20260929,20eced06353f152f936cfba5517ba7305629052a
stress_irregular,E010,naive_confidence,0.5,,92,92,15,0.16304347826086957,0.09782608695652174,0.06521739130434782,1.0,0.0,0.833333333333333,0.833333333333333,12.0,12.0,empirical group EESR,disabled,20260929,20eced06353f152f936cfba5517ba7305629052a
stress_irregular,E010,naive_confidence,0.6,,92,92,18,0.1956521739130435,0.14130434782608695,0.05434782608695652,1.0,0.0,0.8007246376811593,0.8007246376811593,14.347826086956522,12.0,empirical group EESR,disabled,20260929,20eced06353f152f936cfba5517ba7305629052a
stress_irregular,E010,naive_confidence,0.7,,92,92,17,0.18478260869565216,0.15217391304347827,0.03260869565217391,1.0,0.0,0.75,0.75,18.0,12.0,empirical group EESR,disabled,20260929,20eced06353f152f936cfba5517ba7305629052a
stress_irregular,E010,naive_confidence,0.8,,92,92,14,0.15217391304347827,0.15217391304347827,0.0,1.0,0.0,0.6413043478260869,0.6413043478260869,25.82608695652174,24.0,empirical group EESR,disabled,20260929,20eced06353f152f936cfba5517ba7305629052a
stress_irregular,E010,naive_confidence,0.9,,92,80,14,0.175,0.175,0.0,0.8695652173913043,0.0,0.503623188405797,0.5791666666666666,35.73913043478261,24.0,empirical group EESR,disabled,20260929,20eced06353f152f936cfba5517ba7305629052a
stress_irregular,E010,naive_confidence,0.95,,92,66,8,0.12121212121212122,0.12121212121212122,0.0,0.717391304347826,0.0,0.33695652173913043,0.4696969696969696,47.73913043478261,48.0,empirical group EESR,disabled,20260929,20eced06353f152f936cfba5517ba7305629052a
stress_irregular,E010,naive_confidence,0.975,,92,54,6,0.1111111111111111,0.09259259259259259,0.018518518518518517,0.5869565217391305,0.0,0.2445652173913043,0.4166666666666667,54.391304347826086,48.0,empirical group EESR,disabled,20260929,20eced06353f152f936cfba5517ba7305629052a
stress_irregular,E010,naive_confidence,0.99,,92,25,1,0.04,0.04,0.0,0.2717391304347826,0.0,0.08514492753623189,0.3133333333333333,65.8695652173913,72.0,empirical group EESR,disabled,20260929,20eced06353f152f936cfba5517ba7305629052a
stress_irregular,E010,calibrated_non_group,0.02,0.02,92,27,0,0.0,0.0,0.0,0.29347826086956524,0.0,0.06884057971014493,0.23456790123456792,67.04347826086956,72.0,empirical group EESR,disabled,20260929,20eced06353f152f936cfba5517ba7305629052a
stress_irregular,E010,cbes_style,0.02,0.02,92,0,0,0.0,0.0,0.0,0.0,0.0,0.0,0.0,72.0,72.0,empirical group EESR,disabled,20260929,20eced06353f152f936cfba5517ba7305629052a
stress_irregular,E010,gates_without_ood,0.02,0.02,92,26,0,0.0,0.0,0.0,0.2826086956521739,0.0,0.04710144927536231,0.16666666666666669,68.6086956521739,72.0,empirical group EESR,disabled,20260929,20eced06353f152f936cfba5517ba7305629052a
stress_irregular,E010,gates_full,0.02,0.02,92,26,0,0.0,0.0,0.0,0.2826086956521739,0.0,0.04710144927536231,0.16666666666666669,68.6086956521739,72.0,empirical group EESR,enabled,20260929,20eced06353f152f936cfba5517ba7305629052a
stress_irregular,E010,calibrated_non_group,0.05,0.05,92,59,1,0.01694915254237288,0.01694915254237288,0.0,0.6413043478260869,0.0,0.12862318840579706,0.2005649717514124,62.73913043478261,60.0,empirical group EESR,disabled,20260929,20eced06353f152f936cfba5517ba7305629052a
stress_irregular,E010,cbes_style,0.05,0.05,92,83,8,0.0963855421686747,0.0963855421686747,0.0,0.9021739130434783,0.0,0.15036231884057968,0.16666666666666666,61.17391304347826,60.0,empirical group EESR,disabled,20260929,20eced06353f152f936cfba5517ba7305629052a
stress_irregular,E010,gates_without_ood,0.05,0.05,92,26,0,0.0,0.0,0.0,0.2826086956521739,0.0,0.04710144927536231,0.16666666666666669,68.6086956521739,72.0,empirical group EESR,disabled,20260929,20eced06353f152f936cfba5517ba7305629052a
stress_irregular,E010,gates_full,0.05,0.05,92,26,0,0.0,0.0,0.0,0.2826086956521739,0.0,0.04710144927536231,0.16666666666666669,68.6086956521739,72.0,empirical group EESR,enabled,20260929,20eced06353f152f936cfba5517ba7305629052a
stress_irregular,E010,calibrated_non_group,0.1,0.1,92,57,6,0.10526315789473684,0.10526315789473684,0.0,0.6195652173913043,0.0,0.33152173913043476,0.5350877192982457,48.130434782608695,48.0,empirical group EESR,disabled,20260929,20eced06353f152f936cfba5517ba7305629052a
stress_irregular,E010,cbes_style,0.1,0.1,92,83,8,0.0963855421686747,0.0963855421686747,0.0,0.9021739130434783,0.0,0.15036231884057968,0.16666666666666666,61.17391304347826,60.0,empirical group EESR,disabled,20260929,20eced06353f152f936cfba5517ba7305629052a
stress_irregular,E010,gates_without_ood,0.1,0.1,92,26,0,0.0,0.0,0.0,0.2826086956521739,0.0,0.04710144927536231,0.16666666666666669,68.6086956521739,72.0,empirical group EESR,disabled,20260929,20eced06353f152f936cfba5517ba7305629052a
stress_irregular,E010,gates_full,0.1,0.1,92,26,0,0.0,0.0,0.0,0.2826086956521739,0.0,0.04710144927536231,0.16666666666666669,68.6086956521739,72.0,empirical group EESR,enabled,20260929,20eced06353f152f936cfba5517ba7305629052a
stress_irregular,E010,calibrated_non_group,0.15,0.15,92,89,13,0.14606741573033707,0.14606741573033707,0.0,0.967391304347826,0.0,0.36775362318840565,0.3801498127340823,45.52173913043478,60.0,empirical group EESR,disabled,20260929,20eced06353f152f936cfba5517ba7305629052a
stress_irregular,E010,cbes_style,0.15,0.15,92,92,23,0.25,0.2391304347826087,0.010869565217391304,1.0,0.0,0.32065217391304346,0.32065217391304346,48.91304347826087,48.0,empirical group EESR,disabled,20260929,20eced06353f152f936cfba5517ba7305629052a
stress_irregular,E010,gates_without_ood,0.15,0.15,92,74,5,0.06756756756756757,0.06756756756756757,0.0,0.8043478260869565,0.0,0.1340579710144927,0.16666666666666666,62.34782608695652,60.0,empirical group EESR,disabled,20260929,20eced06353f152f936cfba5517ba7305629052a
stress_irregular,E010,gates_full,0.15,0.15,92,74,5,0.06756756756756757,0.06756756756756757,0.0,0.8043478260869565,0.0,0.1340579710144927,0.16666666666666666,62.34782608695652,60.0,empirical group EESR,enabled,20260929,20eced06353f152f936cfba5517ba7305629052a
stress_irregular,E010,calibrated_non_group,0.2,0.2,92,92,19,0.20652173913043478,0.20652173913043478,0.0,1.0,0.0,0.47826086956521746,0.47826086956521746,37.56521739130435,48.0,empirical group EESR,disabled,20260929,20eced06353f152f936cfba5517ba7305629052a
stress_irregular,E010,cbes_style,0.2,0.2,92,92,21,0.22826086956521738,0.22826086956521738,0.0,1.0,0.0,0.6068840579710144,0.6068840579710144,28.304347826086957,24.0,empirical group EESR,disabled,20260929,20eced06353f152f936cfba5517ba7305629052a
stress_irregular,E010,gates_without_ood,0.2,0.2,92,92,20,0.21739130434782608,0.21739130434782608,0.0,1.0,0.0,0.45833333333333337,0.45833333333333337,39.0,48.0,empirical group EESR,disabled,20260929,20eced06353f152f936cfba5517ba7305629052a
stress_irregular,E010,gates_full,0.2,0.2,92,88,20,0.22727272727272727,0.22727272727272727,0.0,0.9565217391304348,0.043478260869565216,0.4384057971014493,0.45833333333333337,40.43478260869565,48.0,empirical group EESR,enabled,20260929,20eced06353f152f936cfba5517ba7305629052a
stress_irregular,E010,calibrated_non_group,0.3,0.3,92,92,19,0.20652173913043478,0.18478260869565216,0.021739130434782608,1.0,0.0,0.7028985507246377,0.7028985507246377,21.391304347826086,24.0,empirical group EESR,disabled,20260929,20eced06353f152f936cfba5517ba7305629052a
stress_irregular,E010,cbes_style,0.3,0.3,92,92,14,0.15217391304347827,0.11956521739130435,0.03260869565217391,1.0,0.0,0.7934782608695652,0.7934782608695652,14.869565217391305,12.0,empirical group EESR,disabled,20260929,20eced06353f152f936cfba5517ba7305629052a
stress_irregular,E010,gates_without_ood,0.3,0.3,92,92,20,0.21739130434782608,0.21739130434782608,0.0,1.0,0.0,0.45833333333333337,0.45833333333333337,39.0,48.0,empirical group EESR,disabled,20260929,20eced06353f152f936cfba5517ba7305629052a
stress_irregular,E010,gates_full,0.3,0.3,92,88,20,0.22727272727272727,0.22727272727272727,0.0,0.9565217391304348,0.043478260869565216,0.4384057971014493,0.45833333333333337,40.43478260869565,48.0,empirical group EESR,enabled,20260929,20eced06353f152f936cfba5517ba7305629052a
stress_irregular,E011,full_protocol,none,,90,0,0,0.0,0.0,0.0,0.0,0.0,0.0,0.0,72.0,72.0,empirical group EESR,disabled,20260929,20eced06353f152f936cfba5517ba7305629052a
stress_irregular,E011,fixed_time,12.0,,90,90,31,0.34444444444444444,0.1,0.24444444444444444,1.0,0.0,0.8333333333333331,0.8333333333333331,12.0,12.0,empirical group EESR,disabled,20260929,20eced06353f152f936cfba5517ba7305629052a
stress_irregular,E011,fixed_time,24.0,,90,90,21,0.23333333333333334,0.07777777777777778,0.15555555555555556,1.0,0.0,0.6666666666666666,0.6666666666666666,24.0,24.0,empirical group EESR,disabled,20260929,20eced06353f152f936cfba5517ba7305629052a
stress_irregular,E011,fixed_time,36.0,,90,90,35,0.3888888888888889,0.07777777777777778,0.3111111111111111,1.0,0.0,0.5,0.5,36.0,36.0,empirical group EESR,disabled,20260929,20eced06353f152f936cfba5517ba7305629052a
stress_irregular,E011,fixed_time,48.0,,90,90,17,0.18888888888888888,0.07777777777777778,0.1111111111111111,1.0,0.0,0.3333333333333333,0.3333333333333333,48.0,48.0,empirical group EESR,disabled,20260929,20eced06353f152f936cfba5517ba7305629052a
stress_irregular,E011,fixed_time,60.0,,90,90,8,0.08888888888888889,0.05555555555555555,0.03333333333333333,1.0,0.0,0.16666666666666666,0.16666666666666666,60.0,60.0,empirical group EESR,disabled,20260929,20eced06353f152f936cfba5517ba7305629052a
stress_irregular,E011,naive_confidence,0.5,,90,90,31,0.34444444444444444,0.1,0.24444444444444444,1.0,0.0,0.8333333333333331,0.8333333333333331,12.0,12.0,empirical group EESR,disabled,20260929,20eced06353f152f936cfba5517ba7305629052a
stress_irregular,E011,naive_confidence,0.6,,90,90,27,0.3,0.06666666666666667,0.23333333333333334,1.0,0.0,0.7962962962962964,0.7962962962962964,14.666666666666666,12.0,empirical group EESR,disabled,20260929,20eced06353f152f936cfba5517ba7305629052a
stress_irregular,E011,naive_confidence,0.7,,90,90,26,0.28888888888888886,0.08888888888888889,0.2,1.0,0.0,0.7425925925925926,0.7425925925925926,18.533333333333335,12.0,empirical group EESR,disabled,20260929,20eced06353f152f936cfba5517ba7305629052a
stress_irregular,E011,naive_confidence,0.8,,90,85,18,0.21176470588235294,0.07058823529411765,0.1411764705882353,0.9444444444444444,0.0,0.6055555555555555,0.6411764705882353,28.4,24.0,empirical group EESR,disabled,20260929,20eced06353f152f936cfba5517ba7305629052a
stress_irregular,E011,naive_confidence,0.9,,90,66,8,0.12121212121212122,0.045454545454545456,0.07575757575757576,0.7333333333333333,0.0,0.40740740740740744,0.5555555555555555,42.666666666666664,48.0,empirical group EESR,disabled,20260929,20eced06353f152f936cfba5517ba7305629052a
stress_irregular,E011,naive_confidence,0.95,,90,54,4,0.07407407407407407,0.037037037037037035,0.037037037037037035,0.6,0.0,0.27037037037037037,0.4506172839506172,52.53333333333333,48.0,empirical group EESR,disabled,20260929,20eced06353f152f936cfba5517ba7305629052a
stress_irregular,E011,naive_confidence,0.975,,90,31,1,0.03225806451612903,0.0,0.03225806451612903,0.34444444444444444,0.0,0.12037037037037036,0.34946236559139787,63.333333333333336,72.0,empirical group EESR,disabled,20260929,20eced06353f152f936cfba5517ba7305629052a
stress_irregular,E011,naive_confidence,0.99,,90,18,1,0.05555555555555555,0.0,0.05555555555555555,0.2,0.0,0.05185185185185184,0.25925925925925924,68.26666666666667,72.0,empirical group EESR,disabled,20260929,20eced06353f152f936cfba5517ba7305629052a
stress_irregular,E011,calibrated_non_group,0.02,0.02,90,19,0,0.0,0.0,0.0,0.2111111111111111,0.0,0.03518518518518518,0.16666666666666663,69.46666666666667,72.0,empirical group EESR,disabled,20260929,20eced06353f152f936cfba5517ba7305629052a
stress_irregular,E011,cbes_style,0.02,0.02,90,0,0,0.0,0.0,0.0,0.0,0.0,0.0,0.0,72.0,72.0,empirical group EESR,disabled,20260929,20eced06353f152f936cfba5517ba7305629052a
stress_irregular,E011,gates_without_ood,0.02,0.02,90,19,0,0.0,0.0,0.0,0.2111111111111111,0.0,0.03518518518518518,0.16666666666666663,69.46666666666667,72.0,empirical group EESR,disabled,20260929,20eced06353f152f936cfba5517ba7305629052a
stress_irregular,E011,gates_full,0.02,0.02,90,18,0,0.0,0.0,0.0,0.2,0.011111111111111112,0.03333333333333333,0.16666666666666663,69.6,72.0,empirical group EESR,enabled,20260929,20eced06353f152f936cfba5517ba7305629052a
stress_irregular,E011,calibrated_non_group,0.05,0.05,90,67,2,0.029850746268656716,0.014925373134328358,0.014925373134328358,0.7444444444444445,0.0,0.24814814814814815,0.33333333333333337,54.13333333333333,60.0,empirical group EESR,disabled,20260929,20eced06353f152f936cfba5517ba7305629052a
stress_irregular,E011,cbes_style,0.05,0.05,90,0,0,0.0,0.0,0.0,0.0,0.0,0.0,0.0,72.0,72.0,empirical group EESR,disabled,20260929,20eced06353f152f936cfba5517ba7305629052a
stress_irregular,E011,gates_without_ood,0.05,0.05,90,19,0,0.0,0.0,0.0,0.2111111111111111,0.0,0.03518518518518518,0.16666666666666663,69.46666666666667,72.0,empirical group EESR,disabled,20260929,20eced06353f152f936cfba5517ba7305629052a
stress_irregular,E011,gates_full,0.05,0.05,90,18,0,0.0,0.0,0.0,0.2,0.011111111111111112,0.03333333333333333,0.16666666666666663,69.6,72.0,empirical group EESR,enabled,20260929,20eced06353f152f936cfba5517ba7305629052a
stress_irregular,E011,calibrated_non_group,0.1,0.1,90,86,13,0.1511627906976744,0.06976744186046512,0.08139534883720931,0.9555555555555556,0.0,0.39444444444444443,0.4127906976744188,43.6,48.0,empirical group EESR,disabled,20260929,20eced06353f152f936cfba5517ba7305629052a
stress_irregular,E011,cbes_style,0.1,0.1,90,0,0,0.0,0.0,0.0,0.0,0.0,0.0,0.0,72.0,72.0,empirical group EESR,disabled,20260929,20eced06353f152f936cfba5517ba7305629052a
stress_irregular,E011,gates_without_ood,0.1,0.1,90,61,1,0.01639344262295082,0.01639344262295082,0.0,0.6777777777777778,0.0,0.15555555555555556,0.22950819672131148,60.8,60.0,empirical group EESR,disabled,20260929,20eced06353f152f936cfba5517ba7305629052a
stress_irregular,E011,gates_full,0.1,0.1,90,60,1,0.016666666666666666,0.016666666666666666,0.0,0.6666666666666666,0.011111111111111112,0.15185185185185188,0.22777777777777777,61.06666666666667,60.0,empirical group EESR,enabled,20260929,20eced06353f152f936cfba5517ba7305629052a
stress_irregular,E011,calibrated_non_group,0.15,0.15,90,88,12,0.13636363636363635,0.06818181818181818,0.06818181818181818,0.9777777777777777,0.0,0.41481481481481486,0.4242424242424242,42.13333333333333,48.0,empirical group EESR,disabled,20260929,20eced06353f152f936cfba5517ba7305629052a
stress_irregular,E011,cbes_style,0.15,0.15,90,0,0,0.0,0.0,0.0,0.0,0.0,0.0,0.0,72.0,72.0,empirical group EESR,disabled,20260929,20eced06353f152f936cfba5517ba7305629052a
stress_irregular,E011,gates_without_ood,0.15,0.15,90,78,9,0.11538461538461539,0.0641025641025641,0.05128205128205128,0.8666666666666667,0.0,0.2796296296296296,0.32264957264957256,51.86666666666667,48.0,empirical group EESR,disabled,20260929,20eced06353f152f936cfba5517ba7305629052a
stress_irregular,E011,gates_full,0.15,0.15,90,71,6,0.08450704225352113,0.056338028169014086,0.028169014084507043,0.7888888888888889,0.07777777777777778,0.2537037037037037,0.32159624413145527,53.733333333333334,48.0,empirical group EESR,enabled,20260929,20eced06353f152f936cfba5517ba7305629052a
stress_irregular,E011,calibrated_non_group,0.2,0.2,90,90,34,0.37777777777777777,0.06666666666666667,0.3111111111111111,1.0,0.0,0.5907407407407407,0.5907407407407407,29.466666666666665,36.0,empirical group EESR,disabled,20260929,20eced06353f152f936cfba5517ba7305629052a
stress_irregular,E011,cbes_style,0.2,0.2,90,84,12,0.14285714285714285,0.07142857142857142,0.07142857142857142,0.9333333333333333,0.0,0.2944444444444444,0.3154761904761904,50.8,48.0,empirical group EESR,disabled,20260929,20eced06353f152f936cfba5517ba7305629052a
stress_irregular,E011,gates_without_ood,0.2,0.2,90,90,16,0.17777777777777778,0.06666666666666667,0.1111111111111111,1.0,0.0,0.4111111111111111,0.4111111111111111,42.4,48.0,empirical group EESR,disabled,20260929,20eced06353f152f936cfba5517ba7305629052a
stress_irregular,E011,gates_full,0.2,0.2,90,84,13,0.15476190476190477,0.05952380952380952,0.09523809523809523,0.9333333333333333,0.06666666666666667,0.3888888888888889,0.41666666666666685,44.0,48.0,empirical group EESR,enabled,20260929,20eced06353f152f936cfba5517ba7305629052a
stress_irregular,E011,calibrated_non_group,0.3,0.3,90,90,20,0.2222222222222222,0.06666666666666667,0.15555555555555556,1.0,0.0,0.6962962962962963,0.6962962962962963,21.866666666666667,24.0,empirical group EESR,disabled,20260929,20eced06353f152f936cfba5517ba7305629052a
stress_irregular,E011,cbes_style,0.3,0.3,90,84,12,0.14285714285714285,0.07142857142857142,0.07142857142857142,0.9333333333333333,0.0,0.2944444444444444,0.3154761904761904,50.8,48.0,empirical group EESR,disabled,20260929,20eced06353f152f936cfba5517ba7305629052a
stress_irregular,E011,gates_without_ood,0.3,0.3,90,90,16,0.17777777777777778,0.06666666666666667,0.1111111111111111,1.0,0.0,0.4111111111111111,0.4111111111111111,42.4,48.0,empirical group EESR,disabled,20260929,20eced06353f152f936cfba5517ba7305629052a
stress_irregular,E011,gates_full,0.3,0.3,90,84,13,0.15476190476190477,0.05952380952380952,0.09523809523809523,0.9333333333333333,0.06666666666666667,0.3888888888888889,0.41666666666666685,44.0,48.0,empirical group EESR,enabled,20260929,20eced06353f152f936cfba5517ba7305629052a
stress_irregular,E012,full_protocol,none,,77,0,0,0.0,0.0,0.0,0.0,0.0,0.0,0.0,72.0,72.0,empirical group EESR,disabled,20260929,20eced06353f152f936cfba5517ba7305629052a
stress_irregular,E012,fixed_time,12.0,,77,77,44,0.5714285714285714,0.12987012987012986,0.44155844155844154,1.0,0.0,0.8333333333333334,0.8333333333333334,12.0,12.0,empirical group EESR,disabled,20260929,20eced06353f152f936cfba5517ba7305629052a
stress_irregular,E012,fixed_time,24.0,,77,77,30,0.38961038961038963,0.3116883116883117,0.07792207792207792,1.0,0.0,0.6666666666666665,0.6666666666666665,24.0,24.0,empirical group EESR,disabled,20260929,20eced06353f152f936cfba5517ba7305629052a
stress_irregular,E012,fixed_time,36.0,,77,77,24,0.3116883116883117,0.19480519480519481,0.11688311688311688,1.0,0.0,0.5,0.5,36.0,36.0,empirical group EESR,disabled,20260929,20eced06353f152f936cfba5517ba7305629052a
stress_irregular,E012,fixed_time,48.0,,77,77,13,0.16883116883116883,0.15584415584415584,0.012987012987012988,1.0,0.0,0.33333333333333326,0.33333333333333326,48.0,48.0,empirical group EESR,disabled,20260929,20eced06353f152f936cfba5517ba7305629052a
stress_irregular,E012,fixed_time,60.0,,77,77,12,0.15584415584415584,0.15584415584415584,0.0,1.0,0.0,0.16666666666666663,0.16666666666666663,60.0,60.0,empirical group EESR,disabled,20260929,20eced06353f152f936cfba5517ba7305629052a
stress_irregular,E012,naive_confidence,0.5,,77,77,44,0.5714285714285714,0.12987012987012986,0.44155844155844154,1.0,0.0,0.8333333333333334,0.8333333333333334,12.0,12.0,empirical group EESR,disabled,20260929,20eced06353f152f936cfba5517ba7305629052a
stress_irregular,E012,naive_confidence,0.6,,77,77,40,0.5194805194805194,0.16883116883116883,0.35064935064935066,1.0,0.0,0.7943722943722944,0.7943722943722944,14.805194805194805,12.0,empirical group EESR,disabled,20260929,20eced06353f152f936cfba5517ba7305629052a
stress_irregular,E012,naive_confidence,0.7,,77,77,39,0.5064935064935064,0.22077922077922077,0.2857142857142857,1.0,0.0,0.7445887445887447,0.7445887445887447,18.38961038961039,12.0,empirical group EESR,disabled,20260929,20eced06353f152f936cfba5517ba7305629052a
stress_irregular,E012,naive_confidence,0.8,,77,76,34,0.4473684210526316,0.2894736842105263,0.15789473684210525,0.987012987012987,0.0,0.6341991341991342,0.6425438596491229,26.337662337662337,24.0,empirical group EESR,disabled,20260929,20eced06353f152f936cfba5517ba7305629052a
stress_irregular,E012,naive_confidence,0.9,,77,66,25,0.3787878787878788,0.2878787878787879,0.09090909090909091,0.8571428571428571,0.0,0.4653679653679653,0.5429292929292928,38.493506493506494,24.0,empirical group EESR,disabled,20260929,20eced06353f152f936cfba5517ba7305629052a
stress_irregular,E012,naive_confidence,0.95,,77,46,13,0.2826086956521739,0.2391304347826087,0.043478260869565216,0.5974025974025974,0.0,0.2857142857142857,0.4782608695652174,51.42857142857143,48.0,empirical group EESR,disabled,20260929,20eced06353f152f936cfba5517ba7305629052a
stress_irregular,E012,naive_confidence,0.975,,77,28,11,0.39285714285714285,0.32142857142857145,0.07142857142857142,0.36363636363636365,0.0,0.17316017316017315,0.47619047619047616,59.532467532467535,72.0,empirical group EESR,disabled,20260929,20eced06353f152f936cfba5517ba7305629052a
stress_irregular,E012,naive_confidence,0.99,,77,10,4,0.4,0.4,0.0,0.12987012987012986,0.0,0.06926406926406926,0.5333333333333334,67.01298701298701,72.0,empirical group EESR,disabled,20260929,20eced06353f152f936cfba5517ba7305629052a
stress_irregular,E012,calibrated_non_group,0.02,0.02,77,0,0,0.0,0.0,0.0,0.0,0.0,0.0,0.0,72.0,72.0,empirical group EESR,disabled,20260929,20eced06353f152f936cfba5517ba7305629052a
stress_irregular,E012,cbes_style,0.02,0.02,77,0,0,0.0,0.0,0.0,0.0,0.0,0.0,0.0,72.0,72.0,empirical group EESR,disabled,20260929,20eced06353f152f936cfba5517ba7305629052a
stress_irregular,E012,gates_without_ood,0.02,0.02,77,0,0,0.0,0.0,0.0,0.0,0.0,0.0,0.0,72.0,72.0,empirical group EESR,disabled,20260929,20eced06353f152f936cfba5517ba7305629052a
stress_irregular,E012,gates_full,0.02,0.02,77,0,0,0.0,0.0,0.0,0.0,0.0,0.0,0.0,72.0,72.0,empirical group EESR,enabled,20260929,20eced06353f152f936cfba5517ba7305629052a
stress_irregular,E012,calibrated_non_group,0.05,0.05,77,53,20,0.37735849056603776,0.33962264150943394,0.03773584905660377,0.6883116883116883,0.0,0.380952380952381,0.5534591194968554,44.57142857142857,24.0,empirical group EESR,disabled,20260929,20eced06353f152f936cfba5517ba7305629052a
stress_irregular,E012,cbes_style,0.05,0.05,77,77,19,0.24675324675324675,0.16883116883116883,0.07792207792207792,1.0,0.0,0.41991341991341996,0.41991341991341996,41.76623376623377,36.0,empirical group EESR,disabled,20260929,20eced06353f152f936cfba5517ba7305629052a
stress_irregular,E012,gates_without_ood,0.05,0.05,77,41,19,0.4634146341463415,0.4146341463414634,0.04878048780487805,0.5324675324675324,0.0,0.354978354978355,0.6666666666666666,46.44155844155844,24.0,empirical group EESR,disabled,20260929,20eced06353f152f936cfba5517ba7305629052a
stress_irregular,E012,gates_full,0.05,0.05,77,41,19,0.4634146341463415,0.4146341463414634,0.04878048780487805,0.5324675324675324,0.0,0.354978354978355,0.6666666666666666,46.44155844155844,24.0,empirical group EESR,enabled,20260929,20eced06353f152f936cfba5517ba7305629052a
stress_irregular,E012,calibrated_non_group,0.1,0.1,77,76,25,0.32894736842105265,0.2894736842105263,0.039473684210526314,0.987012987012987,0.0,0.5064935064935066,0.5131578947368421,35.532467532467535,24.0,empirical group EESR,disabled,20260929,20eced06353f152f936cfba5517ba7305629052a
stress_irregular,E012,cbes_style,0.1,0.1,77,77,28,0.36363636363636365,0.2987012987012987,0.06493506493506493,1.0,0.0,0.5909090909090908,0.5909090909090908,29.454545454545453,24.0,empirical group EESR,disabled,20260929,20eced06353f152f936cfba5517ba7305629052a
stress_irregular,E012,gates_without_ood,0.1,0.1,77,64,24,0.375,0.328125,0.046875,0.8311688311688312,0.0,0.5216450216450215,0.6276041666666666,34.44155844155844,24.0,empirical group EESR,disabled,20260929,20eced06353f152f936cfba5517ba7305629052a
stress_irregular,E012,gates_full,0.1,0.1,77,64,24,0.375,0.328125,0.046875,0.8311688311688312,0.0,0.5216450216450215,0.6276041666666666,34.44155844155844,24.0,empirical group EESR,enabled,20260929,20eced06353f152f936cfba5517ba7305629052a
stress_irregular,E012,calibrated_non_group,0.15,0.15,77,77,39,0.5064935064935064,0.2077922077922078,0.2987012987012987,1.0,0.0,0.7554112554112555,0.7554112554112555,17.61038961038961,12.0,empirical group EESR,disabled,20260929,20eced06353f152f936cfba5517ba7305629052a
stress_irregular,E012,cbes_style,0.15,0.15,77,77,37,0.4805194805194805,0.18181818181818182,0.2987012987012987,1.0,0.0,0.7575757575757576,0.7575757575757576,17.454545454545453,12.0,empirical group EESR,disabled,20260929,20eced06353f152f936cfba5517ba7305629052a
stress_irregular,E012,gates_without_ood,0.15,0.15,77,77,29,0.37662337662337664,0.3116883116883117,0.06493506493506493,1.0,0.0,0.6645021645021644,0.6645021645021644,24.155844155844157,24.0,empirical group EESR,disabled,20260929,20eced06353f152f936cfba5517ba7305629052a
stress_irregular,E012,gates_full,0.15,0.15,77,77,29,0.37662337662337664,0.3116883116883117,0.06493506493506493,1.0,0.0,0.6645021645021644,0.6645021645021644,24.155844155844157,24.0,empirical group EESR,enabled,20260929,20eced06353f152f936cfba5517ba7305629052a
stress_irregular,E012,calibrated_non_group,0.2,0.2,77,77,44,0.5714285714285714,0.12987012987012986,0.44155844155844154,1.0,0.0,0.8311688311688312,0.8311688311688312,12.155844155844155,12.0,empirical group EESR,disabled,20260929,20eced06353f152f936cfba5517ba7305629052a
stress_irregular,E012,cbes_style,0.2,0.2,77,77,37,0.4805194805194805,0.18181818181818182,0.2987012987012987,1.0,0.0,0.7575757575757576,0.7575757575757576,17.454545454545453,12.0,empirical group EESR,disabled,20260929,20eced06353f152f936cfba5517ba7305629052a
stress_irregular,E012,gates_without_ood,0.2,0.2,77,77,41,0.5324675324675324,0.15584415584415584,0.37662337662337664,1.0,0.0,0.8073593073593073,0.8073593073593073,13.87012987012987,12.0,empirical group EESR,disabled,20260929,20eced06353f152f936cfba5517ba7305629052a
stress_irregular,E012,gates_full,0.2,0.2,77,77,41,0.5324675324675324,0.15584415584415584,0.37662337662337664,1.0,0.0,0.8073593073593073,0.8073593073593073,13.87012987012987,12.0,empirical group EESR,enabled,20260929,20eced06353f152f936cfba5517ba7305629052a
stress_irregular,E012,calibrated_non_group,0.3,0.3,77,77,44,0.5714285714285714,0.12987012987012986,0.44155844155844154,1.0,0.0,0.8311688311688312,0.8311688311688312,12.155844155844155,12.0,empirical group EESR,disabled,20260929,20eced06353f152f936cfba5517ba7305629052a
stress_irregular,E012,cbes_style,0.3,0.3,77,77,37,0.4805194805194805,0.18181818181818182,0.2987012987012987,1.0,0.0,0.7575757575757576,0.7575757575757576,17.454545454545453,12.0,empirical group EESR,disabled,20260929,20eced06353f152f936cfba5517ba7305629052a
stress_irregular,E012,gates_without_ood,0.3,0.3,77,77,44,0.5714285714285714,0.12987012987012986,0.44155844155844154,1.0,0.0,0.8311688311688312,0.8311688311688312,12.155844155844155,12.0,empirical group EESR,disabled,20260929,20eced06353f152f936cfba5517ba7305629052a
stress_irregular,E012,gates_full,0.3,0.3,77,77,44,0.5714285714285714,0.12987012987012986,0.44155844155844154,1.0,0.0,0.8311688311688312,0.8311688311688312,12.155844155844155,12.0,empirical group EESR,enabled,20260929,20eced06353f152f936cfba5517ba7305629052a
