dataset,held_out_group,method,operating_point,risk_target,independent_test_units,stopped_early,incorrect_early,EESR,FP_EESR,FN_EESR,coverage,abstention_rate,observation_savings,observation_savings_stopped,mean_decision_time,median_decision_time,calibration_metric,OOD_status,seed_config,commit_hash
orgAInoid_RPE_Final,E001,full_protocol,none,,80,0,0,0.0,0.0,0.0,0.0,0.0,0.0,0.0,72.0,72.0,empirical group EESR,disabled,20260929,69b1b200c29ca42626fc4cdc7d32551c9524e8f9
orgAInoid_RPE_Final,E001,fixed_time,12.0,,80,80,12,0.15,0.05,0.1,1.0,0.0,0.8333333333333333,0.8333333333333333,12.0,12.0,empirical group EESR,disabled,20260929,69b1b200c29ca42626fc4cdc7d32551c9524e8f9
orgAInoid_RPE_Final,E001,fixed_time,24.0,,80,80,12,0.15,0.1,0.05,1.0,0.0,0.6666666666666667,0.6666666666666667,24.0,24.0,empirical group EESR,disabled,20260929,69b1b200c29ca42626fc4cdc7d32551c9524e8f9
orgAInoid_RPE_Final,E001,fixed_time,36.0,,80,80,6,0.075,0.05,0.025,1.0,0.0,0.5,0.5,36.0,36.0,empirical group EESR,disabled,20260929,69b1b200c29ca42626fc4cdc7d32551c9524e8f9
orgAInoid_RPE_Final,E001,fixed_time,48.0,,80,80,4,0.05,0.025,0.025,1.0,0.0,0.3333333333333333,0.3333333333333333,48.0,48.0,empirical group EESR,disabled,20260929,69b1b200c29ca42626fc4cdc7d32551c9524e8f9
orgAInoid_RPE_Final,E001,fixed_time,60.0,,80,80,3,0.0375,0.025,0.0125,1.0,0.0,0.1666666666666666,0.1666666666666666,60.0,60.0,empirical group EESR,disabled,20260929,69b1b200c29ca42626fc4cdc7d32551c9524e8f9
orgAInoid_RPE_Final,E001,naive_confidence,0.5,,80,80,12,0.15,0.05,0.1,1.0,0.0,0.8333333333333333,0.8333333333333333,12.0,12.0,empirical group EESR,disabled,20260929,69b1b200c29ca42626fc4cdc7d32551c9524e8f9
orgAInoid_RPE_Final,E001,naive_confidence,0.6,,80,80,7,0.0875,0.0375,0.05,1.0,0.0,0.8,0.8,14.4,12.0,empirical group EESR,disabled,20260929,69b1b200c29ca42626fc4cdc7d32551c9524e8f9
orgAInoid_RPE_Final,E001,naive_confidence,0.7,,80,80,4,0.05,0.0375,0.0125,1.0,0.0,0.7291666666666666,0.7291666666666666,19.5,12.0,empirical group EESR,disabled,20260929,69b1b200c29ca42626fc4cdc7d32551c9524e8f9
orgAInoid_RPE_Final,E001,naive_confidence,0.8,,80,77,2,0.0259740259740259,0.0259740259740259,0.0,0.9625,0.0,0.6125,0.6363636363636365,27.9,24.0,empirical group EESR,disabled,20260929,69b1b200c29ca42626fc4cdc7d32551c9524e8f9
orgAInoid_RPE_Final,E001,naive_confidence,0.9,,80,66,2,0.0303030303030303,0.0303030303030303,0.0,0.825,0.0,0.3854166666666666,0.4671717171717171,44.25,48.0,empirical group EESR,disabled,20260929,69b1b200c29ca42626fc4cdc7d32551c9524e8f9
orgAInoid_RPE_Final,E001,naive_confidence,0.95,,80,49,1,0.0204081632653061,0.0204081632653061,0.0,0.6125,0.0,0.2416666666666667,0.3945578231292517,54.6,60.0,empirical group EESR,disabled,20260929,69b1b200c29ca42626fc4cdc7d32551c9524e8f9
orgAInoid_RPE_Final,E001,naive_confidence,0.975,,80,26,1,0.0384615384615384,0.0384615384615384,0.0,0.325,0.0,0.11875,0.3653846153846153,63.45,72.0,empirical group EESR,disabled,20260929,69b1b200c29ca42626fc4cdc7d32551c9524e8f9
orgAInoid_RPE_Final,E001,naive_confidence,0.99,,80,9,1,0.1111111111111111,0.1111111111111111,0.0,0.1125,0.0,0.0458333333333333,0.4074074074074073,68.7,72.0,empirical group EESR,disabled,20260929,69b1b200c29ca42626fc4cdc7d32551c9524e8f9
orgAInoid_RPE_Final,E001,calibrated_non_group,0.02,0.02,80,55,0,0.0,0.0,0.0,0.6875,0.0,0.1979166666666666,0.2878787878787879,57.75,54.0,empirical group EESR,disabled,20260929,69b1b200c29ca42626fc4cdc7d32551c9524e8f9
orgAInoid_RPE_Final,E001,cbes_style,0.02,0.02,80,0,0,0.0,0.0,0.0,0.0,0.0,0.0,0.0,72.0,72.0,empirical group EESR,disabled,20260929,69b1b200c29ca42626fc4cdc7d32551c9524e8f9
orgAInoid_RPE_Final,E001,gates_without_ood,0.02,0.02,80,0,0,0.0,0.0,0.0,0.0,0.0,0.0,0.0,72.0,72.0,empirical group EESR,disabled,20260929,69b1b200c29ca42626fc4cdc7d32551c9524e8f9
orgAInoid_RPE_Final,E001,gates_full,0.02,0.02,80,0,0,0.0,0.0,0.0,0.0,0.0,0.0,0.0,72.0,72.0,empirical group EESR,enabled,20260929,69b1b200c29ca42626fc4cdc7d32551c9524e8f9
orgAInoid_RPE_Final,E001,calibrated_non_group,0.05,0.05,80,72,2,0.0277777777777777,0.0277777777777777,0.0,0.9,0.0,0.29375,0.3263888888888889,50.85,48.0,empirical group EESR,disabled,20260929,69b1b200c29ca42626fc4cdc7d32551c9524e8f9
orgAInoid_RPE_Final,E001,cbes_style,0.05,0.05,80,0,0,0.0,0.0,0.0,0.0,0.0,0.0,0.0,72.0,72.0,empirical group EESR,disabled,20260929,69b1b200c29ca42626fc4cdc7d32551c9524e8f9
orgAInoid_RPE_Final,E001,gates_without_ood,0.05,0.05,80,49,0,0.0,0.0,0.0,0.6125,0.0,0.1666666666666666,0.272108843537415,60.0,60.0,empirical group EESR,disabled,20260929,69b1b200c29ca42626fc4cdc7d32551c9524e8f9
orgAInoid_RPE_Final,E001,gates_full,0.05,0.05,80,49,0,0.0,0.0,0.0,0.6125,0.0,0.1666666666666666,0.272108843537415,60.0,60.0,empirical group EESR,enabled,20260929,69b1b200c29ca42626fc4cdc7d32551c9524e8f9
orgAInoid_RPE_Final,E001,calibrated_non_group,0.1,0.1,80,80,6,0.075,0.075,0.0,1.0,0.0,0.63125,0.63125,26.55,24.0,empirical group EESR,disabled,20260929,69b1b200c29ca42626fc4cdc7d32551c9524e8f9
orgAInoid_RPE_Final,E001,cbes_style,0.1,0.1,80,0,0,0.0,0.0,0.0,0.0,0.0,0.0,0.0,72.0,72.0,empirical group EESR,disabled,20260929,69b1b200c29ca42626fc4cdc7d32551c9524e8f9
orgAInoid_RPE_Final,E001,gates_without_ood,0.1,0.1,80,80,6,0.075,0.075,0.0,1.0,0.0,0.6229166666666667,0.6229166666666667,27.15,24.0,empirical group EESR,disabled,20260929,69b1b200c29ca42626fc4cdc7d32551c9524e8f9
orgAInoid_RPE_Final,E001,gates_full,0.1,0.1,80,69,5,0.072463768115942,0.072463768115942,0.0,0.8625,0.1375,0.53125,0.6159420289855071,33.75,24.0,empirical group EESR,enabled,20260929,69b1b200c29ca42626fc4cdc7d32551c9524e8f9
orgAInoid_RPE_Final,E001,calibrated_non_group,0.15,0.15,80,80,6,0.075,0.0625,0.0125,1.0,0.0,0.7208333333333333,0.7208333333333333,20.1,24.0,empirical group EESR,disabled,20260929,69b1b200c29ca42626fc4cdc7d32551c9524e8f9
orgAInoid_RPE_Final,E001,cbes_style,0.15,0.15,80,80,4,0.05,0.05,0.0,1.0,0.0,0.58125,0.58125,30.15,24.0,empirical group EESR,disabled,20260929,69b1b200c29ca42626fc4cdc7d32551c9524e8f9
orgAInoid_RPE_Final,E001,gates_without_ood,0.15,0.15,80,80,8,0.1,0.075,0.025,1.0,0.0,0.65,0.65,25.2,24.0,empirical group EESR,disabled,20260929,69b1b200c29ca42626fc4cdc7d32551c9524e8f9
orgAInoid_RPE_Final,E001,gates_full,0.15,0.15,80,69,7,0.1014492753623188,0.072463768115942,0.0289855072463768,0.8625,0.1375,0.5583333333333333,0.6473429951690819,31.8,24.0,empirical group EESR,enabled,20260929,69b1b200c29ca42626fc4cdc7d32551c9524e8f9
orgAInoid_RPE_Final,E001,calibrated_non_group,0.2,0.2,80,80,7,0.0875,0.0375,0.05,1.0,0.0,0.8041666666666666,0.8041666666666666,14.1,12.0,empirical group EESR,disabled,20260929,69b1b200c29ca42626fc4cdc7d32551c9524e8f9
orgAInoid_RPE_Final,E001,cbes_style,0.2,0.2,80,80,4,0.05,0.0375,0.0125,1.0,0.0,0.7354166666666666,0.7354166666666666,19.05,12.0,empirical group EESR,disabled,20260929,69b1b200c29ca42626fc4cdc7d32551c9524e8f9
orgAInoid_RPE_Final,E001,gates_without_ood,0.2,0.2,80,80,9,0.1125,0.05,0.0625,1.0,0.0,0.80625,0.80625,13.95,12.0,empirical group EESR,disabled,20260929,69b1b200c29ca42626fc4cdc7d32551c9524e8f9
orgAInoid_RPE_Final,E001,gates_full,0.2,0.2,80,75,8,0.1066666666666666,0.0533333333333333,0.0533333333333333,0.9375,0.0625,0.75625,0.8066666666666665,17.55,12.0,empirical group EESR,enabled,20260929,69b1b200c29ca42626fc4cdc7d32551c9524e8f9
orgAInoid_RPE_Final,E001,calibrated_non_group,0.3,0.3,80,80,12,0.15,0.05,0.1,1.0,0.0,0.8333333333333333,0.8333333333333333,12.0,12.0,empirical group EESR,disabled,20260929,69b1b200c29ca42626fc4cdc7d32551c9524e8f9
orgAInoid_RPE_Final,E001,cbes_style,0.3,0.3,80,80,4,0.05,0.0375,0.0125,1.0,0.0,0.7520833333333332,0.7520833333333332,17.85,12.0,empirical group EESR,disabled,20260929,69b1b200c29ca42626fc4cdc7d32551c9524e8f9
orgAInoid_RPE_Final,E001,gates_without_ood,0.3,0.3,80,80,12,0.15,0.05,0.1,1.0,0.0,0.8333333333333333,0.8333333333333333,12.0,12.0,empirical group EESR,disabled,20260929,69b1b200c29ca42626fc4cdc7d32551c9524e8f9
orgAInoid_RPE_Final,E001,gates_full,0.3,0.3,80,76,11,0.1447368421052631,0.0526315789473684,0.0921052631578947,0.95,0.05,0.7916666666666666,0.8333333333333334,15.0,12.0,empirical group EESR,enabled,20260929,69b1b200c29ca42626fc4cdc7d32551c9524e8f9
orgAInoid_RPE_Final,E002,full_protocol,none,,92,0,0,0.0,0.0,0.0,0.0,0.0,0.0,0.0,72.0,72.0,empirical group EESR,disabled,20260929,69b1b200c29ca42626fc4cdc7d32551c9524e8f9
orgAInoid_RPE_Final,E002,fixed_time,12.0,,92,88,19,0.2159090909090909,0.1022727272727272,0.1136363636363636,0.9565217391304348,0.0,0.7971014492753621,0.8333333333333333,14.608695652173912,12.0,empirical group EESR,disabled,20260929,69b1b200c29ca42626fc4cdc7d32551c9524e8f9
orgAInoid_RPE_Final,E002,fixed_time,24.0,,92,88,12,0.1363636363636363,0.0795454545454545,0.0568181818181818,0.9565217391304348,0.0,0.6376811594202898,0.6666666666666667,26.08695652173913,24.0,empirical group EESR,disabled,20260929,69b1b200c29ca42626fc4cdc7d32551c9524e8f9
orgAInoid_RPE_Final,E002,fixed_time,36.0,,92,88,31,0.3522727272727273,0.2840909090909091,0.0681818181818181,0.9565217391304348,0.0,0.4782608695652174,0.5,37.56521739130435,36.0,empirical group EESR,disabled,20260929,69b1b200c29ca42626fc4cdc7d32551c9524e8f9
orgAInoid_RPE_Final,E002,fixed_time,48.0,,92,88,11,0.125,0.0568181818181818,0.0681818181818181,0.9565217391304348,0.0,0.3188405797101449,0.3333333333333333,49.04347826086956,48.0,empirical group EESR,disabled,20260929,69b1b200c29ca42626fc4cdc7d32551c9524e8f9
orgAInoid_RPE_Final,E002,fixed_time,60.0,,92,88,13,0.1477272727272727,0.0681818181818181,0.0795454545454545,0.9565217391304348,0.0,0.1594202898550724,0.1666666666666666,60.52173913043478,60.0,empirical group EESR,disabled,20260929,69b1b200c29ca42626fc4cdc7d32551c9524e8f9
orgAInoid_RPE_Final,E002,naive_confidence,0.5,,92,88,19,0.2159090909090909,0.1022727272727272,0.1136363636363636,0.9565217391304348,0.0,0.7971014492753621,0.8333333333333333,14.608695652173912,12.0,empirical group EESR,disabled,20260929,69b1b200c29ca42626fc4cdc7d32551c9524e8f9
orgAInoid_RPE_Final,E002,naive_confidence,0.6,,92,88,17,0.1931818181818181,0.0795454545454545,0.1136363636363636,0.9565217391304348,0.0,0.7844202898550722,0.8200757575757575,15.521739130434783,12.0,empirical group EESR,disabled,20260929,69b1b200c29ca42626fc4cdc7d32551c9524e8f9
orgAInoid_RPE_Final,E002,naive_confidence,0.7,,92,84,17,0.2023809523809523,0.0833333333333333,0.119047619047619,0.9130434782608696,0.0,0.7336956521739127,0.8035714285714283,19.17391304347826,12.0,empirical group EESR,disabled,20260929,69b1b200c29ca42626fc4cdc7d32551c9524e8f9
orgAInoid_RPE_Final,E002,naive_confidence,0.8,,92,82,15,0.1829268292682926,0.073170731707317,0.1097560975609756,0.8913043478260869,0.0,0.6757246376811594,0.7581300813008129,23.347826086956523,12.0,empirical group EESR,disabled,20260929,69b1b200c29ca42626fc4cdc7d32551c9524e8f9
orgAInoid_RPE_Final,E002,naive_confidence,0.9,,92,67,9,0.1343283582089552,0.0149253731343283,0.1194029850746268,0.7282608695652174,0.0,0.532608695652174,0.7313432835820896,33.65217391304348,12.0,empirical group EESR,disabled,20260929,69b1b200c29ca42626fc4cdc7d32551c9524e8f9
orgAInoid_RPE_Final,E002,naive_confidence,0.95,,92,49,6,0.1224489795918367,0.0204081632653061,0.1020408163265306,0.532608695652174,0.0,0.391304347826087,0.7346938775510206,43.82608695652174,60.0,empirical group EESR,disabled,20260929,69b1b200c29ca42626fc4cdc7d32551c9524e8f9
orgAInoid_RPE_Final,E002,naive_confidence,0.975,,92,38,6,0.1578947368421052,0.0263157894736842,0.131578947368421,0.4130434782608695,0.0,0.2989130434782608,0.7236842105263159,50.47826086956522,72.0,empirical group EESR,disabled,20260929,69b1b200c29ca42626fc4cdc7d32551c9524e8f9
orgAInoid_RPE_Final,E002,naive_confidence,0.99,,92,25,6,0.24,0.04,0.2,0.2717391304347826,0.0,0.1992753623188405,0.7333333333333333,57.65217391304348,72.0,empirical group EESR,disabled,20260929,69b1b200c29ca42626fc4cdc7d32551c9524e8f9
orgAInoid_RPE_Final,E002,calibrated_non_group,0.02,0.02,92,28,1,0.0357142857142857,0.0,0.0357142857142857,0.3043478260869565,0.0,0.0615942028985507,0.2023809523809523,67.56521739130434,72.0,empirical group EESR,disabled,20260929,69b1b200c29ca42626fc4cdc7d32551c9524e8f9
orgAInoid_RPE_Final,E002,cbes_style,0.02,0.02,92,67,14,0.208955223880597,0.1343283582089552,0.0746268656716417,0.7282608695652174,0.0,0.3007246376811593,0.4129353233830846,50.34782608695652,48.0,empirical group EESR,disabled,20260929,69b1b200c29ca42626fc4cdc7d32551c9524e8f9
orgAInoid_RPE_Final,E002,gates_without_ood,0.02,0.02,92,14,1,0.0714285714285714,0.0,0.0714285714285714,0.1521739130434782,0.0,0.0253623188405797,0.1666666666666666,70.17391304347827,72.0,empirical group EESR,disabled,20260929,69b1b200c29ca42626fc4cdc7d32551c9524e8f9
orgAInoid_RPE_Final,E002,gates_full,0.02,0.02,92,11,0,0.0,0.0,0.0,0.1195652173913043,0.0326086956521739,0.019927536231884,0.1666666666666666,70.56521739130434,72.0,empirical group EESR,enabled,20260929,69b1b200c29ca42626fc4cdc7d32551c9524e8f9
orgAInoid_RPE_Final,E002,calibrated_non_group,0.05,0.05,92,67,6,0.0895522388059701,0.0298507462686567,0.0597014925373134,0.7282608695652174,0.0,0.1847826086956521,0.253731343283582,58.69565217391305,60.0,empirical group EESR,disabled,20260929,69b1b200c29ca42626fc4cdc7d32551c9524e8f9
orgAInoid_RPE_Final,E002,cbes_style,0.05,0.05,92,67,14,0.208955223880597,0.1343283582089552,0.0746268656716417,0.7282608695652174,0.0,0.3007246376811593,0.4129353233830846,50.34782608695652,48.0,empirical group EESR,disabled,20260929,69b1b200c29ca42626fc4cdc7d32551c9524e8f9
orgAInoid_RPE_Final,E002,gates_without_ood,0.05,0.05,92,28,1,0.0357142857142857,0.0,0.0357142857142857,0.3043478260869565,0.0,0.0507246376811594,0.1666666666666667,68.34782608695652,72.0,empirical group EESR,disabled,20260929,69b1b200c29ca42626fc4cdc7d32551c9524e8f9
orgAInoid_RPE_Final,E002,gates_full,0.05,0.05,92,25,0,0.0,0.0,0.0,0.2717391304347826,0.0326086956521739,0.0452898550724637,0.1666666666666666,68.73913043478261,72.0,empirical group EESR,enabled,20260929,69b1b200c29ca42626fc4cdc7d32551c9524e8f9
orgAInoid_RPE_Final,E002,calibrated_non_group,0.1,0.1,92,70,6,0.0857142857142857,0.0285714285714285,0.0571428571428571,0.7608695652173914,0.0,0.3369565217391305,0.4428571428571428,47.73913043478261,48.0,empirical group EESR,disabled,20260929,69b1b200c29ca42626fc4cdc7d32551c9524e8f9
orgAInoid_RPE_Final,E002,cbes_style,0.1,0.1,92,79,12,0.1518987341772152,0.0886075949367088,0.0632911392405063,0.8586956521739131,0.0,0.5416666666666666,0.6308016877637129,33.0,24.0,empirical group EESR,disabled,20260929,69b1b200c29ca42626fc4cdc7d32551c9524e8f9
orgAInoid_RPE_Final,E002,gates_without_ood,0.1,0.1,92,41,3,0.073170731707317,0.0,0.073170731707317,0.4456521739130434,0.0,0.0742753623188405,0.1666666666666666,66.65217391304348,72.0,empirical group EESR,disabled,20260929,69b1b200c29ca42626fc4cdc7d32551c9524e8f9
orgAInoid_RPE_Final,E002,gates_full,0.1,0.1,92,38,2,0.0526315789473684,0.0,0.0526315789473684,0.4130434782608695,0.0326086956521739,0.0688405797101449,0.1666666666666667,67.04347826086956,72.0,empirical group EESR,enabled,20260929,69b1b200c29ca42626fc4cdc7d32551c9524e8f9
orgAInoid_RPE_Final,E002,calibrated_non_group,0.15,0.15,92,88,14,0.1590909090909091,0.0795454545454545,0.0795454545454545,0.9565217391304348,0.0,0.4166666666666666,0.4356060606060605,42.0,48.0,empirical group EESR,disabled,20260929,69b1b200c29ca42626fc4cdc7d32551c9524e8f9
orgAInoid_RPE_Final,E002,cbes_style,0.15,0.15,92,79,12,0.1518987341772152,0.0886075949367088,0.0632911392405063,0.8586956521739131,0.0,0.5416666666666666,0.6308016877637129,33.0,24.0,empirical group EESR,disabled,20260929,69b1b200c29ca42626fc4cdc7d32551c9524e8f9
orgAInoid_RPE_Final,E002,gates_without_ood,0.15,0.15,92,72,8,0.1111111111111111,0.0277777777777777,0.0833333333333333,0.782608695652174,0.0,0.2119565217391304,0.2708333333333333,56.73913043478261,60.0,empirical group EESR,disabled,20260929,69b1b200c29ca42626fc4cdc7d32551c9524e8f9
orgAInoid_RPE_Final,E002,gates_full,0.15,0.15,92,68,7,0.1029411764705882,0.0294117647058823,0.0735294117647058,0.7391304347826086,0.0434782608695652,0.197463768115942,0.267156862745098,57.78260869565217,60.0,empirical group EESR,enabled,20260929,69b1b200c29ca42626fc4cdc7d32551c9524e8f9
orgAInoid_RPE_Final,E002,calibrated_non_group,0.2,0.2,92,88,27,0.3068181818181818,0.2386363636363636,0.0681818181818181,0.9565217391304348,0.0,0.572463768115942,0.5984848484848485,30.782608695652176,24.0,empirical group EESR,disabled,20260929,69b1b200c29ca42626fc4cdc7d32551c9524e8f9
orgAInoid_RPE_Final,E002,cbes_style,0.2,0.2,92,79,12,0.1518987341772152,0.0886075949367088,0.0632911392405063,0.8586956521739131,0.0,0.5416666666666666,0.6308016877637129,33.0,24.0,empirical group EESR,disabled,20260929,69b1b200c29ca42626fc4cdc7d32551c9524e8f9
orgAInoid_RPE_Final,E002,gates_without_ood,0.2,0.2,92,85,12,0.1411764705882353,0.0705882352941176,0.0705882352941176,0.9239130434782608,0.0,0.2481884057971013,0.268627450980392,54.130434782608695,48.0,empirical group EESR,disabled,20260929,69b1b200c29ca42626fc4cdc7d32551c9524e8f9
orgAInoid_RPE_Final,E002,gates_full,0.2,0.2,92,81,11,0.1358024691358024,0.074074074074074,0.0617283950617283,0.8804347826086957,0.0434782608695652,0.2336956521739129,0.265432098765432,55.17391304347826,48.0,empirical group EESR,enabled,20260929,69b1b200c29ca42626fc4cdc7d32551c9524e8f9
orgAInoid_RPE_Final,E002,calibrated_non_group,0.3,0.3,92,88,22,0.25,0.1363636363636363,0.1136363636363636,0.9565217391304348,0.0,0.7590579710144926,0.793560606060606,17.347826086956523,12.0,empirical group EESR,disabled,20260929,69b1b200c29ca42626fc4cdc7d32551c9524e8f9
orgAInoid_RPE_Final,E002,cbes_style,0.3,0.3,92,84,18,0.2142857142857142,0.0952380952380952,0.119047619047619,0.9130434782608696,0.0,0.7228260869565216,0.7916666666666665,19.956521739130434,12.0,empirical group EESR,disabled,20260929,69b1b200c29ca42626fc4cdc7d32551c9524e8f9
orgAInoid_RPE_Final,E002,gates_without_ood,0.3,0.3,92,88,17,0.1931818181818181,0.0795454545454545,0.1136363636363636,0.9565217391304348,0.0,0.7536231884057969,0.7878787878787878,17.73913043478261,12.0,empirical group EESR,disabled,20260929,69b1b200c29ca42626fc4cdc7d32551c9524e8f9
orgAInoid_RPE_Final,E002,gates_full,0.3,0.3,92,86,15,0.1744186046511628,0.0813953488372093,0.0930232558139534,0.9347826086956522,0.0217391304347826,0.7355072463768113,0.7868217054263563,19.043478260869566,12.0,empirical group EESR,enabled,20260929,69b1b200c29ca42626fc4cdc7d32551c9524e8f9
orgAInoid_RPE_Final,E004,full_protocol,none,,96,0,0,0.0,0.0,0.0,0.0,0.0,0.0,0.0,72.0,72.0,empirical group EESR,disabled,20260929,69b1b200c29ca42626fc4cdc7d32551c9524e8f9
orgAInoid_RPE_Final,E004,fixed_time,12.0,,96,96,50,0.5208333333333334,0.5208333333333334,0.0,1.0,0.0,0.8333333333333334,0.8333333333333334,12.0,12.0,empirical group EESR,disabled,20260929,69b1b200c29ca42626fc4cdc7d32551c9524e8f9
orgAInoid_RPE_Final,E004,fixed_time,24.0,,96,96,34,0.3541666666666667,0.3541666666666667,0.0,1.0,0.0,0.6666666666666666,0.6666666666666666,24.0,24.0,empirical group EESR,disabled,20260929,69b1b200c29ca42626fc4cdc7d32551c9524e8f9
orgAInoid_RPE_Final,E004,fixed_time,36.0,,96,96,5,0.0520833333333333,0.0520833333333333,0.0,1.0,0.0,0.5,0.5,36.0,36.0,empirical group EESR,disabled,20260929,69b1b200c29ca42626fc4cdc7d32551c9524e8f9
orgAInoid_RPE_Final,E004,fixed_time,48.0,,96,96,0,0.0,0.0,0.0,1.0,0.0,0.3333333333333333,0.3333333333333333,48.0,48.0,empirical group EESR,disabled,20260929,69b1b200c29ca42626fc4cdc7d32551c9524e8f9
orgAInoid_RPE_Final,E004,fixed_time,60.0,,96,96,1,0.0104166666666666,0.0104166666666666,0.0,1.0,0.0,0.1666666666666666,0.1666666666666666,60.0,60.0,empirical group EESR,disabled,20260929,69b1b200c29ca42626fc4cdc7d32551c9524e8f9
orgAInoid_RPE_Final,E004,naive_confidence,0.5,,96,96,50,0.5208333333333334,0.5208333333333334,0.0,1.0,0.0,0.8333333333333334,0.8333333333333334,12.0,12.0,empirical group EESR,disabled,20260929,69b1b200c29ca42626fc4cdc7d32551c9524e8f9
orgAInoid_RPE_Final,E004,naive_confidence,0.6,,96,96,33,0.34375,0.34375,0.0,1.0,0.0,0.7118055555555557,0.7118055555555557,20.75,12.0,empirical group EESR,disabled,20260929,69b1b200c29ca42626fc4cdc7d32551c9524e8f9
orgAInoid_RPE_Final,E004,naive_confidence,0.7,,96,96,12,0.125,0.125,0.0,1.0,0.0,0.5381944444444444,0.5381944444444444,33.25,36.0,empirical group EESR,disabled,20260929,69b1b200c29ca42626fc4cdc7d32551c9524e8f9
orgAInoid_RPE_Final,E004,naive_confidence,0.8,,96,96,1,0.0104166666666666,0.0104166666666666,0.0,1.0,0.0,0.3715277777777778,0.3715277777777778,45.25,48.0,empirical group EESR,disabled,20260929,69b1b200c29ca42626fc4cdc7d32551c9524e8f9
orgAInoid_RPE_Final,E004,naive_confidence,0.9,,96,90,0,0.0,0.0,0.0,0.9375,0.0,0.2829861111111111,0.3018518518518518,51.625,48.0,empirical group EESR,disabled,20260929,69b1b200c29ca42626fc4cdc7d32551c9524e8f9
orgAInoid_RPE_Final,E004,naive_confidence,0.95,,96,65,0,0.0,0.0,0.0,0.6770833333333334,0.0,0.1736111111111111,0.2564102564102564,59.5,60.0,empirical group EESR,disabled,20260929,69b1b200c29ca42626fc4cdc7d32551c9524e8f9
orgAInoid_RPE_Final,E004,naive_confidence,0.975,,96,25,0,0.0,0.0,0.0,0.2604166666666667,0.0,0.0520833333333333,0.1999999999999999,68.25,72.0,empirical group EESR,disabled,20260929,69b1b200c29ca42626fc4cdc7d32551c9524e8f9
orgAInoid_RPE_Final,E004,naive_confidence,0.99,,96,2,0,0.0,0.0,0.0,0.0208333333333333,0.0,0.0034722222222222,0.1666666666666666,71.75,72.0,empirical group EESR,disabled,20260929,69b1b200c29ca42626fc4cdc7d32551c9524e8f9
orgAInoid_RPE_Final,E004,calibrated_non_group,0.02,0.02,96,0,0,0.0,0.0,0.0,0.0,0.0,0.0,0.0,72.0,72.0,empirical group EESR,disabled,20260929,69b1b200c29ca42626fc4cdc7d32551c9524e8f9
orgAInoid_RPE_Final,E004,cbes_style,0.02,0.02,96,0,0,0.0,0.0,0.0,0.0,0.0,0.0,0.0,72.0,72.0,empirical group EESR,disabled,20260929,69b1b200c29ca42626fc4cdc7d32551c9524e8f9
orgAInoid_RPE_Final,E004,gates_without_ood,0.02,0.02,96,0,0,0.0,0.0,0.0,0.0,0.0,0.0,0.0,72.0,72.0,empirical group EESR,disabled,20260929,69b1b200c29ca42626fc4cdc7d32551c9524e8f9
orgAInoid_RPE_Final,E004,gates_full,0.02,0.02,96,0,0,0.0,0.0,0.0,0.0,0.0,0.0,0.0,72.0,72.0,empirical group EESR,enabled,20260929,69b1b200c29ca42626fc4cdc7d32551c9524e8f9
orgAInoid_RPE_Final,E004,calibrated_non_group,0.05,0.05,96,63,0,0.0,0.0,0.0,0.65625,0.0,0.109375,0.1666666666666665,64.125,60.0,empirical group EESR,disabled,20260929,69b1b200c29ca42626fc4cdc7d32551c9524e8f9
orgAInoid_RPE_Final,E004,cbes_style,0.05,0.05,96,0,0,0.0,0.0,0.0,0.0,0.0,0.0,0.0,72.0,72.0,empirical group EESR,disabled,20260929,69b1b200c29ca42626fc4cdc7d32551c9524e8f9
orgAInoid_RPE_Final,E004,gates_without_ood,0.05,0.05,96,52,0,0.0,0.0,0.0,0.5416666666666666,0.0,0.0902777777777777,0.1666666666666666,65.5,60.0,empirical group EESR,disabled,20260929,69b1b200c29ca42626fc4cdc7d32551c9524e8f9
orgAInoid_RPE_Final,E004,gates_full,0.05,0.05,96,52,0,0.0,0.0,0.0,0.5416666666666666,0.0,0.0902777777777777,0.1666666666666666,65.5,60.0,empirical group EESR,enabled,20260929,69b1b200c29ca42626fc4cdc7d32551c9524e8f9
orgAInoid_RPE_Final,E004,calibrated_non_group,0.1,0.1,96,59,0,0.0,0.0,0.0,0.6145833333333334,0.0,0.1979166666666666,0.3220338983050846,57.75,48.0,empirical group EESR,disabled,20260929,69b1b200c29ca42626fc4cdc7d32551c9524e8f9
orgAInoid_RPE_Final,E004,cbes_style,0.1,0.1,96,0,0,0.0,0.0,0.0,0.0,0.0,0.0,0.0,72.0,72.0,empirical group EESR,disabled,20260929,69b1b200c29ca42626fc4cdc7d32551c9524e8f9
orgAInoid_RPE_Final,E004,gates_without_ood,0.1,0.1,96,72,0,0.0,0.0,0.0,0.75,0.0,0.125,0.1666666666666666,63.0,60.0,empirical group EESR,disabled,20260929,69b1b200c29ca42626fc4cdc7d32551c9524e8f9
orgAInoid_RPE_Final,E004,gates_full,0.1,0.1,96,72,0,0.0,0.0,0.0,0.75,0.0,0.125,0.1666666666666666,63.0,60.0,empirical group EESR,enabled,20260929,69b1b200c29ca42626fc4cdc7d32551c9524e8f9
orgAInoid_RPE_Final,E004,calibrated_non_group,0.15,0.15,96,92,0,0.0,0.0,0.0,0.9583333333333334,0.0,0.3003472222222222,0.3134057971014493,50.375,48.0,empirical group EESR,disabled,20260929,69b1b200c29ca42626fc4cdc7d32551c9524e8f9
orgAInoid_RPE_Final,E004,cbes_style,0.15,0.15,96,0,0,0.0,0.0,0.0,0.0,0.0,0.0,0.0,72.0,72.0,empirical group EESR,disabled,20260929,69b1b200c29ca42626fc4cdc7d32551c9524e8f9
orgAInoid_RPE_Final,E004,gates_without_ood,0.15,0.15,96,94,0,0.0,0.0,0.0,0.9791666666666666,0.0,0.1649305555555555,0.1684397163120567,60.125,60.0,empirical group EESR,disabled,20260929,69b1b200c29ca42626fc4cdc7d32551c9524e8f9
orgAInoid_RPE_Final,E004,gates_full,0.15,0.15,96,94,0,0.0,0.0,0.0,0.9791666666666666,0.0,0.1649305555555555,0.1684397163120567,60.125,60.0,empirical group EESR,enabled,20260929,69b1b200c29ca42626fc4cdc7d32551c9524e8f9
orgAInoid_RPE_Final,E004,calibrated_non_group,0.2,0.2,96,96,12,0.125,0.125,0.0,1.0,0.0,0.4131944444444444,0.4131944444444444,42.25,48.0,empirical group EESR,disabled,20260929,69b1b200c29ca42626fc4cdc7d32551c9524e8f9
orgAInoid_RPE_Final,E004,cbes_style,0.2,0.2,96,0,0,0.0,0.0,0.0,0.0,0.0,0.0,0.0,72.0,72.0,empirical group EESR,disabled,20260929,69b1b200c29ca42626fc4cdc7d32551c9524e8f9
orgAInoid_RPE_Final,E004,gates_without_ood,0.2,0.2,96,96,0,0.0,0.0,0.0,1.0,0.0,0.3142361111111111,0.3142361111111111,49.375,48.0,empirical group EESR,disabled,20260929,69b1b200c29ca42626fc4cdc7d32551c9524e8f9
orgAInoid_RPE_Final,E004,gates_full,0.2,0.2,96,96,0,0.0,0.0,0.0,1.0,0.0,0.3142361111111111,0.3142361111111111,49.375,48.0,empirical group EESR,enabled,20260929,69b1b200c29ca42626fc4cdc7d32551c9524e8f9
orgAInoid_RPE_Final,E004,calibrated_non_group,0.3,0.3,96,96,34,0.3541666666666667,0.3541666666666667,0.0,1.0,0.0,0.7309027777777778,0.7309027777777778,19.375,12.0,empirical group EESR,disabled,20260929,69b1b200c29ca42626fc4cdc7d32551c9524e8f9
orgAInoid_RPE_Final,E004,cbes_style,0.3,0.3,96,96,12,0.125,0.125,0.0,1.0,0.0,0.4149305555555555,0.4149305555555555,42.125,48.0,empirical group EESR,disabled,20260929,69b1b200c29ca42626fc4cdc7d32551c9524e8f9
orgAInoid_RPE_Final,E004,gates_without_ood,0.3,0.3,96,96,21,0.21875,0.21875,0.0,1.0,0.0,0.5538194444444443,0.5538194444444443,32.125,48.0,empirical group EESR,disabled,20260929,69b1b200c29ca42626fc4cdc7d32551c9524e8f9
orgAInoid_RPE_Final,E004,gates_full,0.3,0.3,96,96,21,0.21875,0.21875,0.0,1.0,0.0,0.5538194444444443,0.5538194444444443,32.125,48.0,empirical group EESR,enabled,20260929,69b1b200c29ca42626fc4cdc7d32551c9524e8f9
orgAInoid_RPE_Final,E005,full_protocol,none,,92,0,0,0.0,0.0,0.0,0.0,0.0,0.0,0.0,72.0,72.0,empirical group EESR,disabled,20260929,69b1b200c29ca42626fc4cdc7d32551c9524e8f9
orgAInoid_RPE_Final,E005,fixed_time,12.0,,92,92,36,0.391304347826087,0.3152173913043478,0.0760869565217391,1.0,0.0,0.833333333333333,0.833333333333333,12.0,12.0,empirical group EESR,disabled,20260929,69b1b200c29ca42626fc4cdc7d32551c9524e8f9
orgAInoid_RPE_Final,E005,fixed_time,24.0,,92,92,32,0.3478260869565217,0.3369565217391304,0.0108695652173913,1.0,0.0,0.6666666666666666,0.6666666666666666,24.0,24.0,empirical group EESR,disabled,20260929,69b1b200c29ca42626fc4cdc7d32551c9524e8f9
orgAInoid_RPE_Final,E005,fixed_time,36.0,,92,92,40,0.4347826086956521,0.4021739130434782,0.0326086956521739,1.0,0.0,0.5,0.5,36.0,36.0,empirical group EESR,disabled,20260929,69b1b200c29ca42626fc4cdc7d32551c9524e8f9
orgAInoid_RPE_Final,E005,fixed_time,48.0,,92,92,28,0.3043478260869565,0.2826086956521739,0.0217391304347826,1.0,0.0,0.3333333333333333,0.3333333333333333,48.0,48.0,empirical group EESR,disabled,20260929,69b1b200c29ca42626fc4cdc7d32551c9524e8f9
orgAInoid_RPE_Final,E005,fixed_time,60.0,,92,92,24,0.2608695652173913,0.2391304347826087,0.0217391304347826,1.0,0.0,0.1666666666666666,0.1666666666666666,60.0,60.0,empirical group EESR,disabled,20260929,69b1b200c29ca42626fc4cdc7d32551c9524e8f9
orgAInoid_RPE_Final,E005,naive_confidence,0.5,,92,92,36,0.391304347826087,0.3152173913043478,0.0760869565217391,1.0,0.0,0.833333333333333,0.833333333333333,12.0,12.0,empirical group EESR,disabled,20260929,69b1b200c29ca42626fc4cdc7d32551c9524e8f9
orgAInoid_RPE_Final,E005,naive_confidence,0.6,,92,92,33,0.358695652173913,0.3152173913043478,0.0434782608695652,1.0,0.0,0.7971014492753621,0.7971014492753621,14.608695652173912,12.0,empirical group EESR,disabled,20260929,69b1b200c29ca42626fc4cdc7d32551c9524e8f9
orgAInoid_RPE_Final,E005,naive_confidence,0.7,,92,92,29,0.3152173913043478,0.2934782608695652,0.0217391304347826,1.0,0.0,0.7735507246376809,0.7735507246376809,16.304347826086957,12.0,empirical group EESR,disabled,20260929,69b1b200c29ca42626fc4cdc7d32551c9524e8f9
orgAInoid_RPE_Final,E005,naive_confidence,0.8,,92,89,26,0.2921348314606741,0.2696629213483146,0.0224719101123595,0.967391304347826,0.0,0.6920289855072465,0.7153558052434457,22.17391304347826,12.0,empirical group EESR,disabled,20260929,69b1b200c29ca42626fc4cdc7d32551c9524e8f9
orgAInoid_RPE_Final,E005,naive_confidence,0.9,,92,81,21,0.2592592592592592,0.2592592592592592,0.0,0.8804347826086957,0.0,0.548913043478261,0.6234567901234569,32.47826086956522,24.0,empirical group EESR,disabled,20260929,69b1b200c29ca42626fc4cdc7d32551c9524e8f9
orgAInoid_RPE_Final,E005,naive_confidence,0.95,,92,64,15,0.234375,0.234375,0.0,0.6956521739130435,0.0,0.3586956521739131,0.515625,46.17391304347826,48.0,empirical group EESR,disabled,20260929,69b1b200c29ca42626fc4cdc7d32551c9524e8f9
orgAInoid_RPE_Final,E005,naive_confidence,0.975,,92,45,7,0.1555555555555555,0.1555555555555555,0.0,0.4891304347826087,0.0,0.2047101449275362,0.4185185185185185,57.26086956521739,72.0,empirical group EESR,disabled,20260929,69b1b200c29ca42626fc4cdc7d32551c9524e8f9
orgAInoid_RPE_Final,E005,naive_confidence,0.99,,92,20,4,0.2,0.2,0.0,0.217391304347826,0.0,0.0742753623188405,0.3416666666666667,66.65217391304348,72.0,empirical group EESR,disabled,20260929,69b1b200c29ca42626fc4cdc7d32551c9524e8f9
orgAInoid_RPE_Final,E005,calibrated_non_group,0.02,0.02,92,0,0,0.0,0.0,0.0,0.0,0.0,0.0,0.0,72.0,72.0,empirical group EESR,disabled,20260929,69b1b200c29ca42626fc4cdc7d32551c9524e8f9
orgAInoid_RPE_Final,E005,cbes_style,0.02,0.02,92,0,0,0.0,0.0,0.0,0.0,0.0,0.0,0.0,72.0,72.0,empirical group EESR,disabled,20260929,69b1b200c29ca42626fc4cdc7d32551c9524e8f9
orgAInoid_RPE_Final,E005,gates_without_ood,0.02,0.02,92,0,0,0.0,0.0,0.0,0.0,0.0,0.0,0.0,72.0,72.0,empirical group EESR,disabled,20260929,69b1b200c29ca42626fc4cdc7d32551c9524e8f9
orgAInoid_RPE_Final,E005,gates_full,0.02,0.02,92,0,0,0.0,0.0,0.0,0.0,0.0,0.0,0.0,72.0,72.0,empirical group EESR,enabled,20260929,69b1b200c29ca42626fc4cdc7d32551c9524e8f9
orgAInoid_RPE_Final,E005,calibrated_non_group,0.05,0.05,92,0,0,0.0,0.0,0.0,0.0,0.0,0.0,0.0,72.0,72.0,empirical group EESR,disabled,20260929,69b1b200c29ca42626fc4cdc7d32551c9524e8f9
orgAInoid_RPE_Final,E005,cbes_style,0.05,0.05,92,0,0,0.0,0.0,0.0,0.0,0.0,0.0,0.0,72.0,72.0,empirical group EESR,disabled,20260929,69b1b200c29ca42626fc4cdc7d32551c9524e8f9
orgAInoid_RPE_Final,E005,gates_without_ood,0.05,0.05,92,0,0,0.0,0.0,0.0,0.0,0.0,0.0,0.0,72.0,72.0,empirical group EESR,disabled,20260929,69b1b200c29ca42626fc4cdc7d32551c9524e8f9
orgAInoid_RPE_Final,E005,gates_full,0.05,0.05,92,0,0,0.0,0.0,0.0,0.0,0.0,0.0,0.0,72.0,72.0,empirical group EESR,enabled,20260929,69b1b200c29ca42626fc4cdc7d32551c9524e8f9
orgAInoid_RPE_Final,E005,calibrated_non_group,0.1,0.1,92,56,15,0.2678571428571428,0.2678571428571428,0.0,0.6086956521739131,0.0,0.2989130434782608,0.4910714285714285,50.47826086956522,48.0,empirical group EESR,disabled,20260929,69b1b200c29ca42626fc4cdc7d32551c9524e8f9
orgAInoid_RPE_Final,E005,cbes_style,0.1,0.1,92,76,17,0.2236842105263158,0.2105263157894736,0.0131578947368421,0.8260869565217391,0.0,0.1376811594202898,0.1666666666666666,62.08695652173913,60.0,empirical group EESR,disabled,20260929,69b1b200c29ca42626fc4cdc7d32551c9524e8f9
orgAInoid_RPE_Final,E005,gates_without_ood,0.1,0.1,92,0,0,0.0,0.0,0.0,0.0,0.0,0.0,0.0,72.0,72.0,empirical group EESR,disabled,20260929,69b1b200c29ca42626fc4cdc7d32551c9524e8f9
orgAInoid_RPE_Final,E005,gates_full,0.1,0.1,92,0,0,0.0,0.0,0.0,0.0,0.0,0.0,0.0,72.0,72.0,empirical group EESR,enabled,20260929,69b1b200c29ca42626fc4cdc7d32551c9524e8f9
orgAInoid_RPE_Final,E005,calibrated_non_group,0.15,0.15,92,83,24,0.2891566265060241,0.2771084337349397,0.0120481927710843,0.9021739130434784,0.0,0.6195652173913044,0.6867469879518073,27.39130434782609,24.0,empirical group EESR,disabled,20260929,69b1b200c29ca42626fc4cdc7d32551c9524e8f9
orgAInoid_RPE_Final,E005,cbes_style,0.15,0.15,92,85,24,0.2823529411764706,0.2705882352941176,0.0117647058823529,0.9239130434782608,0.0,0.5507246376811594,0.5960784313725489,32.34782608695652,24.0,empirical group EESR,disabled,20260929,69b1b200c29ca42626fc4cdc7d32551c9524e8f9
orgAInoid_RPE_Final,E005,gates_without_ood,0.15,0.15,92,46,11,0.2391304347826087,0.217391304347826,0.0217391304347826,0.5,0.0,0.3894927536231884,0.778985507246377,43.95652173913044,48.0,empirical group EESR,disabled,20260929,69b1b200c29ca42626fc4cdc7d32551c9524e8f9
orgAInoid_RPE_Final,E005,gates_full,0.15,0.15,92,20,5,0.25,0.2,0.05,0.217391304347826,0.2826086956521739,0.1757246376811594,0.8083333333333333,59.34782608695652,72.0,empirical group EESR,enabled,20260929,69b1b200c29ca42626fc4cdc7d32551c9524e8f9
orgAInoid_RPE_Final,E005,calibrated_non_group,0.2,0.2,92,91,27,0.2967032967032967,0.2747252747252747,0.0219780219780219,0.9891304347826086,0.0,0.7518115942028983,0.7600732600732599,17.869565217391305,12.0,empirical group EESR,disabled,20260929,69b1b200c29ca42626fc4cdc7d32551c9524e8f9
orgAInoid_RPE_Final,E005,cbes_style,0.2,0.2,92,89,25,0.2808988764044944,0.247191011235955,0.0337078651685393,0.967391304347826,0.0,0.7083333333333333,0.7322097378277153,21.0,12.0,empirical group EESR,disabled,20260929,69b1b200c29ca42626fc4cdc7d32551c9524e8f9
orgAInoid_RPE_Final,E005,gates_without_ood,0.2,0.2,92,50,11,0.22,0.2,0.02,0.5434782608695652,0.0,0.427536231884058,0.7866666666666668,41.21739130434783,24.0,empirical group EESR,disabled,20260929,69b1b200c29ca42626fc4cdc7d32551c9524e8f9
orgAInoid_RPE_Final,E005,gates_full,0.2,0.2,92,21,5,0.238095238095238,0.1904761904761904,0.0476190476190476,0.2282608695652173,0.3152173913043478,0.1865942028985507,0.8174603174603176,58.56521739130435,72.0,empirical group EESR,enabled,20260929,69b1b200c29ca42626fc4cdc7d32551c9524e8f9
orgAInoid_RPE_Final,E005,calibrated_non_group,0.3,0.3,92,92,29,0.3152173913043478,0.2934782608695652,0.0217391304347826,1.0,0.0,0.7771739130434779,0.7771739130434779,16.043478260869566,12.0,empirical group EESR,disabled,20260929,69b1b200c29ca42626fc4cdc7d32551c9524e8f9
orgAInoid_RPE_Final,E005,cbes_style,0.3,0.3,92,89,25,0.2808988764044944,0.247191011235955,0.0337078651685393,0.967391304347826,0.0,0.7083333333333333,0.7322097378277153,21.0,12.0,empirical group EESR,disabled,20260929,69b1b200c29ca42626fc4cdc7d32551c9524e8f9
orgAInoid_RPE_Final,E005,gates_without_ood,0.3,0.3,92,90,29,0.3222222222222222,0.3,0.0222222222222222,0.9782608695652174,0.0,0.7663043478260867,0.7833333333333333,16.82608695652174,12.0,empirical group EESR,disabled,20260929,69b1b200c29ca42626fc4cdc7d32551c9524e8f9
orgAInoid_RPE_Final,E005,gates_full,0.3,0.3,92,45,12,0.2666666666666666,0.2222222222222222,0.0444444444444444,0.4891304347826087,0.4891304347826087,0.3786231884057971,0.7740740740740742,44.73913043478261,72.0,empirical group EESR,enabled,20260929,69b1b200c29ca42626fc4cdc7d32551c9524e8f9
orgAInoid_RPE_Final,E006,full_protocol,none,,95,0,0,0.0,0.0,0.0,0.0,0.0,0.0,0.0,72.0,72.0,empirical group EESR,disabled,20260929,69b1b200c29ca42626fc4cdc7d32551c9524e8f9
orgAInoid_RPE_Final,E006,fixed_time,12.0,,95,95,33,0.3473684210526316,0.0421052631578947,0.3052631578947368,1.0,0.0,0.8333333333333329,0.8333333333333329,12.0,12.0,empirical group EESR,disabled,20260929,69b1b200c29ca42626fc4cdc7d32551c9524e8f9
orgAInoid_RPE_Final,E006,fixed_time,24.0,,95,95,24,0.2526315789473684,0.031578947368421,0.2210526315789473,1.0,0.0,0.6666666666666665,0.6666666666666665,24.0,24.0,empirical group EESR,disabled,20260929,69b1b200c29ca42626fc4cdc7d32551c9524e8f9
orgAInoid_RPE_Final,E006,fixed_time,36.0,,95,95,24,0.2526315789473684,0.0947368421052631,0.1578947368421052,1.0,0.0,0.5,0.5,36.0,36.0,empirical group EESR,disabled,20260929,69b1b200c29ca42626fc4cdc7d32551c9524e8f9
orgAInoid_RPE_Final,E006,fixed_time,48.0,,95,95,24,0.2526315789473684,0.031578947368421,0.2210526315789473,1.0,0.0,0.3333333333333332,0.3333333333333332,48.0,48.0,empirical group EESR,disabled,20260929,69b1b200c29ca42626fc4cdc7d32551c9524e8f9
orgAInoid_RPE_Final,E006,fixed_time,60.0,,95,95,14,0.1473684210526315,0.0526315789473684,0.0947368421052631,1.0,0.0,0.1666666666666666,0.1666666666666666,60.0,60.0,empirical group EESR,disabled,20260929,69b1b200c29ca42626fc4cdc7d32551c9524e8f9
orgAInoid_RPE_Final,E006,naive_confidence,0.5,,95,95,33,0.3473684210526316,0.0421052631578947,0.3052631578947368,1.0,0.0,0.8333333333333329,0.8333333333333329,12.0,12.0,empirical group EESR,disabled,20260929,69b1b200c29ca42626fc4cdc7d32551c9524e8f9
orgAInoid_RPE_Final,E006,naive_confidence,0.6,,95,95,27,0.2842105263157894,0.0210526315789473,0.2631578947368421,1.0,0.0,0.7736842105263155,0.7736842105263155,16.294736842105262,12.0,empirical group EESR,disabled,20260929,69b1b200c29ca42626fc4cdc7d32551c9524e8f9
orgAInoid_RPE_Final,E006,naive_confidence,0.7,,95,92,23,0.25,0.0217391304347826,0.2282608695652173,0.968421052631579,0.0,0.6771929824561405,0.6992753623188407,23.242105263157896,12.0,empirical group EESR,disabled,20260929,69b1b200c29ca42626fc4cdc7d32551c9524e8f9
orgAInoid_RPE_Final,E006,naive_confidence,0.8,,95,86,19,0.2209302325581395,0.0232558139534883,0.1976744186046511,0.9052631578947368,0.0,0.5333333333333335,0.5891472868217056,33.6,24.0,empirical group EESR,disabled,20260929,69b1b200c29ca42626fc4cdc7d32551c9524e8f9
orgAInoid_RPE_Final,E006,naive_confidence,0.9,,95,69,8,0.1159420289855072,0.0289855072463768,0.0869565217391304,0.7263157894736842,0.0,0.2894736842105262,0.3985507246376811,51.1578947368421,48.0,empirical group EESR,disabled,20260929,69b1b200c29ca42626fc4cdc7d32551c9524e8f9
orgAInoid_RPE_Final,E006,naive_confidence,0.95,,95,42,4,0.0952380952380952,0.0238095238095238,0.0714285714285714,0.4421052631578947,0.0,0.1456140350877193,0.3293650793650793,61.51578947368421,72.0,empirical group EESR,disabled,20260929,69b1b200c29ca42626fc4cdc7d32551c9524e8f9
orgAInoid_RPE_Final,E006,naive_confidence,0.975,,95,28,2,0.0714285714285714,0.0357142857142857,0.0357142857142857,0.2947368421052631,0.0,0.087719298245614,0.2976190476190475,65.6842105263158,72.0,empirical group EESR,disabled,20260929,69b1b200c29ca42626fc4cdc7d32551c9524e8f9
orgAInoid_RPE_Final,E006,naive_confidence,0.99,,95,14,1,0.0714285714285714,0.0714285714285714,0.0,0.1473684210526315,0.0,0.0368421052631578,0.25,69.34736842105264,72.0,empirical group EESR,disabled,20260929,69b1b200c29ca42626fc4cdc7d32551c9524e8f9
orgAInoid_RPE_Final,E006,calibrated_non_group,0.02,0.02,95,0,0,0.0,0.0,0.0,0.0,0.0,0.0,0.0,72.0,72.0,empirical group EESR,disabled,20260929,69b1b200c29ca42626fc4cdc7d32551c9524e8f9
orgAInoid_RPE_Final,E006,cbes_style,0.02,0.02,95,0,0,0.0,0.0,0.0,0.0,0.0,0.0,0.0,72.0,72.0,empirical group EESR,disabled,20260929,69b1b200c29ca42626fc4cdc7d32551c9524e8f9
orgAInoid_RPE_Final,E006,gates_without_ood,0.02,0.02,95,0,0,0.0,0.0,0.0,0.0,0.0,0.0,0.0,72.0,72.0,empirical group EESR,disabled,20260929,69b1b200c29ca42626fc4cdc7d32551c9524e8f9
orgAInoid_RPE_Final,E006,gates_full,0.02,0.02,95,0,0,0.0,0.0,0.0,0.0,0.0,0.0,0.0,72.0,72.0,empirical group EESR,enabled,20260929,69b1b200c29ca42626fc4cdc7d32551c9524e8f9
orgAInoid_RPE_Final,E006,calibrated_non_group,0.05,0.05,95,25,2,0.08,0.04,0.04,0.2631578947368421,0.0,0.0701754385964912,0.2666666666666666,66.94736842105263,72.0,empirical group EESR,disabled,20260929,69b1b200c29ca42626fc4cdc7d32551c9524e8f9
orgAInoid_RPE_Final,E006,cbes_style,0.05,0.05,95,0,0,0.0,0.0,0.0,0.0,0.0,0.0,0.0,72.0,72.0,empirical group EESR,disabled,20260929,69b1b200c29ca42626fc4cdc7d32551c9524e8f9
orgAInoid_RPE_Final,E006,gates_without_ood,0.05,0.05,95,0,0,0.0,0.0,0.0,0.0,0.0,0.0,0.0,72.0,72.0,empirical group EESR,disabled,20260929,69b1b200c29ca42626fc4cdc7d32551c9524e8f9
orgAInoid_RPE_Final,E006,gates_full,0.05,0.05,95,0,0,0.0,0.0,0.0,0.0,0.0,0.0,0.0,72.0,72.0,empirical group EESR,enabled,20260929,69b1b200c29ca42626fc4cdc7d32551c9524e8f9
orgAInoid_RPE_Final,E006,calibrated_non_group,0.1,0.1,95,73,13,0.1780821917808219,0.0273972602739726,0.1506849315068493,0.7684210526315789,0.0,0.4298245614035089,0.5593607305936074,41.05263157894737,48.0,empirical group EESR,disabled,20260929,69b1b200c29ca42626fc4cdc7d32551c9524e8f9
orgAInoid_RPE_Final,E006,cbes_style,0.1,0.1,95,0,0,0.0,0.0,0.0,0.0,0.0,0.0,0.0,72.0,72.0,empirical group EESR,disabled,20260929,69b1b200c29ca42626fc4cdc7d32551c9524e8f9
orgAInoid_RPE_Final,E006,gates_without_ood,0.1,0.1,95,0,0,0.0,0.0,0.0,0.0,0.0,0.0,0.0,72.0,72.0,empirical group EESR,disabled,20260929,69b1b200c29ca42626fc4cdc7d32551c9524e8f9
orgAInoid_RPE_Final,E006,gates_full,0.1,0.1,95,0,0,0.0,0.0,0.0,0.0,0.0,0.0,0.0,72.0,72.0,empirical group EESR,enabled,20260929,69b1b200c29ca42626fc4cdc7d32551c9524e8f9
orgAInoid_RPE_Final,E006,calibrated_non_group,0.15,0.15,95,72,15,0.2083333333333333,0.0138888888888888,0.1944444444444444,0.7578947368421053,0.0,0.4912280701754387,0.6481481481481481,36.63157894736842,24.0,empirical group EESR,disabled,20260929,69b1b200c29ca42626fc4cdc7d32551c9524e8f9
orgAInoid_RPE_Final,E006,cbes_style,0.15,0.15,95,0,0,0.0,0.0,0.0,0.0,0.0,0.0,0.0,72.0,72.0,empirical group EESR,disabled,20260929,69b1b200c29ca42626fc4cdc7d32551c9524e8f9
orgAInoid_RPE_Final,E006,gates_without_ood,0.15,0.15,95,43,11,0.2558139534883721,0.0232558139534883,0.2325581395348837,0.4526315789473684,0.0,0.3736842105263159,0.8255813953488373,45.09473684210526,72.0,empirical group EESR,disabled,20260929,69b1b200c29ca42626fc4cdc7d32551c9524e8f9
orgAInoid_RPE_Final,E006,gates_full,0.15,0.15,95,32,8,0.25,0.0,0.25,0.3368421052631579,0.1157894736842105,0.2771929824561403,0.8229166666666667,52.04210526315789,72.0,empirical group EESR,enabled,20260929,69b1b200c29ca42626fc4cdc7d32551c9524e8f9
orgAInoid_RPE_Final,E006,calibrated_non_group,0.2,0.2,95,82,16,0.1951219512195122,0.024390243902439,0.1707317073170731,0.8631578947368421,0.0,0.4824561403508773,0.5589430894308943,37.26315789473684,36.0,empirical group EESR,disabled,20260929,69b1b200c29ca42626fc4cdc7d32551c9524e8f9
orgAInoid_RPE_Final,E006,cbes_style,0.2,0.2,95,0,0,0.0,0.0,0.0,0.0,0.0,0.0,0.0,72.0,72.0,empirical group EESR,disabled,20260929,69b1b200c29ca42626fc4cdc7d32551c9524e8f9
orgAInoid_RPE_Final,E006,gates_without_ood,0.2,0.2,95,49,12,0.2448979591836734,0.0204081632653061,0.2244897959183673,0.5157894736842106,0.0,0.4157894736842106,0.8061224489795918,42.06315789473684,24.0,empirical group EESR,disabled,20260929,69b1b200c29ca42626fc4cdc7d32551c9524e8f9
orgAInoid_RPE_Final,E006,gates_full,0.2,0.2,95,38,9,0.2368421052631578,0.0,0.2368421052631578,0.4,0.1157894736842105,0.3192982456140351,0.7982456140350876,49.01052631578948,72.0,empirical group EESR,enabled,20260929,69b1b200c29ca42626fc4cdc7d32551c9524e8f9
orgAInoid_RPE_Final,E006,calibrated_non_group,0.3,0.3,95,95,24,0.2526315789473684,0.0210526315789473,0.231578947368421,1.0,0.0,0.6070175438596492,0.6070175438596492,28.294736842105262,24.0,empirical group EESR,disabled,20260929,69b1b200c29ca42626fc4cdc7d32551c9524e8f9
orgAInoid_RPE_Final,E006,cbes_style,0.3,0.3,95,0,0,0.0,0.0,0.0,0.0,0.0,0.0,0.0,72.0,72.0,empirical group EESR,disabled,20260929,69b1b200c29ca42626fc4cdc7d32551c9524e8f9
orgAInoid_RPE_Final,E006,gates_without_ood,0.3,0.3,95,90,24,0.2666666666666666,0.0222222222222222,0.2444444444444444,0.9473684210526316,0.0,0.6947368421052632,0.7333333333333333,21.978947368421053,12.0,empirical group EESR,disabled,20260929,69b1b200c29ca42626fc4cdc7d32551c9524e8f9
orgAInoid_RPE_Final,E006,gates_full,0.3,0.3,95,73,20,0.273972602739726,0.0136986301369863,0.2602739726027397,0.7684210526315789,0.1789473684210526,0.5456140350877193,0.7100456621004566,32.71578947368421,12.0,empirical group EESR,enabled,20260929,69b1b200c29ca42626fc4cdc7d32551c9524e8f9
orgAInoid_RPE_Final,E007,full_protocol,none,,93,0,0,0.0,0.0,0.0,0.0,0.0,0.0,0.0,72.0,72.0,empirical group EESR,disabled,20260929,69b1b200c29ca42626fc4cdc7d32551c9524e8f9
orgAInoid_RPE_Final,E007,fixed_time,12.0,,93,93,36,0.3870967741935484,0.2795698924731182,0.1075268817204301,1.0,0.0,0.833333333333333,0.833333333333333,12.0,12.0,empirical group EESR,disabled,20260929,69b1b200c29ca42626fc4cdc7d32551c9524e8f9
orgAInoid_RPE_Final,E007,fixed_time,24.0,,93,93,37,0.3978494623655914,0.1612903225806451,0.2365591397849462,1.0,0.0,0.6666666666666666,0.6666666666666666,24.0,24.0,empirical group EESR,disabled,20260929,69b1b200c29ca42626fc4cdc7d32551c9524e8f9
orgAInoid_RPE_Final,E007,fixed_time,36.0,,93,93,46,0.4946236559139785,0.1827956989247312,0.3118279569892473,1.0,0.0,0.5,0.5,36.0,36.0,empirical group EESR,disabled,20260929,69b1b200c29ca42626fc4cdc7d32551c9524e8f9
orgAInoid_RPE_Final,E007,fixed_time,48.0,,93,93,38,0.4086021505376344,0.1075268817204301,0.3010752688172043,1.0,0.0,0.3333333333333333,0.3333333333333333,48.0,48.0,empirical group EESR,disabled,20260929,69b1b200c29ca42626fc4cdc7d32551c9524e8f9
orgAInoid_RPE_Final,E007,fixed_time,60.0,,93,93,34,0.3655913978494624,0.1182795698924731,0.2473118279569892,1.0,0.0,0.1666666666666666,0.1666666666666666,60.0,60.0,empirical group EESR,disabled,20260929,69b1b200c29ca42626fc4cdc7d32551c9524e8f9
orgAInoid_RPE_Final,E007,naive_confidence,0.5,,93,93,36,0.3870967741935484,0.2795698924731182,0.1075268817204301,1.0,0.0,0.833333333333333,0.833333333333333,12.0,12.0,empirical group EESR,disabled,20260929,69b1b200c29ca42626fc4cdc7d32551c9524e8f9
orgAInoid_RPE_Final,E007,naive_confidence,0.6,,93,93,31,0.3333333333333333,0.2043010752688172,0.1290322580645161,1.0,0.0,0.7795698924731179,0.7795698924731179,15.870967741935484,12.0,empirical group EESR,disabled,20260929,69b1b200c29ca42626fc4cdc7d32551c9524e8f9
orgAInoid_RPE_Final,E007,naive_confidence,0.7,,93,84,28,0.3333333333333333,0.1309523809523809,0.2023809523809523,0.9032258064516128,0.0,0.6344086021505377,0.7023809523809524,26.322580645161292,24.0,empirical group EESR,disabled,20260929,69b1b200c29ca42626fc4cdc7d32551c9524e8f9
orgAInoid_RPE_Final,E007,naive_confidence,0.8,,93,66,22,0.3333333333333333,0.1363636363636363,0.1969696969696969,0.7096774193548387,0.0,0.4336917562724015,0.6111111111111112,40.774193548387096,36.0,empirical group EESR,disabled,20260929,69b1b200c29ca42626fc4cdc7d32551c9524e8f9
orgAInoid_RPE_Final,E007,naive_confidence,0.9,,93,36,10,0.2777777777777778,0.0555555555555555,0.2222222222222222,0.3870967741935484,0.0,0.1917562724014337,0.4953703703703703,58.193548387096776,72.0,empirical group EESR,disabled,20260929,69b1b200c29ca42626fc4cdc7d32551c9524e8f9
orgAInoid_RPE_Final,E007,naive_confidence,0.95,,93,18,5,0.2777777777777778,0.0,0.2777777777777778,0.1935483870967742,0.0,0.0949820788530465,0.4907407407407407,65.16129032258064,72.0,empirical group EESR,disabled,20260929,69b1b200c29ca42626fc4cdc7d32551c9524e8f9
orgAInoid_RPE_Final,E007,naive_confidence,0.975,,93,7,3,0.4285714285714285,0.0,0.4285714285714285,0.075268817204301,0.0,0.0340501792114695,0.4523809523809524,69.54838709677419,72.0,empirical group EESR,disabled,20260929,69b1b200c29ca42626fc4cdc7d32551c9524e8f9
orgAInoid_RPE_Final,E007,naive_confidence,0.99,,93,2,1,0.5,0.0,0.5,0.021505376344086,0.0,0.0053763440860215,0.25,71.61290322580645,72.0,empirical group EESR,disabled,20260929,69b1b200c29ca42626fc4cdc7d32551c9524e8f9
orgAInoid_RPE_Final,E007,calibrated_non_group,0.02,0.02,93,72,27,0.375,0.1111111111111111,0.2638888888888889,0.7741935483870968,0.0,0.4050179211469532,0.5231481481481483,42.83870967741935,48.0,empirical group EESR,disabled,20260929,69b1b200c29ca42626fc4cdc7d32551c9524e8f9
orgAInoid_RPE_Final,E007,cbes_style,0.02,0.02,93,0,0,0.0,0.0,0.0,0.0,0.0,0.0,0.0,72.0,72.0,empirical group EESR,disabled,20260929,69b1b200c29ca42626fc4cdc7d32551c9524e8f9
orgAInoid_RPE_Final,E007,gates_without_ood,0.02,0.02,93,36,7,0.1944444444444444,0.1111111111111111,0.0833333333333333,0.3870967741935484,0.0,0.2419354838709677,0.6250000000000001,54.58064516129032,72.0,empirical group EESR,disabled,20260929,69b1b200c29ca42626fc4cdc7d32551c9524e8f9
orgAInoid_RPE_Final,E007,gates_full,0.02,0.02,93,26,3,0.1153846153846153,0.1153846153846153,0.0,0.2795698924731182,0.1075268817204301,0.1863799283154121,0.6666666666666667,58.58064516129032,72.0,empirical group EESR,enabled,20260929,69b1b200c29ca42626fc4cdc7d32551c9524e8f9
orgAInoid_RPE_Final,E007,calibrated_non_group,0.05,0.05,93,74,28,0.3783783783783784,0.0945945945945946,0.2837837837837837,0.7956989247311828,0.0,0.4068100358422938,0.5112612612612611,42.70967741935484,36.0,empirical group EESR,disabled,20260929,69b1b200c29ca42626fc4cdc7d32551c9524e8f9
orgAInoid_RPE_Final,E007,cbes_style,0.05,0.05,93,45,15,0.3333333333333333,0.0666666666666666,0.2666666666666666,0.4838709677419355,0.0,0.1612903225806451,0.3333333333333333,60.38709677419355,72.0,empirical group EESR,disabled,20260929,69b1b200c29ca42626fc4cdc7d32551c9524e8f9
orgAInoid_RPE_Final,E007,gates_without_ood,0.05,0.05,93,80,30,0.375,0.1125,0.2625,0.8602150537634409,0.0,0.4318996415770607,0.5020833333333334,40.903225806451616,48.0,empirical group EESR,disabled,20260929,69b1b200c29ca42626fc4cdc7d32551c9524e8f9
orgAInoid_RPE_Final,E007,gates_full,0.05,0.05,93,49,15,0.3061224489795918,0.1020408163265306,0.2040816326530612,0.5268817204301075,0.3333333333333333,0.3028673835125448,0.5748299319727891,50.193548387096776,60.0,empirical group EESR,enabled,20260929,69b1b200c29ca42626fc4cdc7d32551c9524e8f9
orgAInoid_RPE_Final,E007,calibrated_non_group,0.1,0.1,93,93,34,0.3655913978494624,0.1182795698924731,0.2473118279569892,1.0,0.0,0.5788530465949819,0.5788530465949819,30.322580645161292,24.0,empirical group EESR,disabled,20260929,69b1b200c29ca42626fc4cdc7d32551c9524e8f9
orgAInoid_RPE_Final,E007,cbes_style,0.1,0.1,93,74,26,0.3513513513513513,0.081081081081081,0.2702702702702703,0.7956989247311828,0.0,0.4820788530465948,0.6058558558558558,37.29032258064516,24.0,empirical group EESR,disabled,20260929,69b1b200c29ca42626fc4cdc7d32551c9524e8f9
orgAInoid_RPE_Final,E007,gates_without_ood,0.1,0.1,93,93,36,0.3870967741935484,0.1182795698924731,0.2688172043010752,1.0,0.0,0.5573476702508959,0.5573476702508959,31.870967741935484,24.0,empirical group EESR,disabled,20260929,69b1b200c29ca42626fc4cdc7d32551c9524e8f9
orgAInoid_RPE_Final,E007,gates_full,0.1,0.1,93,67,26,0.3880597014925373,0.1194029850746268,0.2686567164179104,0.7204301075268817,0.2795698924731182,0.4301075268817204,0.5970149253731343,41.03225806451613,24.0,empirical group EESR,enabled,20260929,69b1b200c29ca42626fc4cdc7d32551c9524e8f9
orgAInoid_RPE_Final,E007,calibrated_non_group,0.15,0.15,93,93,40,0.4301075268817204,0.1612903225806451,0.2688172043010752,1.0,0.0,0.6236559139784945,0.6236559139784945,27.096774193548388,24.0,empirical group EESR,disabled,20260929,69b1b200c29ca42626fc4cdc7d32551c9524e8f9
orgAInoid_RPE_Final,E007,cbes_style,0.15,0.15,93,77,27,0.3506493506493506,0.0779220779220779,0.2727272727272727,0.8279569892473119,0.0,0.5071684587813619,0.6125541125541124,35.483870967741936,24.0,empirical group EESR,disabled,20260929,69b1b200c29ca42626fc4cdc7d32551c9524e8f9
orgAInoid_RPE_Final,E007,gates_without_ood,0.15,0.15,93,93,37,0.3978494623655914,0.1505376344086021,0.2473118279569892,1.0,0.0,0.603942652329749,0.603942652329749,28.516129032258064,24.0,empirical group EESR,disabled,20260929,69b1b200c29ca42626fc4cdc7d32551c9524e8f9
orgAInoid_RPE_Final,E007,gates_full,0.15,0.15,93,72,28,0.3888888888888889,0.1388888888888889,0.25,0.7741935483870968,0.2258064516129032,0.4856630824372759,0.6273148148148149,37.03225806451613,24.0,empirical group EESR,enabled,20260929,69b1b200c29ca42626fc4cdc7d32551c9524e8f9
orgAInoid_RPE_Final,E007,calibrated_non_group,0.2,0.2,93,93,38,0.4086021505376344,0.1505376344086021,0.2580645161290322,1.0,0.0,0.6720430107526882,0.6720430107526882,23.612903225806452,24.0,empirical group EESR,disabled,20260929,69b1b200c29ca42626fc4cdc7d32551c9524e8f9
orgAInoid_RPE_Final,E007,cbes_style,0.2,0.2,93,86,27,0.313953488372093,0.1627906976744186,0.1511627906976744,0.9247311827956988,0.0,0.7043010752688172,0.7616279069767442,21.29032258064516,12.0,empirical group EESR,disabled,20260929,69b1b200c29ca42626fc4cdc7d32551c9524e8f9
orgAInoid_RPE_Final,E007,gates_without_ood,0.2,0.2,93,93,40,0.4301075268817204,0.1612903225806451,0.2688172043010752,1.0,0.0,0.632616487455197,0.632616487455197,26.451612903225808,24.0,empirical group EESR,disabled,20260929,69b1b200c29ca42626fc4cdc7d32551c9524e8f9
orgAInoid_RPE_Final,E007,gates_full,0.2,0.2,93,77,31,0.4025974025974026,0.1428571428571428,0.2597402597402597,0.8279569892473119,0.1720430107526881,0.528673835125448,0.6385281385281383,33.935483870967744,24.0,empirical group EESR,enabled,20260929,69b1b200c29ca42626fc4cdc7d32551c9524e8f9
orgAInoid_RPE_Final,E007,calibrated_non_group,0.3,0.3,93,93,31,0.3333333333333333,0.1827956989247312,0.1505376344086021,1.0,0.0,0.7634408602150536,0.7634408602150536,17.032258064516128,12.0,empirical group EESR,disabled,20260929,69b1b200c29ca42626fc4cdc7d32551c9524e8f9
orgAInoid_RPE_Final,E007,cbes_style,0.3,0.3,93,86,27,0.313953488372093,0.1627906976744186,0.1511627906976744,0.9247311827956988,0.0,0.7043010752688172,0.7616279069767442,21.29032258064516,12.0,empirical group EESR,disabled,20260929,69b1b200c29ca42626fc4cdc7d32551c9524e8f9
orgAInoid_RPE_Final,E007,gates_without_ood,0.3,0.3,93,93,37,0.3978494623655914,0.1612903225806451,0.2365591397849462,1.0,0.0,0.6666666666666666,0.6666666666666666,24.0,24.0,empirical group EESR,disabled,20260929,69b1b200c29ca42626fc4cdc7d32551c9524e8f9
orgAInoid_RPE_Final,E007,gates_full,0.3,0.3,93,82,31,0.3780487804878049,0.1463414634146341,0.2317073170731707,0.8817204301075269,0.1182795698924731,0.5878136200716846,0.6666666666666666,29.677419354838708,24.0,empirical group EESR,enabled,20260929,69b1b200c29ca42626fc4cdc7d32551c9524e8f9
orgAInoid_RPE_Final,E008,full_protocol,none,,91,0,0,0.0,0.0,0.0,0.0,0.0,0.0,0.0,72.0,72.0,empirical group EESR,disabled,20260929,69b1b200c29ca42626fc4cdc7d32551c9524e8f9
orgAInoid_RPE_Final,E008,fixed_time,12.0,,91,91,24,0.2637362637362637,0.0549450549450549,0.2087912087912088,1.0,0.0,0.8333333333333331,0.8333333333333331,12.0,12.0,empirical group EESR,disabled,20260929,69b1b200c29ca42626fc4cdc7d32551c9524e8f9
orgAInoid_RPE_Final,E008,fixed_time,24.0,,91,91,20,0.2197802197802197,0.0329670329670329,0.1868131868131868,1.0,0.0,0.6666666666666666,0.6666666666666666,24.0,24.0,empirical group EESR,disabled,20260929,69b1b200c29ca42626fc4cdc7d32551c9524e8f9
orgAInoid_RPE_Final,E008,fixed_time,36.0,,91,91,16,0.1758241758241758,0.0659340659340659,0.1098901098901098,1.0,0.0,0.5,0.5,36.0,36.0,empirical group EESR,disabled,20260929,69b1b200c29ca42626fc4cdc7d32551c9524e8f9
orgAInoid_RPE_Final,E008,fixed_time,48.0,,91,91,6,0.0659340659340659,0.0549450549450549,0.0109890109890109,1.0,0.0,0.3333333333333333,0.3333333333333333,48.0,48.0,empirical group EESR,disabled,20260929,69b1b200c29ca42626fc4cdc7d32551c9524e8f9
orgAInoid_RPE_Final,E008,fixed_time,60.0,,91,91,9,0.0989010989010989,0.0549450549450549,0.0439560439560439,1.0,0.0,0.1666666666666666,0.1666666666666666,60.0,60.0,empirical group EESR,disabled,20260929,69b1b200c29ca42626fc4cdc7d32551c9524e8f9
orgAInoid_RPE_Final,E008,naive_confidence,0.5,,91,91,24,0.2637362637362637,0.0549450549450549,0.2087912087912088,1.0,0.0,0.8333333333333331,0.8333333333333331,12.0,12.0,empirical group EESR,disabled,20260929,69b1b200c29ca42626fc4cdc7d32551c9524e8f9
orgAInoid_RPE_Final,E008,naive_confidence,0.6,,91,91,17,0.1868131868131868,0.0549450549450549,0.1318681318681318,1.0,0.0,0.7619047619047619,0.7619047619047619,17.142857142857142,12.0,empirical group EESR,disabled,20260929,69b1b200c29ca42626fc4cdc7d32551c9524e8f9
orgAInoid_RPE_Final,E008,naive_confidence,0.7,,91,88,11,0.125,0.0454545454545454,0.0795454545454545,0.967032967032967,0.0,0.6245421245421245,0.6458333333333333,27.032967032967033,24.0,empirical group EESR,disabled,20260929,69b1b200c29ca42626fc4cdc7d32551c9524e8f9
orgAInoid_RPE_Final,E008,naive_confidence,0.8,,91,83,6,0.072289156626506,0.0481927710843373,0.0240963855421686,0.912087912087912,0.0,0.5073260073260074,0.5562248995983936,35.472527472527474,36.0,empirical group EESR,disabled,20260929,69b1b200c29ca42626fc4cdc7d32551c9524e8f9
orgAInoid_RPE_Final,E008,naive_confidence,0.9,,91,72,4,0.0555555555555555,0.0416666666666666,0.0138888888888888,0.7912087912087912,0.0,0.3260073260073259,0.412037037037037,48.527472527472526,48.0,empirical group EESR,disabled,20260929,69b1b200c29ca42626fc4cdc7d32551c9524e8f9
orgAInoid_RPE_Final,E008,naive_confidence,0.95,,91,51,2,0.0392156862745098,0.0392156862745098,0.0,0.5604395604395604,0.0,0.1758241758241758,0.3137254901960784,59.34065934065934,60.0,empirical group EESR,disabled,20260929,69b1b200c29ca42626fc4cdc7d32551c9524e8f9
orgAInoid_RPE_Final,E008,naive_confidence,0.975,,91,23,2,0.0869565217391304,0.0869565217391304,0.0,0.2527472527472527,0.0,0.0695970695970695,0.2753623188405796,66.98901098901099,72.0,empirical group EESR,disabled,20260929,69b1b200c29ca42626fc4cdc7d32551c9524e8f9
orgAInoid_RPE_Final,E008,naive_confidence,0.99,,91,6,1,0.1666666666666666,0.1666666666666666,0.0,0.0659340659340659,0.0,0.0201465201465201,0.3055555555555555,70.54945054945055,72.0,empirical group EESR,disabled,20260929,69b1b200c29ca42626fc4cdc7d32551c9524e8f9
orgAInoid_RPE_Final,E008,calibrated_non_group,0.02,0.02,91,77,2,0.0259740259740259,0.0259740259740259,0.0,0.8461538461538461,0.0,0.1721611721611721,0.2034632034632034,59.604395604395606,60.0,empirical group EESR,disabled,20260929,69b1b200c29ca42626fc4cdc7d32551c9524e8f9
orgAInoid_RPE_Final,E008,cbes_style,0.02,0.02,91,89,9,0.1011235955056179,0.0561797752808988,0.0449438202247191,0.978021978021978,0.0,0.445054945054945,0.4550561797752809,39.95604395604395,36.0,empirical group EESR,disabled,20260929,69b1b200c29ca42626fc4cdc7d32551c9524e8f9
orgAInoid_RPE_Final,E008,gates_without_ood,0.02,0.02,91,74,2,0.027027027027027,0.027027027027027,0.0,0.8131868131868132,0.0,0.1575091575091575,0.1936936936936937,60.65934065934066,60.0,empirical group EESR,disabled,20260929,69b1b200c29ca42626fc4cdc7d32551c9524e8f9
orgAInoid_RPE_Final,E008,gates_full,0.02,0.02,91,73,2,0.0273972602739726,0.0273972602739726,0.0,0.8021978021978022,0.0109890109890109,0.1556776556776556,0.1940639269406393,60.79120879120879,60.0,empirical group EESR,enabled,20260929,69b1b200c29ca42626fc4cdc7d32551c9524e8f9
orgAInoid_RPE_Final,E008,calibrated_non_group,0.05,0.05,91,77,2,0.0259740259740259,0.0259740259740259,0.0,0.8461538461538461,0.0,0.227106227106227,0.2683982683982683,55.64835164835165,48.0,empirical group EESR,disabled,20260929,69b1b200c29ca42626fc4cdc7d32551c9524e8f9
orgAInoid_RPE_Final,E008,cbes_style,0.05,0.05,91,90,14,0.1555555555555555,0.0666666666666666,0.0888888888888888,0.989010989010989,0.0,0.5476190476190476,0.5537037037037037,32.57142857142857,36.0,empirical group EESR,disabled,20260929,69b1b200c29ca42626fc4cdc7d32551c9524e8f9
orgAInoid_RPE_Final,E008,gates_without_ood,0.05,0.05,91,77,2,0.0259740259740259,0.0259740259740259,0.0,0.8461538461538461,0.0,0.1721611721611721,0.2034632034632034,59.604395604395606,60.0,empirical group EESR,disabled,20260929,69b1b200c29ca42626fc4cdc7d32551c9524e8f9
orgAInoid_RPE_Final,E008,gates_full,0.05,0.05,91,75,2,0.0266666666666666,0.0266666666666666,0.0,0.8241758241758241,0.0219780219780219,0.1666666666666666,0.2022222222222222,60.0,60.0,empirical group EESR,enabled,20260929,69b1b200c29ca42626fc4cdc7d32551c9524e8f9
orgAInoid_RPE_Final,E008,calibrated_non_group,0.1,0.1,91,84,6,0.0714285714285714,0.0357142857142857,0.0357142857142857,0.9230769230769232,0.0,0.456043956043956,0.494047619047619,39.16483516483517,24.0,empirical group EESR,disabled,20260929,69b1b200c29ca42626fc4cdc7d32551c9524e8f9
orgAInoid_RPE_Final,E008,cbes_style,0.1,0.1,91,90,14,0.1555555555555555,0.0666666666666666,0.0888888888888888,0.989010989010989,0.0,0.5476190476190476,0.5537037037037037,32.57142857142857,36.0,empirical group EESR,disabled,20260929,69b1b200c29ca42626fc4cdc7d32551c9524e8f9
orgAInoid_RPE_Final,E008,gates_without_ood,0.1,0.1,91,83,4,0.0481927710843373,0.036144578313253,0.0120481927710843,0.912087912087912,0.0,0.3369963369963369,0.3694779116465863,47.73626373626374,48.0,empirical group EESR,disabled,20260929,69b1b200c29ca42626fc4cdc7d32551c9524e8f9
orgAInoid_RPE_Final,E008,gates_full,0.1,0.1,91,80,3,0.0375,0.0375,0.0,0.8791208791208791,0.0329670329670329,0.3278388278388278,0.3729166666666666,48.395604395604394,48.0,empirical group EESR,enabled,20260929,69b1b200c29ca42626fc4cdc7d32551c9524e8f9
orgAInoid_RPE_Final,E008,calibrated_non_group,0.15,0.15,91,91,13,0.1428571428571428,0.0659340659340659,0.0769230769230769,1.0,0.0,0.554945054945055,0.554945054945055,32.043956043956044,24.0,empirical group EESR,disabled,20260929,69b1b200c29ca42626fc4cdc7d32551c9524e8f9
orgAInoid_RPE_Final,E008,cbes_style,0.15,0.15,91,90,14,0.1555555555555555,0.0666666666666666,0.0888888888888888,0.989010989010989,0.0,0.5476190476190476,0.5537037037037037,32.57142857142857,36.0,empirical group EESR,disabled,20260929,69b1b200c29ca42626fc4cdc7d32551c9524e8f9
orgAInoid_RPE_Final,E008,gates_without_ood,0.15,0.15,91,90,11,0.1222222222222222,0.0555555555555555,0.0666666666666666,0.989010989010989,0.0,0.4505494505494504,0.4555555555555555,39.56043956043956,48.0,empirical group EESR,disabled,20260929,69b1b200c29ca42626fc4cdc7d32551c9524e8f9
orgAInoid_RPE_Final,E008,gates_full,0.15,0.15,91,87,9,0.1034482758620689,0.057471264367816,0.0459770114942528,0.956043956043956,0.0329670329670329,0.4377289377289377,0.4578544061302681,40.48351648351648,48.0,empirical group EESR,enabled,20260929,69b1b200c29ca42626fc4cdc7d32551c9524e8f9
orgAInoid_RPE_Final,E008,calibrated_non_group,0.2,0.2,91,91,17,0.1868131868131868,0.0549450549450549,0.1318681318681318,1.0,0.0,0.6135531135531136,0.6135531135531136,27.824175824175825,24.0,empirical group EESR,disabled,20260929,69b1b200c29ca42626fc4cdc7d32551c9524e8f9
orgAInoid_RPE_Final,E008,cbes_style,0.2,0.2,91,90,14,0.1555555555555555,0.0666666666666666,0.0888888888888888,0.989010989010989,0.0,0.5476190476190476,0.5537037037037037,32.57142857142857,36.0,empirical group EESR,disabled,20260929,69b1b200c29ca42626fc4cdc7d32551c9524e8f9
orgAInoid_RPE_Final,E008,gates_without_ood,0.2,0.2,91,90,13,0.1444444444444444,0.0555555555555555,0.0888888888888888,0.989010989010989,0.0,0.4999999999999999,0.5055555555555554,36.0,24.0,empirical group EESR,disabled,20260929,69b1b200c29ca42626fc4cdc7d32551c9524e8f9
orgAInoid_RPE_Final,E008,gates_full,0.2,0.2,91,85,11,0.1294117647058823,0.0588235294117647,0.0705882352941176,0.934065934065934,0.0549450549450549,0.4725274725274724,0.5058823529411764,37.97802197802198,24.0,empirical group EESR,enabled,20260929,69b1b200c29ca42626fc4cdc7d32551c9524e8f9
orgAInoid_RPE_Final,E008,calibrated_non_group,0.3,0.3,91,91,18,0.1978021978021978,0.0439560439560439,0.1538461538461538,1.0,0.0,0.7399267399267401,0.7399267399267401,18.725274725274726,24.0,empirical group EESR,disabled,20260929,69b1b200c29ca42626fc4cdc7d32551c9524e8f9
orgAInoid_RPE_Final,E008,cbes_style,0.3,0.3,91,90,14,0.1555555555555555,0.0666666666666666,0.0888888888888888,0.989010989010989,0.0,0.5476190476190476,0.5537037037037037,32.57142857142857,36.0,empirical group EESR,disabled,20260929,69b1b200c29ca42626fc4cdc7d32551c9524e8f9
orgAInoid_RPE_Final,E008,gates_without_ood,0.3,0.3,91,91,19,0.2087912087912088,0.0439560439560439,0.1648351648351648,1.0,0.0,0.6410256410256411,0.6410256410256411,25.846153846153847,24.0,empirical group EESR,disabled,20260929,69b1b200c29ca42626fc4cdc7d32551c9524e8f9
orgAInoid_RPE_Final,E008,gates_full,0.3,0.3,91,87,18,0.2068965517241379,0.0459770114942528,0.160919540229885,0.956043956043956,0.0439560439560439,0.6117216117216119,0.6398467432950191,27.956043956043956,24.0,empirical group EESR,enabled,20260929,69b1b200c29ca42626fc4cdc7d32551c9524e8f9
orgAInoid_RPE_Final,E009,full_protocol,none,,90,0,0,0.0,0.0,0.0,0.0,0.0,0.0,0.0,72.0,72.0,empirical group EESR,disabled,20260929,69b1b200c29ca42626fc4cdc7d32551c9524e8f9
orgAInoid_RPE_Final,E009,fixed_time,12.0,,90,90,44,0.4888888888888889,0.4888888888888889,0.0,1.0,0.0,0.8333333333333331,0.8333333333333331,12.0,12.0,empirical group EESR,disabled,20260929,69b1b200c29ca42626fc4cdc7d32551c9524e8f9
orgAInoid_RPE_Final,E009,fixed_time,24.0,,90,90,10,0.1111111111111111,0.1111111111111111,0.0,1.0,0.0,0.6666666666666666,0.6666666666666666,24.0,24.0,empirical group EESR,disabled,20260929,69b1b200c29ca42626fc4cdc7d32551c9524e8f9
orgAInoid_RPE_Final,E009,fixed_time,36.0,,90,90,2,0.0222222222222222,0.0222222222222222,0.0,1.0,0.0,0.5,0.5,36.0,36.0,empirical group EESR,disabled,20260929,69b1b200c29ca42626fc4cdc7d32551c9524e8f9
orgAInoid_RPE_Final,E009,fixed_time,48.0,,90,90,1,0.0111111111111111,0.0111111111111111,0.0,1.0,0.0,0.3333333333333333,0.3333333333333333,48.0,48.0,empirical group EESR,disabled,20260929,69b1b200c29ca42626fc4cdc7d32551c9524e8f9
orgAInoid_RPE_Final,E009,fixed_time,60.0,,90,90,1,0.0111111111111111,0.0111111111111111,0.0,1.0,0.0,0.1666666666666666,0.1666666666666666,60.0,60.0,empirical group EESR,disabled,20260929,69b1b200c29ca42626fc4cdc7d32551c9524e8f9
orgAInoid_RPE_Final,E009,naive_confidence,0.5,,90,90,44,0.4888888888888889,0.4888888888888889,0.0,1.0,0.0,0.8333333333333331,0.8333333333333331,12.0,12.0,empirical group EESR,disabled,20260929,69b1b200c29ca42626fc4cdc7d32551c9524e8f9
orgAInoid_RPE_Final,E009,naive_confidence,0.6,,90,90,29,0.3222222222222222,0.3222222222222222,0.0,1.0,0.0,0.7685185185185186,0.7685185185185186,16.666666666666668,12.0,empirical group EESR,disabled,20260929,69b1b200c29ca42626fc4cdc7d32551c9524e8f9
orgAInoid_RPE_Final,E009,naive_confidence,0.7,,90,90,16,0.1777777777777777,0.1777777777777777,0.0,1.0,0.0,0.6685185185185186,0.6685185185185186,23.866666666666667,24.0,empirical group EESR,disabled,20260929,69b1b200c29ca42626fc4cdc7d32551c9524e8f9
orgAInoid_RPE_Final,E009,naive_confidence,0.8,,90,89,7,0.0786516853932584,0.0786516853932584,0.0,0.9888888888888888,0.0,0.5462962962962963,0.552434456928839,32.666666666666664,36.0,empirical group EESR,disabled,20260929,69b1b200c29ca42626fc4cdc7d32551c9524e8f9
orgAInoid_RPE_Final,E009,naive_confidence,0.9,,90,85,2,0.0235294117647058,0.0235294117647058,0.0,0.9444444444444444,0.0,0.3648148148148148,0.3862745098039216,45.733333333333334,48.0,empirical group EESR,disabled,20260929,69b1b200c29ca42626fc4cdc7d32551c9524e8f9
orgAInoid_RPE_Final,E009,naive_confidence,0.95,,90,78,0,0.0,0.0,0.0,0.8666666666666667,0.0,0.2574074074074073,0.2970085470085469,53.46666666666667,48.0,empirical group EESR,disabled,20260929,69b1b200c29ca42626fc4cdc7d32551c9524e8f9
orgAInoid_RPE_Final,E009,naive_confidence,0.975,,90,41,0,0.0,0.0,0.0,0.4555555555555555,0.0,0.1333333333333333,0.2926829268292683,62.4,72.0,empirical group EESR,disabled,20260929,69b1b200c29ca42626fc4cdc7d32551c9524e8f9
orgAInoid_RPE_Final,E009,naive_confidence,0.99,,90,6,0,0.0,0.0,0.0,0.0666666666666666,0.0,0.0148148148148148,0.2222222222222222,70.93333333333334,72.0,empirical group EESR,disabled,20260929,69b1b200c29ca42626fc4cdc7d32551c9524e8f9
orgAInoid_RPE_Final,E009,calibrated_non_group,0.02,0.02,90,89,2,0.0224719101123595,0.0224719101123595,0.0,0.9888888888888888,0.0,0.2574074074074073,0.2602996254681647,53.46666666666667,60.0,empirical group EESR,disabled,20260929,69b1b200c29ca42626fc4cdc7d32551c9524e8f9
orgAInoid_RPE_Final,E009,cbes_style,0.02,0.02,90,0,0,0.0,0.0,0.0,0.0,0.0,0.0,0.0,72.0,72.0,empirical group EESR,disabled,20260929,69b1b200c29ca42626fc4cdc7d32551c9524e8f9
orgAInoid_RPE_Final,E009,gates_without_ood,0.02,0.02,90,89,2,0.0224719101123595,0.0224719101123595,0.0,0.9888888888888888,0.0,0.25,0.2528089887640449,54.0,60.0,empirical group EESR,disabled,20260929,69b1b200c29ca42626fc4cdc7d32551c9524e8f9
orgAInoid_RPE_Final,E009,gates_full,0.02,0.02,90,88,2,0.0227272727272727,0.0227272727272727,0.0,0.9777777777777776,0.0111111111111111,0.2462962962962962,0.2518939393939394,54.266666666666666,60.0,empirical group EESR,enabled,20260929,69b1b200c29ca42626fc4cdc7d32551c9524e8f9
orgAInoid_RPE_Final,E009,calibrated_non_group,0.05,0.05,90,89,5,0.0561797752808988,0.0561797752808988,0.0,0.9888888888888888,0.0,0.3314814814814815,0.3352059925093633,48.13333333333333,48.0,empirical group EESR,disabled,20260929,69b1b200c29ca42626fc4cdc7d32551c9524e8f9
orgAInoid_RPE_Final,E009,cbes_style,0.05,0.05,90,89,0,0.0,0.0,0.0,0.9888888888888888,0.0,0.1648148148148148,0.1666666666666666,60.13333333333333,60.0,empirical group EESR,disabled,20260929,69b1b200c29ca42626fc4cdc7d32551c9524e8f9
orgAInoid_RPE_Final,E009,gates_without_ood,0.05,0.05,90,89,2,0.0224719101123595,0.0224719101123595,0.0,0.9888888888888888,0.0,0.2759259259259259,0.2790262172284644,52.13333333333333,48.0,empirical group EESR,disabled,20260929,69b1b200c29ca42626fc4cdc7d32551c9524e8f9
orgAInoid_RPE_Final,E009,gates_full,0.05,0.05,90,88,2,0.0227272727272727,0.0227272727272727,0.0,0.9777777777777776,0.0111111111111111,0.2722222222222222,0.2784090909090909,52.4,48.0,empirical group EESR,enabled,20260929,69b1b200c29ca42626fc4cdc7d32551c9524e8f9
orgAInoid_RPE_Final,E009,calibrated_non_group,0.1,0.1,90,90,11,0.1222222222222222,0.1222222222222222,0.0,1.0,0.0,0.5870370370370371,0.5870370370370371,29.733333333333334,24.0,empirical group EESR,disabled,20260929,69b1b200c29ca42626fc4cdc7d32551c9524e8f9
orgAInoid_RPE_Final,E009,cbes_style,0.1,0.1,90,89,0,0.0,0.0,0.0,0.9888888888888888,0.0,0.1648148148148148,0.1666666666666666,60.13333333333333,60.0,empirical group EESR,disabled,20260929,69b1b200c29ca42626fc4cdc7d32551c9524e8f9
orgAInoid_RPE_Final,E009,gates_without_ood,0.1,0.1,90,90,11,0.1222222222222222,0.1222222222222222,0.0,1.0,0.0,0.4518518518518519,0.4518518518518519,39.46666666666667,48.0,empirical group EESR,disabled,20260929,69b1b200c29ca42626fc4cdc7d32551c9524e8f9
orgAInoid_RPE_Final,E009,gates_full,0.1,0.1,90,88,11,0.125,0.125,0.0,0.9777777777777776,0.0222222222222222,0.4388888888888889,0.4488636363636363,40.4,48.0,empirical group EESR,enabled,20260929,69b1b200c29ca42626fc4cdc7d32551c9524e8f9
orgAInoid_RPE_Final,E009,calibrated_non_group,0.15,0.15,90,90,9,0.1,0.1,0.0,1.0,0.0,0.588888888888889,0.588888888888889,29.6,24.0,empirical group EESR,disabled,20260929,69b1b200c29ca42626fc4cdc7d32551c9524e8f9
orgAInoid_RPE_Final,E009,cbes_style,0.15,0.15,90,90,17,0.1888888888888888,0.1888888888888888,0.0,1.0,0.0,0.4185185185185185,0.4185185185185185,41.86666666666667,60.0,empirical group EESR,disabled,20260929,69b1b200c29ca42626fc4cdc7d32551c9524e8f9
orgAInoid_RPE_Final,E009,gates_without_ood,0.15,0.15,90,90,17,0.1888888888888888,0.1888888888888888,0.0,1.0,0.0,0.6462962962962964,0.6462962962962964,25.466666666666665,24.0,empirical group EESR,disabled,20260929,69b1b200c29ca42626fc4cdc7d32551c9524e8f9
orgAInoid_RPE_Final,E009,gates_full,0.15,0.15,90,88,16,0.1818181818181818,0.1818181818181818,0.0,0.9777777777777776,0.0222222222222222,0.6277777777777778,0.6420454545454546,26.8,24.0,empirical group EESR,enabled,20260929,69b1b200c29ca42626fc4cdc7d32551c9524e8f9
orgAInoid_RPE_Final,E009,calibrated_non_group,0.2,0.2,90,90,17,0.1888888888888888,0.1888888888888888,0.0,1.0,0.0,0.6796296296296297,0.6796296296296297,23.066666666666663,24.0,empirical group EESR,disabled,20260929,69b1b200c29ca42626fc4cdc7d32551c9524e8f9
orgAInoid_RPE_Final,E009,cbes_style,0.2,0.2,90,90,17,0.1888888888888888,0.1888888888888888,0.0,1.0,0.0,0.6518518518518519,0.6518518518518519,25.066666666666663,24.0,empirical group EESR,disabled,20260929,69b1b200c29ca42626fc4cdc7d32551c9524e8f9
orgAInoid_RPE_Final,E009,gates_without_ood,0.2,0.2,90,90,26,0.2888888888888888,0.2888888888888888,0.0,1.0,0.0,0.7425925925925927,0.7425925925925927,18.533333333333335,12.0,empirical group EESR,disabled,20260929,69b1b200c29ca42626fc4cdc7d32551c9524e8f9
orgAInoid_RPE_Final,E009,gates_full,0.2,0.2,90,88,25,0.2840909090909091,0.2840909090909091,0.0,0.9777777777777776,0.0222222222222222,0.7240740740740741,0.7405303030303029,19.866666666666667,12.0,empirical group EESR,enabled,20260929,69b1b200c29ca42626fc4cdc7d32551c9524e8f9
orgAInoid_RPE_Final,E009,calibrated_non_group,0.3,0.3,90,90,43,0.4777777777777778,0.4777777777777778,0.0,1.0,0.0,0.8296296296296295,0.8296296296296295,12.266666666666667,12.0,empirical group EESR,disabled,20260929,69b1b200c29ca42626fc4cdc7d32551c9524e8f9
orgAInoid_RPE_Final,E009,cbes_style,0.3,0.3,90,90,17,0.1888888888888888,0.1888888888888888,0.0,1.0,0.0,0.6944444444444444,0.6944444444444444,22.0,24.0,empirical group EESR,disabled,20260929,69b1b200c29ca42626fc4cdc7d32551c9524e8f9
orgAInoid_RPE_Final,E009,gates_without_ood,0.3,0.3,90,90,43,0.4777777777777778,0.4777777777777778,0.0,1.0,0.0,0.8296296296296295,0.8296296296296295,12.266666666666667,12.0,empirical group EESR,disabled,20260929,69b1b200c29ca42626fc4cdc7d32551c9524e8f9
orgAInoid_RPE_Final,E009,gates_full,0.3,0.3,90,88,42,0.4772727272727273,0.4772727272727273,0.0,0.9777777777777776,0.0222222222222222,0.811111111111111,0.8295454545454546,13.6,12.0,empirical group EESR,enabled,20260929,69b1b200c29ca42626fc4cdc7d32551c9524e8f9
orgAInoid_RPE_Final,E010,full_protocol,none,,92,0,0,0.0,0.0,0.0,0.0,0.0,0.0,0.0,72.0,72.0,empirical group EESR,disabled,20260929,69b1b200c29ca42626fc4cdc7d32551c9524e8f9
orgAInoid_RPE_Final,E010,fixed_time,12.0,,92,92,17,0.1847826086956521,0.1304347826086956,0.0543478260869565,1.0,0.0,0.833333333333333,0.833333333333333,12.0,12.0,empirical group EESR,disabled,20260929,69b1b200c29ca42626fc4cdc7d32551c9524e8f9
orgAInoid_RPE_Final,E010,fixed_time,24.0,,92,92,23,0.25,0.217391304347826,0.0326086956521739,1.0,0.0,0.6666666666666666,0.6666666666666666,24.0,24.0,empirical group EESR,disabled,20260929,69b1b200c29ca42626fc4cdc7d32551c9524e8f9
orgAInoid_RPE_Final,E010,fixed_time,36.0,,92,92,29,0.3152173913043478,0.1304347826086956,0.1847826086956521,1.0,0.0,0.5,0.5,36.0,36.0,empirical group EESR,disabled,20260929,69b1b200c29ca42626fc4cdc7d32551c9524e8f9
orgAInoid_RPE_Final,E010,fixed_time,48.0,,92,92,25,0.2717391304347826,0.2608695652173913,0.0108695652173913,1.0,0.0,0.3333333333333333,0.3333333333333333,48.0,48.0,empirical group EESR,disabled,20260929,69b1b200c29ca42626fc4cdc7d32551c9524e8f9
orgAInoid_RPE_Final,E010,fixed_time,60.0,,92,92,14,0.1521739130434782,0.1413043478260869,0.0108695652173913,1.0,0.0,0.1666666666666666,0.1666666666666666,60.0,60.0,empirical group EESR,disabled,20260929,69b1b200c29ca42626fc4cdc7d32551c9524e8f9
orgAInoid_RPE_Final,E010,naive_confidence,0.5,,92,92,17,0.1847826086956521,0.1304347826086956,0.0543478260869565,1.0,0.0,0.833333333333333,0.833333333333333,12.0,12.0,empirical group EESR,disabled,20260929,69b1b200c29ca42626fc4cdc7d32551c9524e8f9
orgAInoid_RPE_Final,E010,naive_confidence,0.6,,92,92,16,0.1739130434782608,0.1521739130434782,0.0217391304347826,1.0,0.0,0.8025362318840578,0.8025362318840578,14.217391304347826,12.0,empirical group EESR,disabled,20260929,69b1b200c29ca42626fc4cdc7d32551c9524e8f9
orgAInoid_RPE_Final,E010,naive_confidence,0.7,,92,92,16,0.1739130434782608,0.1630434782608695,0.0108695652173913,1.0,0.0,0.7554347826086957,0.7554347826086957,17.608695652173914,12.0,empirical group EESR,disabled,20260929,69b1b200c29ca42626fc4cdc7d32551c9524e8f9
orgAInoid_RPE_Final,E010,naive_confidence,0.8,,92,92,15,0.1630434782608695,0.1630434782608695,0.0,1.0,0.0,0.6503623188405798,0.6503623188405798,25.17391304347826,24.0,empirical group EESR,disabled,20260929,69b1b200c29ca42626fc4cdc7d32551c9524e8f9
orgAInoid_RPE_Final,E010,naive_confidence,0.9,,92,79,14,0.1772151898734177,0.1645569620253164,0.0126582278481012,0.8586956521739131,0.0,0.5090579710144928,0.5928270042194093,35.34782608695652,24.0,empirical group EESR,disabled,20260929,69b1b200c29ca42626fc4cdc7d32551c9524e8f9
orgAInoid_RPE_Final,E010,naive_confidence,0.95,,92,67,9,0.1343283582089552,0.1194029850746268,0.0149253731343283,0.7282608695652174,0.0,0.3532608695652174,0.4850746268656716,46.56521739130435,48.0,empirical group EESR,disabled,20260929,69b1b200c29ca42626fc4cdc7d32551c9524e8f9
orgAInoid_RPE_Final,E010,naive_confidence,0.975,,92,52,5,0.0961538461538461,0.0769230769230769,0.0192307692307692,0.5652173913043478,0.0,0.2228260869565217,0.3942307692307691,55.95652173913044,48.0,empirical group EESR,disabled,20260929,69b1b200c29ca42626fc4cdc7d32551c9524e8f9
orgAInoid_RPE_Final,E010,naive_confidence,0.99,,92,31,1,0.032258064516129,0.0,0.032258064516129,0.3369565217391304,0.0,0.1032608695652173,0.3064516129032257,64.56521739130434,72.0,empirical group EESR,disabled,20260929,69b1b200c29ca42626fc4cdc7d32551c9524e8f9
orgAInoid_RPE_Final,E010,calibrated_non_group,0.02,0.02,92,37,0,0.0,0.0,0.0,0.4021739130434782,0.0,0.1014492753623188,0.2522522522522522,64.69565217391305,72.0,empirical group EESR,disabled,20260929,69b1b200c29ca42626fc4cdc7d32551c9524e8f9
orgAInoid_RPE_Final,E010,cbes_style,0.02,0.02,92,0,0,0.0,0.0,0.0,0.0,0.0,0.0,0.0,72.0,72.0,empirical group EESR,disabled,20260929,69b1b200c29ca42626fc4cdc7d32551c9524e8f9
orgAInoid_RPE_Final,E010,gates_without_ood,0.02,0.02,92,34,0,0.0,0.0,0.0,0.3695652173913043,0.0,0.0615942028985507,0.1666666666666666,67.56521739130434,72.0,empirical group EESR,disabled,20260929,69b1b200c29ca42626fc4cdc7d32551c9524e8f9
orgAInoid_RPE_Final,E010,gates_full,0.02,0.02,92,34,0,0.0,0.0,0.0,0.3695652173913043,0.0,0.0615942028985507,0.1666666666666666,67.56521739130434,72.0,empirical group EESR,enabled,20260929,69b1b200c29ca42626fc4cdc7d32551c9524e8f9
orgAInoid_RPE_Final,E010,calibrated_non_group,0.05,0.05,92,59,2,0.0338983050847457,0.0338983050847457,0.0,0.6413043478260869,0.0,0.1666666666666666,0.2598870056497175,60.0,60.0,empirical group EESR,disabled,20260929,69b1b200c29ca42626fc4cdc7d32551c9524e8f9
orgAInoid_RPE_Final,E010,cbes_style,0.05,0.05,92,80,9,0.1125,0.1125,0.0,0.8695652173913043,0.0,0.144927536231884,0.1666666666666666,61.56521739130435,60.0,empirical group EESR,disabled,20260929,69b1b200c29ca42626fc4cdc7d32551c9524e8f9
orgAInoid_RPE_Final,E010,gates_without_ood,0.05,0.05,92,34,0,0.0,0.0,0.0,0.3695652173913043,0.0,0.0615942028985507,0.1666666666666666,67.56521739130434,72.0,empirical group EESR,disabled,20260929,69b1b200c29ca42626fc4cdc7d32551c9524e8f9
orgAInoid_RPE_Final,E010,gates_full,0.05,0.05,92,34,0,0.0,0.0,0.0,0.3695652173913043,0.0,0.0615942028985507,0.1666666666666666,67.56521739130434,72.0,empirical group EESR,enabled,20260929,69b1b200c29ca42626fc4cdc7d32551c9524e8f9
orgAInoid_RPE_Final,E010,calibrated_non_group,0.1,0.1,92,53,5,0.0943396226415094,0.0943396226415094,0.0,0.5760869565217391,0.0,0.2409420289855071,0.4182389937106917,54.65217391304348,48.0,empirical group EESR,disabled,20260929,69b1b200c29ca42626fc4cdc7d32551c9524e8f9
orgAInoid_RPE_Final,E010,cbes_style,0.1,0.1,92,91,21,0.2307692307692307,0.2197802197802197,0.0109890109890109,0.9891304347826086,0.0,0.3152173913043478,0.3186813186813186,49.30434782608695,48.0,empirical group EESR,disabled,20260929,69b1b200c29ca42626fc4cdc7d32551c9524e8f9
orgAInoid_RPE_Final,E010,gates_without_ood,0.1,0.1,92,43,0,0.0,0.0,0.0,0.4673913043478261,0.0,0.0778985507246377,0.1666666666666666,66.3913043478261,72.0,empirical group EESR,disabled,20260929,69b1b200c29ca42626fc4cdc7d32551c9524e8f9
orgAInoid_RPE_Final,E010,gates_full,0.1,0.1,92,43,0,0.0,0.0,0.0,0.4673913043478261,0.0,0.0778985507246377,0.1666666666666666,66.3913043478261,72.0,empirical group EESR,enabled,20260929,69b1b200c29ca42626fc4cdc7d32551c9524e8f9
orgAInoid_RPE_Final,E010,calibrated_non_group,0.15,0.15,92,82,9,0.1097560975609756,0.1097560975609756,0.0,0.8913043478260869,0.0,0.3623188405797102,0.4065040650406505,45.91304347826087,54.0,empirical group EESR,disabled,20260929,69b1b200c29ca42626fc4cdc7d32551c9524e8f9
orgAInoid_RPE_Final,E010,cbes_style,0.15,0.15,92,91,20,0.2197802197802197,0.1978021978021978,0.0219780219780219,0.9891304347826086,0.0,0.576086956521739,0.5824175824175823,30.52173913043478,24.0,empirical group EESR,disabled,20260929,69b1b200c29ca42626fc4cdc7d32551c9524e8f9
orgAInoid_RPE_Final,E010,gates_without_ood,0.15,0.15,92,70,3,0.0428571428571428,0.0428571428571428,0.0,0.7608695652173914,0.0,0.1847826086956521,0.2428571428571428,58.69565217391305,60.0,empirical group EESR,disabled,20260929,69b1b200c29ca42626fc4cdc7d32551c9524e8f9
orgAInoid_RPE_Final,E010,gates_full,0.15,0.15,92,69,3,0.0434782608695652,0.0434782608695652,0.0,0.75,0.0108695652173913,0.181159420289855,0.2415458937198067,58.95652173913044,60.0,empirical group EESR,enabled,20260929,69b1b200c29ca42626fc4cdc7d32551c9524e8f9
orgAInoid_RPE_Final,E010,calibrated_non_group,0.2,0.2,92,92,20,0.217391304347826,0.217391304347826,0.0,1.0,0.0,0.5108695652173914,0.5108695652173914,35.21739130434783,48.0,empirical group EESR,disabled,20260929,69b1b200c29ca42626fc4cdc7d32551c9524e8f9
orgAInoid_RPE_Final,E010,cbes_style,0.2,0.2,92,91,20,0.2197802197802197,0.1978021978021978,0.0219780219780219,0.9891304347826086,0.0,0.576086956521739,0.5824175824175823,30.52173913043478,24.0,empirical group EESR,disabled,20260929,69b1b200c29ca42626fc4cdc7d32551c9524e8f9
orgAInoid_RPE_Final,E010,gates_without_ood,0.2,0.2,92,92,25,0.2717391304347826,0.2608695652173913,0.0108695652173913,1.0,0.0,0.3333333333333333,0.3333333333333333,48.0,48.0,empirical group EESR,disabled,20260929,69b1b200c29ca42626fc4cdc7d32551c9524e8f9
orgAInoid_RPE_Final,E010,gates_full,0.2,0.2,92,90,24,0.2666666666666666,0.2555555555555555,0.0111111111111111,0.9782608695652174,0.0217391304347826,0.3260869565217391,0.3333333333333333,48.52173913043478,48.0,empirical group EESR,enabled,20260929,69b1b200c29ca42626fc4cdc7d32551c9524e8f9
orgAInoid_RPE_Final,E010,calibrated_non_group,0.3,0.3,92,92,20,0.217391304347826,0.1956521739130435,0.0217391304347826,1.0,0.0,0.7518115942028986,0.7518115942028986,17.869565217391305,12.0,empirical group EESR,disabled,20260929,69b1b200c29ca42626fc4cdc7d32551c9524e8f9
orgAInoid_RPE_Final,E010,cbes_style,0.3,0.3,92,92,16,0.1739130434782608,0.1521739130434782,0.0217391304347826,1.0,0.0,0.7554347826086957,0.7554347826086957,17.608695652173914,12.0,empirical group EESR,disabled,20260929,69b1b200c29ca42626fc4cdc7d32551c9524e8f9
orgAInoid_RPE_Final,E010,gates_without_ood,0.3,0.3,92,92,25,0.2717391304347826,0.2608695652173913,0.0108695652173913,1.0,0.0,0.3333333333333333,0.3333333333333333,48.0,48.0,empirical group EESR,disabled,20260929,69b1b200c29ca42626fc4cdc7d32551c9524e8f9
orgAInoid_RPE_Final,E010,gates_full,0.3,0.3,92,90,24,0.2666666666666666,0.2555555555555555,0.0111111111111111,0.9782608695652174,0.0217391304347826,0.3260869565217391,0.3333333333333333,48.52173913043478,48.0,empirical group EESR,enabled,20260929,69b1b200c29ca42626fc4cdc7d32551c9524e8f9
orgAInoid_RPE_Final,E011,full_protocol,none,,90,0,0,0.0,0.0,0.0,0.0,0.0,0.0,0.0,72.0,72.0,empirical group EESR,disabled,20260929,69b1b200c29ca42626fc4cdc7d32551c9524e8f9
orgAInoid_RPE_Final,E011,fixed_time,12.0,,90,90,31,0.3444444444444444,0.0888888888888888,0.2555555555555555,1.0,0.0,0.8333333333333331,0.8333333333333331,12.0,12.0,empirical group EESR,disabled,20260929,69b1b200c29ca42626fc4cdc7d32551c9524e8f9
orgAInoid_RPE_Final,E011,fixed_time,24.0,,90,90,20,0.2222222222222222,0.0555555555555555,0.1666666666666666,1.0,0.0,0.6666666666666666,0.6666666666666666,24.0,24.0,empirical group EESR,disabled,20260929,69b1b200c29ca42626fc4cdc7d32551c9524e8f9
orgAInoid_RPE_Final,E011,fixed_time,36.0,,90,90,36,0.4,0.0888888888888888,0.3111111111111111,1.0,0.0,0.5,0.5,36.0,36.0,empirical group EESR,disabled,20260929,69b1b200c29ca42626fc4cdc7d32551c9524e8f9
orgAInoid_RPE_Final,E011,fixed_time,48.0,,90,90,18,0.2,0.0777777777777777,0.1222222222222222,1.0,0.0,0.3333333333333333,0.3333333333333333,48.0,48.0,empirical group EESR,disabled,20260929,69b1b200c29ca42626fc4cdc7d32551c9524e8f9
orgAInoid_RPE_Final,E011,fixed_time,60.0,,90,90,10,0.1111111111111111,0.0444444444444444,0.0666666666666666,1.0,0.0,0.1666666666666666,0.1666666666666666,60.0,60.0,empirical group EESR,disabled,20260929,69b1b200c29ca42626fc4cdc7d32551c9524e8f9
orgAInoid_RPE_Final,E011,naive_confidence,0.5,,90,90,31,0.3444444444444444,0.0888888888888888,0.2555555555555555,1.0,0.0,0.8333333333333331,0.8333333333333331,12.0,12.0,empirical group EESR,disabled,20260929,69b1b200c29ca42626fc4cdc7d32551c9524e8f9
orgAInoid_RPE_Final,E011,naive_confidence,0.6,,90,90,27,0.3,0.0555555555555555,0.2444444444444444,1.0,0.0,0.809259259259259,0.809259259259259,13.733333333333333,12.0,empirical group EESR,disabled,20260929,69b1b200c29ca42626fc4cdc7d32551c9524e8f9
orgAInoid_RPE_Final,E011,naive_confidence,0.7,,90,87,21,0.2413793103448276,0.057471264367816,0.1839080459770115,0.9666666666666668,0.0,0.7166666666666666,0.7413793103448276,20.4,12.0,empirical group EESR,disabled,20260929,69b1b200c29ca42626fc4cdc7d32551c9524e8f9
orgAInoid_RPE_Final,E011,naive_confidence,0.8,,90,81,17,0.2098765432098765,0.0617283950617283,0.1481481481481481,0.9,0.0,0.5944444444444444,0.6604938271604939,29.2,24.0,empirical group EESR,disabled,20260929,69b1b200c29ca42626fc4cdc7d32551c9524e8f9
orgAInoid_RPE_Final,E011,naive_confidence,0.9,,90,63,9,0.1428571428571428,0.0317460317460317,0.1111111111111111,0.7,0.0,0.3907407407407407,0.5582010582010583,43.86666666666667,48.0,empirical group EESR,disabled,20260929,69b1b200c29ca42626fc4cdc7d32551c9524e8f9
orgAInoid_RPE_Final,E011,naive_confidence,0.95,,90,48,3,0.0625,0.0208333333333333,0.0416666666666666,0.5333333333333333,0.0,0.2481481481481481,0.4652777777777778,54.13333333333333,60.0,empirical group EESR,disabled,20260929,69b1b200c29ca42626fc4cdc7d32551c9524e8f9
orgAInoid_RPE_Final,E011,naive_confidence,0.975,,90,36,1,0.0277777777777777,0.0,0.0277777777777777,0.4,0.0,0.1425925925925925,0.3564814814814815,61.733333333333334,72.0,empirical group EESR,disabled,20260929,69b1b200c29ca42626fc4cdc7d32551c9524e8f9
orgAInoid_RPE_Final,E011,naive_confidence,0.99,,90,19,1,0.0526315789473684,0.0,0.0526315789473684,0.2111111111111111,0.0,0.0611111111111111,0.2894736842105263,67.6,72.0,empirical group EESR,disabled,20260929,69b1b200c29ca42626fc4cdc7d32551c9524e8f9
orgAInoid_RPE_Final,E011,calibrated_non_group,0.02,0.02,90,28,0,0.0,0.0,0.0,0.3111111111111111,0.0,0.0981481481481481,0.3154761904761905,64.93333333333334,72.0,empirical group EESR,disabled,20260929,69b1b200c29ca42626fc4cdc7d32551c9524e8f9
orgAInoid_RPE_Final,E011,cbes_style,0.02,0.02,90,0,0,0.0,0.0,0.0,0.0,0.0,0.0,0.0,72.0,72.0,empirical group EESR,disabled,20260929,69b1b200c29ca42626fc4cdc7d32551c9524e8f9
orgAInoid_RPE_Final,E011,gates_without_ood,0.02,0.02,90,25,0,0.0,0.0,0.0,0.2777777777777778,0.0,0.0925925925925925,0.3333333333333333,65.33333333333333,72.0,empirical group EESR,disabled,20260929,69b1b200c29ca42626fc4cdc7d32551c9524e8f9
orgAInoid_RPE_Final,E011,gates_full,0.02,0.02,90,24,0,0.0,0.0,0.0,0.2666666666666666,0.0111111111111111,0.0888888888888888,0.3333333333333333,65.6,72.0,empirical group EESR,enabled,20260929,69b1b200c29ca42626fc4cdc7d32551c9524e8f9
orgAInoid_RPE_Final,E011,calibrated_non_group,0.05,0.05,90,55,1,0.0181818181818181,0.0181818181818181,0.0,0.6111111111111112,0.0,0.1537037037037037,0.2515151515151514,60.93333333333333,60.0,empirical group EESR,disabled,20260929,69b1b200c29ca42626fc4cdc7d32551c9524e8f9
orgAInoid_RPE_Final,E011,cbes_style,0.05,0.05,90,0,0,0.0,0.0,0.0,0.0,0.0,0.0,0.0,72.0,72.0,empirical group EESR,disabled,20260929,69b1b200c29ca42626fc4cdc7d32551c9524e8f9
orgAInoid_RPE_Final,E011,gates_without_ood,0.05,0.05,90,25,0,0.0,0.0,0.0,0.2777777777777778,0.0,0.0925925925925925,0.3333333333333333,65.33333333333333,72.0,empirical group EESR,disabled,20260929,69b1b200c29ca42626fc4cdc7d32551c9524e8f9
orgAInoid_RPE_Final,E011,gates_full,0.05,0.05,90,24,0,0.0,0.0,0.0,0.2666666666666666,0.0111111111111111,0.0888888888888888,0.3333333333333333,65.6,72.0,empirical group EESR,enabled,20260929,69b1b200c29ca42626fc4cdc7d32551c9524e8f9
orgAInoid_RPE_Final,E011,calibrated_non_group,0.1,0.1,90,84,15,0.1785714285714285,0.0714285714285714,0.1071428571428571,0.9333333333333332,0.0,0.3907407407407407,0.4186507936507938,43.86666666666667,48.0,empirical group EESR,disabled,20260929,69b1b200c29ca42626fc4cdc7d32551c9524e8f9
orgAInoid_RPE_Final,E011,cbes_style,0.1,0.1,90,0,0,0.0,0.0,0.0,0.0,0.0,0.0,0.0,72.0,72.0,empirical group EESR,disabled,20260929,69b1b200c29ca42626fc4cdc7d32551c9524e8f9
orgAInoid_RPE_Final,E011,gates_without_ood,0.1,0.1,90,54,1,0.0185185185185185,0.0185185185185185,0.0,0.6,0.0,0.1518518518518518,0.2530864197530864,61.06666666666667,60.0,empirical group EESR,disabled,20260929,69b1b200c29ca42626fc4cdc7d32551c9524e8f9
orgAInoid_RPE_Final,E011,gates_full,0.1,0.1,90,52,1,0.0192307692307692,0.0192307692307692,0.0,0.5777777777777777,0.0222222222222222,0.1462962962962963,0.2532051282051282,61.46666666666667,60.0,empirical group EESR,enabled,20260929,69b1b200c29ca42626fc4cdc7d32551c9524e8f9
orgAInoid_RPE_Final,E011,calibrated_non_group,0.15,0.15,90,85,14,0.1647058823529411,0.0705882352941176,0.0941176470588235,0.9444444444444444,0.0,0.424074074074074,0.4490196078431374,41.46666666666667,48.0,empirical group EESR,disabled,20260929,69b1b200c29ca42626fc4cdc7d32551c9524e8f9
orgAInoid_RPE_Final,E011,cbes_style,0.15,0.15,90,0,0,0.0,0.0,0.0,0.0,0.0,0.0,0.0,72.0,72.0,empirical group EESR,disabled,20260929,69b1b200c29ca42626fc4cdc7d32551c9524e8f9
orgAInoid_RPE_Final,E011,gates_without_ood,0.15,0.15,90,71,5,0.0704225352112676,0.028169014084507,0.0422535211267605,0.7888888888888889,0.0,0.2333333333333333,0.2957746478873239,55.2,48.0,empirical group EESR,disabled,20260929,69b1b200c29ca42626fc4cdc7d32551c9524e8f9
orgAInoid_RPE_Final,E011,gates_full,0.15,0.15,90,67,4,0.0597014925373134,0.0298507462686567,0.0298507462686567,0.7444444444444445,0.0444444444444444,0.2203703703703703,0.2960199004975125,56.13333333333333,48.0,empirical group EESR,enabled,20260929,69b1b200c29ca42626fc4cdc7d32551c9524e8f9
orgAInoid_RPE_Final,E011,calibrated_non_group,0.2,0.2,90,90,34,0.3777777777777777,0.0777777777777777,0.3,1.0,0.0,0.6092592592592593,0.6092592592592593,28.133333333333333,36.0,empirical group EESR,disabled,20260929,69b1b200c29ca42626fc4cdc7d32551c9524e8f9
orgAInoid_RPE_Final,E011,cbes_style,0.2,0.2,90,80,9,0.1125,0.05,0.0625,0.8888888888888888,0.0,0.2777777777777778,0.3125,52.0,48.0,empirical group EESR,disabled,20260929,69b1b200c29ca42626fc4cdc7d32551c9524e8f9
orgAInoid_RPE_Final,E011,gates_without_ood,0.2,0.2,90,90,18,0.2,0.0777777777777777,0.1222222222222222,1.0,0.0,0.3333333333333333,0.3333333333333333,48.0,48.0,empirical group EESR,disabled,20260929,69b1b200c29ca42626fc4cdc7d32551c9524e8f9
orgAInoid_RPE_Final,E011,gates_full,0.2,0.2,90,83,16,0.1927710843373494,0.0843373493975903,0.108433734939759,0.9222222222222224,0.0777777777777777,0.3074074074074074,0.3333333333333333,49.86666666666667,48.0,empirical group EESR,enabled,20260929,69b1b200c29ca42626fc4cdc7d32551c9524e8f9
orgAInoid_RPE_Final,E011,calibrated_non_group,0.3,0.3,90,90,19,0.2111111111111111,0.0555555555555555,0.1555555555555555,1.0,0.0,0.7,0.7,21.6,24.0,empirical group EESR,disabled,20260929,69b1b200c29ca42626fc4cdc7d32551c9524e8f9
orgAInoid_RPE_Final,E011,cbes_style,0.3,0.3,90,80,9,0.1125,0.05,0.0625,0.8888888888888888,0.0,0.2777777777777778,0.3125,52.0,48.0,empirical group EESR,disabled,20260929,69b1b200c29ca42626fc4cdc7d32551c9524e8f9
orgAInoid_RPE_Final,E011,gates_without_ood,0.3,0.3,90,90,36,0.4,0.0888888888888888,0.3111111111111111,1.0,0.0,0.5,0.5,36.0,36.0,empirical group EESR,disabled,20260929,69b1b200c29ca42626fc4cdc7d32551c9524e8f9
orgAInoid_RPE_Final,E011,gates_full,0.3,0.3,90,86,36,0.4186046511627907,0.0930232558139534,0.3255813953488372,0.9555555555555556,0.0444444444444444,0.4777777777777778,0.5,37.6,36.0,empirical group EESR,enabled,20260929,69b1b200c29ca42626fc4cdc7d32551c9524e8f9
orgAInoid_RPE_Final,E012,full_protocol,none,,77,0,0,0.0,0.0,0.0,0.0,0.0,0.0,0.0,72.0,72.0,empirical group EESR,disabled,20260929,69b1b200c29ca42626fc4cdc7d32551c9524e8f9
orgAInoid_RPE_Final,E012,fixed_time,12.0,,77,77,42,0.5454545454545454,0.0259740259740259,0.5194805194805194,1.0,0.0,0.8333333333333334,0.8333333333333334,12.0,12.0,empirical group EESR,disabled,20260929,69b1b200c29ca42626fc4cdc7d32551c9524e8f9
orgAInoid_RPE_Final,E012,fixed_time,24.0,,77,77,33,0.4285714285714285,0.3246753246753247,0.1038961038961039,1.0,0.0,0.6666666666666665,0.6666666666666665,24.0,24.0,empirical group EESR,disabled,20260929,69b1b200c29ca42626fc4cdc7d32551c9524e8f9
orgAInoid_RPE_Final,E012,fixed_time,36.0,,77,77,21,0.2727272727272727,0.1558441558441558,0.1168831168831168,1.0,0.0,0.5,0.5,36.0,36.0,empirical group EESR,disabled,20260929,69b1b200c29ca42626fc4cdc7d32551c9524e8f9
orgAInoid_RPE_Final,E012,fixed_time,48.0,,77,77,14,0.1818181818181818,0.1558441558441558,0.0259740259740259,1.0,0.0,0.3333333333333332,0.3333333333333332,48.0,48.0,empirical group EESR,disabled,20260929,69b1b200c29ca42626fc4cdc7d32551c9524e8f9
orgAInoid_RPE_Final,E012,fixed_time,60.0,,77,77,13,0.1688311688311688,0.1558441558441558,0.0129870129870129,1.0,0.0,0.1666666666666666,0.1666666666666666,60.0,60.0,empirical group EESR,disabled,20260929,69b1b200c29ca42626fc4cdc7d32551c9524e8f9
orgAInoid_RPE_Final,E012,naive_confidence,0.5,,77,77,42,0.5454545454545454,0.0259740259740259,0.5194805194805194,1.0,0.0,0.8333333333333334,0.8333333333333334,12.0,12.0,empirical group EESR,disabled,20260929,69b1b200c29ca42626fc4cdc7d32551c9524e8f9
orgAInoid_RPE_Final,E012,naive_confidence,0.6,,77,77,40,0.5194805194805194,0.0779220779220779,0.4415584415584415,1.0,0.0,0.8073593073593073,0.8073593073593073,13.87012987012987,12.0,empirical group EESR,disabled,20260929,69b1b200c29ca42626fc4cdc7d32551c9524e8f9
orgAInoid_RPE_Final,E012,naive_confidence,0.7,,77,77,37,0.4805194805194805,0.1428571428571428,0.3376623376623376,1.0,0.0,0.7792207792207793,0.7792207792207793,15.896103896103895,12.0,empirical group EESR,disabled,20260929,69b1b200c29ca42626fc4cdc7d32551c9524e8f9
orgAInoid_RPE_Final,E012,naive_confidence,0.8,,77,77,39,0.5064935064935064,0.2337662337662337,0.2727272727272727,1.0,0.0,0.7186147186147186,0.7186147186147186,20.25974025974026,24.0,empirical group EESR,disabled,20260929,69b1b200c29ca42626fc4cdc7d32551c9524e8f9
orgAInoid_RPE_Final,E012,naive_confidence,0.9,,77,64,30,0.46875,0.328125,0.140625,0.8311688311688312,0.0,0.5,0.6015625,36.0,24.0,empirical group EESR,disabled,20260929,69b1b200c29ca42626fc4cdc7d32551c9524e8f9
orgAInoid_RPE_Final,E012,naive_confidence,0.95,,77,49,18,0.3673469387755102,0.3265306122448979,0.0408163265306122,0.6363636363636364,0.0,0.3311688311688311,0.5204081632653061,48.15584415584416,48.0,empirical group EESR,disabled,20260929,69b1b200c29ca42626fc4cdc7d32551c9524e8f9
orgAInoid_RPE_Final,E012,naive_confidence,0.975,,77,32,10,0.3125,0.3125,0.0,0.4155844155844156,0.0,0.2077922077922077,0.4999999999999999,57.03896103896104,72.0,empirical group EESR,disabled,20260929,69b1b200c29ca42626fc4cdc7d32551c9524e8f9
orgAInoid_RPE_Final,E012,naive_confidence,0.99,,77,12,4,0.3333333333333333,0.3333333333333333,0.0,0.1558441558441558,0.0,0.0865800865800865,0.5555555555555557,65.76623376623377,72.0,empirical group EESR,disabled,20260929,69b1b200c29ca42626fc4cdc7d32551c9524e8f9
orgAInoid_RPE_Final,E012,calibrated_non_group,0.02,0.02,77,43,6,0.1395348837209302,0.1395348837209302,0.0,0.5584415584415584,0.0,0.1753246753246753,0.3139534883720931,59.37662337662338,60.0,empirical group EESR,disabled,20260929,69b1b200c29ca42626fc4cdc7d32551c9524e8f9
orgAInoid_RPE_Final,E012,cbes_style,0.02,0.02,77,71,12,0.1690140845070422,0.1549295774647887,0.0140845070422535,0.922077922077922,0.0,0.3073593073593073,0.3333333333333332,49.87012987012987,48.0,empirical group EESR,disabled,20260929,69b1b200c29ca42626fc4cdc7d32551c9524e8f9
orgAInoid_RPE_Final,E012,gates_without_ood,0.02,0.02,77,0,0,0.0,0.0,0.0,0.0,0.0,0.0,0.0,72.0,72.0,empirical group EESR,disabled,20260929,69b1b200c29ca42626fc4cdc7d32551c9524e8f9
orgAInoid_RPE_Final,E012,gates_full,0.02,0.02,77,0,0,0.0,0.0,0.0,0.0,0.0,0.0,0.0,72.0,72.0,empirical group EESR,enabled,20260929,69b1b200c29ca42626fc4cdc7d32551c9524e8f9
orgAInoid_RPE_Final,E012,calibrated_non_group,0.05,0.05,77,63,10,0.1587301587301587,0.1587301587301587,0.0,0.8181818181818182,0.0,0.264069264069264,0.3227513227513226,52.98701298701299,48.0,empirical group EESR,disabled,20260929,69b1b200c29ca42626fc4cdc7d32551c9524e8f9
orgAInoid_RPE_Final,E012,cbes_style,0.05,0.05,77,74,17,0.2297297297297297,0.1486486486486486,0.081081081081081,0.961038961038961,0.0,0.3982683982683982,0.4144144144144144,43.324675324675326,48.0,empirical group EESR,disabled,20260929,69b1b200c29ca42626fc4cdc7d32551c9524e8f9
orgAInoid_RPE_Final,E012,gates_without_ood,0.05,0.05,77,43,6,0.1395348837209302,0.1395348837209302,0.0,0.5584415584415584,0.0,0.1753246753246753,0.3139534883720931,59.37662337662338,60.0,empirical group EESR,disabled,20260929,69b1b200c29ca42626fc4cdc7d32551c9524e8f9
orgAInoid_RPE_Final,E012,gates_full,0.05,0.05,77,43,6,0.1395348837209302,0.1395348837209302,0.0,0.5584415584415584,0.0,0.1753246753246753,0.3139534883720931,59.37662337662338,60.0,empirical group EESR,enabled,20260929,69b1b200c29ca42626fc4cdc7d32551c9524e8f9
orgAInoid_RPE_Final,E012,calibrated_non_group,0.1,0.1,77,76,30,0.3947368421052631,0.3421052631578947,0.0526315789473684,0.987012987012987,0.0,0.6233766233766231,0.6315789473684209,27.116883116883116,24.0,empirical group EESR,disabled,20260929,69b1b200c29ca42626fc4cdc7d32551c9524e8f9
orgAInoid_RPE_Final,E012,cbes_style,0.1,0.1,77,77,38,0.4935064935064935,0.1168831168831168,0.3766233766233766,1.0,0.0,0.7857142857142858,0.7857142857142858,15.428571428571429,12.0,empirical group EESR,disabled,20260929,69b1b200c29ca42626fc4cdc7d32551c9524e8f9
orgAInoid_RPE_Final,E012,gates_without_ood,0.1,0.1,77,74,28,0.3783783783783784,0.3513513513513513,0.027027027027027,0.961038961038961,0.0,0.5844155844155844,0.6081081081081081,29.92207792207792,24.0,empirical group EESR,disabled,20260929,69b1b200c29ca42626fc4cdc7d32551c9524e8f9
orgAInoid_RPE_Final,E012,gates_full,0.1,0.1,77,71,28,0.3943661971830985,0.3661971830985915,0.028169014084507,0.922077922077922,0.0389610389610389,0.5584415584415583,0.6056338028169013,31.79220779220779,24.0,empirical group EESR,enabled,20260929,69b1b200c29ca42626fc4cdc7d32551c9524e8f9
orgAInoid_RPE_Final,E012,calibrated_non_group,0.15,0.15,77,77,38,0.4935064935064935,0.0909090909090909,0.4025974025974026,1.0,0.0,0.7987012987012987,0.7987012987012987,14.493506493506494,12.0,empirical group EESR,disabled,20260929,69b1b200c29ca42626fc4cdc7d32551c9524e8f9
orgAInoid_RPE_Final,E012,cbes_style,0.15,0.15,77,77,38,0.4935064935064935,0.1168831168831168,0.3766233766233766,1.0,0.0,0.7857142857142858,0.7857142857142858,15.428571428571429,12.0,empirical group EESR,disabled,20260929,69b1b200c29ca42626fc4cdc7d32551c9524e8f9
orgAInoid_RPE_Final,E012,gates_without_ood,0.15,0.15,77,77,33,0.4285714285714285,0.3246753246753247,0.1038961038961039,1.0,0.0,0.6666666666666665,0.6666666666666665,24.0,24.0,empirical group EESR,disabled,20260929,69b1b200c29ca42626fc4cdc7d32551c9524e8f9
orgAInoid_RPE_Final,E012,gates_full,0.15,0.15,77,74,33,0.4459459459459459,0.3378378378378378,0.1081081081081081,0.961038961038961,0.0389610389610389,0.6406926406926405,0.6666666666666666,25.87012987012987,24.0,empirical group EESR,enabled,20260929,69b1b200c29ca42626fc4cdc7d32551c9524e8f9
orgAInoid_RPE_Final,E012,calibrated_non_group,0.2,0.2,77,77,38,0.4935064935064935,0.0909090909090909,0.4025974025974026,1.0,0.0,0.7987012987012987,0.7987012987012987,14.493506493506494,12.0,empirical group EESR,disabled,20260929,69b1b200c29ca42626fc4cdc7d32551c9524e8f9
orgAInoid_RPE_Final,E012,cbes_style,0.2,0.2,77,77,38,0.4935064935064935,0.1168831168831168,0.3766233766233766,1.0,0.0,0.7857142857142858,0.7857142857142858,15.428571428571429,12.0,empirical group EESR,disabled,20260929,69b1b200c29ca42626fc4cdc7d32551c9524e8f9
orgAInoid_RPE_Final,E012,gates_without_ood,0.2,0.2,77,77,38,0.4935064935064935,0.0909090909090909,0.4025974025974026,1.0,0.0,0.7987012987012987,0.7987012987012987,14.493506493506494,12.0,empirical group EESR,disabled,20260929,69b1b200c29ca42626fc4cdc7d32551c9524e8f9
orgAInoid_RPE_Final,E012,gates_full,0.2,0.2,77,75,37,0.4933333333333333,0.0933333333333333,0.4,0.974025974025974,0.0259740259740259,0.7770562770562771,0.7977777777777777,16.051948051948052,12.0,empirical group EESR,enabled,20260929,69b1b200c29ca42626fc4cdc7d32551c9524e8f9
orgAInoid_RPE_Final,E012,calibrated_non_group,0.3,0.3,77,77,42,0.5454545454545454,0.0259740259740259,0.5194805194805194,1.0,0.0,0.8333333333333334,0.8333333333333334,12.0,12.0,empirical group EESR,disabled,20260929,69b1b200c29ca42626fc4cdc7d32551c9524e8f9
orgAInoid_RPE_Final,E012,cbes_style,0.3,0.3,77,77,38,0.4935064935064935,0.1168831168831168,0.3766233766233766,1.0,0.0,0.7857142857142858,0.7857142857142858,15.428571428571429,12.0,empirical group EESR,disabled,20260929,69b1b200c29ca42626fc4cdc7d32551c9524e8f9
orgAInoid_RPE_Final,E012,gates_without_ood,0.3,0.3,77,77,42,0.5454545454545454,0.0259740259740259,0.5194805194805194,1.0,0.0,0.8333333333333334,0.8333333333333334,12.0,12.0,empirical group EESR,disabled,20260929,69b1b200c29ca42626fc4cdc7d32551c9524e8f9
orgAInoid_RPE_Final,E012,gates_full,0.3,0.3,77,75,41,0.5466666666666666,0.0266666666666666,0.52,0.974025974025974,0.0259740259740259,0.8116883116883118,0.8333333333333334,13.558441558441558,12.0,empirical group EESR,enabled,20260929,69b1b200c29ca42626fc4cdc7d32551c9524e8f9
